section_id,distance_km,max_permissible_speed_kmh,historical_avg_time_min,historical_std_time_min,current_speed_kmh,current_delay_min,time_of_day_hour,day_of_week,weather_factor,congestion_factor,speed_restriction_active,speed_restriction_kmh,maintenance_block_active,previous_section_delay_min,actual_section_time_min
SEC-MTJ-AGC,54.0,120.0,45.0,4.2,94.7,1.7,3,0,1.0,1.124,0,120.0,0,1.7,46.38
SEC-MTJ-AGC,54.0,120.0,45.0,4.2,30.0,7.4,17,0,1.0,1.239,1,30.0,0,7.4,147.03
SEC-NDLS-KOTA,465.0,130.0,275.0,14.5,104.0,15.4,17,1,1.0,1.273,0,130.0,0,15.4,366.95
SEC-NDLS-KOTA,465.0,130.0,275.0,14.5,128.9,29.7,5,5,1.0,1.115,0,130.0,0,29.7,230.02
SEC-GGC-BTE,120.0,110.0,98.0,9.4,89.6,24.0,3,2,1.053,1.033,0,110.0,0,24.0,76.81
SEC-GGC-BTE,120.0,110.0,98.0,9.4,108.3,14.9,2,4,1.0,1.193,0,110.0,0,14.9,80.93
SEC-KOTA-SWM,108.0,130.0,58.0,6.2,106.6,4.4,22,0,1.0,1.081,0,130.0,0,4.4,63.37
SEC-KOTA-SWM,108.0,130.0,58.0,6.2,121.2,12.3,3,3,1.0,1.046,0,130.0,0,12.3,49.32
SEC-KOTA-SWM,108.0,130.0,58.0,6.2,121.2,3.9,21,2,1.0,1.214,0,130.0,1,3.9,81.1
SEC-BTE-MTJ,35.0,100.0,48.0,4.8,94.3,8.2,23,1,1.0,1.043,0,100.0,0,8.2,38.02
SEC-BTE-MTJ,35.0,100.0,48.0,4.8,87.7,3.8,7,5,1.0,1.072,0,100.0,1,3.8,41.93
SEC-SWM-GGC,64.0,120.0,48.0,5.1,94.8,3.4,12,2,1.0,1.197,0,120.0,0,3.4,52.56
SEC-KOTA-SWM,108.0,130.0,58.0,6.2,126.6,16.5,20,3,1.0,1.171,0,130.0,0,16.5,61.64
SEC-BTE-MTJ,35.0,100.0,48.0,4.8,85.4,7.1,17,2,1.0,1.378,0,100.0,0,7.1,29.34
SEC-KOTA-SWM,108.0,130.0,58.0,6.2,30.0,12.1,16,3,1.0,1.122,1,30.0,0,12.1,252.86
SEC-MTJ-AGC,54.0,120.0,45.0,4.2,97.2,23.9,13,4,1.0,1.045,0,120.0,0,23.9,31.84
SEC-NDLS-KOTA,465.0,130.0,275.0,14.5,118.0,4.6,21,5,1.0,1.291,0,130.0,0,4.6,305.2
SEC-SWM-GGC,64.0,120.0,48.0,5.1,90.5,11.3,3,2,1.0,1.054,0,120.0,0,11.3,36.14
SEC-SWM-GGC,64.0,120.0,48.0,5.1,94.1,27.6,16,6,1.0,1.034,0,120.0,0,27.6,47.31
SEC-BTE-MTJ,35.0,100.0,48.0,4.8,60.0,2.8,6,1,1.0,1.131,1,60.0,0,2.8,37.58
SEC-GGC-BTE,120.0,110.0,98.0,9.4,84.8,10.3,0,0,1.267,1.203,0,110.0,0,10.3,126.5
SEC-NDLS-KOTA,465.0,130.0,275.0,14.5,45.0,2.7,7,4,1.257,1.176,1,45.0,0,2.7,922.8
SEC-BTE-MTJ,35.0,100.0,48.0,4.8,81.6,4.6,4,1,1.0,1.087,0,100.0,0,4.6,31.44
SEC-BTE-MTJ,35.0,100.0,48.0,4.8,93.1,2.2,13,1,1.224,1.139,0,100.0,0,2.2,26.4
SEC-GGC-BTE,120.0,110.0,98.0,9.4,109.1,5.6,21,5,1.0,1.185,0,110.0,0,5.6,64.16
SEC-NDLS-KOTA,465.0,130.0,275.0,14.5,120.1,27.5,10,0,1.0,1.159,0,130.0,0,27.5,271.97
SEC-KOTA-SWM,108.0,130.0,58.0,6.2,30.0,4.5,2,0,1.12,1.149,1,30.0,0,4.5,293.65
SEC-BTE-MTJ,35.0,100.0,48.0,4.8,97.3,15.9,4,5,1.255,1.042,0,100.0,0,15.9,19.95
SEC-KOTA-SWM,108.0,130.0,58.0,6.2,106.8,7.8,3,0,1.0,1.131,0,130.0,0,7.8,64.61
SEC-NDLS-KOTA,465.0,130.0,275.0,14.5,45.0,9.8,21,5,1.182,1.194,1,45.0,0,9.8,864.78
SEC-NDLS-KOTA,465.0,130.0,275.0,14.5,108.0,7.3,7,1,1.0,1.184,0,130.0,0,7.3,288.58
SEC-KOTA-SWM,108.0,130.0,58.0,6.2,103.1,5.3,2,3,1.134,1.054,0,130.0,1,5.3,87.57
SEC-BTE-MTJ,35.0,100.0,48.0,4.8,88.9,13.4,0,0,1.293,1.174,0,100.0,0,13.4,32.23
SEC-KOTA-SWM,108.0,130.0,58.0,6.2,45.0,1.2,12,0,1.0,1.088,1,45.0,0,1.2,174.94
SEC-GGC-BTE,120.0,110.0,98.0,9.4,93.5,5.7,9,3,1.0,1.33,0,110.0,0,5.7,115.48
SEC-GGC-BTE,120.0,110.0,98.0,9.4,100.6,19.4,4,1,1.0,1.098,0,110.0,0,19.4,75.41
SEC-NDLS-KOTA,465.0,130.0,275.0,14.5,112.4,10.3,1,4,1.0,1.123,0,130.0,0,10.3,285.31
SEC-BTE-MTJ,35.0,100.0,48.0,4.8,75.6,18.6,2,6,1.0,1.129,0,100.0,0,18.6,41.28
SEC-BTE-MTJ,35.0,100.0,48.0,4.8,79.4,3.3,7,4,1.0,1.131,0,100.0,0,3.3,34.35
SEC-BTE-MTJ,35.0,100.0,48.0,4.8,98.3,4.2,10,2,1.0,1.242,0,100.0,0,4.2,26.85
SEC-MTJ-AGC,54.0,120.0,45.0,4.2,114.8,7.0,20,2,1.0,1.263,0,120.0,0,7.0,38.23
SEC-BTE-MTJ,35.0,100.0,48.0,4.8,90.8,8.5,18,0,1.0,1.277,0,100.0,0,8.5,19.95
SEC-NDLS-KOTA,465.0,130.0,275.0,14.5,100.5,15.6,7,2,1.0,1.214,0,130.0,0,15.6,332.66
SEC-MTJ-AGC,54.0,120.0,45.0,4.2,112.8,1.5,16,0,1.0,1.152,0,120.0,0,1.5,29.47
SEC-KOTA-SWM,108.0,130.0,58.0,6.2,129.6,0.9,8,0,1.058,1.199,0,130.0,0,0.9,48.89
SEC-KOTA-SWM,108.0,130.0,58.0,6.2,127.0,5.5,22,2,1.0,1.059,0,130.0,0,5.5,51.18
SEC-NDLS-KOTA,465.0,130.0,275.0,14.5,121.7,10.5,2,5,1.0,1.099,0,130.0,1,10.5,264.92
SEC-MTJ-AGC,54.0,120.0,45.0,4.2,90.4,33.0,8,1,1.0,1.175,0,120.0,0,33.0,53.93
SEC-MTJ-AGC,54.0,120.0,45.0,4.2,103.6,11.9,4,4,1.0,1.116,0,120.0,0,11.9,43.49
SEC-NDLS-KOTA,465.0,130.0,275.0,14.5,109.0,6.2,9,2,1.069,1.179,0,130.0,0,6.2,301.87
SEC-KOTA-SWM,108.0,130.0,58.0,6.2,102.8,11.5,21,1,1.0,1.166,0,130.0,0,11.5,66.92
SEC-BTE-MTJ,35.0,100.0,48.0,4.8,99.2,4.8,23,1,1.239,1.178,0,100.0,0,4.8,31.99
SEC-KOTA-SWM,108.0,130.0,58.0,6.2,123.9,20.0,13,0,1.0,1.009,0,130.0,0,20.0,63.22
SEC-MTJ-AGC,54.0,120.0,45.0,4.2,96.9,9.3,7,2,1.0,1.131,0,120.0,0,9.3,46.63
SEC-GGC-BTE,120.0,110.0,98.0,9.4,97.7,19.1,7,1,1.102,1.138,0,110.0,0,19.1,100.79
SEC-NDLS-KOTA,465.0,130.0,275.0,14.5,104.4,12.2,21,1,1.0,1.177,0,130.0,1,12.2,334.21
SEC-SWM-GGC,64.0,120.0,48.0,5.1,113.5,7.2,20,4,1.0,1.325,0,120.0,0,7.2,48.3
SEC-NDLS-KOTA,465.0,130.0,275.0,14.5,118.1,4.0,8,1,1.0,1.103,0,130.0,1,4.0,268.95
SEC-SWM-GGC,64.0,120.0,48.0,5.1,110.0,6.4,23,6,1.0,1.032,0,120.0,0,6.4,32.39
SEC-BTE-MTJ,35.0,100.0,48.0,4.8,80.2,6.2,6,2,1.0,1.062,0,100.0,0,6.2,22.8
SEC-MTJ-AGC,54.0,120.0,45.0,4.2,116.2,0.9,23,5,1.0,1.084,0,120.0,0,0.9,32.18
SEC-SWM-GGC,64.0,120.0,48.0,5.1,45.0,6.6,19,2,1.0,1.15,1,45.0,0,6.6,100.88
SEC-SWM-GGC,64.0,120.0,48.0,5.1,45.0,7.6,12,5,1.0,1.182,1,45.0,0,7.6,113.96
SEC-MTJ-AGC,54.0,120.0,45.0,4.2,96.3,3.9,5,4,1.0,1.072,0,120.0,0,3.9,31.41
SEC-KOTA-SWM,108.0,130.0,58.0,6.2,100.3,6.9,13,6,1.0,1.078,0,130.0,0,6.9,86.38
SEC-KOTA-SWM,108.0,130.0,58.0,6.2,116.1,10.4,16,3,1.086,1.04,0,130.0,0,10.4,54.79
SEC-SWM-GGC,64.0,120.0,48.0,5.1,116.9,1.9,16,5,1.0,1.069,0,120.0,0,1.9,33.13
SEC-MTJ-AGC,54.0,120.0,45.0,4.2,30.0,20.1,9,1,1.147,1.28,1,30.0,0,20.1,165.34
SEC-NDLS-KOTA,465.0,130.0,275.0,14.5,103.6,14.7,14,3,1.078,1.113,0,130.0,0,14.7,301.54
SEC-GGC-BTE,120.0,110.0,98.0,9.4,30.0,3.4,7,1,1.0,1.021,1,30.0,0,3.4,261.52
SEC-MTJ-AGC,54.0,120.0,45.0,4.2,99.7,46.0,16,3,1.0,1.095,0,120.0,0,46.0,34.04
SEC-MTJ-AGC,54.0,120.0,45.0,4.2,100.5,5.3,16,4,1.0,1.126,0,120.0,0,5.3,36.49
SEC-MTJ-AGC,54.0,120.0,45.0,4.2,94.9,2.3,16,3,1.13,1.075,0,120.0,0,2.3,41.73
SEC-GGC-BTE,120.0,110.0,98.0,9.4,94.6,17.0,14,2,1.089,1.058,0,110.0,0,17.0,75.27
SEC-KOTA-SWM,108.0,130.0,58.0,6.2,110.0,23.0,8,3,1.0,1.406,0,130.0,0,23.0,89.05
SEC-KOTA-SWM,108.0,130.0,58.0,6.2,30.0,7.6,4,1,1.0,1.017,1,30.0,1,7.6,251.41
SEC-BTE-MTJ,35.0,100.0,48.0,4.8,94.1,8.4,14,3,1.0,1.054,0,100.0,0,8.4,23.39
SEC-MTJ-AGC,54.0,120.0,45.0,4.2,109.2,12.7,0,6,1.122,1.183,0,120.0,0,12.7,44.16
SEC-SWM-GGC,64.0,120.0,48.0,5.1,103.9,5.1,12,6,1.108,1.084,0,120.0,0,5.1,50.58
SEC-BTE-MTJ,35.0,100.0,48.0,4.8,98.1,11.9,7,3,1.0,1.079,0,100.0,1,11.9,35.75
SEC-MTJ-AGC,54.0,120.0,45.0,4.2,117.8,27.2,12,5,1.0,1.146,0,120.0,0,27.2,40.79
SEC-GGC-BTE,120.0,110.0,98.0,9.4,45.0,4.1,18,4,1.0,1.397,1,45.0,0,4.1,231.8
SEC-NDLS-KOTA,465.0,130.0,275.0,14.5,104.8,6.0,8,3,1.0,1.189,0,130.0,0,6.0,289.44
SEC-SWM-GGC,64.0,120.0,48.0,5.1,109.0,8.7,13,2,1.086,1.14,0,120.0,0,8.7,39.07
SEC-SWM-GGC,64.0,120.0,48.0,5.1,116.9,2.4,7,5,1.0,1.086,0,120.0,1,2.4,49.5
SEC-KOTA-SWM,108.0,130.0,58.0,6.2,30.0,6.0,6,6,1.0,1.277,1,30.0,0,6.0,268.52
SEC-KOTA-SWM,108.0,130.0,58.0,6.2,106.3,4.7,14,5,1.0,1.083,0,130.0,0,4.7,61.7
SEC-MTJ-AGC,54.0,120.0,45.0,4.2,90.6,11.1,3,6,1.073,1.102,0,120.0,0,11.1,42.41
SEC-SWM-GGC,64.0,120.0,48.0,5.1,114.9,19.4,18,5,1.258,1.107,0,120.0,0,19.4,47.84
SEC-MTJ-AGC,54.0,120.0,45.0,4.2,90.8,2.3,7,0,1.0,1.136,0,120.0,0,2.3,38.3
SEC-BTE-MTJ,35.0,100.0,48.0,4.8,89.8,4.8,1,2,1.0,1.151,0,100.0,1,4.8,38.59
SEC-NDLS-KOTA,465.0,130.0,275.0,14.5,122.3,29.7,13,6,1.0,1.267,0,130.0,0,29.7,291.72
SEC-KOTA-SWM,108.0,130.0,58.0,6.2,118.1,7.8,13,1,1.0,1.047,0,130.0,0,7.8,52.01
SEC-BTE-MTJ,35.0,100.0,48.0,4.8,77.9,24.6,15,3,1.0,1.031,0,100.0,0,24.6,20.62
SEC-NDLS-KOTA,465.0,130.0,275.0,14.5,101.9,0.1,8,3,1.0,1.353,0,130.0,0,0.1,378.81
SEC-NDLS-KOTA,465.0,130.0,275.0,14.5,114.4,4.8,15,6,1.0,1.035,0,130.0,0,4.8,246.16
SEC-SWM-GGC,64.0,120.0,48.0,5.1,98.9,12.7,19,5,1.086,1.097,0,120.0,0,12.7,49.99
SEC-KOTA-SWM,108.0,130.0,58.0,6.2,116.8,3.0,23,3,1.0,1.091,0,130.0,0,3.0,58.07
SEC-GGC-BTE,120.0,110.0,98.0,9.4,102.5,0.8,14,6,1.0,1.014,0,110.0,0,0.8,90.41
SEC-MTJ-AGC,54.0,120.0,45.0,4.2,98.2,11.9,18,2,1.0,1.134,0,120.0,0,11.9,31.32
SEC-SWM-GGC,64.0,120.0,48.0,5.1,114.2,13.2,11,5,1.0,1.145,0,120.0,0,13.2,46.81
SEC-SWM-GGC,64.0,120.0,48.0,5.1,118.3,44.0,3,5,1.0,1.054,0,120.0,0,44.0,40.0
SEC-MTJ-AGC,54.0,120.0,45.0,4.2,98.9,12.0,18,6,1.0,1.387,0,120.0,0,12.0,51.09
SEC-KOTA-SWM,108.0,130.0,58.0,6.2,105.0,9.1,11,1,1.0,1.156,0,130.0,0,9.1,70.05
SEC-NDLS-KOTA,465.0,130.0,275.0,14.5,45.0,3.8,17,2,1.0,1.271,1,45.0,0,3.8,779.52
SEC-SWM-GGC,64.0,120.0,48.0,5.1,102.1,14.6,15,3,1.0,1.13,0,120.0,1,14.6,66.0
SEC-GGC-BTE,120.0,110.0,98.0,9.4,85.5,2.7,3,6,1.0,1.042,0,110.0,0,2.7,71.76
SEC-KOTA-SWM,108.0,130.0,58.0,6.2,111.4,44.0,4,6,1.0,1.058,0,130.0,0,44.0,61.89
SEC-BTE-MTJ,35.0,100.0,48.0,4.8,90.3,6.3,19,6,1.0,1.307,0,100.0,0,6.3,38.39
SEC-SWM-GGC,64.0,120.0,48.0,5.1,113.4,2.1,18,3,1.0,1.108,0,120.0,0,2.1,33.81
SEC-KOTA-SWM,108.0,130.0,58.0,6.2,30.0,1.7,20,1,1.0,1.319,1,30.0,0,1.7,285.67
SEC-NDLS-KOTA,465.0,130.0,275.0,14.5,126.4,1.4,13,3,1.0,1.117,0,130.0,1,1.4,264.03
SEC-SWM-GGC,64.0,120.0,48.0,5.1,111.7,3.0,22,6,1.0,1.047,0,120.0,0,3.0,31.18
SEC-MTJ-AGC,54.0,120.0,45.0,4.2,107.8,6.6,18,5,1.1,1.4,0,120.0,0,6.6,43.69
SEC-KOTA-SWM,108.0,130.0,58.0,6.2,45.0,16.0,8,6,1.0,1.191,1,45.0,0,16.0,190.62
SEC-GGC-BTE,120.0,110.0,98.0,9.4,106.7,1.7,3,3,1.0,1.112,0,110.0,0,1.7,72.25
SEC-GGC-BTE,120.0,110.0,98.0,9.4,96.5,17.8,14,0,1.0,1.195,0,110.0,0,17.8,91.9
SEC-KOTA-SWM,108.0,130.0,58.0,6.2,128.8,7.8,21,6,1.061,1.428,0,130.0,1,7.8,94.84
SEC-SWM-GGC,64.0,120.0,48.0,5.1,60.0,0.7,18,0,1.121,1.238,1,60.0,0,0.7,96.51
SEC-KOTA-SWM,108.0,130.0,58.0,6.2,113.4,3.9,18,3,1.0,1.177,0,130.0,1,3.9,80.77
SEC-SWM-GGC,64.0,120.0,48.0,5.1,45.0,11.8,10,5,1.0,1.322,1,45.0,0,11.8,120.18
SEC-GGC-BTE,120.0,110.0,98.0,9.4,100.1,5.4,17,0,1.0,1.217,0,110.0,0,5.4,69.86
SEC-GGC-BTE,120.0,110.0,98.0,9.4,100.4,0.3,16,6,1.182,1.041,0,110.0,0,0.3,87.64
SEC-KOTA-SWM,108.0,130.0,58.0,6.2,122.2,18.6,16,2,1.0,1.065,0,130.0,0,18.6,67.86
SEC-KOTA-SWM,108.0,130.0,58.0,6.2,113.5,2.2,9,3,1.119,1.398,0,130.0,1,2.2,98.07
SEC-KOTA-SWM,108.0,130.0,58.0,6.2,45.0,0.8,22,1,1.0,1.072,1,45.0,1,0.8,190.47
SEC-NDLS-KOTA,465.0,130.0,275.0,14.5,60.0,0.4,14,0,1.0,1.05,1,60.0,0,0.4,507.85
SEC-GGC-BTE,120.0,110.0,98.0,9.4,97.9,12.1,15,3,1.0,1.07,0,110.0,0,12.1,64.38
SEC-BTE-MTJ,35.0,100.0,48.0,4.8,80.0,16.1,23,1,1.119,1.129,0,100.0,0,16.1,34.11
SEC-BTE-MTJ,35.0,100.0,48.0,4.8,95.0,12.5,8,6,1.0,1.21,0,100.0,0,12.5,29.94
SEC-MTJ-AGC,54.0,120.0,45.0,4.2,109.3,6.0,15,6,1.0,1.061,0,120.0,0,6.0,39.12
SEC-BTE-MTJ,35.0,100.0,48.0,4.8,88.9,6.9,12,3,1.249,1.141,0,100.0,0,6.9,28.16
SEC-GGC-BTE,120.0,110.0,98.0,9.4,60.0,0.7,7,6,1.118,1.132,1,60.0,0,0.7,162.79
SEC-GGC-BTE,120.0,110.0,98.0,9.4,109.7,4.6,12,5,1.085,1.014,0,110.0,0,4.6,77.24
SEC-KOTA-SWM,108.0,130.0,58.0,6.2,45.0,3.2,16,4,1.0,1.161,1,45.0,1,3.2,197.64
SEC-NDLS-KOTA,465.0,130.0,275.0,14.5,105.2,2.0,23,1,1.0,1.154,0,130.0,0,2.0,287.61
SEC-SWM-GGC,64.0,120.0,48.0,5.1,107.8,4.5,10,4,1.0,1.36,0,120.0,0,4.5,50.75
SEC-BTE-MTJ,35.0,100.0,48.0,4.8,78.3,14.8,12,2,1.0,1.028,0,100.0,0,14.8,21.07
SEC-BTE-MTJ,35.0,100.0,48.0,4.8,81.2,5.6,2,1,1.0,1.217,0,100.0,0,5.6,34.95
SEC-GGC-BTE,120.0,110.0,98.0,9.4,104.7,18.6,3,6,1.0,1.11,0,110.0,0,18.6,89.3
SEC-NDLS-KOTA,465.0,130.0,275.0,14.5,127.9,7.6,10,6,1.0,1.3,0,130.0,0,7.6,263.64
SEC-GGC-BTE,120.0,110.0,98.0,9.4,30.0,33.6,18,5,1.149,1.293,1,30.0,0,33.6,372.11
SEC-GGC-BTE,120.0,110.0,98.0,9.4,83.3,1.5,18,1,1.0,1.467,0,110.0,0,1.5,149.72
SEC-GGC-BTE,120.0,110.0,98.0,9.4,45.0,20.3,9,5,1.0,1.142,1,45.0,0,20.3,199.09
SEC-MTJ-AGC,54.0,120.0,45.0,4.2,110.3,11.7,8,3,1.143,1.388,0,120.0,0,11.7,49.98
SEC-KOTA-SWM,108.0,130.0,58.0,6.2,99.1,74.4,12,4,1.0,1.051,0,130.0,0,74.4,84.05
SEC-GGC-BTE,120.0,110.0,98.0,9.4,91.5,5.2,8,0,1.0,1.137,0,110.0,0,5.2,97.06
SEC-BTE-MTJ,35.0,100.0,48.0,4.8,83.1,0.1,23,3,1.104,1.091,0,100.0,0,0.1,25.84
SEC-SWM-GGC,64.0,120.0,48.0,5.1,96.8,4.7,7,5,1.0,1.032,0,120.0,0,4.7,30.4
SEC-MTJ-AGC,54.0,120.0,45.0,4.2,104.4,7.3,4,5,1.0,1.072,0,120.0,1,7.3,59.82
SEC-NDLS-KOTA,465.0,130.0,275.0,14.5,45.0,16.8,18,2,1.0,1.043,1,45.0,0,16.8,681.04
SEC-BTE-MTJ,35.0,100.0,48.0,4.8,82.1,3.0,11,4,1.0,1.35,0,100.0,0,3.0,33.42
SEC-GGC-BTE,120.0,110.0,98.0,9.4,85.9,5.3,9,5,1.077,1.142,0,110.0,0,5.3,83.83
SEC-KOTA-SWM,108.0,130.0,58.0,6.2,128.8,3.0,21,5,1.0,1.35,0,130.0,0,3.0,69.49
SEC-NDLS-KOTA,465.0,130.0,275.0,14.5,45.0,9.2,12,0,1.0,1.083,1,45.0,0,9.2,672.91
SEC-BTE-MTJ,35.0,100.0,48.0,4.8,83.8,23.0,12,6,1.0,1.173,0,100.0,0,23.0,39.01
SEC-BTE-MTJ,35.0,100.0,48.0,4.8,45.0,1.0,10,4,1.0,1.209,1,45.0,0,1.0,72.13
SEC-GGC-BTE,120.0,110.0,98.0,9.4,45.0,1.0,3,1,1.0,1.027,1,45.0,0,1.0,188.28
SEC-BTE-MTJ,35.0,100.0,48.0,4.8,99.7,6.9,4,3,1.0,1.207,0,100.0,0,6.9,19.95
SEC-GGC-BTE,120.0,110.0,98.0,9.4,86.0,47.4,18,5,1.0,1.101,0,110.0,0,47.4,85.74
SEC-SWM-GGC,64.0,120.0,48.0,5.1,95.8,22.5,1,5,1.0,1.073,0,120.0,0,22.5,41.32
SEC-MTJ-AGC,54.0,120.0,45.0,4.2,109.5,21.2,11,4,1.185,1.192,0,120.0,1,21.2,61.4
SEC-GGC-BTE,120.0,110.0,98.0,9.4,98.0,0.6,2,5,1.0,1.019,0,110.0,0,0.6,91.02
SEC-SWM-GGC,64.0,120.0,48.0,5.1,109.9,4.3,7,1,1.126,1.066,0,120.0,0,4.3,40.68
SEC-BTE-MTJ,35.0,100.0,48.0,4.8,93.9,0.9,6,6,1.112,1.018,0,100.0,0,0.9,26.26
SEC-NDLS-KOTA,465.0,130.0,275.0,14.5,115.5,27.6,8,6,1.163,1.331,0,130.0,0,27.6,340.45
SEC-NDLS-KOTA,465.0,130.0,275.0,14.5,125.2,48.5,4,0,1.0,1.007,0,130.0,0,48.5,228.61
SEC-KOTA-SWM,108.0,130.0,58.0,6.2,100.1,3.6,23,3,1.0,1.147,0,130.0,0,3.6,71.89
SEC-BTE-MTJ,35.0,100.0,48.0,4.8,78.3,17.3,18,0,1.0,1.218,0,100.0,0,17.3,36.91
SEC-MTJ-AGC,54.0,120.0,45.0,4.2,92.0,4.6,16,2,1.0,1.075,0,120.0,1,4.6,41.73
SEC-GGC-BTE,120.0,110.0,98.0,9.4,85.4,5.8,13,5,1.0,1.203,0,110.0,0,5.8,89.08
SEC-SWM-GGC,64.0,120.0,48.0,5.1,103.8,15.2,19,1,1.0,1.385,0,120.0,0,15.2,50.88
SEC-BTE-MTJ,35.0,100.0,48.0,4.8,92.3,1.1,16,2,1.0,1.089,0,100.0,1,1.1,34.61
SEC-MTJ-AGC,54.0,120.0,45.0,4.2,105.8,9.8,20,6,1.0,1.159,0,120.0,0,9.8,37.51
SEC-GGC-BTE,120.0,110.0,98.0,9.4,102.7,17.6,10,6,1.0,1.354,0,110.0,1,17.6,100.23
SEC-SWM-GGC,64.0,120.0,48.0,5.1,30.0,0.1,4,5,1.23,1.003,1,30.0,1,0.1,193.46
SEC-MTJ-AGC,54.0,120.0,45.0,4.2,60.0,6.7,11,6,1.0,1.173,1,60.0,0,6.7,70.16
SEC-GGC-BTE,120.0,110.0,98.0,9.4,107.0,15.4,11,6,1.0,1.288,0,110.0,0,15.4,69.36
SEC-BTE-MTJ,35.0,100.0,48.0,4.8,86.5,23.2,9,2,1.0,1.116,0,100.0,0,23.2,27.19
SEC-SWM-GGC,64.0,120.0,48.0,5.1,94.5,7.3,17,2,1.0,1.26,0,120.0,0,7.3,57.67
SEC-BTE-MTJ,35.0,100.0,48.0,4.8,98.9,0.1,19,4,1.0,1.412,0,100.0,0,0.1,27.33
SEC-MTJ-AGC,54.0,120.0,45.0,4.2,95.2,2.0,8,0,1.0,1.273,0,120.0,0,2.0,39.19
SEC-NDLS-KOTA,465.0,130.0,275.0,14.5,101.4,2.3,5,6,1.0,1.039,0,130.0,1,2.3,288.57
SEC-NDLS-KOTA,465.0,130.0,275.0,14.5,107.0,16.0,2,5,1.0,1.145,0,130.0,0,16.0,306.91
SEC-SWM-GGC,64.0,120.0,48.0,5.1,30.0,4.1,18,4,1.0,1.352,1,30.0,0,4.1,186.26
SEC-NDLS-KOTA,465.0,130.0,275.0,14.5,103.9,1.3,8,3,1.0,1.063,0,130.0,0,1.3,285.16
SEC-BTE-MTJ,35.0,100.0,48.0,4.8,81.3,25.1,3,2,1.0,1.126,0,100.0,0,25.1,29.26
SEC-NDLS-KOTA,465.0,130.0,275.0,14.5,30.0,7.9,7,3,1.177,1.148,1,30.0,0,7.9,1264.98
SEC-KOTA-SWM,108.0,130.0,58.0,6.2,60.0,13.2,8,2,1.0,1.191,1,60.0,0,13.2,128.41
SEC-BTE-MTJ,35.0,100.0,48.0,4.8,79.0,14.3,22,1,1.0,1.075,0,100.0,0,14.3,31.84
SEC-MTJ-AGC,54.0,120.0,45.0,4.2,95.6,9.6,1,3,1.0,1.045,0,120.0,0,9.6,31.57
SEC-BTE-MTJ,35.0,100.0,48.0,4.8,96.9,3.6,12,5,1.0,1.103,0,100.0,0,3.6,21.71
SEC-KOTA-SWM,108.0,130.0,58.0,6.2,109.1,9.7,19,3,1.12,1.37,0,130.0,1,9.7,102.45
SEC-KOTA-SWM,108.0,130.0,58.0,6.2,45.0,8.2,13,4,1.0,1.224,1,45.0,0,8.2,185.78
SEC-KOTA-SWM,108.0,130.0,58.0,6.2,108.4,0.6,2,4,1.0,1.125,0,130.0,0,0.6,75.92
SEC-SWM-GGC,64.0,120.0,48.0,5.1,30.0,4.0,23,6,1.0,1.285,1,30.0,0,4.0,180.93
SEC-BTE-MTJ,35.0,100.0,48.0,4.8,60.0,1.3,4,6,1.129,1.045,1,60.0,0,1.3,52.98
SEC-BTE-MTJ,35.0,100.0,48.0,4.8,75.6,0.3,14,5,1.2,1.21,0,100.0,0,0.3,39.57
SEC-MTJ-AGC,54.0,120.0,45.0,4.2,116.2,5.6,10,1,1.0,1.293,0,120.0,0,5.6,32.98
SEC-BTE-MTJ,35.0,100.0,48.0,4.8,93.2,0.8,1,2,1.0,1.161,0,100.0,0,0.8,19.95
SEC-SWM-GGC,64.0,120.0,48.0,5.1,118.7,10.7,2,5,1.125,1.059,0,120.0,0,10.7,30.4
SEC-GGC-BTE,120.0,110.0,98.0,9.4,84.3,15.0,18,4,1.264,1.186,0,110.0,1,15.0,140.91
SEC-BTE-MTJ,35.0,100.0,48.0,4.8,75.5,23.0,20,1,1.0,1.473,0,100.0,0,23.0,64.75
SEC-SWM-GGC,64.0,120.0,48.0,5.1,30.0,39.8,22,0,1.0,1.16,1,30.0,0,39.8,157.26
SEC-BTE-MTJ,35.0,100.0,48.0,4.8,77.9,4.3,5,2,1.0,1.107,0,100.0,0,4.3,28.21
SEC-BTE-MTJ,35.0,100.0,48.0,4.8,96.5,1.2,1,6,1.0,1.059,0,100.0,0,1.2,27.94
SEC-GGC-BTE,120.0,110.0,98.0,9.4,87.1,6.6,9,2,1.0,1.336,0,110.0,0,6.6,104.73
SEC-SWM-GGC,64.0,120.0,48.0,5.1,114.2,7.2,2,4,1.0,1.178,0,120.0,0,7.2,48.06
SEC-MTJ-AGC,54.0,120.0,45.0,4.2,112.7,4.0,12,1,1.0,1.109,0,120.0,0,4.0,25.65
SEC-SWM-GGC,64.0,120.0,48.0,5.1,90.8,14.8,4,5,1.0,1.106,0,120.0,0,14.8,37.4
SEC-NDLS-KOTA,465.0,130.0,275.0,14.5,124.2,10.7,20,5,1.0,1.198,0,130.0,0,10.7,310.94
SEC-KOTA-SWM,108.0,130.0,58.0,6.2,110.4,16.0,10,6,1.0,1.106,0,130.0,0,16.0,81.21
SEC-NDLS-KOTA,465.0,130.0,275.0,14.5,106.5,23.7,16,6,1.0,1.12,0,130.0,0,23.7,301.91
SEC-BTE-MTJ,35.0,100.0,48.0,4.8,60.0,9.6,4,4,1.0,1.091,1,60.0,0,9.6,43.65
SEC-KOTA-SWM,108.0,130.0,58.0,6.2,118.1,11.0,23,3,1.0,1.107,0,130.0,0,11.0,59.95
SEC-BTE-MTJ,35.0,100.0,48.0,4.8,77.0,22.1,9,6,1.0,1.156,0,100.0,0,22.1,54.11
SEC-GGC-BTE,120.0,110.0,98.0,9.4,105.1,6.4,6,2,1.0,1.042,0,110.0,0,6.4,69.66
SEC-GGC-BTE,120.0,110.0,98.0,9.4,30.0,12.4,16,4,1.0,1.072,1,30.0,0,12.4,280.98
SEC-SWM-GGC,64.0,120.0,48.0,5.1,100.6,9.7,1,5,1.0,1.041,0,120.0,0,9.7,37.51
SEC-BTE-MTJ,35.0,100.0,48.0,4.8,45.0,3.9,3,2,1.0,1.201,1,45.0,0,3.9,63.14
SEC-GGC-BTE,120.0,110.0,98.0,9.4,90.9,7.2,2,1,1.119,1.092,0,110.0,0,7.2,105.24
SEC-GGC-BTE,120.0,110.0,98.0,9.4,89.7,10.9,16,2,1.0,1.027,0,110.0,0,10.9,96.73
SEC-NDLS-KOTA,465.0,130.0,275.0,14.5,30.0,7.9,22,5,1.0,1.275,1,30.0,0,7.9,1117.39
SEC-MTJ-AGC,54.0,120.0,45.0,4.2,112.6,24.2,4,6,1.0,1.093,0,120.0,1,24.2,53.07
SEC-KOTA-SWM,108.0,130.0,58.0,6.2,115.1,12.2,17,5,1.0,1.293,0,130.0,0,12.2,66.53
SEC-NDLS-KOTA,465.0,130.0,275.0,14.5,107.2,3.5,1,1,1.0,1.143,0,130.0,0,3.5,291.44
SEC-GGC-BTE,120.0,110.0,98.0,9.4,98.5,0.4,19,4,1.0,1.336,0,110.0,0,0.4,110.03
SEC-GGC-BTE,120.0,110.0,98.0,9.4,107.5,1.0,0,4,1.0,1.144,0,110.0,0,1.0,88.39
SEC-BTE-MTJ,35.0,100.0,48.0,4.8,94.3,5.7,11,0,1.198,1.248,0,100.0,0,5.7,47.46
SEC-NDLS-KOTA,465.0,130.0,275.0,14.5,105.2,12.1,12,6,1.0,1.064,0,130.0,0,12.1,296.86
SEC-NDLS-KOTA,465.0,130.0,275.0,14.5,121.7,9.2,11,6,1.0,1.132,0,130.0,0,9.2,252.35
SEC-BTE-MTJ,35.0,100.0,48.0,4.8,60.0,1.5,23,6,1.0,1.117,1,60.0,0,1.5,27.6
SEC-MTJ-AGC,54.0,120.0,45.0,4.2,90.2,0.1,14,5,1.0,1.117,0,120.0,0,0.1,35.68
SEC-GGC-BTE,120.0,110.0,98.0,9.4,93.4,26.8,1,2,1.0,1.045,0,110.0,0,26.8,108.69
SEC-GGC-BTE,120.0,110.0,98.0,9.4,109.8,12.1,17,3,1.0,1.203,0,110.0,0,12.1,75.62
SEC-NDLS-KOTA,465.0,130.0,275.0,14.5,117.3,12.5,20,2,1.0,1.357,0,130.0,0,12.5,283.47
SEC-GGC-BTE,120.0,110.0,98.0,9.4,101.4,9.3,12,2,1.159,1.075,0,110.0,0,9.3,88.19
SEC-BTE-MTJ,35.0,100.0,48.0,4.8,76.8,13.9,8,6,1.0,1.238,0,100.0,0,13.9,30.55
SEC-KOTA-SWM,108.0,130.0,58.0,6.2,60.0,9.0,17,2,1.0,1.126,1,60.0,0,9.0,142.66
SEC-MTJ-AGC,54.0,120.0,45.0,4.2,106.0,0.7,13,1,1.0,1.092,0,120.0,1,0.7,52.56
SEC-SWM-GGC,64.0,120.0,48.0,5.1,100.3,8.2,19,3,1.0,1.235,0,120.0,0,8.2,52.72
SEC-MTJ-AGC,54.0,120.0,45.0,4.2,113.7,3.7,12,2,1.0,1.067,0,120.0,0,3.7,30.01
SEC-BTE-MTJ,35.0,100.0,48.0,4.8,30.0,8.7,21,6,1.0,1.306,1,30.0,0,8.7,106.94
SEC-GGC-BTE,120.0,110.0,98.0,9.4,107.0,1.5,18,0,1.0,1.408,0,110.0,0,1.5,82.94
SEC-NDLS-KOTA,465.0,130.0,275.0,14.5,110.8,0.7,18,1,1.0,1.138,0,130.0,0,0.7,303.57
SEC-NDLS-KOTA,465.0,130.0,275.0,14.5,119.9,6.1,0,5,1.0,1.059,0,130.0,0,6.1,234.48
SEC-SWM-GGC,64.0,120.0,48.0,5.1,101.6,0.3,22,3,1.0,1.093,0,120.0,0,0.3,42.27
SEC-KOTA-SWM,108.0,130.0,58.0,6.2,129.5,17.5,3,1,1.11,1.185,0,130.0,0,17.5,66.32
SEC-MTJ-AGC,54.0,120.0,45.0,4.2,60.0,8.1,10,5,1.0,1.252,1,60.0,0,8.1,64.1
SEC-KOTA-SWM,108.0,130.0,58.0,6.2,106.3,4.2,22,5,1.159,1.163,0,130.0,0,4.2,74.4
SEC-NDLS-KOTA,465.0,130.0,275.0,14.5,110.6,6.7,6,6,1.0,1.163,0,130.0,1,6.7,308.43
SEC-SWM-GGC,64.0,120.0,48.0,5.1,30.0,2.6,14,6,1.221,1.22,1,30.0,1,2.6,211.32
SEC-MTJ-AGC,54.0,120.0,45.0,4.2,116.3,3.2,23,3,1.0,1.13,0,120.0,0,3.2,41.85
SEC-SWM-GGC,64.0,120.0,48.0,5.1,98.6,4.7,20,0,1.0,1.095,0,120.0,0,4.7,43.08
SEC-BTE-MTJ,35.0,100.0,48.0,4.8,99.5,20.1,20,4,1.0,1.387,0,100.0,0,20.1,46.38
SEC-NDLS-KOTA,465.0,130.0,275.0,14.5,60.0,0.6,16,1,1.0,1.092,1,60.0,0,0.6,515.81
SEC-BTE-MTJ,35.0,100.0,48.0,4.8,82.5,1.4,9,6,1.0,1.416,0,100.0,0,1.4,38.47
SEC-MTJ-AGC,54.0,120.0,45.0,4.2,110.3,61.3,9,4,1.0,1.221,0,120.0,0,61.3,34.16
SEC-MTJ-AGC,54.0,120.0,45.0,4.2,109.8,14.7,19,5,1.263,1.276,0,120.0,0,14.7,52.42
SEC-NDLS-KOTA,465.0,130.0,275.0,14.5,108.8,0.7,2,0,1.211,1.12,0,130.0,0,0.7,352.31
SEC-BTE-MTJ,35.0,100.0,48.0,4.8,92.7,15.8,13,4,1.0,1.014,0,100.0,0,15.8,23.99
SEC-GGC-BTE,120.0,110.0,98.0,9.4,107.4,5.2,7,6,1.143,1.058,0,110.0,0,5.2,73.2
SEC-KOTA-SWM,108.0,130.0,58.0,6.2,118.6,4.4,14,3,1.0,1.18,0,130.0,0,4.4,47.35
SEC-MTJ-AGC,54.0,120.0,45.0,4.2,114.7,12.5,10,5,1.186,1.305,0,120.0,0,12.5,45.75
SEC-BTE-MTJ,35.0,100.0,48.0,4.8,82.1,6.9,17,0,1.0,1.143,0,100.0,0,6.9,28.15
SEC-NDLS-KOTA,465.0,130.0,275.0,14.5,97.6,18.3,1,2,1.159,1.059,0,130.0,0,18.3,357.88
SEC-SWM-GGC,64.0,120.0,48.0,5.1,99.4,18.5,18,5,1.0,1.214,0,120.0,0,18.5,47.13
SEC-SWM-GGC,64.0,120.0,48.0,5.1,110.6,0.9,15,0,1.0,1.145,0,120.0,0,0.9,30.4
SEC-BTE-MTJ,35.0,100.0,48.0,4.8,91.7,12.5,11,0,1.0,1.3,0,100.0,0,12.5,29.29
SEC-GGC-BTE,120.0,110.0,98.0,9.4,30.0,0.5,9,4,1.0,1.219,1,30.0,0,0.5,301.66
SEC-GGC-BTE,120.0,110.0,98.0,9.4,83.9,4.6,11,0,1.0,1.325,0,110.0,0,4.6,106.74
SEC-NDLS-KOTA,465.0,130.0,275.0,14.5,126.1,6.4,12,4,1.0,1.1,0,130.0,0,6.4,247.0
SEC-BTE-MTJ,35.0,100.0,48.0,4.8,91.1,3.8,3,1,1.261,1.017,0,100.0,0,3.8,35.6
SEC-SWM-GGC,64.0,120.0,48.0,5.1,105.5,1.2,4,1,1.0,1.106,0,120.0,1,1.2,51.26
SEC-MTJ-AGC,54.0,120.0,45.0,4.2,104.8,5.3,10,6,1.0,1.189,0,120.0,0,5.3,33.77
SEC-SWM-GGC,64.0,120.0,48.0,5.1,110.3,7.3,19,2,1.0,1.245,0,120.0,0,7.3,45.7
SEC-SWM-GGC,64.0,120.0,48.0,5.1,113.1,0.2,16,6,1.0,1.061,0,120.0,0,0.2,34.78
SEC-NDLS-KOTA,465.0,130.0,275.0,14.5,97.5,4.6,11,2,1.0,1.393,0,130.0,0,4.6,387.53
SEC-MTJ-AGC,54.0,120.0,45.0,4.2,92.0,3.6,22,5,1.0,1.106,0,120.0,0,3.6,33.24
SEC-BTE-MTJ,35.0,100.0,48.0,4.8,98.6,31.7,18,1,1.0,1.39,0,100.0,0,31.7,30.73
SEC-GGC-BTE,120.0,110.0,98.0,9.4,60.0,1.5,4,6,1.0,1.1,1,60.0,0,1.5,150.92
SEC-SWM-GGC,64.0,120.0,48.0,5.1,100.4,3.0,13,1,1.0,1.085,0,120.0,0,3.0,40.69
SEC-GGC-BTE,120.0,110.0,98.0,9.4,30.0,1.6,23,5,1.0,1.15,1,30.0,0,1.6,283.5
SEC-GGC-BTE,120.0,110.0,98.0,9.4,60.0,0.8,16,3,1.0,1.021,1,60.0,0,0.8,136.91
SEC-MTJ-AGC,54.0,120.0,45.0,4.2,91.5,2.3,21,5,1.095,1.033,0,120.0,0,2.3,42.61
SEC-SWM-GGC,64.0,120.0,48.0,5.1,92.2,9.0,17,2,1.0,1.233,0,120.0,0,9.0,50.4
SEC-KOTA-SWM,108.0,130.0,58.0,6.2,114.4,32.2,22,5,1.0,1.144,0,130.0,0,32.2,59.95
SEC-SWM-GGC,64.0,120.0,48.0,5.1,107.0,1.8,3,4,1.0,1.033,0,120.0,0,1.8,40.27
SEC-KOTA-SWM,108.0,130.0,58.0,6.2,108.0,2.5,9,0,1.0,1.322,0,130.0,0,2.5,80.1
SEC-SWM-GGC,64.0,120.0,48.0,5.1,93.6,10.9,23,3,1.0,1.111,0,120.0,0,10.9,37.25
SEC-SWM-GGC,64.0,120.0,48.0,5.1,107.3,30.1,4,0,1.0,1.06,0,120.0,0,30.1,42.61
SEC-MTJ-AGC,54.0,120.0,45.0,4.2,95.7,2.7,7,0,1.0,1.183,0,120.0,0,2.7,32.17
SEC-KOTA-SWM,108.0,130.0,58.0,6.2,60.0,5.7,0,4,1.237,1.109,1,60.0,0,5.7,170.75
SEC-GGC-BTE,120.0,110.0,98.0,9.4,104.0,5.4,20,1,1.139,1.28,0,110.0,0,5.4,86.18
SEC-NDLS-KOTA,465.0,130.0,275.0,14.5,99.8,2.3,20,4,1.0,1.12,0,130.0,0,2.3,273.32
SEC-KOTA-SWM,108.0,130.0,58.0,6.2,102.4,10.6,13,6,1.0,1.048,0,130.0,0,10.6,68.76
SEC-GGC-BTE,120.0,110.0,98.0,9.4,94.0,0.0,5,5,1.265,1.115,0,110.0,0,0.0,112.04
SEC-BTE-MTJ,35.0,100.0,48.0,4.8,99.2,13.1,19,0,1.15,1.268,0,100.0,0,13.1,30.49
SEC-BTE-MTJ,35.0,100.0,48.0,4.8,95.4,12.5,15,1,1.083,1.113,0,100.0,0,12.5,29.31
SEC-KOTA-SWM,108.0,130.0,58.0,6.2,120.6,7.9,23,3,1.0,1.037,0,130.0,1,7.9,66.37
SEC-SWM-GGC,64.0,120.0,48.0,5.1,60.0,3.5,18,5,1.11,1.293,1,60.0,0,3.5,94.24
SEC-BTE-MTJ,35.0,100.0,48.0,4.8,30.0,6.2,10,0,1.0,1.365,1,30.0,0,6.2,109.46
SEC-NDLS-KOTA,465.0,130.0,275.0,14.5,108.4,4.2,8,3,1.0,1.269,0,130.0,0,4.2,305.77
SEC-MTJ-AGC,54.0,120.0,45.0,4.2,113.6,1.8,18,0,1.0,1.331,0,120.0,0,1.8,37.45
SEC-GGC-BTE,120.0,110.0,98.0,9.4,97.5,17.0,9,1,1.0,1.479,0,110.0,0,17.0,102.25
SEC-NDLS-KOTA,465.0,130.0,275.0,14.5,101.8,5.1,20,2,1.0,1.221,0,130.0,0,5.1,312.38
SEC-GGC-BTE,120.0,110.0,98.0,9.4,98.2,9.8,23,4,1.0,1.029,0,110.0,0,9.8,81.29
SEC-MTJ-AGC,54.0,120.0,45.0,4.2,112.0,4.1,6,6,1.0,1.086,0,120.0,0,4.1,25.65
SEC-GGC-BTE,120.0,110.0,98.0,9.4,100.1,28.9,16,5,1.0,1.023,0,110.0,0,28.9,74.11
SEC-KOTA-SWM,108.0,130.0,58.0,6.2,106.5,3.3,18,4,1.0,1.263,0,130.0,0,3.3,69.55
SEC-KOTA-SWM,108.0,130.0,58.0,6.2,111.2,12.2,22,4,1.0,1.102,0,130.0,0,12.2,55.28
SEC-KOTA-SWM,108.0,130.0,58.0,6.2,45.0,10.7,16,3,1.0,1.113,1,45.0,0,10.7,172.78
SEC-NDLS-KOTA,465.0,130.0,275.0,14.5,118.6,9.8,12,2,1.11,1.103,0,130.0,0,9.8,288.78
SEC-SWM-GGC,64.0,120.0,48.0,5.1,30.0,9.1,22,0,1.0,1.071,1,30.0,0,9.1,159.59
SEC-SWM-GGC,64.0,120.0,48.0,5.1,107.5,0.2,13,1,1.091,1.067,0,120.0,0,0.2,44.27
SEC-GGC-BTE,120.0,110.0,98.0,9.4,109.4,11.2,11,3,1.0,1.068,0,110.0,0,11.2,66.49
SEC-MTJ-AGC,54.0,120.0,45.0,4.2,103.0,3.0,17,1,1.0,1.214,0,120.0,0,3.0,41.56
SEC-BTE-MTJ,35.0,100.0,48.0,4.8,93.5,21.0,4,5,1.18,1.139,0,100.0,0,21.0,23.05
SEC-MTJ-AGC,54.0,120.0,45.0,4.2,110.2,9.3,17,3,1.0,1.177,0,120.0,0,9.3,31.35
SEC-SWM-GGC,64.0,120.0,48.0,5.1,60.0,13.6,6,5,1.112,1.114,1,60.0,0,13.6,88.01
SEC-NDLS-KOTA,465.0,130.0,275.0,14.5,109.5,3.1,7,1,1.0,1.088,0,130.0,0,3.1,285.54
SEC-NDLS-KOTA,465.0,130.0,275.0,14.5,111.4,12.2,7,5,1.0,1.073,0,130.0,0,12.2,258.33
SEC-NDLS-KOTA,465.0,130.0,275.0,14.5,99.3,7.0,4,4,1.195,1.063,0,130.0,0,7.0,327.7
SEC-BTE-MTJ,35.0,100.0,48.0,4.8,79.0,3.0,19,6,1.0,1.291,0,100.0,0,3.0,42.41
SEC-MTJ-AGC,54.0,120.0,45.0,4.2,97.5,3.7,16,1,1.0,1.136,0,120.0,0,3.7,44.83
SEC-MTJ-AGC,54.0,120.0,45.0,4.2,118.6,24.5,5,5,1.0,1.124,0,120.0,1,24.5,46.45
SEC-GGC-BTE,120.0,110.0,98.0,9.4,101.1,19.6,16,2,1.0,1.256,0,110.0,0,19.6,101.85
SEC-KOTA-SWM,108.0,130.0,58.0,6.2,45.0,11.8,7,2,1.068,1.256,1,45.0,0,11.8,207.91
SEC-GGC-BTE,120.0,110.0,98.0,9.4,96.8,2.5,17,4,1.0,1.198,0,110.0,0,2.5,73.59
SEC-GGC-BTE,120.0,110.0,98.0,9.4,97.8,9.6,11,0,1.0,1.288,0,110.0,1,9.6,92.21
SEC-BTE-MTJ,35.0,100.0,48.0,4.8,96.8,5.3,19,0,1.1,1.367,0,100.0,0,5.3,38.5
SEC-BTE-MTJ,35.0,100.0,48.0,4.8,92.3,1.5,6,3,1.0,1.14,0,100.0,0,1.5,20.12
SEC-KOTA-SWM,108.0,130.0,58.0,6.2,123.3,0.2,6,5,1.0,1.079,0,130.0,0,0.2,53.97
SEC-BTE-MTJ,35.0,100.0,48.0,4.8,93.1,0.1,22,1,1.0,1.167,0,100.0,0,0.1,32.16
SEC-GGC-BTE,120.0,110.0,98.0,9.4,94.9,15.7,17,5,1.0,1.259,0,110.0,0,15.7,101.75
SEC-MTJ-AGC,54.0,120.0,45.0,4.2,92.0,2.3,15,6,1.14,1.052,0,120.0,0,2.3,42.72
SEC-BTE-MTJ,35.0,100.0,48.0,4.8,84.4,0.8,7,5,1.0,1.117,0,100.0,0,0.8,28.73
SEC-GGC-BTE,120.0,110.0,98.0,9.4,92.7,0.7,9,1,1.0,1.202,0,110.0,0,0.7,107.1
SEC-BTE-MTJ,35.0,100.0,48.0,4.8,87.1,10.8,20,5,1.0,1.287,0,100.0,0,10.8,34.34
SEC-MTJ-AGC,54.0,120.0,45.0,4.2,94.2,7.3,15,3,1.0,1.154,0,120.0,0,7.3,46.77
SEC-GGC-BTE,120.0,110.0,98.0,9.4,103.4,23.9,5,4,1.262,1.045,0,110.0,0,23.9,118.03
SEC-MTJ-AGC,54.0,120.0,45.0,4.2,60.0,12.6,1,6,1.0,1.153,1,60.0,0,12.6,62.44
SEC-NDLS-KOTA,465.0,130.0,275.0,14.5,60.0,7.1,6,4,1.0,1.069,1,60.0,0,7.1,511.36
SEC-GGC-BTE,120.0,110.0,98.0,9.4,101.5,3.2,21,3,1.0,1.38,0,110.0,0,3.2,96.73
SEC-MTJ-AGC,54.0,120.0,45.0,4.2,60.0,9.0,8,4,1.183,1.208,1,60.0,0,9.0,87.12
SEC-KOTA-SWM,108.0,130.0,58.0,6.2,109.5,12.0,3,0,1.0,1.106,0,130.0,0,12.0,61.15
SEC-SWM-GGC,64.0,120.0,48.0,5.1,99.7,11.0,8,6,1.0,1.189,0,120.0,0,11.0,47.35
SEC-MTJ-AGC,54.0,120.0,45.0,4.2,120.0,1.0,7,2,1.0,1.053,0,120.0,0,1.0,31.52
SEC-NDLS-KOTA,465.0,130.0,275.0,14.5,101.7,5.3,2,3,1.0,1.101,0,130.0,1,5.3,309.88
SEC-KOTA-SWM,108.0,130.0,58.0,6.2,117.8,14.5,2,3,1.051,1.013,0,130.0,0,14.5,63.4
SEC-NDLS-KOTA,465.0,130.0,275.0,14.5,129.7,8.7,16,0,1.0,1.163,0,130.0,0,8.7,241.63
SEC-SWM-GGC,64.0,120.0,48.0,5.1,117.9,26.3,1,0,1.0,1.03,0,120.0,0,26.3,31.55
SEC-SWM-GGC,64.0,120.0,48.0,5.1,103.6,0.5,0,1,1.0,1.134,0,120.0,0,0.5,50.02
SEC-NDLS-KOTA,465.0,130.0,275.0,14.5,120.2,11.7,9,1,1.0,1.314,0,130.0,0,11.7,272.32
SEC-BTE-MTJ,35.0,100.0,48.0,4.8,60.0,6.1,10,3,1.121,1.374,1,60.0,0,6.1,53.47
SEC-SWM-GGC,64.0,120.0,48.0,5.1,106.1,32.4,1,0,1.0,1.146,0,120.0,0,32.4,30.4
SEC-GGC-BTE,120.0,110.0,98.0,9.4,98.8,8.8,10,0,1.0,1.373,0,110.0,0,8.8,89.57
SEC-BTE-MTJ,35.0,100.0,48.0,4.8,97.1,21.3,12,3,1.0,1.101,0,100.0,0,21.3,19.95
SEC-KOTA-SWM,108.0,130.0,58.0,6.2,60.0,58.9,22,0,1.0,1.159,1,60.0,0,58.9,149.57
SEC-SWM-GGC,64.0,120.0,48.0,5.1,119.3,0.7,3,0,1.0,1.164,0,120.0,0,0.7,38.98
SEC-KOTA-SWM,108.0,130.0,58.0,6.2,106.2,6.3,2,1,1.0,1.061,0,130.0,0,6.3,57.54
SEC-NDLS-KOTA,465.0,130.0,275.0,14.5,109.0,3.0,11,4,1.0,1.218,0,130.0,0,3.0,294.14
SEC-SWM-GGC,64.0,120.0,48.0,5.1,92.5,1.7,13,3,1.136,1.146,0,120.0,0,1.7,42.17
SEC-KOTA-SWM,108.0,130.0,58.0,6.2,102.2,7.0,18,4,1.0,1.34,0,130.0,0,7.0,73.05
SEC-GGC-BTE,120.0,110.0,98.0,9.4,84.1,17.3,4,0,1.0,1.05,0,110.0,0,17.3,72.31
SEC-KOTA-SWM,108.0,130.0,58.0,6.2,107.7,19.8,23,5,1.0,1.076,0,130.0,0,19.8,72.53
SEC-GGC-BTE,120.0,110.0,98.0,9.4,92.4,18.2,10,6,1.0,1.39,0,110.0,0,18.2,93.9
SEC-MTJ-AGC,54.0,120.0,45.0,4.2,95.3,30.3,19,1,1.0,1.395,0,120.0,0,30.3,59.02
SEC-GGC-BTE,120.0,110.0,98.0,9.4,86.4,10.8,10,2,1.0,1.108,0,110.0,0,10.8,78.56
SEC-SWM-GGC,64.0,120.0,48.0,5.1,119.1,26.2,12,2,1.079,1.061,0,120.0,0,26.2,31.08
SEC-BTE-MTJ,35.0,100.0,48.0,4.8,60.0,18.7,5,5,1.106,1.182,1,60.0,0,18.7,48.36
SEC-SWM-GGC,64.0,120.0,48.0,5.1,116.1,0.0,22,0,1.076,1.073,0,120.0,0,0.0,43.27
SEC-MTJ-AGC,54.0,120.0,45.0,4.2,45.0,1.0,9,1,1.0,1.165,1,45.0,0,1.0,88.23
SEC-BTE-MTJ,35.0,100.0,48.0,4.8,87.2,1.7,15,4,1.0,1.066,0,100.0,0,1.7,32.07
SEC-BTE-MTJ,35.0,100.0,48.0,4.8,87.8,4.2,1,6,1.181,1.173,0,100.0,0,4.2,36.54
SEC-NDLS-KOTA,465.0,130.0,275.0,14.5,111.7,8.0,3,6,1.0,1.041,0,130.0,0,8.0,254.32
SEC-BTE-MTJ,35.0,100.0,48.0,4.8,77.8,12.9,20,5,1.0,1.283,0,100.0,0,12.9,27.11
SEC-NDLS-KOTA,465.0,130.0,275.0,14.5,101.6,13.9,0,0,1.0,1.104,0,130.0,0,13.9,288.38
SEC-BTE-MTJ,35.0,100.0,48.0,4.8,75.5,0.7,7,3,1.0,1.078,0,100.0,0,0.7,32.92
SEC-KOTA-SWM,108.0,130.0,58.0,6.2,119.2,32.6,11,0,1.0,1.143,0,130.0,0,32.6,73.37
SEC-MTJ-AGC,54.0,120.0,45.0,4.2,112.2,21.6,4,2,1.0,1.024,0,120.0,0,21.6,25.65
SEC-GGC-BTE,120.0,110.0,98.0,9.4,30.0,3.7,23,5,1.0,1.112,1,30.0,0,3.7,278.01
SEC-SWM-GGC,64.0,120.0,48.0,5.1,60.0,4.7,20,0,1.0,1.372,1,60.0,0,4.7,90.74
SEC-KOTA-SWM,108.0,130.0,58.0,6.2,119.0,6.4,10,4,1.0,1.213,0,130.0,0,6.4,70.96
SEC-KOTA-SWM,108.0,130.0,58.0,6.2,60.0,0.6,20,5,1.0,1.313,1,60.0,0,0.6,151.2
SEC-GGC-BTE,120.0,110.0,98.0,9.4,91.1,24.0,12,0,1.0,1.039,0,110.0,0,24.0,73.38
SEC-NDLS-KOTA,465.0,130.0,275.0,14.5,121.4,1.3,17,1,1.0,1.292,0,130.0,0,1.3,256.5
SEC-GGC-BTE,120.0,110.0,98.0,9.4,85.7,1.8,16,5,1.0,1.015,0,110.0,0,1.8,95.75
SEC-SWM-GGC,64.0,120.0,48.0,5.1,109.7,8.4,14,4,1.0,1.099,0,120.0,0,8.4,38.55
SEC-BTE-MTJ,35.0,100.0,48.0,4.8,45.0,6.2,2,5,1.0,1.101,1,45.0,0,6.2,56.16
SEC-KOTA-SWM,108.0,130.0,58.0,6.2,45.0,8.4,16,3,1.0,1.063,1,45.0,0,8.4,169.94
SEC-BTE-MTJ,35.0,100.0,48.0,4.8,30.0,2.6,22,5,1.219,1.072,1,30.0,0,2.6,103.17
SEC-SWM-GGC,64.0,120.0,48.0,5.1,99.8,16.4,14,4,1.0,1.101,0,120.0,1,16.4,57.34
SEC-BTE-MTJ,35.0,100.0,48.0,4.8,95.6,16.5,16,5,1.0,1.164,0,100.0,0,16.5,19.95
SEC-NDLS-KOTA,465.0,130.0,275.0,14.5,113.0,0.3,18,0,1.118,1.303,0,130.0,1,0.3,340.55
SEC-SWM-GGC,64.0,120.0,48.0,5.1,102.5,0.7,5,6,1.0,1.098,0,120.0,0,0.7,39.87
SEC-NDLS-KOTA,465.0,130.0,275.0,14.5,110.6,8.0,18,0,1.0,1.233,0,130.0,0,8.0,306.59
SEC-NDLS-KOTA,465.0,130.0,275.0,14.5,110.9,4.4,23,3,1.0,1.014,0,130.0,0,4.4,274.89
SEC-KOTA-SWM,108.0,130.0,58.0,6.2,111.1,0.4,9,6,1.274,1.293,0,130.0,0,0.4,82.6
SEC-GGC-BTE,120.0,110.0,98.0,9.4,107.7,27.2,3,6,1.139,1.189,0,110.0,0,27.2,104.4
SEC-BTE-MTJ,35.0,100.0,48.0,4.8,30.0,5.6,20,3,1.0,1.411,1,30.0,0,5.6,104.17
SEC-BTE-MTJ,35.0,100.0,48.0,4.8,97.9,4.8,11,4,1.0,1.184,0,100.0,0,4.8,26.89
SEC-SWM-GGC,64.0,120.0,48.0,5.1,98.2,0.4,18,2,1.199,1.563,0,120.0,0,0.4,68.06
SEC-KOTA-SWM,108.0,130.0,58.0,6.2,123.0,5.1,13,0,1.292,1.031,0,130.0,0,5.1,69.56
SEC-KOTA-SWM,108.0,130.0,58.0,6.2,117.7,2.0,4,5,1.0,1.125,0,130.0,0,2.0,53.69
SEC-KOTA-SWM,108.0,130.0,58.0,6.2,122.1,5.4,18,5,1.0,1.036,0,130.0,0,5.4,48.65
SEC-NDLS-KOTA,465.0,130.0,275.0,14.5,129.2,18.0,12,4,1.0,1.033,0,130.0,0,18.0,215.04
SEC-BTE-MTJ,35.0,100.0,48.0,4.8,89.6,0.3,0,6,1.089,1.063,0,100.0,0,0.3,26.31
SEC-MTJ-AGC,54.0,120.0,45.0,4.2,106.5,4.7,22,2,1.14,1.14,0,120.0,0,4.7,33.91
SEC-KOTA-SWM,108.0,130.0,58.0,6.2,127.7,17.0,15,2,1.0,1.075,0,130.0,0,17.0,57.57
SEC-SWM-GGC,64.0,120.0,48.0,5.1,45.0,7.5,21,6,1.0,1.481,1,45.0,1,7.5,145.54
SEC-KOTA-SWM,108.0,130.0,58.0,6.2,110.8,4.5,14,3,1.0,1.114,0,130.0,0,4.5,61.96
SEC-KOTA-SWM,108.0,130.0,58.0,6.2,105.9,10.3,20,2,1.0,1.168,0,130.0,0,10.3,61.65
SEC-SWM-GGC,64.0,120.0,48.0,5.1,101.9,17.4,2,2,1.0,1.041,0,120.0,1,17.4,51.28
SEC-KOTA-SWM,108.0,130.0,58.0,6.2,30.0,49.0,13,5,1.0,1.088,1,30.0,0,49.0,269.12
SEC-MTJ-AGC,54.0,120.0,45.0,4.2,102.8,5.3,14,0,1.0,1.206,0,120.0,0,5.3,30.25
SEC-MTJ-AGC,54.0,120.0,45.0,4.2,90.5,15.1,4,3,1.0,1.011,0,120.0,0,15.1,50.34
SEC-SWM-GGC,64.0,120.0,48.0,5.1,108.1,9.0,4,3,1.118,1.04,0,120.0,0,9.0,45.03
SEC-KOTA-SWM,108.0,130.0,58.0,6.2,105.1,11.8,2,4,1.0,1.156,0,130.0,0,11.8,67.46
SEC-KOTA-SWM,108.0,130.0,58.0,6.2,108.6,13.2,20,5,1.0,1.236,0,130.0,0,13.2,74.82
SEC-NDLS-KOTA,465.0,130.0,275.0,14.5,118.0,0.3,3,1,1.076,1.099,0,130.0,0,0.3,277.54
SEC-SWM-GGC,64.0,120.0,48.0,5.1,60.0,0.5,4,1,1.0,1.006,1,60.0,0,0.5,69.17
SEC-SWM-GGC,64.0,120.0,48.0,5.1,111.4,1.5,22,0,1.091,1.276,0,120.0,0,1.5,52.06
SEC-BTE-MTJ,35.0,100.0,48.0,4.8,98.6,11.4,6,5,1.0,1.015,0,100.0,0,11.4,20.38
SEC-KOTA-SWM,108.0,130.0,58.0,6.2,108.0,13.0,15,3,1.0,1.036,0,130.0,0,13.0,74.53
SEC-NDLS-KOTA,465.0,130.0,275.0,14.5,122.8,13.1,11,2,1.0,1.451,0,130.0,0,13.1,310.57
SEC-MTJ-AGC,54.0,120.0,45.0,4.2,105.4,8.3,5,6,1.0,1.167,0,120.0,1,8.3,55.18
SEC-NDLS-KOTA,465.0,130.0,275.0,14.5,45.0,1.0,8,1,1.0,1.31,1,45.0,0,1.0,814.55
SEC-BTE-MTJ,35.0,100.0,48.0,4.8,60.0,3.6,13,3,1.0,1.072,1,60.0,0,3.6,43.63
SEC-NDLS-KOTA,465.0,130.0,275.0,14.5,120.3,11.8,9,0,1.0,1.418,0,130.0,0,11.8,315.0
SEC-GGC-BTE,120.0,110.0,98.0,9.4,94.7,3.3,18,5,1.053,1.231,0,110.0,0,3.3,111.4
SEC-GGC-BTE,120.0,110.0,98.0,9.4,84.9,7.8,23,6,1.0,1.112,0,110.0,0,7.8,83.51
SEC-BTE-MTJ,35.0,100.0,48.0,4.8,87.5,0.4,19,0,1.0,1.133,0,100.0,0,0.4,22.45
SEC-MTJ-AGC,54.0,120.0,45.0,4.2,104.0,10.2,4,5,1.0,1.023,0,120.0,0,10.2,35.59
SEC-MTJ-AGC,54.0,120.0,45.0,4.2,91.7,3.8,8,1,1.0,1.129,0,120.0,0,3.8,39.65
SEC-NDLS-KOTA,465.0,130.0,275.0,14.5,105.7,27.3,0,2,1.095,1.191,0,130.0,1,27.3,372.83
SEC-NDLS-KOTA,465.0,130.0,275.0,14.5,60.0,7.1,15,3,1.0,1.055,1,60.0,0,7.1,502.55
SEC-NDLS-KOTA,465.0,130.0,275.0,14.5,111.9,10.8,18,5,1.0,1.112,0,130.0,0,10.8,290.74
SEC-NDLS-KOTA,465.0,130.0,275.0,14.5,110.5,8.7,7,0,1.0,1.122,0,130.0,0,8.7,257.4
SEC-NDLS-KOTA,465.0,130.0,275.0,14.5,116.8,8.0,17,6,1.159,1.186,0,130.0,0,8.0,307.57
SEC-GGC-BTE,120.0,110.0,98.0,9.4,45.0,8.3,23,2,1.0,1.142,1,45.0,0,8.3,206.69
SEC-NDLS-KOTA,465.0,130.0,275.0,14.5,122.0,28.1,5,1,1.058,1.055,0,130.0,0,28.1,248.61
SEC-SWM-GGC,64.0,120.0,48.0,5.1,116.3,1.3,9,2,1.0,1.273,0,120.0,0,1.3,46.02
SEC-SWM-GGC,64.0,120.0,48.0,5.1,118.5,16.6,23,4,1.0,1.004,0,120.0,0,16.6,33.57
SEC-MTJ-AGC,54.0,120.0,45.0,4.2,45.0,4.8,17,6,1.11,1.325,1,45.0,1,4.8,137.98
SEC-MTJ-AGC,54.0,120.0,45.0,4.2,60.0,8.1,22,0,1.27,1.078,1,60.0,0,8.1,87.74
SEC-SWM-GGC,64.0,120.0,48.0,5.1,96.6,9.3,3,1,1.0,1.106,0,120.0,0,9.3,43.25
SEC-KOTA-SWM,108.0,130.0,58.0,6.2,119.2,2.6,22,2,1.0,1.07,0,130.0,0,2.6,60.87
SEC-MTJ-AGC,54.0,120.0,45.0,4.2,30.0,5.1,11,3,1.158,1.216,1,30.0,0,5.1,157.15
SEC-GGC-BTE,120.0,110.0,98.0,9.4,98.3,0.7,2,4,1.0,1.073,0,110.0,0,0.7,68.26
SEC-SWM-GGC,64.0,120.0,48.0,5.1,118.4,0.5,10,6,1.0,1.255,0,120.0,0,0.5,30.85
SEC-KOTA-SWM,108.0,130.0,58.0,6.2,105.5,7.3,2,1,1.0,1.141,0,130.0,0,7.3,71.62
SEC-GGC-BTE,120.0,110.0,98.0,9.4,83.2,5.4,14,2,1.0,1.018,0,110.0,0,5.4,106.98
SEC-SWM-GGC,64.0,120.0,48.0,5.1,60.0,2.0,14,2,1.06,1.157,1,60.0,0,2.0,77.0
SEC-BTE-MTJ,35.0,100.0,48.0,4.8,95.8,20.7,1,1,1.149,1.239,0,100.0,1,20.7,36.46
SEC-BTE-MTJ,35.0,100.0,48.0,4.8,89.5,5.4,1,5,1.0,1.139,0,100.0,0,5.4,29.36
SEC-GGC-BTE,120.0,110.0,98.0,9.4,30.0,5.2,17,5,1.0,1.154,1,30.0,0,5.2,282.45
SEC-NDLS-KOTA,465.0,130.0,275.0,14.5,116.2,9.0,1,6,1.086,1.222,0,130.0,0,9.0,302.94
SEC-MTJ-AGC,54.0,120.0,45.0,4.2,100.6,0.3,20,5,1.0,1.302,0,120.0,0,0.3,45.69
SEC-NDLS-KOTA,465.0,130.0,275.0,14.5,45.0,9.4,6,5,1.0,1.076,1,45.0,0,9.4,669.01
SEC-NDLS-KOTA,465.0,130.0,275.0,14.5,113.6,0.1,5,4,1.0,1.26,0,130.0,0,0.1,309.92
SEC-GGC-BTE,120.0,110.0,98.0,9.4,85.0,6.4,5,2,1.0,1.106,0,110.0,0,6.4,105.07
SEC-NDLS-KOTA,465.0,130.0,275.0,14.5,125.5,0.2,19,4,1.0,1.51,0,130.0,0,0.2,326.42
SEC-GGC-BTE,120.0,110.0,98.0,9.4,30.0,24.4,1,0,1.0,1.147,1,30.0,0,24.4,279.18
SEC-BTE-MTJ,35.0,100.0,48.0,4.8,90.4,5.6,0,3,1.109,1.078,0,100.0,0,5.6,24.9
SEC-BTE-MTJ,35.0,100.0,48.0,4.8,45.0,0.1,16,2,1.0,1.079,1,45.0,0,0.1,72.24
SEC-SWM-GGC,64.0,120.0,48.0,5.1,119.9,26.8,1,6,1.252,1.062,0,120.0,0,26.8,39.11
SEC-NDLS-KOTA,465.0,130.0,275.0,14.5,125.4,1.5,7,5,1.0,1.118,0,130.0,0,1.5,274.88
SEC-KOTA-SWM,108.0,130.0,58.0,6.2,129.2,2.4,18,6,1.212,1.383,0,130.0,0,2.4,83.32
SEC-KOTA-SWM,108.0,130.0,58.0,6.2,110.3,33.7,5,1,1.0,1.178,0,130.0,0,33.7,72.45
SEC-MTJ-AGC,54.0,120.0,45.0,4.2,109.4,5.6,11,4,1.0,1.111,0,120.0,0,5.6,30.3
SEC-GGC-BTE,120.0,110.0,98.0,9.4,30.0,24.0,17,2,1.0,1.15,1,30.0,0,24.0,279.38
SEC-NDLS-KOTA,465.0,130.0,275.0,14.5,60.0,3.8,10,4,1.0,1.311,1,60.0,0,3.8,594.5
SEC-SWM-GGC,64.0,120.0,48.0,5.1,99.9,11.5,1,0,1.0,1.053,0,120.0,0,11.5,54.51
SEC-BTE-MTJ,35.0,100.0,48.0,4.8,98.8,1.5,11,0,1.0,1.279,0,100.0,0,1.5,34.12
SEC-SWM-GGC,64.0,120.0,48.0,5.1,97.6,11.3,10,1,1.261,1.356,0,120.0,0,11.3,63.52
SEC-GGC-BTE,120.0,110.0,98.0,9.4,87.1,4.8,20,2,1.0,1.271,0,110.0,0,4.8,105.06
SEC-SWM-GGC,64.0,120.0,48.0,5.1,45.0,6.2,7,5,1.0,1.16,1,45.0,0,6.2,114.39
SEC-KOTA-SWM,108.0,130.0,58.0,6.2,110.8,1.2,23,0,1.259,1.123,0,130.0,0,1.2,81.86
SEC-BTE-MTJ,35.0,100.0,48.0,4.8,94.4,3.5,1,1,1.0,1.022,0,100.0,0,3.5,19.95
SEC-BTE-MTJ,35.0,100.0,48.0,4.8,83.6,4.4,3,3,1.0,1.1,0,100.0,0,4.4,19.95
SEC-KOTA-SWM,108.0,130.0,58.0,6.2,99.9,2.9,20,0,1.148,1.185,0,130.0,0,2.9,95.82
SEC-NDLS-KOTA,465.0,130.0,275.0,14.5,45.0,17.2,8,1,1.0,1.238,1,45.0,0,17.2,734.11
SEC-GGC-BTE,120.0,110.0,98.0,9.4,107.8,5.7,23,3,1.299,1.058,0,110.0,0,5.7,85.97
SEC-BTE-MTJ,35.0,100.0,48.0,4.8,93.6,18.6,12,0,1.142,1.116,0,100.0,0,18.6,28.15
SEC-GGC-BTE,120.0,110.0,98.0,9.4,99.6,4.7,2,6,1.085,1.066,0,110.0,0,4.7,77.62
SEC-NDLS-KOTA,465.0,130.0,275.0,14.5,30.0,7.1,10,1,1.118,1.389,1,30.0,0,7.1,1378.43
SEC-NDLS-KOTA,465.0,130.0,275.0,14.5,129.7,7.7,10,4,1.187,1.23,0,130.0,0,7.7,290.56
SEC-MTJ-AGC,54.0,120.0,45.0,4.2,30.0,3.7,5,4,1.05,1.15,1,30.0,0,3.7,143.33
SEC-GGC-BTE,120.0,110.0,98.0,9.4,96.1,23.6,22,4,1.0,1.109,0,110.0,0,23.6,85.34
SEC-NDLS-KOTA,465.0,130.0,275.0,14.5,101.5,10.1,12,4,1.0,1.066,0,130.0,1,10.1,308.36
SEC-NDLS-KOTA,465.0,130.0,275.0,14.5,114.1,0.1,9,6,1.0,1.336,0,130.0,0,0.1,309.21
SEC-KOTA-SWM,108.0,130.0,58.0,6.2,102.9,11.8,20,2,1.174,1.298,0,130.0,0,11.8,87.44
SEC-GGC-BTE,120.0,110.0,98.0,9.4,84.9,7.9,15,5,1.0,1.102,0,110.0,0,7.9,75.38
SEC-GGC-BTE,120.0,110.0,98.0,9.4,86.4,29.5,11,1,1.0,1.227,0,110.0,0,29.5,120.17
SEC-NDLS-KOTA,465.0,130.0,275.0,14.5,60.0,27.8,4,6,1.0,1.228,1,60.0,0,27.8,574.33
SEC-BTE-MTJ,35.0,100.0,48.0,4.8,89.9,1.6,7,4,1.0,1.053,0,100.0,0,1.6,24.73
SEC-MTJ-AGC,54.0,120.0,45.0,4.2,100.9,11.9,15,4,1.114,1.086,0,120.0,1,11.9,53.72
SEC-MTJ-AGC,54.0,120.0,45.0,4.2,100.3,21.5,1,4,1.0,1.177,0,120.0,0,21.5,34.76
SEC-GGC-BTE,120.0,110.0,98.0,9.4,85.0,3.5,5,1,1.172,1.023,0,110.0,0,3.5,90.6
SEC-MTJ-AGC,54.0,120.0,45.0,4.2,106.4,13.5,13,1,1.181,1.125,0,120.0,0,13.5,42.42
SEC-MTJ-AGC,54.0,120.0,45.0,4.2,101.2,4.0,2,0,1.0,1.027,0,120.0,0,4.0,32.1
SEC-GGC-BTE,120.0,110.0,98.0,9.4,88.7,6.3,0,6,1.0,1.136,0,110.0,0,6.3,95.35
SEC-KOTA-SWM,108.0,130.0,58.0,6.2,127.1,4.3,4,4,1.0,1.111,0,130.0,0,4.3,66.32
SEC-BTE-MTJ,35.0,100.0,48.0,4.8,94.8,4.5,3,6,1.0,1.044,0,100.0,0,4.5,25.0
SEC-GGC-BTE,120.0,110.0,98.0,9.4,93.6,0.5,20,3,1.0,1.273,0,110.0,0,0.5,92.6
SEC-BTE-MTJ,35.0,100.0,48.0,4.8,45.0,13.8,19,5,1.0,1.117,1,45.0,0,13.8,57.0
SEC-GGC-BTE,120.0,110.0,98.0,9.4,94.2,31.5,8,2,1.0,1.122,0,110.0,0,31.5,93.91
SEC-MTJ-AGC,54.0,120.0,45.0,4.2,91.2,0.0,21,0,1.181,1.116,0,120.0,0,0.0,51.17
SEC-SWM-GGC,64.0,120.0,48.0,5.1,113.1,13.1,8,5,1.0,1.135,0,120.0,0,13.1,40.32
SEC-GGC-BTE,120.0,110.0,98.0,9.4,98.9,16.9,23,3,1.083,1.058,0,110.0,0,16.9,78.1
SEC-SWM-GGC,64.0,120.0,48.0,5.1,95.5,18.8,22,4,1.0,1.154,0,120.0,0,18.8,42.51
SEC-KOTA-SWM,108.0,130.0,58.0,6.2,45.0,0.4,1,1,1.0,1.189,1,45.0,0,0.4,191.61
SEC-GGC-BTE,120.0,110.0,98.0,9.4,30.0,26.6,16,3,1.0,1.029,1,30.0,0,26.6,258.45
SEC-GGC-BTE,120.0,110.0,98.0,9.4,45.0,1.8,18,4,1.0,1.446,1,45.0,0,1.8,238.12
SEC-SWM-GGC,64.0,120.0,48.0,5.1,110.0,2.1,0,3,1.0,1.104,0,120.0,0,2.1,51.13
SEC-KOTA-SWM,108.0,130.0,58.0,6.2,103.5,16.4,20,1,1.0,1.064,0,130.0,0,16.4,80.41
SEC-MTJ-AGC,54.0,120.0,45.0,4.2,105.1,25.6,0,3,1.29,1.024,0,120.0,0,25.6,36.65
SEC-SWM-GGC,64.0,120.0,48.0,5.1,105.5,35.9,22,5,1.0,1.169,0,120.0,0,35.9,45.84
SEC-GGC-BTE,120.0,110.0,98.0,9.4,87.9,2.7,9,5,1.0,1.192,0,110.0,0,2.7,110.45
SEC-MTJ-AGC,54.0,120.0,45.0,4.2,93.5,18.0,11,4,1.0,1.151,0,120.0,0,18.0,48.06
SEC-SWM-GGC,64.0,120.0,48.0,5.1,99.5,4.0,20,2,1.107,1.212,0,120.0,0,4.0,46.75
SEC-SWM-GGC,64.0,120.0,48.0,5.1,111.0,9.2,6,1,1.0,1.114,0,120.0,1,9.2,59.4
SEC-BTE-MTJ,35.0,100.0,48.0,4.8,30.0,3.8,12,5,1.0,1.127,1,30.0,0,3.8,87.85
SEC-SWM-GGC,64.0,120.0,48.0,5.1,60.0,4.2,13,3,1.0,1.081,1,60.0,0,4.2,86.15
SEC-SWM-GGC,64.0,120.0,48.0,5.1,118.0,11.5,23,5,1.0,1.075,0,120.0,0,11.5,30.4
SEC-MTJ-AGC,54.0,120.0,45.0,4.2,60.0,10.5,11,4,1.0,1.336,1,60.0,0,10.5,73.02
SEC-NDLS-KOTA,465.0,130.0,275.0,14.5,112.9,14.1,15,1,1.0,1.098,0,130.0,0,14.1,272.48
SEC-MTJ-AGC,54.0,120.0,45.0,4.2,96.3,41.8,10,5,1.0,1.263,0,120.0,0,41.8,46.2
SEC-SWM-GGC,64.0,120.0,48.0,5.1,114.5,5.9,11,2,1.0,1.513,0,120.0,0,5.9,53.6
SEC-MTJ-AGC,54.0,120.0,45.0,4.2,30.0,11.3,18,4,1.291,1.225,1,30.0,0,11.3,182.64
SEC-GGC-BTE,120.0,110.0,98.0,9.4,104.4,2.3,16,2,1.0,1.207,0,110.0,0,2.3,79.31
SEC-SWM-GGC,64.0,120.0,48.0,5.1,119.3,12.6,13,4,1.114,1.035,0,120.0,0,12.6,42.3
SEC-KOTA-SWM,108.0,130.0,58.0,6.2,108.1,2.5,2,3,1.0,1.158,0,130.0,0,2.5,70.2
SEC-GGC-BTE,120.0,110.0,98.0,9.4,30.0,6.4,8,1,1.08,1.407,1,30.0,0,6.4,345.77
SEC-NDLS-KOTA,465.0,130.0,275.0,14.5,119.1,9.1,4,4,1.0,1.12,0,130.0,0,9.1,281.32
SEC-NDLS-KOTA,465.0,130.0,275.0,14.5,109.5,0.4,1,4,1.0,1.225,0,130.0,1,0.4,318.17
SEC-BTE-MTJ,35.0,100.0,48.0,4.8,96.6,16.0,6,0,1.0,1.141,0,100.0,0,16.0,19.95
SEC-KOTA-SWM,108.0,130.0,58.0,6.2,99.7,6.6,3,3,1.0,1.116,0,130.0,1,6.6,87.11
SEC-SWM-GGC,64.0,120.0,48.0,5.1,105.4,35.7,14,5,1.0,1.139,0,120.0,0,35.7,41.88
SEC-GGC-BTE,120.0,110.0,98.0,9.4,95.5,15.1,11,6,1.0,1.208,0,110.0,0,15.1,81.09
SEC-MTJ-AGC,54.0,120.0,45.0,4.2,95.4,6.6,4,1,1.0,1.123,0,120.0,0,6.6,39.07
SEC-MTJ-AGC,54.0,120.0,45.0,4.2,94.0,14.9,1,3,1.052,1.031,0,120.0,0,14.9,47.91
SEC-NDLS-KOTA,465.0,130.0,275.0,14.5,60.0,4.9,21,0,1.0,1.177,1,60.0,0,4.9,546.44
SEC-NDLS-KOTA,465.0,130.0,275.0,14.5,60.0,6.0,17,2,1.0,1.296,1,60.0,0,6.0,570.71
SEC-GGC-BTE,120.0,110.0,98.0,9.4,96.5,5.8,21,0,1.0,1.314,0,110.0,0,5.8,82.7
SEC-NDLS-KOTA,465.0,130.0,275.0,14.5,123.8,0.1,16,5,1.0,1.071,0,130.0,0,0.1,233.57
SEC-BTE-MTJ,35.0,100.0,48.0,4.8,82.2,53.9,6,6,1.0,1.131,0,100.0,0,53.9,43.31
SEC-NDLS-KOTA,465.0,130.0,275.0,14.5,104.9,9.2,17,3,1.225,1.166,0,130.0,0,9.2,398.87
SEC-NDLS-KOTA,465.0,130.0,275.0,14.5,110.0,1.9,21,0,1.266,1.276,0,130.0,0,1.9,380.35
SEC-NDLS-KOTA,465.0,130.0,275.0,14.5,45.0,16.6,16,0,1.0,1.177,1,45.0,0,16.6,723.45
SEC-SWM-GGC,64.0,120.0,48.0,5.1,30.0,8.5,14,0,1.0,1.052,1,30.0,0,8.5,150.14
SEC-MTJ-AGC,54.0,120.0,45.0,4.2,30.0,6.1,10,3,1.0,1.202,1,30.0,1,6.1,164.34
SEC-MTJ-AGC,54.0,120.0,45.0,4.2,105.8,3.9,5,2,1.0,1.145,0,120.0,0,3.9,31.33
SEC-NDLS-KOTA,465.0,130.0,275.0,14.5,45.0,6.8,11,6,1.0,1.283,1,45.0,0,6.8,767.31
SEC-GGC-BTE,120.0,110.0,98.0,9.4,89.1,40.9,22,6,1.0,1.077,0,110.0,0,40.9,106.19
SEC-MTJ-AGC,54.0,120.0,45.0,4.2,115.2,2.4,1,6,1.0,1.063,0,120.0,0,2.4,25.65
SEC-MTJ-AGC,54.0,120.0,45.0,4.2,97.2,3.4,14,1,1.0,1.231,0,120.0,0,3.4,34.67
SEC-MTJ-AGC,54.0,120.0,45.0,4.2,45.0,30.9,4,3,1.296,1.034,1,45.0,0,30.9,110.48
SEC-NDLS-KOTA,465.0,130.0,275.0,14.5,109.2,18.6,22,6,1.0,1.165,0,130.0,0,18.6,275.02
SEC-MTJ-AGC,54.0,120.0,45.0,4.2,113.0,11.8,10,4,1.0,1.293,0,120.0,1,11.8,50.86
SEC-KOTA-SWM,108.0,130.0,58.0,6.2,104.8,43.7,15,2,1.0,1.129,0,130.0,0,43.7,78.87
SEC-BTE-MTJ,35.0,100.0,48.0,4.8,45.0,4.1,1,0,1.0,1.073,1,45.0,0,4.1,58.81
SEC-NDLS-KOTA,465.0,130.0,275.0,14.5,103.4,3.7,15,2,1.0,1.056,0,130.0,1,3.7,266.15
SEC-MTJ-AGC,54.0,120.0,45.0,4.2,45.0,12.3,12,3,1.137,1.14,1,45.0,0,12.3,106.5
SEC-GGC-BTE,120.0,110.0,98.0,9.4,100.3,8.6,14,2,1.0,1.063,0,110.0,0,8.6,87.09
SEC-GGC-BTE,120.0,110.0,98.0,9.4,86.2,7.9,1,4,1.0,1.053,0,110.0,0,7.9,98.38
SEC-MTJ-AGC,54.0,120.0,45.0,4.2,114.8,20.2,9,4,1.0,1.023,0,120.0,0,20.2,34.23
SEC-KOTA-SWM,108.0,130.0,58.0,6.2,101.2,12.4,14,2,1.0,1.129,0,130.0,0,12.4,66.96
SEC-MTJ-AGC,54.0,120.0,45.0,4.2,115.1,12.9,14,0,1.0,1.148,0,120.0,1,12.9,51.48
SEC-MTJ-AGC,54.0,120.0,45.0,4.2,111.0,17.5,9,4,1.0,1.368,0,120.0,1,17.5,59.54
SEC-MTJ-AGC,54.0,120.0,45.0,4.2,100.8,36.0,23,5,1.0,1.02,0,120.0,0,36.0,43.61
SEC-KOTA-SWM,108.0,130.0,58.0,6.2,98.8,10.7,14,6,1.063,1.128,0,130.0,0,10.7,84.02
SEC-MTJ-AGC,54.0,120.0,45.0,4.2,114.6,11.1,21,4,1.0,1.178,0,120.0,0,11.1,26.94
SEC-BTE-MTJ,35.0,100.0,48.0,4.8,95.5,24.2,4,3,1.0,1.176,0,100.0,0,24.2,26.63
SEC-BTE-MTJ,35.0,100.0,48.0,4.8,79.7,8.7,5,5,1.0,1.22,0,100.0,0,8.7,27.49
SEC-BTE-MTJ,35.0,100.0,48.0,4.8,89.3,0.5,19,2,1.0,1.315,0,100.0,0,0.5,28.91
SEC-KOTA-SWM,108.0,130.0,58.0,6.2,116.4,9.8,8,3,1.26,1.476,0,130.0,0,9.8,105.42
SEC-GGC-BTE,120.0,110.0,98.0,9.4,99.8,32.9,19,5,1.136,1.196,0,110.0,0,32.9,100.96
SEC-MTJ-AGC,54.0,120.0,45.0,4.2,112.4,0.6,17,5,1.0,1.317,0,120.0,0,0.6,35.75
SEC-MTJ-AGC,54.0,120.0,45.0,4.2,95.0,8.7,4,5,1.0,1.019,0,120.0,0,8.7,32.14
SEC-SWM-GGC,64.0,120.0,48.0,5.1,105.0,14.2,22,0,1.064,1.152,0,120.0,0,14.2,38.57
SEC-MTJ-AGC,54.0,120.0,45.0,4.2,103.4,3.7,13,5,1.0,1.153,0,120.0,0,3.7,36.1
SEC-NDLS-KOTA,465.0,130.0,275.0,14.5,60.0,24.7,16,0,1.0,1.063,1,60.0,1,24.7,532.29
SEC-SWM-GGC,64.0,120.0,48.0,5.1,45.0,3.6,21,2,1.0,1.213,1,45.0,0,3.6,109.66
SEC-SWM-GGC,64.0,120.0,48.0,5.1,95.9,10.3,14,0,1.0,1.183,0,120.0,0,10.3,50.39
SEC-MTJ-AGC,54.0,120.0,45.0,4.2,91.2,3.1,17,3,1.0,1.372,0,120.0,0,3.1,50.1
SEC-MTJ-AGC,54.0,120.0,45.0,4.2,110.6,42.4,1,3,1.0,1.075,0,120.0,0,42.4,41.18
SEC-NDLS-KOTA,465.0,130.0,275.0,14.5,111.7,5.6,23,2,1.0,1.106,0,130.0,0,5.6,285.16
SEC-KOTA-SWM,108.0,130.0,58.0,6.2,106.2,0.7,20,5,1.0,1.159,0,130.0,0,0.7,73.17
SEC-KOTA-SWM,108.0,130.0,58.0,6.2,60.0,9.9,23,1,1.0,1.103,1,60.0,1,9.9,137.37
SEC-MTJ-AGC,54.0,120.0,45.0,4.2,117.3,0.2,16,0,1.0,1.081,0,120.0,0,0.2,25.65
SEC-BTE-MTJ,35.0,100.0,48.0,4.8,99.1,37.9,8,0,1.0,1.104,0,100.0,0,37.9,26.21
SEC-NDLS-KOTA,465.0,130.0,275.0,14.5,118.0,39.8,20,4,1.084,1.261,0,130.0,0,39.8,328.46
SEC-MTJ-AGC,54.0,120.0,45.0,4.2,111.3,5.9,10,4,1.0,1.269,0,120.0,1,5.9,54.12
SEC-GGC-BTE,120.0,110.0,98.0,9.4,109.9,7.7,17,4,1.0,1.35,0,110.0,0,7.7,88.71
SEC-SWM-GGC,64.0,120.0,48.0,5.1,108.1,5.3,11,2,1.0,1.213,0,120.0,0,5.3,46.06
SEC-MTJ-AGC,54.0,120.0,45.0,4.2,99.6,13.3,0,0,1.0,1.209,0,120.0,0,13.3,37.4
SEC-BTE-MTJ,35.0,100.0,48.0,4.8,75.5,0.1,7,0,1.0,1.059,0,100.0,0,0.1,23.99
SEC-GGC-BTE,120.0,110.0,98.0,9.4,60.0,5.8,8,4,1.0,1.418,1,60.0,0,5.8,173.89
SEC-BTE-MTJ,35.0,100.0,48.0,4.8,85.4,17.7,14,3,1.0,1.079,0,100.0,0,17.7,23.79
SEC-KOTA-SWM,108.0,130.0,58.0,6.2,60.0,9.9,17,4,1.0,1.271,1,60.0,0,9.9,141.63
SEC-MTJ-AGC,54.0,120.0,45.0,4.2,103.9,2.1,13,6,1.0,1.206,0,120.0,0,2.1,37.22
SEC-GGC-BTE,120.0,110.0,98.0,9.4,92.8,1.4,20,6,1.231,1.295,0,110.0,0,1.4,118.75
SEC-SWM-GGC,64.0,120.0,48.0,5.1,45.0,5.2,1,0,1.0,1.187,1,45.0,0,5.2,111.77
SEC-KOTA-SWM,108.0,130.0,58.0,6.2,116.5,3.4,8,3,1.0,1.172,0,130.0,0,3.4,65.11
SEC-MTJ-AGC,54.0,120.0,45.0,4.2,99.9,0.8,3,4,1.0,1.118,0,120.0,1,0.8,60.97
SEC-NDLS-KOTA,465.0,130.0,275.0,14.5,105.1,5.3,22,6,1.0,1.032,0,130.0,0,5.3,271.75
SEC-SWM-GGC,64.0,120.0,48.0,5.1,108.5,15.6,19,0,1.0,1.293,0,120.0,0,15.6,44.62
SEC-KOTA-SWM,108.0,130.0,58.0,6.2,110.7,29.4,17,1,1.0,1.404,0,130.0,0,29.4,80.15
SEC-KOTA-SWM,108.0,130.0,58.0,6.2,128.4,3.4,9,5,1.135,1.255,0,130.0,0,3.4,87.11
SEC-NDLS-KOTA,465.0,130.0,275.0,14.5,30.0,0.1,17,6,1.0,1.305,1,30.0,0,0.1,1167.02
SEC-BTE-MTJ,35.0,100.0,48.0,4.8,78.7,6.6,2,2,1.0,1.12,0,100.0,0,6.6,32.24
SEC-MTJ-AGC,54.0,120.0,45.0,4.2,108.8,0.8,16,1,1.0,1.035,0,120.0,0,0.8,38.6
SEC-KOTA-SWM,108.0,130.0,58.0,6.2,60.0,1.4,21,6,1.0,1.223,1,60.0,0,1.4,136.47
SEC-SWM-GGC,64.0,120.0,48.0,5.1,97.9,1.0,21,0,1.0,1.363,0,120.0,0,1.0,48.37
SEC-SWM-GGC,64.0,120.0,48.0,5.1,60.0,2.7,4,5,1.0,1.016,1,60.0,1,2.7,93.91
SEC-GGC-BTE,120.0,110.0,98.0,9.4,96.4,1.1,14,2,1.0,1.04,0,110.0,0,1.1,83.5
SEC-SWM-GGC,64.0,120.0,48.0,5.1,104.7,6.4,10,3,1.0,1.04,0,120.0,0,6.4,40.02
SEC-MTJ-AGC,54.0,120.0,45.0,4.2,60.0,15.8,13,2,1.074,1.03,1,60.0,0,15.8,62.26
SEC-SWM-GGC,64.0,120.0,48.0,5.1,106.3,3.9,15,4,1.0,1.058,0,120.0,1,3.9,36.96
SEC-KOTA-SWM,108.0,130.0,58.0,6.2,122.2,6.1,17,1,1.0,1.301,0,130.0,1,6.1,79.56
SEC-NDLS-KOTA,465.0,130.0,275.0,14.5,121.6,2.3,16,5,1.0,1.19,0,130.0,0,2.3,268.7
SEC-NDLS-KOTA,465.0,130.0,275.0,14.5,103.3,1.4,17,2,1.0,1.426,0,130.0,0,1.4,348.33
SEC-SWM-GGC,64.0,120.0,48.0,5.1,109.8,12.1,12,1,1.077,1.081,0,120.0,0,12.1,38.87
SEC-BTE-MTJ,35.0,100.0,48.0,4.8,82.1,1.6,16,0,1.0,1.104,0,100.0,0,1.6,33.1
SEC-BTE-MTJ,35.0,100.0,48.0,4.8,30.0,27.1,21,1,1.091,1.174,1,30.0,0,27.1,101.65
SEC-KOTA-SWM,108.0,130.0,58.0,6.2,114.1,1.8,23,5,1.0,1.056,0,130.0,0,1.8,74.08
SEC-NDLS-KOTA,465.0,130.0,275.0,14.5,103.6,0.6,8,2,1.0,1.218,0,130.0,0,0.6,307.31
SEC-GGC-BTE,120.0,110.0,98.0,9.4,60.0,2.9,15,3,1.087,1.07,1,60.0,0,2.9,153.32
SEC-BTE-MTJ,35.0,100.0,48.0,4.8,88.2,7.2,20,6,1.0,1.308,0,100.0,0,7.2,23.93
SEC-GGC-BTE,120.0,110.0,98.0,9.4,109.2,1.2,20,3,1.0,1.28,0,110.0,0,1.2,76.15
SEC-GGC-BTE,120.0,110.0,98.0,9.4,86.8,11.8,7,4,1.0,1.102,0,110.0,0,11.8,95.07
SEC-BTE-MTJ,35.0,100.0,48.0,4.8,81.5,29.5,0,4,1.059,1.03,0,100.0,0,29.5,19.95
SEC-KOTA-SWM,108.0,130.0,58.0,6.2,122.6,4.3,5,1,1.0,1.113,0,130.0,0,4.3,55.7
SEC-SWM-GGC,64.0,120.0,48.0,5.1,95.7,12.3,23,0,1.0,1.054,0,120.0,0,12.3,40.4
SEC-GGC-BTE,120.0,110.0,98.0,9.4,87.3,8.1,0,1,1.0,1.041,0,110.0,0,8.1,94.91
SEC-NDLS-KOTA,465.0,130.0,275.0,14.5,100.6,25.2,18,1,1.0,1.271,0,130.0,0,25.2,363.57
SEC-BTE-MTJ,35.0,100.0,48.0,4.8,86.6,0.9,20,0,1.122,1.207,0,100.0,0,0.9,27.01
SEC-KOTA-SWM,108.0,130.0,58.0,6.2,104.5,18.1,14,4,1.25,1.096,0,130.0,0,18.1,86.23
SEC-BTE-MTJ,35.0,100.0,48.0,4.8,88.7,0.7,5,4,1.0,1.211,0,100.0,0,0.7,38.79
SEC-GGC-BTE,120.0,110.0,98.0,9.4,98.0,17.5,19,4,1.0,1.298,0,110.0,0,17.5,93.27
SEC-BTE-MTJ,35.0,100.0,48.0,4.8,84.7,1.5,21,3,1.095,1.325,0,100.0,0,1.5,34.25
SEC-BTE-MTJ,35.0,100.0,48.0,4.8,87.1,5.8,1,6,1.0,1.063,0,100.0,1,5.8,44.39
SEC-BTE-MTJ,35.0,100.0,48.0,4.8,84.0,16.5,17,6,1.0,1.116,0,100.0,0,16.5,38.28
SEC-NDLS-KOTA,465.0,130.0,275.0,14.5,118.6,8.6,22,4,1.0,1.067,0,130.0,0,8.6,248.66
SEC-SWM-GGC,64.0,120.0,48.0,5.1,118.5,2.1,18,6,1.0,1.415,0,120.0,0,2.1,33.27
SEC-KOTA-SWM,108.0,130.0,58.0,6.2,106.8,6.2,8,3,1.067,1.138,0,130.0,1,6.2,84.58
SEC-BTE-MTJ,35.0,100.0,48.0,4.8,99.5,3.2,13,2,1.0,1.132,0,100.0,0,3.2,33.04
SEC-NDLS-KOTA,465.0,130.0,275.0,14.5,129.0,25.4,16,0,1.0,1.099,0,130.0,0,25.4,216.29
SEC-GGC-BTE,120.0,110.0,98.0,9.4,95.0,6.3,20,4,1.0,1.196,0,110.0,0,6.3,72.04
SEC-SWM-GGC,64.0,120.0,48.0,5.1,117.4,27.4,21,3,1.084,1.364,0,120.0,0,27.4,50.84
SEC-BTE-MTJ,35.0,100.0,48.0,4.8,88.9,9.9,15,2,1.219,1.068,0,100.0,0,9.9,28.1
SEC-KOTA-SWM,108.0,130.0,58.0,6.2,129.7,11.8,21,0,1.0,1.167,0,130.0,0,11.8,54.05
SEC-KOTA-SWM,108.0,130.0,58.0,6.2,99.4,20.7,16,3,1.07,1.162,0,130.0,0,20.7,79.74
SEC-GGC-BTE,120.0,110.0,98.0,9.4,88.0,5.0,20,0,1.136,1.312,0,110.0,0,5.0,94.57
SEC-NDLS-KOTA,465.0,130.0,275.0,14.5,30.0,6.3,2,2,1.0,1.092,1,30.0,0,6.3,1007.34
SEC-GGC-BTE,120.0,110.0,98.0,9.4,106.7,28.3,19,5,1.0,1.132,0,110.0,0,28.3,90.1
SEC-MTJ-AGC,54.0,120.0,45.0,4.2,98.1,7.5,15,3,1.0,1.118,0,120.0,0,7.5,35.66
SEC-KOTA-SWM,108.0,130.0,58.0,6.2,124.8,8.0,1,6,1.0,1.117,0,130.0,0,8.0,61.06
SEC-NDLS-KOTA,465.0,130.0,275.0,14.5,128.3,11.6,11,1,1.0,1.065,0,130.0,1,11.6,251.66
SEC-GGC-BTE,120.0,110.0,98.0,9.4,100.6,14.5,11,5,1.0,1.313,0,110.0,0,14.5,96.61
SEC-NDLS-KOTA,465.0,130.0,275.0,14.5,116.8,1.4,2,4,1.0,1.072,0,130.0,0,1.4,287.82
SEC-SWM-GGC,64.0,120.0,48.0,5.1,99.0,9.3,7,4,1.257,1.128,0,120.0,0,9.3,57.32
SEC-KOTA-SWM,108.0,130.0,58.0,6.2,45.0,15.2,13,4,1.0,1.103,1,45.0,0,15.2,175.91
SEC-SWM-GGC,64.0,120.0,48.0,5.1,115.4,15.3,17,6,1.055,1.258,0,120.0,0,15.3,44.24
SEC-KOTA-SWM,108.0,130.0,58.0,6.2,104.4,2.6,10,6,1.0,1.241,0,130.0,0,2.6,71.8
SEC-NDLS-KOTA,465.0,130.0,275.0,14.5,127.6,23.2,8,0,1.0,1.15,0,130.0,0,23.2,254.78
SEC-GGC-BTE,120.0,110.0,98.0,9.4,109.1,16.3,11,4,1.0,1.179,0,110.0,0,16.3,72.33
SEC-MTJ-AGC,54.0,120.0,45.0,4.2,45.0,4.1,10,0,1.0,1.112,1,45.0,0,4.1,89.45
SEC-SWM-GGC,64.0,120.0,48.0,5.1,118.7,14.1,5,5,1.0,1.104,0,120.0,0,14.1,30.4
SEC-MTJ-AGC,54.0,120.0,45.0,4.2,101.6,8.2,7,6,1.0,1.034,0,120.0,0,8.2,35.23
SEC-SWM-GGC,64.0,120.0,48.0,5.1,116.5,8.4,4,6,1.0,1.109,0,120.0,0,8.4,35.89
SEC-BTE-MTJ,35.0,100.0,48.0,4.8,82.5,6.1,0,6,1.129,1.137,0,100.0,0,6.1,36.35
SEC-SWM-GGC,64.0,120.0,48.0,5.1,106.0,8.7,15,4,1.142,1.035,0,120.0,0,8.7,36.12
SEC-SWM-GGC,64.0,120.0,48.0,5.1,60.0,27.6,12,1,1.104,1.063,1,60.0,0,27.6,85.31
SEC-BTE-MTJ,35.0,100.0,48.0,4.8,77.8,12.9,11,3,1.1,1.32,0,100.0,0,12.9,32.34
SEC-BTE-MTJ,35.0,100.0,48.0,4.8,30.0,8.1,14,2,1.0,1.059,1,30.0,0,8.1,83.59
SEC-SWM-GGC,64.0,120.0,48.0,5.1,92.6,8.9,19,6,1.0,1.388,0,120.0,0,8.9,62.06
SEC-BTE-MTJ,35.0,100.0,48.0,4.8,97.5,5.3,10,2,1.0,1.16,0,100.0,0,5.3,27.35
SEC-SWM-GGC,64.0,120.0,48.0,5.1,97.5,5.4,12,2,1.0,1.053,0,120.0,0,5.4,35.83
SEC-NDLS-KOTA,465.0,130.0,275.0,14.5,122.1,22.4,23,2,1.125,1.205,0,130.0,0,22.4,296.36
SEC-MTJ-AGC,54.0,120.0,45.0,4.2,45.0,1.4,4,3,1.056,1.098,1,45.0,0,1.4,89.05
SEC-MTJ-AGC,54.0,120.0,45.0,4.2,99.3,20.0,16,4,1.0,1.086,0,120.0,0,20.0,25.67
SEC-GGC-BTE,120.0,110.0,98.0,9.4,104.6,11.3,3,5,1.0,1.051,0,110.0,0,11.3,88.59
SEC-NDLS-KOTA,465.0,130.0,275.0,14.5,121.7,8.5,14,5,1.0,1.021,0,130.0,0,8.5,208.4
SEC-SWM-GGC,64.0,120.0,48.0,5.1,117.1,10.8,11,0,1.0,1.372,0,120.0,0,10.8,40.69
SEC-BTE-MTJ,35.0,100.0,48.0,4.8,45.0,0.9,18,5,1.0,1.283,1,45.0,0,0.9,57.7
SEC-GGC-BTE,120.0,110.0,98.0,9.4,108.9,0.9,23,3,1.084,1.051,0,110.0,0,0.9,75.85
SEC-KOTA-SWM,108.0,130.0,58.0,6.2,128.0,2.7,5,5,1.05,1.052,0,130.0,0,2.7,62.94
SEC-NDLS-KOTA,465.0,130.0,275.0,14.5,110.8,49.4,2,1,1.0,1.102,0,130.0,0,49.4,276.22
SEC-GGC-BTE,120.0,110.0,98.0,9.4,110.0,8.5,8,3,1.134,1.222,0,110.0,0,8.5,75.41
SEC-GGC-BTE,120.0,110.0,98.0,9.4,60.0,23.6,13,1,1.0,1.083,1,60.0,0,23.6,145.14
SEC-MTJ-AGC,54.0,120.0,45.0,4.2,30.0,13.3,2,1,1.0,1.035,1,30.0,0,13.3,123.02
SEC-NDLS-KOTA,465.0,130.0,275.0,14.5,125.1,16.4,0,6,1.0,1.013,0,130.0,1,16.4,249.9
SEC-MTJ-AGC,54.0,120.0,45.0,4.2,92.9,3.8,12,2,1.0,1.147,0,120.0,0,3.8,36.46
SEC-BTE-MTJ,35.0,100.0,48.0,4.8,85.7,13.5,5,0,1.0,1.135,0,100.0,0,13.5,19.95
SEC-GGC-BTE,120.0,110.0,98.0,9.4,60.0,19.6,17,2,1.0,1.156,1,60.0,0,19.6,169.26
SEC-MTJ-AGC,54.0,120.0,45.0,4.2,102.2,11.3,20,4,1.0,1.35,0,120.0,0,11.3,44.34
SEC-GGC-BTE,120.0,110.0,98.0,9.4,85.8,1.8,17,1,1.141,1.474,0,110.0,0,1.8,125.28
SEC-SWM-GGC,64.0,120.0,48.0,5.1,117.3,26.8,0,0,1.0,1.261,0,120.0,0,26.8,43.85
SEC-MTJ-AGC,54.0,120.0,45.0,4.2,45.0,31.6,15,6,1.0,1.083,1,45.0,0,31.6,80.47
SEC-BTE-MTJ,35.0,100.0,48.0,4.8,77.1,7.0,11,1,1.0,1.169,0,100.0,0,7.0,32.56
SEC-MTJ-AGC,54.0,120.0,45.0,4.2,99.7,2.3,20,3,1.077,1.148,0,120.0,1,2.3,60.82
SEC-BTE-MTJ,35.0,100.0,48.0,4.8,98.3,23.1,19,6,1.0,1.189,0,100.0,0,23.1,19.95
SEC-KOTA-SWM,108.0,130.0,58.0,6.2,45.0,10.3,2,1,1.0,1.032,1,45.0,0,10.3,169.23
SEC-BTE-MTJ,35.0,100.0,48.0,4.8,60.0,24.2,15,1,1.0,1.082,1,60.0,1,24.2,50.84
SEC-KOTA-SWM,108.0,130.0,58.0,6.2,110.6,0.4,22,3,1.0,1.075,0,130.0,0,0.4,55.96
SEC-SWM-GGC,64.0,120.0,48.0,5.1,104.3,29.5,13,2,1.063,1.175,0,120.0,0,29.5,44.5
SEC-NDLS-KOTA,465.0,130.0,275.0,14.5,115.9,0.5,4,0,1.0,1.169,0,130.0,0,0.5,281.58
SEC-SWM-GGC,64.0,120.0,48.0,5.1,100.8,17.1,12,6,1.0,1.173,0,120.0,0,17.1,47.0
SEC-KOTA-SWM,108.0,130.0,58.0,6.2,124.9,1.4,23,0,1.0,1.123,0,130.0,1,1.4,75.75
SEC-KOTA-SWM,108.0,130.0,58.0,6.2,115.3,5.3,15,3,1.0,1.03,0,130.0,0,5.3,66.98
SEC-NDLS-KOTA,465.0,130.0,275.0,14.5,127.9,7.7,23,4,1.0,1.1,0,130.0,0,7.7,242.28
SEC-NDLS-KOTA,465.0,130.0,275.0,14.5,105.3,2.8,21,1,1.292,1.401,0,130.0,0,2.8,489.13
SEC-SWM-GGC,64.0,120.0,48.0,5.1,113.0,17.8,18,0,1.0,1.467,0,120.0,0,17.8,36.59
SEC-MTJ-AGC,54.0,120.0,45.0,4.2,30.0,3.3,19,1,1.0,1.234,1,30.0,0,3.3,151.29
SEC-SWM-GGC,64.0,120.0,48.0,5.1,114.5,8.0,20,0,1.0,1.245,0,120.0,0,8.0,44.77
SEC-KOTA-SWM,108.0,130.0,58.0,6.2,116.6,8.8,15,1,1.0,1.047,0,130.0,0,8.8,65.24
SEC-GGC-BTE,120.0,110.0,98.0,9.4,93.4,15.3,23,1,1.0,1.131,0,110.0,0,15.3,106.89
SEC-MTJ-AGC,54.0,120.0,45.0,4.2,104.5,26.6,14,4,1.0,1.142,0,120.0,0,26.6,42.34
SEC-MTJ-AGC,54.0,120.0,45.0,4.2,113.4,11.3,14,2,1.102,1.122,0,120.0,0,11.3,33.75
SEC-BTE-MTJ,35.0,100.0,48.0,4.8,90.6,5.7,4,3,1.0,1.035,0,100.0,0,5.7,22.82
SEC-MTJ-AGC,54.0,120.0,45.0,4.2,113.0,4.1,16,3,1.0,1.158,0,120.0,0,4.1,25.65
SEC-BTE-MTJ,35.0,100.0,48.0,4.8,98.1,1.0,7,2,1.0,1.107,0,100.0,0,1.0,20.31
SEC-BTE-MTJ,35.0,100.0,48.0,4.8,45.0,22.0,21,3,1.074,1.48,1,45.0,0,22.0,70.0
SEC-BTE-MTJ,35.0,100.0,48.0,4.8,79.8,5.2,21,0,1.0,1.171,0,100.0,0,5.2,40.28
SEC-NDLS-KOTA,465.0,130.0,275.0,14.5,114.9,1.3,15,1,1.0,1.115,0,130.0,0,1.3,264.26
SEC-BTE-MTJ,35.0,100.0,48.0,4.8,30.0,29.0,19,5,1.0,1.184,1,30.0,0,29.0,96.08
SEC-KOTA-SWM,108.0,130.0,58.0,6.2,128.2,1.3,20,3,1.25,1.392,0,130.0,0,1.3,84.12
SEC-SWM-GGC,64.0,120.0,48.0,5.1,108.5,5.9,17,5,1.183,1.279,0,120.0,0,5.9,49.91
SEC-BTE-MTJ,35.0,100.0,48.0,4.8,45.0,8.7,8,4,1.0,1.364,1,45.0,1,8.7,89.48
SEC-BTE-MTJ,35.0,100.0,48.0,4.8,81.0,3.0,3,0,1.0,1.079,0,100.0,0,3.0,32.58
SEC-KOTA-SWM,108.0,130.0,58.0,6.2,104.3,14.7,18,5,1.299,1.414,0,130.0,0,14.7,96.83
SEC-MTJ-AGC,54.0,120.0,45.0,4.2,107.8,25.5,18,2,1.0,1.397,0,120.0,0,25.5,57.08
SEC-BTE-MTJ,35.0,100.0,48.0,4.8,60.0,16.8,12,4,1.0,1.024,1,60.0,0,16.8,43.73
SEC-SWM-GGC,64.0,120.0,48.0,5.1,102.2,2.9,11,3,1.068,1.354,0,120.0,0,2.9,57.11
SEC-BTE-MTJ,35.0,100.0,48.0,4.8,90.3,1.6,17,1,1.0,1.147,0,100.0,0,1.6,35.8
SEC-GGC-BTE,120.0,110.0,98.0,9.4,45.0,19.6,14,3,1.0,1.091,1,45.0,0,19.6,190.18
SEC-SWM-GGC,64.0,120.0,48.0,5.1,108.4,6.4,0,2,1.201,1.096,0,120.0,0,6.4,49.74
SEC-MTJ-AGC,54.0,120.0,45.0,4.2,98.5,7.6,8,4,1.0,1.376,0,120.0,0,7.6,49.48
SEC-GGC-BTE,120.0,110.0,98.0,9.4,107.4,3.1,11,1,1.0,1.322,0,110.0,0,3.1,85.6
SEC-SWM-GGC,64.0,120.0,48.0,5.1,90.0,11.1,2,4,1.0,1.039,0,120.0,0,11.1,38.95
SEC-GGC-BTE,120.0,110.0,98.0,9.4,94.3,0.2,5,3,1.114,1.01,0,110.0,0,0.2,83.58
SEC-BTE-MTJ,35.0,100.0,48.0,4.8,78.5,0.6,20,2,1.0,1.298,0,100.0,0,0.6,28.0
SEC-SWM-GGC,64.0,120.0,48.0,5.1,111.7,18.5,11,6,1.0,1.439,0,120.0,0,18.5,39.63
SEC-BTE-MTJ,35.0,100.0,48.0,4.8,97.2,3.2,0,5,1.093,1.009,0,100.0,0,3.2,28.5
SEC-BTE-MTJ,35.0,100.0,48.0,4.8,76.0,45.4,18,1,1.0,1.076,0,100.0,0,45.4,30.02
SEC-GGC-BTE,120.0,110.0,98.0,9.4,88.4,2.2,19,4,1.0,1.039,0,110.0,0,2.2,77.61
SEC-KOTA-SWM,108.0,130.0,58.0,6.2,109.0,7.3,10,0,1.0,1.108,0,130.0,0,7.3,67.4
SEC-GGC-BTE,120.0,110.0,98.0,9.4,30.0,7.2,16,3,1.099,1.127,1,30.0,0,7.2,291.73
SEC-GGC-BTE,120.0,110.0,98.0,9.4,87.1,7.9,20,4,1.0,1.206,0,110.0,0,7.9,101.62
SEC-NDLS-KOTA,465.0,130.0,275.0,14.5,113.5,4.7,8,6,1.0,1.534,0,130.0,0,4.7,338.26
SEC-GGC-BTE,120.0,110.0,98.0,9.4,84.7,1.3,13,2,1.0,1.106,0,110.0,0,1.3,72.93
SEC-SWM-GGC,64.0,120.0,48.0,5.1,110.6,8.2,5,2,1.0,1.111,0,120.0,0,8.2,46.78
SEC-NDLS-KOTA,465.0,130.0,275.0,14.5,60.0,16.6,7,1,1.0,1.114,1,60.0,0,16.6,538.65
SEC-BTE-MTJ,35.0,100.0,48.0,4.8,91.7,2.4,4,6,1.086,1.115,0,100.0,0,2.4,23.96
SEC-SWM-GGC,64.0,120.0,48.0,5.1,99.1,7.8,14,3,1.0,1.025,0,120.0,0,7.8,40.24
SEC-BTE-MTJ,35.0,100.0,48.0,4.8,82.7,1.1,8,4,1.0,1.272,0,100.0,0,1.1,39.89
SEC-NDLS-KOTA,465.0,130.0,275.0,14.5,104.3,22.7,12,4,1.153,1.139,0,130.0,0,22.7,341.02
SEC-MTJ-AGC,54.0,120.0,45.0,4.2,93.5,10.5,19,2,1.0,1.08,0,120.0,1,10.5,40.96
SEC-SWM-GGC,64.0,120.0,48.0,5.1,101.0,6.5,21,6,1.189,1.434,0,120.0,0,6.5,69.17
SEC-MTJ-AGC,54.0,120.0,45.0,4.2,114.5,4.1,12,1,1.242,1.097,0,120.0,0,4.1,30.72
SEC-GGC-BTE,120.0,110.0,98.0,9.4,94.6,1.5,19,4,1.0,1.292,0,110.0,0,1.5,98.75
SEC-MTJ-AGC,54.0,120.0,45.0,4.2,93.3,16.5,0,0,1.0,1.073,0,120.0,0,16.5,46.82
SEC-SWM-GGC,64.0,120.0,48.0,5.1,93.8,17.9,21,2,1.0,1.225,0,120.0,0,17.9,42.84
SEC-NDLS-KOTA,465.0,130.0,275.0,14.5,129.9,18.1,20,2,1.143,1.306,0,130.0,0,18.1,296.35
SEC-SWM-GGC,64.0,120.0,48.0,5.1,101.1,0.6,7,1,1.0,1.068,0,120.0,0,0.6,42.21
SEC-BTE-MTJ,35.0,100.0,48.0,4.8,81.5,10.2,21,4,1.105,1.195,0,100.0,0,10.2,24.98
SEC-GGC-BTE,120.0,110.0,98.0,9.4,93.3,5.2,9,4,1.0,1.076,0,110.0,0,5.2,89.67
SEC-BTE-MTJ,35.0,100.0,48.0,4.8,60.0,12.2,21,6,1.0,1.249,1,60.0,0,12.2,53.39
SEC-KOTA-SWM,108.0,130.0,58.0,6.2,114.7,7.1,13,6,1.0,1.06,0,130.0,0,7.1,74.31
SEC-BTE-MTJ,35.0,100.0,48.0,4.8,98.0,22.5,17,5,1.0,1.294,0,100.0,0,22.5,23.25
SEC-GGC-BTE,120.0,110.0,98.0,9.4,98.5,1.8,13,2,1.0,1.061,0,110.0,0,1.8,71.45
SEC-SWM-GGC,64.0,120.0,48.0,5.1,30.0,1.3,4,6,1.0,1.142,1,30.0,0,1.3,167.59
SEC-SWM-GGC,64.0,120.0,48.0,5.1,111.7,18.3,19,4,1.0,1.445,0,120.0,0,18.3,60.24
SEC-GGC-BTE,120.0,110.0,98.0,9.4,99.7,2.1,4,4,1.117,1.025,0,110.0,0,2.1,84.0
SEC-GGC-BTE,120.0,110.0,98.0,9.4,103.0,3.9,15,3,1.0,1.045,0,110.0,1,3.9,94.92
SEC-NDLS-KOTA,465.0,130.0,275.0,14.5,118.6,7.2,8,3,1.0,1.392,0,130.0,0,7.2,321.51
SEC-KOTA-SWM,108.0,130.0,58.0,6.2,119.2,41.1,14,6,1.0,1.039,0,130.0,0,41.1,54.06
SEC-NDLS-KOTA,465.0,130.0,275.0,14.5,119.9,1.8,19,5,1.076,1.408,0,130.0,0,1.8,319.49
SEC-BTE-MTJ,35.0,100.0,48.0,4.8,95.3,0.8,19,4,1.0,1.318,0,100.0,0,0.8,30.22
SEC-GGC-BTE,120.0,110.0,98.0,9.4,103.9,9.7,14,6,1.054,1.148,0,110.0,0,9.7,97.13
SEC-MTJ-AGC,54.0,120.0,45.0,4.2,113.1,4.2,1,4,1.0,1.059,0,120.0,0,4.2,37.58
SEC-GGC-BTE,120.0,110.0,98.0,9.4,108.3,0.5,12,2,1.057,1.1,0,110.0,0,0.5,85.85
SEC-NDLS-KOTA,465.0,130.0,275.0,14.5,124.7,3.7,22,4,1.197,1.119,0,130.0,0,3.7,288.82
SEC-BTE-MTJ,35.0,100.0,48.0,4.8,81.9,4.2,3,1,1.119,1.115,0,100.0,0,4.2,55.24
SEC-GGC-BTE,120.0,110.0,98.0,9.4,83.4,18.4,10,3,1.0,1.25,0,110.0,0,18.4,103.93
SEC-NDLS-KOTA,465.0,130.0,275.0,14.5,97.7,26.7,8,2,1.0,1.175,0,130.0,0,26.7,329.94
SEC-NDLS-KOTA,465.0,130.0,275.0,14.5,60.0,0.0,22,3,1.0,1.027,1,60.0,0,0.0,532.63
SEC-BTE-MTJ,35.0,100.0,48.0,4.8,79.1,9.3,19,1,1.0,1.149,0,100.0,0,9.3,22.24
SEC-BTE-MTJ,35.0,100.0,48.0,4.8,91.6,3.6,21,6,1.0,1.433,0,100.0,0,3.6,33.66
SEC-GGC-BTE,120.0,110.0,98.0,9.4,106.7,3.0,9,2,1.0,1.304,0,110.0,0,3.0,88.17
SEC-KOTA-SWM,108.0,130.0,58.0,6.2,106.7,9.8,6,0,1.0,1.02,0,130.0,0,9.8,54.85
SEC-BTE-MTJ,35.0,100.0,48.0,4.8,75.6,4.1,0,4,1.082,1.043,0,100.0,0,4.1,33.67
SEC-GGC-BTE,120.0,110.0,98.0,9.4,60.0,21.1,14,0,1.0,1.181,1,60.0,0,21.1,162.62
SEC-KOTA-SWM,108.0,130.0,58.0,6.2,121.1,10.6,1,1,1.0,1.089,0,130.0,1,10.6,84.69
SEC-MTJ-AGC,54.0,120.0,45.0,4.2,91.7,2.5,18,6,1.0,1.152,0,120.0,1,2.5,47.08
SEC-KOTA-SWM,108.0,130.0,58.0,6.2,110.9,4.8,5,5,1.0,1.068,0,130.0,0,4.8,66.54
SEC-BTE-MTJ,35.0,100.0,48.0,4.8,85.3,2.2,5,3,1.0,1.194,0,100.0,1,2.2,40.75
SEC-SWM-GGC,64.0,120.0,48.0,5.1,107.0,20.3,11,3,1.088,1.112,0,120.0,0,20.3,44.38
SEC-NDLS-KOTA,465.0,130.0,275.0,14.5,97.9,1.3,22,6,1.0,1.036,0,130.0,0,1.3,301.57
SEC-BTE-MTJ,35.0,100.0,48.0,4.8,80.8,5.3,1,0,1.0,1.04,0,100.0,0,5.3,19.95
SEC-MTJ-AGC,54.0,120.0,45.0,4.2,91.0,18.3,22,4,1.151,1.172,0,120.0,0,18.3,46.92
SEC-BTE-MTJ,35.0,100.0,48.0,4.8,60.0,0.6,18,4,1.0,1.288,1,60.0,0,0.6,42.63
SEC-GGC-BTE,120.0,110.0,98.0,9.4,93.5,3.8,15,6,1.0,1.115,0,110.0,0,3.8,89.75
SEC-NDLS-KOTA,465.0,130.0,275.0,14.5,113.4,12.2,3,0,1.0,1.042,0,130.0,0,12.2,212.02
SEC-BTE-MTJ,35.0,100.0,48.0,4.8,78.3,48.4,13,3,1.0,1.117,0,100.0,0,48.4,35.95
SEC-MTJ-AGC,54.0,120.0,45.0,4.2,93.6,11.4,9,2,1.074,1.518,0,120.0,0,11.4,49.33
SEC-NDLS-KOTA,465.0,130.0,275.0,14.5,106.0,28.2,3,5,1.0,1.132,0,130.0,0,28.2,283.43
SEC-KOTA-SWM,108.0,130.0,58.0,6.2,101.5,3.0,10,6,1.0,1.252,0,130.0,0,3.0,94.62
SEC-MTJ-AGC,54.0,120.0,45.0,4.2,94.9,23.2,4,3,1.0,1.158,0,120.0,0,23.2,33.33
SEC-GGC-BTE,120.0,110.0,98.0,9.4,99.1,0.7,23,0,1.145,1.142,0,110.0,0,0.7,113.65
SEC-BTE-MTJ,35.0,100.0,48.0,4.8,78.2,3.8,0,1,1.0,1.07,0,100.0,0,3.8,38.74
SEC-NDLS-KOTA,465.0,130.0,275.0,14.5,126.9,1.8,4,2,1.114,1.101,0,130.0,0,1.8,246.57
SEC-KOTA-SWM,108.0,130.0,58.0,6.2,104.4,2.2,18,4,1.0,1.249,0,130.0,0,2.2,69.26
SEC-MTJ-AGC,54.0,120.0,45.0,4.2,115.2,15.7,10,5,1.0,1.391,0,120.0,0,15.7,40.46
SEC-SWM-GGC,64.0,120.0,48.0,5.1,30.0,6.1,6,4,1.0,1.062,1,30.0,0,6.1,152.92
SEC-GGC-BTE,120.0,110.0,98.0,9.4,89.6,14.1,16,0,1.086,1.054,0,110.0,0,14.1,90.54
SEC-GGC-BTE,120.0,110.0,98.0,9.4,103.7,11.3,23,6,1.0,1.055,0,110.0,0,11.3,94.29
SEC-BTE-MTJ,35.0,100.0,48.0,4.8,45.0,16.2,21,1,1.0,1.341,1,45.0,0,16.2,66.31
SEC-NDLS-KOTA,465.0,130.0,275.0,14.5,45.0,10.3,21,6,1.0,1.402,1,45.0,0,10.3,838.42
SEC-MTJ-AGC,54.0,120.0,45.0,4.2,98.0,39.0,23,2,1.0,1.147,0,120.0,0,39.0,42.8
SEC-SWM-GGC,64.0,120.0,48.0,5.1,101.9,16.2,8,4,1.0,1.252,0,120.0,0,16.2,47.23
SEC-NDLS-KOTA,465.0,130.0,275.0,14.5,128.9,1.9,19,4,1.0,1.351,0,130.0,0,1.9,276.16
SEC-KOTA-SWM,108.0,130.0,58.0,6.2,119.8,13.2,22,6,1.0,1.127,0,130.0,1,13.2,71.65
SEC-SWM-GGC,64.0,120.0,48.0,5.1,60.0,1.5,17,3,1.0,1.243,1,60.0,1,1.5,97.11
SEC-NDLS-KOTA,465.0,130.0,275.0,14.5,125.5,21.6,13,3,1.0,1.108,0,130.0,0,21.6,270.71
SEC-BTE-MTJ,35.0,100.0,48.0,4.8,86.0,2.1,11,2,1.0,1.224,0,100.0,0,2.1,35.89
SEC-NDLS-KOTA,465.0,130.0,275.0,14.5,113.7,14.7,14,4,1.0,1.028,0,130.0,0,14.7,239.92
SEC-GGC-BTE,120.0,110.0,98.0,9.4,90.5,7.5,9,5,1.0,1.408,0,110.0,0,7.5,97.31
SEC-KOTA-SWM,108.0,130.0,58.0,6.2,105.1,20.2,19,2,1.29,1.094,0,130.0,0,20.2,91.96
SEC-SWM-GGC,64.0,120.0,48.0,5.1,118.9,5.0,14,3,1.0,1.078,0,120.0,0,5.0,30.4
SEC-KOTA-SWM,108.0,130.0,58.0,6.2,98.2,30.1,9,6,1.0,1.341,0,130.0,0,30.1,86.61
SEC-NDLS-KOTA,465.0,130.0,275.0,14.5,128.1,1.1,10,4,1.0,1.206,0,130.0,0,1.1,246.62
SEC-GGC-BTE,120.0,110.0,98.0,9.4,45.0,32.9,7,4,1.0,1.03,1,45.0,0,32.9,164.99
SEC-BTE-MTJ,35.0,100.0,48.0,4.8,95.1,16.9,13,6,1.179,1.069,0,100.0,0,16.9,21.22
SEC-MTJ-AGC,54.0,120.0,45.0,4.2,94.6,0.1,2,5,1.164,1.059,0,120.0,0,0.1,37.42
SEC-GGC-BTE,120.0,110.0,98.0,9.4,101.1,3.8,10,4,1.0,1.376,0,110.0,0,3.8,87.74
SEC-BTE-MTJ,35.0,100.0,48.0,4.8,81.4,10.9,3,5,1.088,1.024,0,100.0,0,10.9,20.34
SEC-MTJ-AGC,54.0,120.0,45.0,4.2,60.0,8.3,1,0,1.0,1.142,1,60.0,0,8.3,73.63
SEC-NDLS-KOTA,465.0,130.0,275.0,14.5,101.6,4.5,4,5,1.0,1.052,0,130.0,0,4.5,299.26
SEC-KOTA-SWM,108.0,130.0,58.0,6.2,120.3,7.9,6,5,1.06,1.173,0,130.0,0,7.9,64.75
SEC-GGC-BTE,120.0,110.0,98.0,9.4,100.9,4.0,22,2,1.212,1.125,0,110.0,0,4.0,107.83
SEC-KOTA-SWM,108.0,130.0,58.0,6.2,117.4,39.6,9,0,1.0,1.219,0,130.0,1,39.6,89.31
SEC-SWM-GGC,64.0,120.0,48.0,5.1,45.0,11.9,3,6,1.0,1.089,1,45.0,0,11.9,113.76
SEC-SWM-GGC,64.0,120.0,48.0,5.1,100.1,0.3,22,3,1.0,1.339,0,120.0,0,0.3,62.82
SEC-KOTA-SWM,108.0,130.0,58.0,6.2,114.1,0.8,6,4,1.0,1.144,0,130.0,0,0.8,82.26
SEC-MTJ-AGC,54.0,120.0,45.0,4.2,90.9,10.3,4,1,1.0,1.085,0,120.0,0,10.3,41.23
SEC-MTJ-AGC,54.0,120.0,45.0,4.2,95.4,2.2,13,1,1.0,1.161,0,120.0,0,2.2,39.48
SEC-MTJ-AGC,54.0,120.0,45.0,4.2,101.9,9.3,19,3,1.0,1.213,0,120.0,0,9.3,38.09
SEC-GGC-BTE,120.0,110.0,98.0,9.4,88.2,11.9,11,1,1.0,1.217,0,110.0,0,11.9,105.77
SEC-KOTA-SWM,108.0,130.0,58.0,6.2,123.6,9.7,22,4,1.0,1.089,0,130.0,0,9.7,65.01
SEC-NDLS-KOTA,465.0,130.0,275.0,14.5,45.0,8.1,18,3,1.0,1.45,1,45.0,0,8.1,871.43
SEC-MTJ-AGC,54.0,120.0,45.0,4.2,95.9,7.9,23,4,1.278,1.23,0,120.0,0,7.9,43.95
SEC-NDLS-KOTA,465.0,130.0,275.0,14.5,105.1,1.4,16,4,1.0,1.057,0,130.0,0,1.4,287.51
SEC-NDLS-KOTA,465.0,130.0,275.0,14.5,102.6,1.2,21,5,1.0,1.136,0,130.0,0,1.2,268.23
SEC-BTE-MTJ,35.0,100.0,48.0,4.8,89.4,2.6,0,3,1.0,1.077,0,100.0,0,2.6,21.7
SEC-SWM-GGC,64.0,120.0,48.0,5.1,119.3,6.8,9,2,1.0,1.379,0,120.0,0,6.8,43.35
SEC-BTE-MTJ,35.0,100.0,48.0,4.8,94.7,12.6,8,0,1.0,1.337,0,100.0,0,12.6,35.4
SEC-SWM-GGC,64.0,120.0,48.0,5.1,107.5,26.8,23,4,1.0,1.161,0,120.0,0,26.8,40.03
SEC-SWM-GGC,64.0,120.0,48.0,5.1,94.0,6.0,4,4,1.0,1.006,0,120.0,1,6.0,63.54
SEC-KOTA-SWM,108.0,130.0,58.0,6.2,107.6,1.4,18,5,1.0,1.092,0,130.0,0,1.4,58.96
SEC-MTJ-AGC,54.0,120.0,45.0,4.2,103.5,2.8,7,3,1.0,1.167,0,120.0,1,2.8,56.89
SEC-KOTA-SWM,108.0,130.0,58.0,6.2,103.3,5.4,19,6,1.0,1.143,0,130.0,0,5.4,78.02
SEC-KOTA-SWM,108.0,130.0,58.0,6.2,60.0,5.8,21,3,1.0,1.232,1,60.0,0,5.8,143.09
SEC-MTJ-AGC,54.0,120.0,45.0,4.2,45.0,3.2,8,6,1.14,1.303,1,45.0,0,3.2,111.07
SEC-MTJ-AGC,54.0,120.0,45.0,4.2,111.1,20.7,17,1,1.0,1.26,0,120.0,0,20.7,47.62
SEC-NDLS-KOTA,465.0,130.0,275.0,14.5,100.5,14.5,9,6,1.0,1.272,0,130.0,0,14.5,314.47
SEC-NDLS-KOTA,465.0,130.0,275.0,14.5,103.5,27.9,3,4,1.0,1.136,0,130.0,0,27.9,280.61
SEC-SWM-GGC,64.0,120.0,48.0,5.1,112.0,1.7,8,2,1.147,1.346,0,120.0,0,1.7,49.93
SEC-MTJ-AGC,54.0,120.0,45.0,4.2,97.6,3.8,23,1,1.0,1.165,0,120.0,0,3.8,42.57
SEC-MTJ-AGC,54.0,120.0,45.0,4.2,90.7,7.7,5,2,1.0,1.017,0,120.0,0,7.7,46.02
SEC-NDLS-KOTA,465.0,130.0,275.0,14.5,115.1,15.5,16,0,1.0,1.124,0,130.0,0,15.5,291.5
SEC-BTE-MTJ,35.0,100.0,48.0,4.8,84.3,16.2,2,0,1.227,1.128,0,100.0,0,16.2,29.16
SEC-MTJ-AGC,54.0,120.0,45.0,4.2,60.0,9.0,3,0,1.057,1.022,1,60.0,0,9.0,64.0
SEC-KOTA-SWM,108.0,130.0,58.0,6.2,127.4,7.8,3,5,1.0,1.086,0,130.0,0,7.8,56.79
SEC-GGC-BTE,120.0,110.0,98.0,9.4,84.4,19.7,8,6,1.0,1.216,0,110.0,0,19.7,102.4
SEC-NDLS-KOTA,465.0,130.0,275.0,14.5,112.8,6.2,8,6,1.0,1.389,0,130.0,0,6.2,330.28
SEC-SWM-GGC,64.0,120.0,48.0,5.1,117.2,5.2,5,3,1.0,1.199,0,120.0,0,5.2,43.28
SEC-MTJ-AGC,54.0,120.0,45.0,4.2,111.4,5.4,15,0,1.0,1.009,0,120.0,0,5.4,29.22
SEC-GGC-BTE,120.0,110.0,98.0,9.4,60.0,10.2,22,2,1.0,1.015,1,60.0,0,10.2,142.89
SEC-NDLS-KOTA,465.0,130.0,275.0,14.5,30.0,3.2,15,1,1.0,1.159,1,30.0,0,3.2,1079.94
SEC-MTJ-AGC,54.0,120.0,45.0,4.2,114.3,3.4,10,3,1.0,1.117,0,120.0,0,3.4,33.24
SEC-GGC-BTE,120.0,110.0,98.0,9.4,97.2,3.1,12,6,1.0,1.123,0,110.0,1,3.1,68.91
SEC-GGC-BTE,120.0,110.0,98.0,9.4,60.0,2.6,22,6,1.091,1.122,1,60.0,0,2.6,144.7
SEC-MTJ-AGC,54.0,120.0,45.0,4.2,102.4,5.7,9,3,1.0,1.115,0,120.0,0,5.7,33.4
SEC-SWM-GGC,64.0,120.0,48.0,5.1,114.3,2.9,2,6,1.0,1.136,0,120.0,0,2.9,30.4
SEC-NDLS-KOTA,465.0,130.0,275.0,14.5,97.8,1.6,12,5,1.0,1.057,0,130.0,0,1.6,292.14
SEC-SWM-GGC,64.0,120.0,48.0,5.1,95.6,2.5,15,0,1.059,1.015,0,120.0,0,2.5,52.23
SEC-NDLS-KOTA,465.0,130.0,275.0,14.5,112.8,8.9,23,4,1.0,1.101,0,130.0,0,8.9,279.22
SEC-GGC-BTE,120.0,110.0,98.0,9.4,84.4,7.0,17,6,1.1,1.149,0,110.0,1,7.0,133.39
SEC-SWM-GGC,64.0,120.0,48.0,5.1,105.8,18.7,23,0,1.0,1.203,0,120.0,0,18.7,46.77
SEC-BTE-MTJ,35.0,100.0,48.0,4.8,93.1,20.1,4,5,1.0,1.013,0,100.0,1,20.1,37.21
SEC-GGC-BTE,120.0,110.0,98.0,9.4,109.5,4.9,19,0,1.0,1.216,0,110.0,1,4.9,83.95
SEC-SWM-GGC,64.0,120.0,48.0,5.1,105.5,0.6,3,3,1.0,1.131,0,120.0,1,0.6,47.95
SEC-NDLS-KOTA,465.0,130.0,275.0,14.5,125.3,31.7,15,4,1.067,1.135,0,130.0,0,31.7,250.27
SEC-MTJ-AGC,54.0,120.0,45.0,4.2,117.0,7.4,21,3,1.0,1.38,0,120.0,0,7.4,42.41
SEC-KOTA-SWM,108.0,130.0,58.0,6.2,45.0,3.1,1,4,1.0,1.108,1,45.0,0,3.1,178.23
SEC-MTJ-AGC,54.0,120.0,45.0,4.2,99.3,19.5,11,4,1.0,1.374,0,120.0,0,19.5,52.12
SEC-MTJ-AGC,54.0,120.0,45.0,4.2,45.0,1.5,19,3,1.14,1.389,1,45.0,1,1.5,116.15
SEC-NDLS-KOTA,465.0,130.0,275.0,14.5,113.1,3.0,22,5,1.0,1.039,0,130.0,0,3.0,252.74
SEC-GGC-BTE,120.0,110.0,98.0,9.4,100.5,4.3,22,1,1.0,1.087,0,110.0,0,4.3,87.0
SEC-KOTA-SWM,108.0,130.0,58.0,6.2,101.6,49.3,19,5,1.0,1.483,0,130.0,0,49.3,91.74
SEC-SWM-GGC,64.0,120.0,48.0,5.1,111.6,5.3,11,3,1.0,1.295,0,120.0,0,5.3,46.26
SEC-NDLS-KOTA,465.0,130.0,275.0,14.5,125.2,8.5,19,2,1.055,1.301,0,130.0,0,8.5,298.52
SEC-MTJ-AGC,54.0,120.0,45.0,4.2,104.1,25.3,21,1,1.0,1.231,0,120.0,0,25.3,32.08
SEC-GGC-BTE,120.0,110.0,98.0,9.4,82.9,9.6,15,1,1.0,1.154,0,110.0,1,9.6,114.43
SEC-KOTA-SWM,108.0,130.0,58.0,6.2,119.3,1.4,13,2,1.0,1.166,0,130.0,0,1.4,51.83
SEC-MTJ-AGC,54.0,120.0,45.0,4.2,110.7,16.6,1,4,1.0,1.014,0,120.0,0,16.6,36.87
SEC-MTJ-AGC,54.0,120.0,45.0,4.2,90.3,6.8,14,4,1.0,1.09,0,120.0,0,6.8,34.84
SEC-KOTA-SWM,108.0,130.0,58.0,6.2,122.9,24.4,3,2,1.0,1.051,0,130.0,0,24.4,78.17
SEC-NDLS-KOTA,465.0,130.0,275.0,14.5,122.8,13.2,15,4,1.0,1.117,0,130.0,0,13.2,245.1
SEC-GGC-BTE,120.0,110.0,98.0,9.4,98.2,5.9,5,3,1.0,1.118,0,110.0,0,5.9,74.93
SEC-SWM-GGC,64.0,120.0,48.0,5.1,93.7,1.8,6,2,1.0,1.14,0,120.0,1,1.8,63.11
SEC-GGC-BTE,120.0,110.0,98.0,9.4,107.1,0.9,14,3,1.0,1.159,0,110.0,0,0.9,62.18
SEC-MTJ-AGC,54.0,120.0,45.0,4.2,97.4,26.7,19,1,1.0,1.137,0,120.0,0,26.7,31.56
SEC-KOTA-SWM,108.0,130.0,58.0,6.2,125.2,10.4,18,3,1.082,1.3,0,130.0,0,10.4,71.17
SEC-KOTA-SWM,108.0,130.0,58.0,6.2,119.0,8.1,7,2,1.0,1.249,0,130.0,0,8.1,75.88
SEC-BTE-MTJ,35.0,100.0,48.0,4.8,45.0,8.1,0,3,1.214,1.194,1,45.0,0,8.1,77.25
SEC-GGC-BTE,120.0,110.0,98.0,9.4,82.8,8.1,16,3,1.0,1.14,0,110.0,0,8.1,107.1
SEC-KOTA-SWM,108.0,130.0,58.0,6.2,113.0,4.2,2,4,1.07,1.161,0,130.0,0,4.2,75.93
SEC-SWM-GGC,64.0,120.0,48.0,5.1,45.0,5.7,9,1,1.0,1.254,1,45.0,0,5.7,123.62
SEC-GGC-BTE,120.0,110.0,98.0,9.4,83.9,0.9,18,5,1.0,1.214,0,110.0,0,0.9,104.96
SEC-MTJ-AGC,54.0,120.0,45.0,4.2,93.4,8.3,12,1,1.088,1.233,0,120.0,0,8.3,47.05
SEC-MTJ-AGC,54.0,120.0,45.0,4.2,96.4,13.3,2,3,1.061,1.048,0,120.0,1,13.3,61.45
SEC-SWM-GGC,64.0,120.0,48.0,5.1,107.1,5.1,22,4,1.0,1.055,0,120.0,0,5.1,42.26
SEC-SWM-GGC,64.0,120.0,48.0,5.1,115.8,30.1,23,0,1.0,1.097,0,120.0,0,30.1,38.42
SEC-GGC-BTE,120.0,110.0,98.0,9.4,60.0,7.0,19,0,1.0,1.17,1,60.0,0,7.0,155.43
SEC-KOTA-SWM,108.0,130.0,58.0,6.2,45.0,4.6,4,2,1.0,1.025,1,45.0,0,4.6,176.37
SEC-MTJ-AGC,54.0,120.0,45.0,4.2,112.6,4.0,6,6,1.0,1.157,0,120.0,0,4.0,25.69
SEC-MTJ-AGC,54.0,120.0,45.0,4.2,111.1,6.7,13,2,1.0,1.107,0,120.0,0,6.7,42.87
SEC-NDLS-KOTA,465.0,130.0,275.0,14.5,120.8,3.9,15,5,1.0,1.064,0,130.0,0,3.9,213.38
SEC-SWM-GGC,64.0,120.0,48.0,5.1,103.8,7.8,21,5,1.144,1.228,0,120.0,1,7.8,68.27
SEC-GGC-BTE,120.0,110.0,98.0,9.4,30.0,5.0,2,0,1.0,1.006,1,30.0,0,5.0,258.85
SEC-MTJ-AGC,54.0,120.0,45.0,4.2,106.6,15.0,4,3,1.0,1.025,0,120.0,0,15.0,41.71
SEC-GGC-BTE,120.0,110.0,98.0,9.4,93.8,13.2,21,4,1.227,1.144,0,110.0,0,13.2,98.69
SEC-NDLS-KOTA,465.0,130.0,275.0,14.5,113.6,1.4,9,1,1.0,1.044,0,130.0,0,1.4,285.58
SEC-MTJ-AGC,54.0,120.0,45.0,4.2,109.1,24.0,10,3,1.0,1.15,0,120.0,0,24.0,36.66
SEC-BTE-MTJ,35.0,100.0,48.0,4.8,82.1,3.2,17,3,1.0,1.333,0,100.0,0,3.2,35.32
SEC-SWM-GGC,64.0,120.0,48.0,5.1,113.9,2.6,7,3,1.0,1.072,0,120.0,0,2.6,36.68
SEC-SWM-GGC,64.0,120.0,48.0,5.1,60.0,12.8,14,1,1.0,1.078,1,60.0,0,12.8,73.07
SEC-MTJ-AGC,54.0,120.0,45.0,4.2,30.0,6.5,22,5,1.094,1.091,1,30.0,1,6.5,169.4
SEC-KOTA-SWM,108.0,130.0,58.0,6.2,99.6,28.5,14,2,1.0,1.044,0,130.0,0,28.5,75.54
SEC-KOTA-SWM,108.0,130.0,58.0,6.2,45.0,1.4,11,3,1.0,1.188,1,45.0,0,1.4,183.7
SEC-GGC-BTE,120.0,110.0,98.0,9.4,60.0,13.3,4,3,1.208,1.109,1,60.0,0,13.3,182.11
SEC-MTJ-AGC,54.0,120.0,45.0,4.2,111.0,11.9,22,2,1.0,1.039,0,120.0,0,11.9,29.81
SEC-BTE-MTJ,35.0,100.0,48.0,4.8,90.8,0.4,21,1,1.081,1.566,0,100.0,0,0.4,31.05
SEC-NDLS-KOTA,465.0,130.0,275.0,14.5,60.0,1.4,23,3,1.266,1.064,1,60.0,0,1.4,630.58
SEC-BTE-MTJ,35.0,100.0,48.0,4.8,82.2,1.6,7,3,1.0,1.174,0,100.0,0,1.6,34.55
SEC-BTE-MTJ,35.0,100.0,48.0,4.8,85.4,0.8,7,6,1.231,1.142,0,100.0,1,0.8,48.53
SEC-GGC-BTE,120.0,110.0,98.0,9.4,88.6,5.2,21,5,1.273,1.233,0,110.0,0,5.2,136.35
SEC-BTE-MTJ,35.0,100.0,48.0,4.8,98.6,16.2,19,4,1.281,1.268,0,100.0,0,16.2,37.43
SEC-SWM-GGC,64.0,120.0,48.0,5.1,112.0,2.9,12,2,1.0,1.01,0,120.0,0,2.9,33.78
SEC-BTE-MTJ,35.0,100.0,48.0,4.8,77.5,8.1,2,1,1.0,1.026,0,100.0,0,8.1,21.77
SEC-SWM-GGC,64.0,120.0,48.0,5.1,102.9,9.6,5,6,1.0,1.197,0,120.0,0,9.6,45.22
SEC-BTE-MTJ,35.0,100.0,48.0,4.8,92.9,5.8,19,0,1.0,1.265,0,100.0,0,5.8,29.33
SEC-SWM-GGC,64.0,120.0,48.0,5.1,45.0,14.3,2,4,1.134,1.034,1,45.0,0,14.3,111.26
SEC-KOTA-SWM,108.0,130.0,58.0,6.2,100.0,2.3,17,3,1.0,1.353,0,130.0,0,2.3,82.54
SEC-GGC-BTE,120.0,110.0,98.0,9.4,87.8,5.4,9,4,1.0,1.264,0,110.0,0,5.4,118.86
SEC-GGC-BTE,120.0,110.0,98.0,9.4,30.0,15.2,17,5,1.0,1.071,1,30.0,0,15.2,282.99
SEC-MTJ-AGC,54.0,120.0,45.0,4.2,107.3,3.6,15,0,1.0,1.047,0,120.0,0,3.6,35.81
SEC-MTJ-AGC,54.0,120.0,45.0,4.2,120.0,29.8,20,1,1.0,1.204,0,120.0,0,29.8,32.9
SEC-SWM-GGC,64.0,120.0,48.0,5.1,98.8,11.6,18,3,1.0,1.27,0,120.0,0,11.6,38.86
SEC-MTJ-AGC,54.0,120.0,45.0,4.2,105.3,2.2,3,2,1.0,1.111,0,120.0,0,2.2,38.48
SEC-NDLS-KOTA,465.0,130.0,275.0,14.5,114.6,3.1,4,2,1.0,1.121,0,130.0,0,3.1,282.31
SEC-SWM-GGC,64.0,120.0,48.0,5.1,95.7,17.3,13,5,1.274,1.146,0,120.0,0,17.3,52.28
SEC-BTE-MTJ,35.0,100.0,48.0,4.8,92.9,0.0,6,6,1.0,1.113,0,100.0,0,0.0,20.02
SEC-SWM-GGC,64.0,120.0,48.0,5.1,99.6,3.9,10,6,1.122,1.266,0,120.0,0,3.9,56.97
SEC-SWM-GGC,64.0,120.0,48.0,5.1,109.9,20.5,3,4,1.0,1.043,0,120.0,1,20.5,50.75
SEC-GGC-BTE,120.0,110.0,98.0,9.4,30.0,26.0,13,2,1.293,1.04,1,30.0,0,26.0,368.98
SEC-BTE-MTJ,35.0,100.0,48.0,4.8,90.4,3.4,19,5,1.061,1.248,0,100.0,0,3.4,32.77
SEC-NDLS-KOTA,465.0,130.0,275.0,14.5,30.0,6.8,13,3,1.22,1.013,1,30.0,0,6.8,1160.41
SEC-SWM-GGC,64.0,120.0,48.0,5.1,108.3,0.9,22,2,1.0,1.104,0,120.0,0,0.9,40.17
SEC-SWM-GGC,64.0,120.0,48.0,5.1,95.7,9.8,5,5,1.0,1.087,0,120.0,0,9.8,46.05
SEC-MTJ-AGC,54.0,120.0,45.0,4.2,30.0,11.1,4,5,1.0,1.153,1,30.0,0,11.1,134.57
SEC-NDLS-KOTA,465.0,130.0,275.0,14.5,98.6,14.9,2,0,1.094,1.062,0,130.0,1,14.9,337.91
SEC-MTJ-AGC,54.0,120.0,45.0,4.2,45.0,0.3,16,4,1.0,1.094,1,45.0,1,0.3,100.15
SEC-NDLS-KOTA,465.0,130.0,275.0,14.5,124.6,8.8,3,6,1.0,1.165,0,130.0,0,8.8,239.98
SEC-MTJ-AGC,54.0,120.0,45.0,4.2,114.7,6.9,11,0,1.0,1.318,0,120.0,0,6.9,26.78
SEC-SWM-GGC,64.0,120.0,48.0,5.1,91.5,13.6,11,1,1.122,1.244,0,120.0,0,13.6,51.88
SEC-NDLS-KOTA,465.0,130.0,275.0,14.5,30.0,15.7,3,6,1.0,1.054,1,30.0,0,15.7,969.38
SEC-BTE-MTJ,35.0,100.0,48.0,4.8,85.0,2.8,0,5,1.0,1.177,0,100.0,0,2.8,19.95
SEC-SWM-GGC,64.0,120.0,48.0,5.1,97.4,12.0,22,4,1.0,1.194,0,120.0,0,12.0,46.29
SEC-GGC-BTE,120.0,110.0,98.0,9.4,102.9,4.9,13,1,1.0,1.109,0,110.0,0,4.9,62.18
SEC-GGC-BTE,120.0,110.0,98.0,9.4,100.8,1.1,3,4,1.0,1.063,0,110.0,0,1.1,69.54
SEC-NDLS-KOTA,465.0,130.0,275.0,14.5,113.8,6.6,2,2,1.0,1.059,0,130.0,0,6.6,250.14
SEC-MTJ-AGC,54.0,120.0,45.0,4.2,96.0,8.9,14,1,1.0,1.049,0,120.0,0,8.9,38.14
SEC-NDLS-KOTA,465.0,130.0,275.0,14.5,60.0,10.3,15,5,1.0,1.043,1,60.0,0,10.3,476.68
SEC-GGC-BTE,120.0,110.0,98.0,9.4,45.0,12.0,16,5,1.0,1.172,1,45.0,0,12.0,194.48
SEC-NDLS-KOTA,465.0,130.0,275.0,14.5,114.0,4.0,23,1,1.0,1.121,0,130.0,0,4.0,274.93
SEC-GGC-BTE,120.0,110.0,98.0,9.4,94.6,34.2,3,1,1.134,1.021,0,110.0,0,34.2,97.78
SEC-SWM-GGC,64.0,120.0,48.0,5.1,114.3,7.6,20,3,1.0,1.521,0,120.0,0,7.6,45.25
SEC-BTE-MTJ,35.0,100.0,48.0,4.8,45.0,6.0,8,1,1.05,1.28,1,45.0,0,6.0,60.23
SEC-KOTA-SWM,108.0,130.0,58.0,6.2,104.5,6.9,0,0,1.0,1.056,0,130.0,0,6.9,63.08
SEC-KOTA-SWM,108.0,130.0,58.0,6.2,60.0,1.5,12,4,1.0,1.048,1,60.0,0,1.5,124.75
SEC-MTJ-AGC,54.0,120.0,45.0,4.2,113.5,6.3,16,6,1.0,1.084,0,120.0,0,6.3,36.43
SEC-BTE-MTJ,35.0,100.0,48.0,4.8,92.1,19.1,8,4,1.0,1.45,0,100.0,0,19.1,38.47
SEC-GGC-BTE,120.0,110.0,98.0,9.4,88.6,14.6,3,3,1.0,1.067,0,110.0,0,14.6,91.75
SEC-KOTA-SWM,108.0,130.0,58.0,6.2,126.2,29.5,17,5,1.147,1.397,0,130.0,0,29.5,83.51
SEC-MTJ-AGC,54.0,120.0,45.0,4.2,106.1,6.3,12,3,1.129,1.037,0,120.0,0,6.3,31.61
SEC-BTE-MTJ,35.0,100.0,48.0,4.8,77.2,14.6,18,3,1.0,1.439,0,100.0,0,14.6,33.45
SEC-GGC-BTE,120.0,110.0,98.0,9.4,108.0,8.5,18,3,1.0,1.22,0,110.0,0,8.5,72.07
SEC-NDLS-KOTA,465.0,130.0,275.0,14.5,121.5,15.6,18,0,1.0,1.243,0,130.0,0,15.6,259.31
SEC-MTJ-AGC,54.0,120.0,45.0,4.2,107.9,11.9,10,3,1.0,1.16,0,120.0,0,11.9,25.65
SEC-MTJ-AGC,54.0,120.0,45.0,4.2,113.7,6.8,7,1,1.0,1.23,0,120.0,1,6.8,52.19
SEC-SWM-GGC,64.0,120.0,48.0,5.1,93.6,54.1,3,2,1.0,1.094,0,120.0,1,54.1,56.84
SEC-BTE-MTJ,35.0,100.0,48.0,4.8,85.2,1.2,13,2,1.0,1.101,0,100.0,1,1.2,44.9
SEC-BTE-MTJ,35.0,100.0,48.0,4.8,77.0,6.6,12,2,1.0,1.094,0,100.0,0,6.6,21.95
SEC-SWM-GGC,64.0,120.0,48.0,5.1,90.2,11.8,15,4,1.131,1.127,0,120.0,0,11.8,56.57
SEC-GGC-BTE,120.0,110.0,98.0,9.4,99.0,2.4,6,3,1.0,1.09,0,110.0,1,2.4,84.62
SEC-KOTA-SWM,108.0,130.0,58.0,6.2,99.3,27.5,9,2,1.0,1.099,0,130.0,0,27.5,67.32
SEC-NDLS-KOTA,465.0,130.0,275.0,14.5,120.9,16.7,22,6,1.0,1.072,0,130.0,0,16.7,228.25
SEC-GGC-BTE,120.0,110.0,98.0,9.4,86.6,4.7,6,2,1.052,1.08,0,110.0,0,4.7,100.04
SEC-GGC-BTE,120.0,110.0,98.0,9.4,94.9,9.3,21,4,1.0,1.217,0,110.0,0,9.3,82.76
SEC-MTJ-AGC,54.0,120.0,45.0,4.2,120.0,5.9,17,1,1.059,1.121,0,120.0,0,5.9,43.7
SEC-GGC-BTE,120.0,110.0,98.0,9.4,103.1,20.8,6,5,1.252,1.093,0,110.0,0,20.8,88.58
SEC-BTE-MTJ,35.0,100.0,48.0,4.8,30.0,7.2,13,4,1.0,1.047,1,30.0,0,7.2,76.3
SEC-KOTA-SWM,108.0,130.0,58.0,6.2,116.0,8.9,23,5,1.073,1.048,0,130.0,0,8.9,73.87
SEC-NDLS-KOTA,465.0,130.0,275.0,14.5,99.7,1.5,20,1,1.125,1.092,0,130.0,0,1.5,356.52
SEC-MTJ-AGC,54.0,120.0,45.0,4.2,30.0,24.1,19,1,1.0,1.356,1,30.0,1,24.1,170.61
SEC-GGC-BTE,120.0,110.0,98.0,9.4,85.9,17.1,17,3,1.0,1.469,0,110.0,0,17.1,127.85
SEC-SWM-GGC,64.0,120.0,48.0,5.1,104.3,9.3,21,4,1.0,1.428,0,120.0,0,9.3,46.05
SEC-NDLS-KOTA,465.0,130.0,275.0,14.5,98.0,7.0,1,6,1.083,1.118,0,130.0,0,7.0,345.89
SEC-GGC-BTE,120.0,110.0,98.0,9.4,60.0,22.3,11,5,1.0,1.287,1,60.0,0,22.3,172.13
SEC-BTE-MTJ,35.0,100.0,48.0,4.8,78.5,25.5,3,4,1.0,1.144,0,100.0,0,25.5,21.75
SEC-NDLS-KOTA,465.0,130.0,275.0,14.5,129.5,14.2,7,4,1.0,1.045,0,130.0,0,14.2,232.08
SEC-GGC-BTE,120.0,110.0,98.0,9.4,103.8,5.9,23,5,1.0,1.142,0,110.0,0,5.9,62.18
SEC-SWM-GGC,64.0,120.0,48.0,5.1,110.4,10.6,14,3,1.0,1.086,0,120.0,0,10.6,39.64
SEC-NDLS-KOTA,465.0,130.0,275.0,14.5,104.1,3.2,10,4,1.0,1.482,0,130.0,0,3.2,383.44
SEC-KOTA-SWM,108.0,130.0,58.0,6.2,117.4,0.3,11,3,1.0,1.161,0,130.0,1,0.3,89.61
SEC-BTE-MTJ,35.0,100.0,48.0,4.8,95.7,18.8,1,6,1.0,1.215,0,100.0,1,18.8,38.38
SEC-SWM-GGC,64.0,120.0,48.0,5.1,119.4,9.6,17,3,1.0,1.129,0,120.0,0,9.6,35.57
SEC-NDLS-KOTA,465.0,130.0,275.0,14.5,98.7,3.1,17,6,1.0,1.155,0,130.0,1,3.1,302.3
SEC-SWM-GGC,64.0,120.0,48.0,5.1,116.7,2.9,9,0,1.153,1.451,0,120.0,0,2.9,51.87
SEC-KOTA-SWM,108.0,130.0,58.0,6.2,129.8,11.5,14,5,1.0,1.07,0,130.0,0,11.5,53.96
SEC-SWM-GGC,64.0,120.0,48.0,5.1,104.1,0.3,2,6,1.105,1.027,0,120.0,0,0.3,36.85
SEC-SWM-GGC,64.0,120.0,48.0,5.1,116.7,5.0,22,3,1.136,1.109,0,120.0,0,5.0,42.5
SEC-BTE-MTJ,35.0,100.0,48.0,4.8,97.5,2.6,2,2,1.0,1.052,0,100.0,0,2.6,29.66
SEC-MTJ-AGC,54.0,120.0,45.0,4.2,102.6,1.3,0,6,1.0,1.278,0,120.0,0,1.3,36.09
SEC-KOTA-SWM,108.0,130.0,58.0,6.2,103.5,2.8,0,3,1.0,1.016,0,130.0,0,2.8,63.17
SEC-KOTA-SWM,108.0,130.0,58.0,6.2,118.3,4.7,16,5,1.208,1.142,0,130.0,0,4.7,83.96
SEC-MTJ-AGC,54.0,120.0,45.0,4.2,116.7,0.2,13,6,1.195,1.096,0,120.0,0,0.2,36.27
SEC-KOTA-SWM,108.0,130.0,58.0,6.2,107.9,3.6,21,4,1.067,1.335,0,130.0,0,3.6,75.67
SEC-KOTA-SWM,108.0,130.0,58.0,6.2,127.0,8.4,12,3,1.168,1.061,0,130.0,0,8.4,64.16
SEC-BTE-MTJ,35.0,100.0,48.0,4.8,99.1,12.9,20,4,1.0,1.423,0,100.0,0,12.9,29.88
SEC-MTJ-AGC,54.0,120.0,45.0,4.2,99.9,7.2,5,0,1.0,1.089,0,120.0,0,7.2,47.28
SEC-SWM-GGC,64.0,120.0,48.0,5.1,106.4,3.2,5,4,1.0,1.107,0,120.0,0,3.2,45.04
SEC-GGC-BTE,120.0,110.0,98.0,9.4,101.7,0.2,21,3,1.0,1.099,0,110.0,0,0.2,72.78
SEC-SWM-GGC,64.0,120.0,48.0,5.1,30.0,0.9,9,5,1.0,1.236,1,30.0,0,0.9,186.96
SEC-SWM-GGC,64.0,120.0,48.0,5.1,101.5,6.0,23,5,1.0,1.278,0,120.0,0,6.0,44.52
SEC-SWM-GGC,64.0,120.0,48.0,5.1,101.2,5.3,7,4,1.0,1.155,0,120.0,0,5.3,46.43
SEC-NDLS-KOTA,465.0,130.0,275.0,14.5,119.5,3.8,0,3,1.0,1.08,0,130.0,0,3.8,232.02
SEC-MTJ-AGC,54.0,120.0,45.0,4.2,93.8,17.2,12,5,1.0,1.104,0,120.0,1,17.2,81.15
SEC-KOTA-SWM,108.0,130.0,58.0,6.2,128.5,3.3,15,2,1.296,1.041,0,130.0,0,3.3,66.6
SEC-MTJ-AGC,54.0,120.0,45.0,4.2,106.6,2.1,1,0,1.0,1.135,0,120.0,0,2.1,32.11
SEC-SWM-GGC,64.0,120.0,48.0,5.1,30.0,8.7,4,4,1.0,1.017,1,30.0,0,8.7,145.75
SEC-GGC-BTE,120.0,110.0,98.0,9.4,86.0,19.6,4,0,1.0,1.139,0,110.0,0,19.6,88.01
SEC-KOTA-SWM,108.0,130.0,58.0,6.2,119.9,8.6,15,6,1.223,1.084,0,130.0,0,8.6,68.81
SEC-SWM-GGC,64.0,120.0,48.0,5.1,118.7,21.9,19,6,1.138,1.31,0,120.0,0,21.9,47.15
SEC-GGC-BTE,120.0,110.0,98.0,9.4,95.3,7.0,4,4,1.14,1.04,0,110.0,0,7.0,122.17
SEC-KOTA-SWM,108.0,130.0,58.0,6.2,105.8,12.3,1,1,1.0,1.075,0,130.0,0,12.3,68.43
SEC-NDLS-KOTA,465.0,130.0,275.0,14.5,99.2,7.9,15,0,1.0,1.074,0,130.0,0,7.9,313.67
SEC-NDLS-KOTA,465.0,130.0,275.0,14.5,102.7,3.3,23,6,1.0,1.359,0,130.0,0,3.3,367.3
SEC-KOTA-SWM,108.0,130.0,58.0,6.2,106.9,2.7,23,4,1.129,1.083,0,130.0,0,2.7,86.19
SEC-NDLS-KOTA,465.0,130.0,275.0,14.5,108.1,9.2,16,6,1.0,1.095,0,130.0,1,9.2,262.19
SEC-MTJ-AGC,54.0,120.0,45.0,4.2,104.2,10.3,3,2,1.0,1.125,0,120.0,0,10.3,34.82
SEC-BTE-MTJ,35.0,100.0,48.0,4.8,45.0,11.8,3,6,1.0,1.294,1,45.0,0,11.8,66.33
SEC-GGC-BTE,120.0,110.0,98.0,9.4,30.0,13.1,20,2,1.0,1.18,1,30.0,0,13.1,312.34
SEC-SWM-GGC,64.0,120.0,48.0,5.1,119.2,7.4,23,5,1.226,1.173,0,120.0,0,7.4,42.38
SEC-MTJ-AGC,54.0,120.0,45.0,4.2,94.0,16.4,9,2,1.135,1.082,0,120.0,0,16.4,48.59
SEC-SWM-GGC,64.0,120.0,48.0,5.1,91.5,2.8,5,1,1.254,1.145,0,120.0,1,2.8,76.91
SEC-KOTA-SWM,108.0,130.0,58.0,6.2,114.7,1.8,12,6,1.0,1.145,0,130.0,0,1.8,61.82
SEC-SWM-GGC,64.0,120.0,48.0,5.1,98.2,12.5,15,6,1.0,1.226,0,120.0,0,12.5,34.73
SEC-KOTA-SWM,108.0,130.0,58.0,6.2,115.2,9.7,11,5,1.0,1.077,0,130.0,0,9.7,56.62
SEC-GGC-BTE,120.0,110.0,98.0,9.4,103.5,5.3,15,2,1.0,1.121,0,110.0,0,5.3,78.52
SEC-BTE-MTJ,35.0,100.0,48.0,4.8,60.0,4.0,5,3,1.0,1.095,1,60.0,0,4.0,36.23
SEC-KOTA-SWM,108.0,130.0,58.0,6.2,110.8,23.6,20,5,1.0,1.348,0,130.0,0,23.6,88.97
SEC-GGC-BTE,120.0,110.0,98.0,9.4,96.5,13.9,13,0,1.238,1.229,0,110.0,0,13.9,95.69
SEC-SWM-GGC,64.0,120.0,48.0,5.1,115.5,12.2,7,4,1.0,1.143,0,120.0,0,12.2,37.43
SEC-BTE-MTJ,35.0,100.0,48.0,4.8,60.0,4.4,3,4,1.0,1.061,1,60.0,0,4.4,41.45
SEC-SWM-GGC,64.0,120.0,48.0,5.1,92.3,3.9,8,4,1.0,1.19,0,120.0,0,3.9,41.05
SEC-KOTA-SWM,108.0,130.0,58.0,6.2,60.0,2.9,5,6,1.0,1.08,1,60.0,0,2.9,138.9
SEC-GGC-BTE,120.0,110.0,98.0,9.4,100.7,2.3,21,3,1.0,1.396,0,110.0,0,2.3,84.82
SEC-KOTA-SWM,108.0,130.0,58.0,6.2,114.9,20.3,6,1,1.0,1.107,0,130.0,0,20.3,62.27
SEC-NDLS-KOTA,465.0,130.0,275.0,14.5,45.0,20.7,0,3,1.0,1.106,1,45.0,0,20.7,653.1
SEC-MTJ-AGC,54.0,120.0,45.0,4.2,115.1,10.6,19,5,1.0,1.114,0,120.0,0,10.6,28.55
SEC-MTJ-AGC,54.0,120.0,45.0,4.2,100.9,4.6,22,5,1.0,1.059,0,120.0,0,4.6,49.98
SEC-NDLS-KOTA,465.0,130.0,275.0,14.5,104.5,29.0,0,5,1.221,1.062,0,130.0,0,29.0,318.92
SEC-GGC-BTE,120.0,110.0,98.0,9.4,97.3,5.7,20,6,1.143,1.251,0,110.0,0,5.7,117.67
SEC-GGC-BTE,120.0,110.0,98.0,9.4,89.2,0.0,13,0,1.0,1.009,0,110.0,0,0.0,66.94
SEC-GGC-BTE,120.0,110.0,98.0,9.4,106.6,14.8,15,0,1.051,1.131,0,110.0,0,14.8,69.84
SEC-GGC-BTE,120.0,110.0,98.0,9.4,94.6,13.2,1,2,1.0,1.096,0,110.0,0,13.2,80.88
SEC-GGC-BTE,120.0,110.0,98.0,9.4,108.8,0.7,23,4,1.0,1.021,0,110.0,0,0.7,75.15
SEC-GGC-BTE,120.0,110.0,98.0,9.4,87.6,4.6,16,4,1.0,1.082,0,110.0,0,4.6,90.07
SEC-KOTA-SWM,108.0,130.0,58.0,6.2,119.0,7.7,22,0,1.0,1.075,0,130.0,0,7.7,48.79
SEC-MTJ-AGC,54.0,120.0,45.0,4.2,116.6,7.1,13,3,1.0,1.092,0,120.0,0,7.1,25.65
SEC-GGC-BTE,120.0,110.0,98.0,9.4,105.9,4.5,0,1,1.0,1.24,0,110.0,0,4.5,80.66
SEC-KOTA-SWM,108.0,130.0,58.0,6.2,103.8,2.5,18,5,1.0,1.317,0,130.0,0,2.5,74.83
SEC-KOTA-SWM,108.0,130.0,58.0,6.2,125.7,21.0,9,5,1.0,1.452,0,130.0,0,21.0,78.58
SEC-GGC-BTE,120.0,110.0,98.0,9.4,87.5,10.4,5,4,1.0,1.062,0,110.0,1,10.4,115.54
SEC-KOTA-SWM,108.0,130.0,58.0,6.2,45.0,2.6,6,1,1.0,1.164,1,45.0,0,2.6,180.16
SEC-KOTA-SWM,108.0,130.0,58.0,6.2,45.0,12.0,6,4,1.0,1.109,1,45.0,0,12.0,174.85
SEC-BTE-MTJ,35.0,100.0,48.0,4.8,77.1,12.8,1,6,1.0,1.037,0,100.0,0,12.8,31.47
SEC-KOTA-SWM,108.0,130.0,58.0,6.2,108.8,5.3,15,2,1.201,1.064,0,130.0,0,5.3,75.87
SEC-BTE-MTJ,35.0,100.0,48.0,4.8,91.1,9.1,8,1,1.128,1.292,0,100.0,0,9.1,35.88
SEC-NDLS-KOTA,465.0,130.0,275.0,14.5,99.3,6.8,14,6,1.0,1.229,0,130.0,0,6.8,354.3
SEC-BTE-MTJ,35.0,100.0,48.0,4.8,60.0,2.9,19,6,1.062,1.18,1,60.0,1,2.9,79.06
SEC-MTJ-AGC,54.0,120.0,45.0,4.2,98.7,20.3,3,6,1.0,1.071,0,120.0,0,20.3,36.38
SEC-GGC-BTE,120.0,110.0,98.0,9.4,104.3,9.8,23,6,1.0,1.102,0,110.0,0,9.8,73.15
SEC-KOTA-SWM,108.0,130.0,58.0,6.2,45.0,1.1,14,3,1.084,1.104,1,45.0,0,1.1,190.28
SEC-NDLS-KOTA,465.0,130.0,275.0,14.5,107.4,24.1,8,2,1.0,1.204,0,130.0,0,24.1,335.12
SEC-BTE-MTJ,35.0,100.0,48.0,4.8,87.8,9.2,13,6,1.0,1.121,0,100.0,0,9.2,24.5
SEC-GGC-BTE,120.0,110.0,98.0,9.4,84.3,1.7,16,6,1.0,1.113,0,110.0,0,1.7,102.69
SEC-MTJ-AGC,54.0,120.0,45.0,4.2,108.3,10.7,16,0,1.0,1.033,0,120.0,0,10.7,28.93
SEC-NDLS-KOTA,465.0,130.0,275.0,14.5,100.0,19.6,12,6,1.0,1.081,0,130.0,0,19.6,306.19
SEC-MTJ-AGC,54.0,120.0,45.0,4.2,112.5,0.3,21,4,1.199,1.114,0,120.0,0,0.3,34.57
SEC-SWM-GGC,64.0,120.0,48.0,5.1,96.3,4.6,23,5,1.0,1.047,0,120.0,0,4.6,41.78
SEC-BTE-MTJ,35.0,100.0,48.0,4.8,83.5,3.9,4,5,1.0,1.121,0,100.0,0,3.9,32.52
SEC-BTE-MTJ,35.0,100.0,48.0,4.8,96.9,0.8,20,3,1.0,1.23,0,100.0,0,0.8,21.96
SEC-KOTA-SWM,108.0,130.0,58.0,6.2,113.3,7.4,9,0,1.0,1.258,0,130.0,0,7.4,72.02
SEC-KOTA-SWM,108.0,130.0,58.0,6.2,60.0,2.2,16,4,1.0,1.069,1,60.0,0,2.2,123.94
SEC-MTJ-AGC,54.0,120.0,45.0,4.2,110.8,8.4,5,0,1.0,1.136,0,120.0,0,8.4,35.16
SEC-SWM-GGC,64.0,120.0,48.0,5.1,30.0,20.4,23,3,1.156,1.142,1,30.0,0,20.4,190.58
SEC-NDLS-KOTA,465.0,130.0,275.0,14.5,45.0,12.0,1,6,1.0,1.122,1,45.0,0,12.0,713.71
SEC-SWM-GGC,64.0,120.0,48.0,5.1,116.3,10.3,7,6,1.0,1.107,0,120.0,0,10.3,32.7
SEC-MTJ-AGC,54.0,120.0,45.0,4.2,117.7,20.8,17,6,1.0,1.346,0,120.0,0,20.8,36.62
SEC-MTJ-AGC,54.0,120.0,45.0,4.2,104.5,23.7,4,5,1.0,1.1,0,120.0,0,23.7,33.85
SEC-SWM-GGC,64.0,120.0,48.0,5.1,108.3,29.0,14,0,1.0,1.064,0,120.0,0,29.0,43.3
SEC-KOTA-SWM,108.0,130.0,58.0,6.2,110.1,0.4,15,1,1.0,1.165,0,130.0,0,0.4,73.37
SEC-BTE-MTJ,35.0,100.0,48.0,4.8,83.7,44.4,12,6,1.0,1.065,0,100.0,0,44.4,23.41
SEC-GGC-BTE,120.0,110.0,98.0,9.4,30.0,16.8,23,3,1.136,1.073,1,30.0,0,16.8,315.36
SEC-BTE-MTJ,35.0,100.0,48.0,4.8,88.3,3.6,16,0,1.0,1.009,0,100.0,1,3.6,31.84
SEC-BTE-MTJ,35.0,100.0,48.0,4.8,97.6,5.0,11,0,1.0,1.133,0,100.0,0,5.0,19.95
SEC-NDLS-KOTA,465.0,130.0,275.0,14.5,120.3,3.8,16,1,1.0,1.212,0,130.0,0,3.8,268.66
SEC-NDLS-KOTA,465.0,130.0,275.0,14.5,100.9,13.2,4,1,1.086,1.113,0,130.0,0,13.2,322.68
SEC-SWM-GGC,64.0,120.0,48.0,5.1,107.1,5.7,6,1,1.053,1.129,0,120.0,0,5.7,52.65
SEC-NDLS-KOTA,465.0,130.0,275.0,14.5,98.1,10.1,13,3,1.0,1.13,0,130.0,0,10.1,326.08
SEC-GGC-BTE,120.0,110.0,98.0,9.4,91.4,3.4,23,6,1.0,1.086,0,110.0,0,3.4,84.01
SEC-GGC-BTE,120.0,110.0,98.0,9.4,108.4,14.6,21,3,1.0,1.35,0,110.0,1,14.6,105.27
SEC-BTE-MTJ,35.0,100.0,48.0,4.8,96.4,19.8,13,3,1.0,1.063,0,100.0,0,19.8,33.26
SEC-MTJ-AGC,54.0,120.0,45.0,4.2,30.0,28.7,8,5,1.0,1.155,1,30.0,0,28.7,140.94
SEC-BTE-MTJ,35.0,100.0,48.0,4.8,60.0,4.0,20,0,1.0,1.282,1,60.0,0,4.0,42.02
SEC-BTE-MTJ,35.0,100.0,48.0,4.8,99.4,9.2,16,1,1.144,1.084,0,100.0,1,9.2,41.46
SEC-BTE-MTJ,35.0,100.0,48.0,4.8,82.1,11.0,5,0,1.0,1.073,0,100.0,0,11.0,36.92
SEC-BTE-MTJ,35.0,100.0,48.0,4.8,83.2,18.0,14,0,1.077,1.083,0,100.0,0,18.0,40.56
SEC-NDLS-KOTA,465.0,130.0,275.0,14.5,60.0,2.6,10,3,1.0,1.267,1,60.0,0,2.6,566.55
SEC-NDLS-KOTA,465.0,130.0,275.0,14.5,45.0,2.9,3,4,1.0,1.104,1,45.0,0,2.9,684.76
SEC-GGC-BTE,120.0,110.0,98.0,9.4,94.1,5.3,21,1,1.0,1.293,0,110.0,0,5.3,97.65
SEC-SWM-GGC,64.0,120.0,48.0,5.1,108.8,1.2,12,0,1.0,1.126,0,120.0,0,1.2,36.11
SEC-NDLS-KOTA,465.0,130.0,275.0,14.5,125.9,2.6,1,1,1.0,1.148,0,130.0,0,2.6,241.22
SEC-BTE-MTJ,35.0,100.0,48.0,4.8,96.3,4.5,12,0,1.0,1.148,0,100.0,0,4.5,42.08
SEC-NDLS-KOTA,465.0,130.0,275.0,14.5,126.6,4.7,13,5,1.0,1.06,0,130.0,0,4.7,214.69
SEC-MTJ-AGC,54.0,120.0,45.0,4.2,96.1,11.2,3,1,1.139,1.212,0,120.0,0,11.2,44.92
SEC-GGC-BTE,120.0,110.0,98.0,9.4,99.1,3.3,2,6,1.0,1.041,0,110.0,0,3.3,82.17
SEC-KOTA-SWM,108.0,130.0,58.0,6.2,128.3,2.2,7,4,1.282,1.065,0,130.0,0,2.2,63.42
SEC-GGC-BTE,120.0,110.0,98.0,9.4,30.0,0.4,19,2,1.0,1.071,1,30.0,0,0.4,260.8
SEC-BTE-MTJ,35.0,100.0,48.0,4.8,77.9,8.0,8,6,1.0,1.117,0,100.0,0,8.0,28.47
SEC-BTE-MTJ,35.0,100.0,48.0,4.8,90.1,29.4,9,0,1.0,1.283,0,100.0,1,29.4,56.29
SEC-KOTA-SWM,108.0,130.0,58.0,6.2,125.4,2.0,23,4,1.197,1.139,0,130.0,0,2.0,68.54
SEC-SWM-GGC,64.0,120.0,48.0,5.1,118.4,30.3,21,2,1.0,1.076,0,120.0,0,30.3,37.72
SEC-SWM-GGC,64.0,120.0,48.0,5.1,112.5,25.5,10,1,1.0,1.153,0,120.0,1,25.5,53.3
SEC-NDLS-KOTA,465.0,130.0,275.0,14.5,30.0,13.1,19,3,1.0,1.348,1,30.0,0,13.1,1228.16
SEC-MTJ-AGC,54.0,120.0,45.0,4.2,60.0,6.3,15,6,1.0,1.061,1,60.0,0,6.3,66.33
SEC-MTJ-AGC,54.0,120.0,45.0,4.2,91.3,6.6,14,5,1.0,1.017,0,120.0,0,6.6,39.62
SEC-GGC-BTE,120.0,110.0,98.0,9.4,91.4,11.6,5,6,1.075,1.062,0,110.0,1,11.6,120.84
SEC-KOTA-SWM,108.0,130.0,58.0,6.2,45.0,8.9,14,0,1.0,1.106,1,45.0,0,8.9,181.18
SEC-KOTA-SWM,108.0,130.0,58.0,6.2,111.0,1.0,2,6,1.0,1.244,0,130.0,0,1.0,64.49
SEC-GGC-BTE,120.0,110.0,98.0,9.4,108.4,3.0,11,0,1.0,1.22,0,110.0,0,3.0,95.72
SEC-KOTA-SWM,108.0,130.0,58.0,6.2,112.6,38.8,20,3,1.0,1.451,0,130.0,0,38.8,91.89
SEC-MTJ-AGC,54.0,120.0,45.0,4.2,104.5,5.9,18,5,1.0,1.309,0,120.0,1,5.9,59.88
SEC-NDLS-KOTA,465.0,130.0,275.0,14.5,129.5,5.1,4,2,1.154,1.15,0,130.0,0,5.1,282.08
SEC-SWM-GGC,64.0,120.0,48.0,5.1,110.2,4.1,6,6,1.0,1.051,0,120.0,0,4.1,33.41
SEC-SWM-GGC,64.0,120.0,48.0,5.1,45.0,3.8,21,4,1.123,1.384,1,45.0,0,3.8,137.93
SEC-NDLS-KOTA,465.0,130.0,275.0,14.5,122.2,5.1,10,3,1.084,1.459,0,130.0,0,5.1,343.07
SEC-GGC-BTE,120.0,110.0,98.0,9.4,93.5,0.5,11,4,1.105,1.164,0,110.0,0,0.5,93.92
SEC-GGC-BTE,120.0,110.0,98.0,9.4,86.9,21.5,17,3,1.0,1.184,0,110.0,0,21.5,72.32
SEC-MTJ-AGC,54.0,120.0,45.0,4.2,30.0,13.5,7,5,1.0,1.023,1,30.0,0,13.5,127.17
SEC-NDLS-KOTA,465.0,130.0,275.0,14.5,99.8,2.4,20,5,1.0,1.192,0,130.0,0,2.4,339.0
SEC-MTJ-AGC,54.0,120.0,45.0,4.2,30.0,35.5,10,6,1.0,1.274,1,30.0,0,35.5,157.41
SEC-BTE-MTJ,35.0,100.0,48.0,4.8,95.3,1.3,7,0,1.133,1.033,0,100.0,0,1.3,20.37
SEC-BTE-MTJ,35.0,100.0,48.0,4.8,93.1,2.0,3,0,1.293,1.031,0,100.0,0,2.0,31.24
SEC-MTJ-AGC,54.0,120.0,45.0,4.2,115.5,1.3,2,6,1.0,1.11,0,120.0,0,1.3,28.09
SEC-MTJ-AGC,54.0,120.0,45.0,4.2,30.0,0.0,13,0,1.0,1.041,1,30.0,0,0.0,128.86
SEC-NDLS-KOTA,465.0,130.0,275.0,14.5,102.4,15.2,19,6,1.0,1.286,0,130.0,0,15.2,334.57
SEC-GGC-BTE,120.0,110.0,98.0,9.4,102.2,22.5,13,4,1.0,1.105,0,110.0,0,22.5,79.9
SEC-SWM-GGC,64.0,120.0,48.0,5.1,60.0,3.5,18,1,1.0,1.373,1,60.0,1,3.5,114.55
SEC-KOTA-SWM,108.0,130.0,58.0,6.2,128.4,18.1,18,1,1.0,1.321,0,130.0,0,18.1,54.88
SEC-KOTA-SWM,108.0,130.0,58.0,6.2,60.0,4.9,4,6,1.0,1.205,1,60.0,0,4.9,135.8
SEC-SWM-GGC,64.0,120.0,48.0,5.1,98.2,8.0,9,4,1.064,1.205,0,120.0,0,8.0,47.91
SEC-SWM-GGC,64.0,120.0,48.0,5.1,99.6,21.6,9,2,1.257,1.327,0,120.0,0,21.6,70.2
SEC-BTE-MTJ,35.0,100.0,48.0,4.8,93.2,5.7,1,3,1.0,1.164,0,100.0,0,5.7,25.85
SEC-NDLS-KOTA,465.0,130.0,275.0,14.5,126.4,1.9,10,1,1.0,1.126,0,130.0,0,1.9,216.44
SEC-SWM-GGC,64.0,120.0,48.0,5.1,113.9,9.9,18,4,1.3,1.392,0,120.0,0,9.9,60.0
SEC-GGC-BTE,120.0,110.0,98.0,9.4,30.0,23.6,1,3,1.0,1.022,1,30.0,0,23.6,261.27
SEC-GGC-BTE,120.0,110.0,98.0,9.4,108.6,3.2,23,6,1.225,1.031,0,110.0,0,3.2,81.04
SEC-KOTA-SWM,108.0,130.0,58.0,6.2,127.7,14.8,0,2,1.0,1.13,0,130.0,0,14.8,62.07
SEC-GGC-BTE,120.0,110.0,98.0,9.4,108.6,10.1,6,5,1.0,1.13,0,110.0,1,10.1,94.9
SEC-KOTA-SWM,108.0,130.0,58.0,6.2,120.1,0.8,9,1,1.0,1.099,0,130.0,0,0.8,50.43
SEC-KOTA-SWM,108.0,130.0,58.0,6.2,121.7,2.1,5,1,1.0,1.249,0,130.0,0,2.1,60.58
SEC-MTJ-AGC,54.0,120.0,45.0,4.2,103.1,3.9,4,3,1.0,1.02,0,120.0,0,3.9,37.4
SEC-GGC-BTE,120.0,110.0,98.0,9.4,105.6,16.6,7,2,1.101,1.059,0,110.0,0,16.6,85.67
SEC-GGC-BTE,120.0,110.0,98.0,9.4,99.9,5.7,22,0,1.0,1.135,0,110.0,0,5.7,70.85
SEC-BTE-MTJ,35.0,100.0,48.0,4.8,82.4,11.3,12,5,1.0,1.066,0,100.0,0,11.3,25.29
SEC-NDLS-KOTA,465.0,130.0,275.0,14.5,111.5,8.6,19,4,1.0,1.236,0,130.0,0,8.6,305.84
SEC-NDLS-KOTA,465.0,130.0,275.0,14.5,60.0,6.5,20,6,1.0,1.22,1,60.0,0,6.5,561.31
SEC-KOTA-SWM,108.0,130.0,58.0,6.2,104.7,8.4,23,0,1.102,1.083,0,130.0,0,8.4,76.18
SEC-GGC-BTE,120.0,110.0,98.0,9.4,91.8,3.4,20,6,1.0,1.148,0,110.0,0,3.4,84.58
SEC-SWM-GGC,64.0,120.0,48.0,5.1,107.7,1.1,16,5,1.0,1.061,0,120.0,0,1.1,37.11
SEC-MTJ-AGC,54.0,120.0,45.0,4.2,119.5,11.1,18,5,1.0,1.262,0,120.0,0,11.1,30.86
SEC-GGC-BTE,120.0,110.0,98.0,9.4,98.0,14.2,6,2,1.0,1.124,0,110.0,0,14.2,77.77
SEC-SWM-GGC,64.0,120.0,48.0,5.1,45.0,0.1,17,0,1.0,1.123,1,45.0,0,0.1,111.26
SEC-NDLS-KOTA,465.0,130.0,275.0,14.5,124.3,9.8,14,4,1.0,1.083,0,130.0,0,9.8,245.81
SEC-GGC-BTE,120.0,110.0,98.0,9.4,30.0,0.0,10,2,1.0,1.282,1,30.0,0,0.0,310.35
SEC-NDLS-KOTA,465.0,130.0,275.0,14.5,108.5,6.9,9,6,1.0,1.087,0,130.0,1,6.9,269.71
SEC-KOTA-SWM,108.0,130.0,58.0,6.2,30.0,36.8,3,0,1.0,1.104,1,30.0,0,36.8,258.37
SEC-MTJ-AGC,54.0,120.0,45.0,4.2,117.8,0.1,21,6,1.0,1.198,0,120.0,0,0.1,35.74
SEC-MTJ-AGC,54.0,120.0,45.0,4.2,45.0,1.0,23,4,1.185,1.096,1,45.0,0,1.0,102.69
SEC-GGC-BTE,120.0,110.0,98.0,9.4,98.1,11.7,12,6,1.0,1.071,0,110.0,0,11.7,71.08
SEC-KOTA-SWM,108.0,130.0,58.0,6.2,101.7,1.0,12,1,1.0,1.093,0,130.0,0,1.0,68.63
SEC-BTE-MTJ,35.0,100.0,48.0,4.8,78.3,50.2,14,5,1.105,1.083,0,100.0,1,50.2,55.01
SEC-MTJ-AGC,54.0,120.0,45.0,4.2,119.0,24.5,13,1,1.0,1.067,0,120.0,1,24.5,56.24
SEC-SWM-GGC,64.0,120.0,48.0,5.1,112.6,3.0,23,0,1.0,1.042,0,120.0,0,3.0,33.97
SEC-GGC-BTE,120.0,110.0,98.0,9.4,107.7,5.9,21,6,1.0,1.282,0,110.0,0,5.9,81.83
SEC-NDLS-KOTA,465.0,130.0,275.0,14.5,45.0,5.0,18,6,1.0,1.229,1,45.0,0,5.0,748.3
SEC-BTE-MTJ,35.0,100.0,48.0,4.8,77.0,10.6,18,6,1.0,1.177,0,100.0,0,10.6,31.66
SEC-GGC-BTE,120.0,110.0,98.0,9.4,108.9,38.8,6,3,1.0,1.139,0,110.0,0,38.8,74.15
SEC-NDLS-KOTA,465.0,130.0,275.0,14.5,116.2,5.1,21,4,1.0,1.16,0,130.0,0,5.1,283.34
SEC-KOTA-SWM,108.0,130.0,58.0,6.2,113.8,3.7,2,3,1.0,1.101,0,130.0,0,3.7,73.91
SEC-NDLS-KOTA,465.0,130.0,275.0,14.5,104.2,8.1,11,4,1.0,1.489,0,130.0,0,8.1,371.74
SEC-NDLS-KOTA,465.0,130.0,275.0,14.5,129.5,5.0,4,4,1.0,1.107,0,130.0,0,5.0,227.92
SEC-KOTA-SWM,108.0,130.0,58.0,6.2,114.1,13.8,4,6,1.0,1.08,0,130.0,0,13.8,51.23
SEC-BTE-MTJ,35.0,100.0,48.0,4.8,91.2,8.6,18,2,1.0,1.315,0,100.0,0,8.6,29.0
SEC-NDLS-KOTA,465.0,130.0,275.0,14.5,128.6,1.6,4,3,1.0,1.148,0,130.0,0,1.6,214.94
SEC-BTE-MTJ,35.0,100.0,48.0,4.8,30.0,8.7,15,3,1.0,1.09,1,30.0,0,8.7,87.12
SEC-GGC-BTE,120.0,110.0,98.0,9.4,86.3,2.8,11,5,1.077,1.112,0,110.0,0,2.8,110.49
SEC-KOTA-SWM,108.0,130.0,58.0,6.2,110.7,10.8,13,1,1.0,1.144,0,130.0,0,10.8,62.94
SEC-MTJ-AGC,54.0,120.0,45.0,4.2,93.3,2.1,5,5,1.0,1.18,0,120.0,0,2.1,42.14
SEC-KOTA-SWM,108.0,130.0,58.0,6.2,112.3,4.3,8,5,1.0,1.232,0,130.0,1,4.3,87.12
SEC-KOTA-SWM,108.0,130.0,58.0,6.2,117.4,6.2,15,3,1.251,1.101,0,130.0,0,6.2,76.69
SEC-NDLS-KOTA,465.0,130.0,275.0,14.5,117.0,19.1,16,6,1.06,1.049,0,130.0,0,19.1,267.36
SEC-NDLS-KOTA,465.0,130.0,275.0,14.5,102.0,6.7,2,5,1.0,1.037,0,130.0,0,6.7,275.28
SEC-KOTA-SWM,108.0,130.0,58.0,6.2,30.0,9.9,12,0,1.0,1.235,1,30.0,0,9.9,271.05
SEC-GGC-BTE,120.0,110.0,98.0,9.4,92.5,4.5,14,0,1.0,1.031,0,110.0,0,4.5,85.13
SEC-GGC-BTE,120.0,110.0,98.0,9.4,97.6,22.1,8,6,1.0,1.341,0,110.0,0,22.1,102.64
SEC-MTJ-AGC,54.0,120.0,45.0,4.2,118.2,2.7,12,1,1.0,1.292,0,120.0,0,2.7,37.73
SEC-SWM-GGC,64.0,120.0,48.0,5.1,113.8,3.8,5,1,1.0,1.019,0,120.0,0,3.8,30.69
SEC-NDLS-KOTA,465.0,130.0,275.0,14.5,114.0,9.6,20,6,1.0,1.373,0,130.0,0,9.6,348.34
SEC-MTJ-AGC,54.0,120.0,45.0,4.2,45.0,2.2,9,3,1.0,1.282,1,45.0,0,2.2,102.46
SEC-SWM-GGC,64.0,120.0,48.0,5.1,119.3,9.5,7,1,1.0,1.065,0,120.0,0,9.5,32.09
SEC-KOTA-SWM,108.0,130.0,58.0,6.2,100.8,48.3,21,5,1.0,1.298,0,130.0,1,48.3,90.74
SEC-MTJ-AGC,54.0,120.0,45.0,4.2,45.0,7.7,5,0,1.0,1.09,1,45.0,0,7.7,83.09
SEC-BTE-MTJ,35.0,100.0,48.0,4.8,84.3,15.0,6,4,1.0,1.117,0,100.0,0,15.0,27.78
SEC-SWM-GGC,64.0,120.0,48.0,5.1,112.2,5.0,5,0,1.0,1.021,0,120.0,0,5.0,40.52
SEC-NDLS-KOTA,465.0,130.0,275.0,14.5,122.4,3.5,21,6,1.0,1.312,0,130.0,1,3.5,296.94
SEC-GGC-BTE,120.0,110.0,98.0,9.4,95.4,44.6,9,6,1.0,1.338,0,110.0,0,44.6,94.69
SEC-BTE-MTJ,35.0,100.0,48.0,4.8,83.6,8.9,5,2,1.292,1.1,0,100.0,0,8.9,37.75
SEC-MTJ-AGC,54.0,120.0,45.0,4.2,108.4,12.7,22,1,1.0,1.086,0,120.0,0,12.7,29.56
SEC-MTJ-AGC,54.0,120.0,45.0,4.2,90.2,2.1,15,0,1.0,1.215,0,120.0,0,2.1,44.95
SEC-MTJ-AGC,54.0,120.0,45.0,4.2,93.4,15.3,23,1,1.0,1.107,0,120.0,1,15.3,64.29
SEC-NDLS-KOTA,465.0,130.0,275.0,14.5,123.3,6.9,9,1,1.0,1.191,0,130.0,0,6.9,254.32
SEC-SWM-GGC,64.0,120.0,48.0,5.1,113.7,1.7,15,2,1.0,1.174,0,120.0,0,1.7,51.6
SEC-MTJ-AGC,54.0,120.0,45.0,4.2,113.2,16.7,19,3,1.0,1.256,0,120.0,0,16.7,25.65
SEC-BTE-MTJ,35.0,100.0,48.0,4.8,95.8,1.7,13,5,1.111,1.024,0,100.0,0,1.7,19.95
SEC-SWM-GGC,64.0,120.0,48.0,5.1,117.4,3.4,7,1,1.0,1.05,0,120.0,0,3.4,31.61
SEC-MTJ-AGC,54.0,120.0,45.0,4.2,103.7,6.7,22,5,1.0,1.165,0,120.0,0,6.7,27.74
SEC-MTJ-AGC,54.0,120.0,45.0,4.2,30.0,17.6,0,0,1.116,1.148,1,30.0,1,17.6,165.74
SEC-KOTA-SWM,108.0,130.0,58.0,6.2,106.2,5.3,2,1,1.0,1.087,0,130.0,0,5.3,61.65
SEC-NDLS-KOTA,465.0,130.0,275.0,14.5,30.0,38.1,13,5,1.0,1.072,1,30.0,0,38.1,1016.7
SEC-SWM-GGC,64.0,120.0,48.0,5.1,91.5,42.7,18,3,1.247,1.103,0,120.0,0,42.7,51.65
SEC-SWM-GGC,64.0,120.0,48.0,5.1,97.3,2.0,12,3,1.0,1.147,0,120.0,0,2.0,48.28
SEC-KOTA-SWM,108.0,130.0,58.0,6.2,107.5,11.9,15,0,1.101,1.173,0,130.0,1,11.9,96.21
SEC-SWM-GGC,64.0,120.0,48.0,5.1,104.1,2.6,19,4,1.0,1.334,0,120.0,0,2.6,47.91
SEC-GGC-BTE,120.0,110.0,98.0,9.4,86.3,2.5,9,3,1.0,1.254,0,110.0,0,2.5,114.97
SEC-KOTA-SWM,108.0,130.0,58.0,6.2,108.9,11.4,4,1,1.0,1.203,0,130.0,0,11.4,74.69
SEC-GGC-BTE,120.0,110.0,98.0,9.4,93.3,2.4,13,3,1.261,1.039,0,110.0,0,2.4,106.67
SEC-BTE-MTJ,35.0,100.0,48.0,4.8,88.6,10.7,2,3,1.149,1.158,0,100.0,0,10.7,30.13
SEC-KOTA-SWM,108.0,130.0,58.0,6.2,128.6,10.9,6,6,1.0,1.168,0,130.0,0,10.9,67.82
SEC-BTE-MTJ,35.0,100.0,48.0,4.8,85.6,42.9,22,3,1.0,1.046,0,100.0,1,42.9,46.41
SEC-KOTA-SWM,108.0,130.0,58.0,6.2,103.6,9.6,7,3,1.0,1.195,0,130.0,0,9.6,73.78
SEC-MTJ-AGC,54.0,120.0,45.0,4.2,111.6,10.8,21,5,1.0,1.213,0,120.0,0,10.8,34.42
SEC-KOTA-SWM,108.0,130.0,58.0,6.2,113.3,19.7,19,4,1.252,1.279,0,130.0,1,19.7,101.93
SEC-GGC-BTE,120.0,110.0,98.0,9.4,106.7,10.1,12,5,1.0,1.044,0,110.0,0,10.1,94.31
SEC-GGC-BTE,120.0,110.0,98.0,9.4,84.1,12.9,5,6,1.0,1.145,0,110.0,0,12.9,101.39
SEC-GGC-BTE,120.0,110.0,98.0,9.4,92.0,9.0,18,2,1.0,1.277,0,110.0,0,9.0,96.24
SEC-NDLS-KOTA,465.0,130.0,275.0,14.5,104.3,3.1,20,4,1.072,1.194,0,130.0,0,3.1,336.97
SEC-MTJ-AGC,54.0,120.0,45.0,4.2,110.9,0.3,12,5,1.0,1.163,0,120.0,0,0.3,31.12
SEC-NDLS-KOTA,465.0,130.0,275.0,14.5,112.2,17.2,22,3,1.0,1.309,0,130.0,0,17.2,286.74
SEC-MTJ-AGC,54.0,120.0,45.0,4.2,92.5,10.5,4,1,1.0,1.157,0,120.0,0,10.5,38.3
SEC-KOTA-SWM,108.0,130.0,58.0,6.2,116.2,24.6,5,1,1.0,1.18,0,130.0,0,24.6,67.36
SEC-GGC-BTE,120.0,110.0,98.0,9.4,60.0,16.6,14,5,1.258,1.052,1,60.0,0,16.6,187.5
SEC-SWM-GGC,64.0,120.0,48.0,5.1,117.5,11.8,2,2,1.0,1.074,0,120.0,0,11.8,30.4
SEC-NDLS-KOTA,465.0,130.0,275.0,14.5,60.0,0.1,1,2,1.124,1.135,1,60.0,0,0.1,598.8
SEC-KOTA-SWM,108.0,130.0,58.0,6.2,122.1,18.1,16,6,1.0,1.034,0,130.0,0,18.1,65.99
SEC-GGC-BTE,120.0,110.0,98.0,9.4,103.2,4.1,10,4,1.0,1.212,0,110.0,0,4.1,75.5
SEC-KOTA-SWM,108.0,130.0,58.0,6.2,104.3,5.1,11,5,1.0,1.134,0,130.0,0,5.1,64.72
SEC-NDLS-KOTA,465.0,130.0,275.0,14.5,114.2,13.2,0,3,1.109,1.079,0,130.0,0,13.2,275.31
SEC-NDLS-KOTA,465.0,130.0,275.0,14.5,105.9,6.7,19,0,1.064,1.304,0,130.0,0,6.7,346.33
SEC-SWM-GGC,64.0,120.0,48.0,5.1,99.8,6.1,14,4,1.0,1.15,0,120.0,0,6.1,43.37
SEC-NDLS-KOTA,465.0,130.0,275.0,14.5,121.7,0.8,20,6,1.0,1.312,0,130.0,0,0.8,287.96
SEC-MTJ-AGC,54.0,120.0,45.0,4.2,114.9,16.7,10,5,1.0,1.243,0,120.0,0,16.7,36.94
SEC-GGC-BTE,120.0,110.0,98.0,9.4,98.7,2.7,15,5,1.097,1.085,0,110.0,0,2.7,90.12
SEC-KOTA-SWM,108.0,130.0,58.0,6.2,100.5,2.9,22,1,1.139,1.117,0,130.0,0,2.9,96.17
SEC-NDLS-KOTA,465.0,130.0,275.0,14.5,108.1,2.4,4,3,1.137,1.091,0,130.0,0,2.4,323.25
SEC-GGC-BTE,120.0,110.0,98.0,9.4,90.7,27.4,5,3,1.244,1.025,0,110.0,0,27.4,114.75
SEC-MTJ-AGC,54.0,120.0,45.0,4.2,104.4,14.4,22,0,1.0,1.234,0,120.0,1,14.4,54.95
SEC-SWM-GGC,64.0,120.0,48.0,5.1,119.5,0.4,12,6,1.0,1.099,0,120.0,0,0.4,30.4
SEC-MTJ-AGC,54.0,120.0,45.0,4.2,118.6,5.3,3,5,1.0,1.048,0,120.0,0,5.3,36.54
SEC-MTJ-AGC,54.0,120.0,45.0,4.2,114.5,0.5,10,6,1.0,1.287,0,120.0,0,0.5,39.64
SEC-SWM-GGC,64.0,120.0,48.0,5.1,91.7,3.5,12,5,1.0,1.073,0,120.0,0,3.5,49.3
SEC-GGC-BTE,120.0,110.0,98.0,9.4,87.9,27.1,7,1,1.0,1.005,0,110.0,0,27.1,93.63
SEC-KOTA-SWM,108.0,130.0,58.0,6.2,45.0,5.4,23,0,1.0,1.113,1,45.0,0,5.4,173.46
SEC-NDLS-KOTA,465.0,130.0,275.0,14.5,112.3,8.5,9,0,1.0,1.324,0,130.0,0,8.5,299.86
SEC-SWM-GGC,64.0,120.0,48.0,5.1,116.3,5.3,21,6,1.0,1.144,0,120.0,0,5.3,32.51
SEC-NDLS-KOTA,465.0,130.0,275.0,14.5,45.0,4.1,17,6,1.0,1.24,1,45.0,0,4.1,786.38
SEC-GGC-BTE,120.0,110.0,98.0,9.4,100.8,8.8,4,4,1.0,1.145,0,110.0,0,8.8,92.59
SEC-NDLS-KOTA,465.0,130.0,275.0,14.5,104.2,7.9,19,2,1.0,1.161,0,130.0,0,7.9,288.25
SEC-MTJ-AGC,54.0,120.0,45.0,4.2,99.3,4.1,18,3,1.0,1.39,0,120.0,0,4.1,43.12
SEC-NDLS-KOTA,465.0,130.0,275.0,14.5,126.3,20.7,10,1,1.099,1.412,0,130.0,0,20.7,328.52
SEC-NDLS-KOTA,465.0,130.0,275.0,14.5,129.9,34.3,5,6,1.0,1.184,0,130.0,0,34.3,244.68
SEC-NDLS-KOTA,465.0,130.0,275.0,14.5,111.4,2.4,17,3,1.0,1.252,0,130.0,0,2.4,290.42
SEC-GGC-BTE,120.0,110.0,98.0,9.4,94.9,16.1,2,4,1.0,1.1,0,110.0,0,16.1,62.18
SEC-NDLS-KOTA,465.0,130.0,275.0,14.5,106.8,1.9,4,2,1.056,1.121,0,130.0,0,1.9,319.22
SEC-MTJ-AGC,54.0,120.0,45.0,4.2,96.5,7.5,9,3,1.0,1.199,0,120.0,0,7.5,45.46
SEC-KOTA-SWM,108.0,130.0,58.0,6.2,108.6,22.4,6,1,1.147,1.101,0,130.0,0,22.4,74.03
SEC-NDLS-KOTA,465.0,130.0,275.0,14.5,45.0,2.7,21,6,1.244,1.331,1,45.0,0,2.7,978.14
SEC-NDLS-KOTA,465.0,130.0,275.0,14.5,30.0,13.0,3,2,1.175,1.16,1,30.0,0,13.0,1253.08
SEC-SWM-GGC,64.0,120.0,48.0,5.1,90.7,6.2,18,3,1.151,1.207,0,120.0,0,6.2,62.04
SEC-KOTA-SWM,108.0,130.0,58.0,6.2,109.4,20.2,12,3,1.0,1.077,0,130.0,0,20.2,62.5
SEC-MTJ-AGC,54.0,120.0,45.0,4.2,106.2,18.8,21,0,1.114,1.185,0,120.0,0,18.8,48.45
SEC-SWM-GGC,64.0,120.0,48.0,5.1,60.0,0.0,0,0,1.0,1.107,1,60.0,0,0.0,78.02
SEC-NDLS-KOTA,465.0,130.0,275.0,14.5,119.4,0.4,18,4,1.165,1.288,0,130.0,0,0.4,320.89
SEC-BTE-MTJ,35.0,100.0,48.0,4.8,85.7,18.3,5,3,1.0,1.026,0,100.0,0,18.3,24.25
SEC-NDLS-KOTA,465.0,130.0,275.0,14.5,116.6,0.4,22,6,1.108,1.134,0,130.0,0,0.4,292.76
SEC-BTE-MTJ,35.0,100.0,48.0,4.8,89.0,9.4,17,6,1.11,1.215,0,100.0,0,9.4,33.32
SEC-MTJ-AGC,54.0,120.0,45.0,4.2,114.5,9.8,20,0,1.145,1.36,0,120.0,0,9.8,57.15
SEC-BTE-MTJ,35.0,100.0,48.0,4.8,75.1,2.6,22,1,1.0,1.064,0,100.0,0,2.6,34.43
SEC-BTE-MTJ,35.0,100.0,48.0,4.8,97.7,1.1,6,5,1.0,1.039,0,100.0,0,1.1,22.68
SEC-NDLS-KOTA,465.0,130.0,275.0,14.5,118.1,12.5,16,2,1.0,1.083,0,130.0,0,12.5,263.56
SEC-NDLS-KOTA,465.0,130.0,275.0,14.5,114.5,8.7,7,2,1.0,1.161,0,130.0,0,8.7,278.69
SEC-BTE-MTJ,35.0,100.0,48.0,4.8,75.6,1.1,14,1,1.0,1.069,0,100.0,0,1.1,27.86
SEC-SWM-GGC,64.0,120.0,48.0,5.1,102.4,9.5,19,4,1.0,1.13,0,120.0,0,9.5,37.26
SEC-NDLS-KOTA,465.0,130.0,275.0,14.5,106.0,14.4,6,1,1.0,1.094,0,130.0,0,14.4,262.77
SEC-KOTA-SWM,108.0,130.0,58.0,6.2,107.9,1.0,18,2,1.0,1.361,0,130.0,0,1.0,75.28
SEC-SWM-GGC,64.0,120.0,48.0,5.1,96.6,18.4,12,5,1.215,1.159,0,120.0,1,18.4,78.35
SEC-MTJ-AGC,54.0,120.0,45.0,4.2,95.6,1.2,4,4,1.0,1.148,0,120.0,0,1.2,43.27
SEC-MTJ-AGC,54.0,120.0,45.0,4.2,115.5,8.2,6,5,1.0,1.049,0,120.0,0,8.2,29.57
SEC-GGC-BTE,120.0,110.0,98.0,9.4,107.7,7.0,4,2,1.233,1.049,0,110.0,1,7.0,116.61
SEC-NDLS-KOTA,465.0,130.0,275.0,14.5,127.6,2.1,8,0,1.0,1.255,0,130.0,0,2.1,261.65
SEC-NDLS-KOTA,465.0,130.0,275.0,14.5,30.0,40.1,11,2,1.093,1.442,1,30.0,0,40.1,1377.15
SEC-KOTA-SWM,108.0,130.0,58.0,6.2,60.0,5.7,12,0,1.055,1.211,1,60.0,0,5.7,156.78
SEC-GGC-BTE,120.0,110.0,98.0,9.4,102.5,6.6,3,4,1.0,1.023,0,110.0,0,6.6,62.18
SEC-NDLS-KOTA,465.0,130.0,275.0,14.5,98.7,4.3,1,1,1.0,1.058,0,130.0,0,4.3,303.44
SEC-MTJ-AGC,54.0,120.0,45.0,4.2,90.6,31.9,17,4,1.0,1.444,0,120.0,0,31.9,54.34
SEC-BTE-MTJ,35.0,100.0,48.0,4.8,60.0,11.7,22,1,1.0,1.151,1,60.0,0,11.7,46.25
SEC-MTJ-AGC,54.0,120.0,45.0,4.2,102.1,21.1,20,2,1.0,1.103,0,120.0,0,21.1,30.98
SEC-SWM-GGC,64.0,120.0,48.0,5.1,119.1,2.5,14,4,1.0,1.135,0,120.0,0,2.5,34.01
SEC-KOTA-SWM,108.0,130.0,58.0,6.2,118.1,9.6,9,5,1.134,1.333,0,130.0,0,9.6,83.93
SEC-NDLS-KOTA,465.0,130.0,275.0,14.5,113.8,10.1,20,0,1.0,1.202,0,130.0,1,10.1,294.71
SEC-NDLS-KOTA,465.0,130.0,275.0,14.5,116.1,4.1,23,2,1.0,1.15,0,130.0,0,4.1,298.37
SEC-GGC-BTE,120.0,110.0,98.0,9.4,45.0,2.0,21,4,1.294,1.306,1,45.0,0,2.0,286.9
SEC-BTE-MTJ,35.0,100.0,48.0,4.8,83.9,5.0,22,0,1.0,1.201,0,100.0,0,5.0,32.04
SEC-MTJ-AGC,54.0,120.0,45.0,4.2,105.1,5.6,13,5,1.0,1.009,0,120.0,0,5.6,30.87
SEC-BTE-MTJ,35.0,100.0,48.0,4.8,99.9,0.4,21,4,1.0,1.22,0,100.0,0,0.4,24.35
SEC-BTE-MTJ,35.0,100.0,48.0,4.8,90.5,3.8,7,1,1.0,1.096,0,100.0,0,3.8,25.81
SEC-GGC-BTE,120.0,110.0,98.0,9.4,99.5,0.2,15,3,1.0,1.055,0,110.0,0,0.2,95.14
SEC-BTE-MTJ,35.0,100.0,48.0,4.8,85.8,13.2,3,2,1.0,1.139,0,100.0,0,13.2,19.95
SEC-BTE-MTJ,35.0,100.0,48.0,4.8,80.8,4.0,12,1,1.16,1.03,0,100.0,0,4.0,29.03
SEC-NDLS-KOTA,465.0,130.0,275.0,14.5,30.0,4.5,14,4,1.116,1.06,1,30.0,0,4.5,1091.0
SEC-SWM-GGC,64.0,120.0,48.0,5.1,96.4,1.3,3,0,1.0,1.126,0,120.0,0,1.3,45.57
SEC-GGC-BTE,120.0,110.0,98.0,9.4,92.0,15.9,15,1,1.0,1.14,0,110.0,0,15.9,86.05
SEC-KOTA-SWM,108.0,130.0,58.0,6.2,122.8,4.1,21,2,1.0,1.434,0,130.0,0,4.1,72.06
SEC-KOTA-SWM,108.0,130.0,58.0,6.2,126.4,2.6,17,6,1.0,1.415,0,130.0,0,2.6,72.34
SEC-KOTA-SWM,108.0,130.0,58.0,6.2,103.1,22.4,11,5,1.0,1.184,0,130.0,0,22.4,78.29
SEC-NDLS-KOTA,465.0,130.0,275.0,14.5,102.6,5.8,4,3,1.0,1.089,0,130.0,1,5.8,281.74
SEC-GGC-BTE,120.0,110.0,98.0,9.4,94.3,11.6,21,2,1.0,1.412,0,110.0,0,11.6,107.06
SEC-KOTA-SWM,108.0,130.0,58.0,6.2,111.7,2.7,10,6,1.118,1.278,0,130.0,0,2.7,78.41
SEC-GGC-BTE,120.0,110.0,98.0,9.4,92.7,1.0,4,0,1.289,1.129,0,110.0,0,1.0,102.65
SEC-NDLS-KOTA,465.0,130.0,275.0,14.5,115.4,26.6,21,1,1.0,1.136,0,130.0,0,26.6,264.51
SEC-GGC-BTE,120.0,110.0,98.0,9.4,97.6,0.5,9,2,1.0,1.311,0,110.0,0,0.5,100.71
SEC-BTE-MTJ,35.0,100.0,48.0,4.8,45.0,19.5,5,1,1.0,1.108,1,45.0,0,19.5,67.05
SEC-KOTA-SWM,108.0,130.0,58.0,6.2,60.0,3.6,15,5,1.089,1.048,1,60.0,0,3.6,134.94
SEC-BTE-MTJ,35.0,100.0,48.0,4.8,45.0,22.0,20,5,1.0,1.153,1,45.0,1,22.0,75.54
SEC-GGC-BTE,120.0,110.0,98.0,9.4,104.8,7.7,0,4,1.0,1.148,0,110.0,0,7.7,81.86
SEC-MTJ-AGC,54.0,120.0,45.0,4.2,100.7,0.7,20,1,1.0,1.164,0,120.0,1,0.7,61.49
SEC-NDLS-KOTA,465.0,130.0,275.0,14.5,125.1,30.6,9,0,1.0,1.28,0,130.0,0,30.6,275.36
SEC-NDLS-KOTA,465.0,130.0,275.0,14.5,119.3,34.6,5,0,1.0,1.167,0,130.0,0,34.6,264.31
SEC-BTE-MTJ,35.0,100.0,48.0,4.8,75.2,1.9,3,3,1.0,1.037,0,100.0,0,1.9,23.21
SEC-NDLS-KOTA,465.0,130.0,275.0,14.5,115.5,5.3,21,0,1.0,1.33,0,130.0,0,5.3,300.02
SEC-SWM-GGC,64.0,120.0,48.0,5.1,96.9,11.5,23,6,1.0,1.071,0,120.0,0,11.5,45.62
SEC-BTE-MTJ,35.0,100.0,48.0,4.8,60.0,1.2,12,0,1.125,1.058,1,60.0,0,1.2,41.34
SEC-MTJ-AGC,54.0,120.0,45.0,4.2,119.9,22.3,6,1,1.0,1.02,0,120.0,1,22.3,35.11
SEC-MTJ-AGC,54.0,120.0,45.0,4.2,108.4,6.0,15,6,1.0,1.149,0,120.0,1,6.0,59.21
SEC-BTE-MTJ,35.0,100.0,48.0,4.8,88.0,10.3,22,2,1.122,1.079,0,100.0,0,10.3,30.01
SEC-SWM-GGC,64.0,120.0,48.0,5.1,45.0,2.9,11,3,1.0,1.458,1,45.0,1,2.9,145.32
SEC-BTE-MTJ,35.0,100.0,48.0,4.8,79.1,19.8,0,1,1.0,1.279,0,100.0,0,19.8,32.85
SEC-MTJ-AGC,54.0,120.0,45.0,4.2,118.2,3.8,6,5,1.095,1.14,0,120.0,0,3.8,38.03
SEC-NDLS-KOTA,465.0,130.0,275.0,14.5,123.3,3.4,5,3,1.148,1.122,0,130.0,0,3.4,292.08
SEC-SWM-GGC,64.0,120.0,48.0,5.1,98.8,29.3,6,1,1.0,1.079,0,120.0,0,29.3,42.82
SEC-BTE-MTJ,35.0,100.0,48.0,4.8,99.4,2.8,14,4,1.0,1.184,0,100.0,0,2.8,23.07
SEC-MTJ-AGC,54.0,120.0,45.0,4.2,106.7,2.4,8,4,1.0,1.388,0,120.0,0,2.4,39.49
SEC-MTJ-AGC,54.0,120.0,45.0,4.2,118.6,29.4,4,2,1.183,1.097,0,120.0,0,29.4,32.62
SEC-KOTA-SWM,108.0,130.0,58.0,6.2,103.5,12.9,17,0,1.0,1.182,0,130.0,0,12.9,70.31
SEC-NDLS-KOTA,465.0,130.0,275.0,14.5,60.0,49.4,22,4,1.0,1.102,1,60.0,0,49.4,523.64
SEC-NDLS-KOTA,465.0,130.0,275.0,14.5,116.2,2.1,11,1,1.0,1.39,0,130.0,0,2.1,302.15
SEC-MTJ-AGC,54.0,120.0,45.0,4.2,113.7,38.0,18,0,1.0,1.294,0,120.0,0,38.0,41.55
SEC-BTE-MTJ,35.0,100.0,48.0,4.8,97.0,16.2,17,1,1.127,1.162,0,100.0,0,16.2,20.63
SEC-GGC-BTE,120.0,110.0,98.0,9.4,92.3,0.1,4,3,1.0,1.105,0,110.0,0,0.1,92.3
SEC-NDLS-KOTA,465.0,130.0,275.0,14.5,105.7,11.8,15,1,1.0,1.057,0,130.0,0,11.8,281.52
SEC-MTJ-AGC,54.0,120.0,45.0,4.2,116.8,16.5,5,5,1.0,1.029,0,120.0,0,16.5,33.61
SEC-KOTA-SWM,108.0,130.0,58.0,6.2,123.7,1.3,2,1,1.0,1.141,0,130.0,0,1.3,54.62
SEC-NDLS-KOTA,465.0,130.0,275.0,14.5,105.5,1.9,23,4,1.0,1.036,0,130.0,1,1.9,272.06
SEC-GGC-BTE,120.0,110.0,98.0,9.4,86.3,5.1,0,0,1.097,1.031,0,110.0,0,5.1,98.62
SEC-KOTA-SWM,108.0,130.0,58.0,6.2,102.7,3.3,2,2,1.0,1.058,0,130.0,1,3.3,77.22
SEC-NDLS-KOTA,465.0,130.0,275.0,14.5,100.6,42.0,17,5,1.064,1.135,0,130.0,1,42.0,312.04
SEC-GGC-BTE,120.0,110.0,98.0,9.4,30.0,21.6,5,2,1.0,1.201,1,30.0,0,21.6,294.23
SEC-NDLS-KOTA,465.0,130.0,275.0,14.5,45.0,10.3,1,0,1.0,1.09,1,45.0,0,10.3,678.93
SEC-NDLS-KOTA,465.0,130.0,275.0,14.5,112.7,6.6,7,3,1.0,1.054,0,130.0,0,6.6,239.18
SEC-MTJ-AGC,54.0,120.0,45.0,4.2,112.9,11.5,12,5,1.07,1.1,0,120.0,0,11.5,43.03
SEC-NDLS-KOTA,465.0,130.0,275.0,14.5,123.9,2.9,7,0,1.294,1.062,0,130.0,1,2.9,343.16
SEC-SWM-GGC,64.0,120.0,48.0,5.1,60.0,19.4,2,0,1.0,1.091,1,60.0,0,19.4,86.84
SEC-MTJ-AGC,54.0,120.0,45.0,4.2,117.8,13.3,21,2,1.0,1.083,0,120.0,0,13.3,25.81
SEC-GGC-BTE,120.0,110.0,98.0,9.4,83.5,0.4,21,2,1.178,1.282,0,110.0,0,0.4,122.73
SEC-NDLS-KOTA,465.0,130.0,275.0,14.5,111.5,14.4,4,6,1.0,1.208,0,130.0,0,14.4,297.89
SEC-GGC-BTE,120.0,110.0,98.0,9.4,97.1,5.6,2,0,1.0,1.072,0,110.0,0,5.6,84.8
SEC-KOTA-SWM,108.0,130.0,58.0,6.2,98.6,27.1,5,6,1.0,1.088,0,130.0,0,27.1,66.5
SEC-MTJ-AGC,54.0,120.0,45.0,4.2,113.7,22.6,10,1,1.127,1.446,0,120.0,0,22.6,44.8
SEC-BTE-MTJ,35.0,100.0,48.0,4.8,82.1,0.1,15,4,1.0,1.047,0,100.0,1,0.1,35.26
SEC-BTE-MTJ,35.0,100.0,48.0,4.8,87.4,24.7,18,6,1.0,1.132,0,100.0,0,24.7,35.8
SEC-NDLS-KOTA,465.0,130.0,275.0,14.5,30.0,40.0,11,4,1.0,1.425,1,30.0,1,40.0,1300.85
SEC-KOTA-SWM,108.0,130.0,58.0,6.2,104.5,4.3,9,3,1.0,1.165,0,130.0,0,4.3,64.1
SEC-KOTA-SWM,108.0,130.0,58.0,6.2,105.5,21.9,6,6,1.0,1.155,0,130.0,0,21.9,64.74
SEC-MTJ-AGC,54.0,120.0,45.0,4.2,92.2,9.9,0,5,1.173,1.196,0,120.0,0,9.9,46.82
SEC-NDLS-KOTA,465.0,130.0,275.0,14.5,30.0,2.5,15,6,1.0,1.024,1,30.0,0,2.5,951.62
SEC-NDLS-KOTA,465.0,130.0,275.0,14.5,108.0,33.3,0,4,1.138,1.307,0,130.0,0,33.3,396.46
SEC-BTE-MTJ,35.0,100.0,48.0,4.8,89.8,10.0,22,2,1.0,1.022,0,100.0,0,10.0,22.02
SEC-NDLS-KOTA,465.0,130.0,275.0,14.5,112.3,2.1,9,0,1.0,1.15,0,130.0,1,2.1,279.6
SEC-BTE-MTJ,35.0,100.0,48.0,4.8,99.2,5.4,5,0,1.0,1.125,0,100.0,0,5.4,25.98
SEC-MTJ-AGC,54.0,120.0,45.0,4.2,99.1,3.4,8,4,1.0,1.31,0,120.0,0,3.4,50.08
SEC-NDLS-KOTA,465.0,130.0,275.0,14.5,30.0,3.3,16,3,1.231,1.016,1,30.0,0,3.3,1197.16
SEC-GGC-BTE,120.0,110.0,98.0,9.4,101.5,13.1,5,6,1.0,1.129,0,110.0,0,13.1,92.35
SEC-GGC-BTE,120.0,110.0,98.0,9.4,101.9,6.3,15,2,1.0,1.053,0,110.0,0,6.3,70.1
SEC-SWM-GGC,64.0,120.0,48.0,5.1,30.0,7.7,20,3,1.0,1.413,1,30.0,0,7.7,197.62
SEC-SWM-GGC,64.0,120.0,48.0,5.1,102.3,20.6,0,1,1.0,1.128,0,120.0,1,20.6,57.21
SEC-SWM-GGC,64.0,120.0,48.0,5.1,93.2,0.2,6,4,1.0,1.052,0,120.0,0,0.2,47.49
SEC-BTE-MTJ,35.0,100.0,48.0,4.8,94.4,4.3,18,0,1.0,1.442,0,100.0,1,4.3,38.21
SEC-SWM-GGC,64.0,120.0,48.0,5.1,100.4,20.8,0,2,1.082,1.14,0,120.0,0,20.8,49.48
SEC-SWM-GGC,64.0,120.0,48.0,5.1,114.4,6.7,4,5,1.0,1.209,0,120.0,0,6.7,40.33
SEC-BTE-MTJ,35.0,100.0,48.0,4.8,95.3,14.6,4,0,1.0,1.073,0,100.0,0,14.6,28.34
SEC-SWM-GGC,64.0,120.0,48.0,5.1,60.0,31.9,5,1,1.0,1.159,1,60.0,1,31.9,89.53
SEC-MTJ-AGC,54.0,120.0,45.0,4.2,60.0,5.8,20,1,1.149,1.261,1,60.0,0,5.8,97.03
SEC-MTJ-AGC,54.0,120.0,45.0,4.2,111.1,1.1,16,6,1.0,1.077,0,120.0,0,1.1,31.51
SEC-GGC-BTE,120.0,110.0,98.0,9.4,105.9,21.9,1,5,1.131,1.081,0,110.0,0,21.9,96.55
SEC-KOTA-SWM,108.0,130.0,58.0,6.2,30.0,29.9,18,5,1.195,1.363,1,30.0,0,29.9,348.08
SEC-NDLS-KOTA,465.0,130.0,275.0,14.5,45.0,2.3,15,0,1.0,1.057,1,45.0,0,2.3,662.39
SEC-SWM-GGC,64.0,120.0,48.0,5.1,95.6,2.3,11,0,1.0,1.159,0,120.0,0,2.3,52.89
SEC-SWM-GGC,64.0,120.0,48.0,5.1,110.7,6.0,14,5,1.25,1.138,0,120.0,0,6.0,46.09
SEC-SWM-GGC,64.0,120.0,48.0,5.1,111.1,7.0,9,3,1.0,1.256,0,120.0,0,7.0,41.78
SEC-BTE-MTJ,35.0,100.0,48.0,4.8,81.0,2.3,19,2,1.0,1.432,0,100.0,0,2.3,29.18
SEC-MTJ-AGC,54.0,120.0,45.0,4.2,30.0,0.5,1,4,1.169,1.027,1,30.0,0,0.5,146.83
SEC-KOTA-SWM,108.0,130.0,58.0,6.2,107.1,4.6,3,2,1.0,1.102,0,130.0,0,4.6,58.03
SEC-GGC-BTE,120.0,110.0,98.0,9.4,91.4,6.1,21,0,1.0,1.224,0,110.0,0,6.1,89.13
SEC-NDLS-KOTA,465.0,130.0,275.0,14.5,106.3,6.1,2,1,1.0,1.036,0,130.0,0,6.1,258.69
SEC-KOTA-SWM,108.0,130.0,58.0,6.2,128.4,18.5,12,2,1.0,1.109,0,130.0,0,18.5,71.83
SEC-NDLS-KOTA,465.0,130.0,275.0,14.5,45.0,32.7,8,3,1.0,1.313,1,45.0,0,32.7,820.99
SEC-BTE-MTJ,35.0,100.0,48.0,4.8,75.9,3.6,12,0,1.251,1.135,0,100.0,0,3.6,40.56
SEC-NDLS-KOTA,465.0,130.0,275.0,14.5,118.5,16.8,6,6,1.0,1.061,0,130.0,0,16.8,262.33
SEC-KOTA-SWM,108.0,130.0,58.0,6.2,98.4,7.5,2,2,1.0,1.103,0,130.0,0,7.5,71.05
SEC-BTE-MTJ,35.0,100.0,48.0,4.8,90.7,9.5,6,5,1.111,1.049,0,100.0,1,9.5,44.74
SEC-GGC-BTE,120.0,110.0,98.0,9.4,103.7,4.8,10,6,1.0,1.213,0,110.0,0,4.8,73.09
SEC-BTE-MTJ,35.0,100.0,48.0,4.8,83.5,10.6,22,6,1.0,1.064,0,100.0,0,10.6,19.95
SEC-GGC-BTE,120.0,110.0,98.0,9.4,108.8,7.9,0,4,1.139,1.113,0,110.0,1,7.9,101.92
SEC-BTE-MTJ,35.0,100.0,48.0,4.8,94.3,13.5,4,2,1.0,1.05,0,100.0,0,13.5,25.63
SEC-MTJ-AGC,54.0,120.0,45.0,4.2,115.9,0.9,10,0,1.0,1.108,0,120.0,0,0.9,27.47
SEC-NDLS-KOTA,465.0,130.0,275.0,14.5,110.9,0.1,21,3,1.0,1.227,0,130.0,0,0.1,293.64
SEC-KOTA-SWM,108.0,130.0,58.0,6.2,120.8,0.7,20,3,1.0,1.283,0,130.0,1,0.7,84.61
SEC-KOTA-SWM,108.0,130.0,58.0,6.2,45.0,23.3,13,5,1.0,1.018,1,45.0,0,23.3,178.02
SEC-MTJ-AGC,54.0,120.0,45.0,4.2,93.1,14.2,18,0,1.0,1.319,0,120.0,0,14.2,38.23
SEC-NDLS-KOTA,465.0,130.0,275.0,14.5,123.0,5.7,22,3,1.0,1.138,0,130.0,0,5.7,248.58
SEC-BTE-MTJ,35.0,100.0,48.0,4.8,99.6,7.4,13,4,1.218,1.077,0,100.0,0,7.4,25.64
SEC-SWM-GGC,64.0,120.0,48.0,5.1,99.8,20.2,5,4,1.0,1.054,0,120.0,0,20.2,41.64
SEC-GGC-BTE,120.0,110.0,98.0,9.4,99.0,7.4,20,2,1.0,1.268,0,110.0,0,7.4,110.41
SEC-NDLS-KOTA,465.0,130.0,275.0,14.5,113.7,5.2,3,0,1.0,1.129,0,130.0,0,5.2,303.48
SEC-BTE-MTJ,35.0,100.0,48.0,4.8,99.6,1.6,17,0,1.0,1.308,0,100.0,0,1.6,28.41
SEC-GGC-BTE,120.0,110.0,98.0,9.4,91.7,4.2,6,1,1.135,1.038,0,110.0,0,4.2,92.8
SEC-NDLS-KOTA,465.0,130.0,275.0,14.5,122.8,5.4,11,6,1.219,1.256,0,130.0,0,5.4,336.54
SEC-MTJ-AGC,54.0,120.0,45.0,4.2,115.1,6.6,12,0,1.233,1.118,0,120.0,0,6.6,34.51
SEC-MTJ-AGC,54.0,120.0,45.0,4.2,105.4,10.0,8,2,1.128,1.265,0,120.0,0,10.0,41.87
SEC-GGC-BTE,120.0,110.0,98.0,9.4,89.4,21.6,1,0,1.0,1.09,0,110.0,0,21.6,98.05
SEC-SWM-GGC,64.0,120.0,48.0,5.1,105.5,6.2,10,1,1.283,1.337,0,120.0,0,6.2,50.72
SEC-KOTA-SWM,108.0,130.0,58.0,6.2,60.0,2.1,19,5,1.0,1.157,1,60.0,0,2.1,129.19
SEC-GGC-BTE,120.0,110.0,98.0,9.4,103.6,7.6,23,1,1.0,1.107,0,110.0,0,7.6,84.69
SEC-MTJ-AGC,54.0,120.0,45.0,4.2,106.4,17.3,4,4,1.0,1.04,0,120.0,0,17.3,29.17
SEC-BTE-MTJ,35.0,100.0,48.0,4.8,45.0,11.5,5,2,1.0,1.216,1,45.0,1,11.5,77.86
SEC-KOTA-SWM,108.0,130.0,58.0,6.2,110.2,10.5,0,4,1.0,1.037,0,130.0,1,10.5,83.27
SEC-MTJ-AGC,54.0,120.0,45.0,4.2,102.2,14.5,23,1,1.178,1.109,0,120.0,0,14.5,43.44
SEC-MTJ-AGC,54.0,120.0,45.0,4.2,112.8,4.2,7,2,1.0,1.054,0,120.0,0,4.2,30.42
SEC-GGC-BTE,120.0,110.0,98.0,9.4,30.0,2.1,8,5,1.0,1.182,1,30.0,0,2.1,288.11
SEC-BTE-MTJ,35.0,100.0,48.0,4.8,89.3,7.8,3,0,1.0,1.172,0,100.0,0,7.8,28.74
SEC-KOTA-SWM,108.0,130.0,58.0,6.2,99.2,5.3,2,0,1.0,1.009,0,130.0,0,5.3,54.78
SEC-GGC-BTE,120.0,110.0,98.0,9.4,99.4,4.2,0,3,1.0,1.037,0,110.0,1,4.2,81.11
SEC-GGC-BTE,120.0,110.0,98.0,9.4,108.1,26.7,10,5,1.228,1.294,0,110.0,0,26.7,121.65
SEC-BTE-MTJ,35.0,100.0,48.0,4.8,45.0,5.6,20,4,1.131,1.164,1,45.0,0,5.6,53.72
SEC-BTE-MTJ,35.0,100.0,48.0,4.8,88.2,2.2,19,4,1.0,1.158,0,100.0,0,2.2,23.28
SEC-BTE-MTJ,35.0,100.0,48.0,4.8,97.1,8.5,0,4,1.0,1.208,0,100.0,0,8.5,24.46
SEC-NDLS-KOTA,465.0,130.0,275.0,14.5,99.6,2.2,6,0,1.0,1.065,0,130.0,0,2.2,311.41
SEC-SWM-GGC,64.0,120.0,48.0,5.1,60.0,6.5,8,3,1.0,1.244,1,60.0,0,6.5,87.85
SEC-MTJ-AGC,54.0,120.0,45.0,4.2,117.8,0.9,15,3,1.0,1.188,0,120.0,0,0.9,25.65
SEC-MTJ-AGC,54.0,120.0,45.0,4.2,60.0,5.2,22,2,1.178,1.032,1,60.0,0,5.2,70.79
SEC-MTJ-AGC,54.0,120.0,45.0,4.2,105.0,6.7,15,3,1.075,1.161,0,120.0,0,6.7,36.5
SEC-BTE-MTJ,35.0,100.0,48.0,4.8,83.4,7.4,3,4,1.0,1.039,0,100.0,0,7.4,19.95
SEC-NDLS-KOTA,465.0,130.0,275.0,14.5,114.4,6.0,14,1,1.13,1.133,0,130.0,0,6.0,303.64
SEC-BTE-MTJ,35.0,100.0,48.0,4.8,30.0,1.9,20,4,1.0,1.11,1,30.0,0,1.9,82.62
SEC-KOTA-SWM,108.0,130.0,58.0,6.2,129.6,4.5,11,1,1.0,1.415,0,130.0,0,4.5,59.05
SEC-NDLS-KOTA,465.0,130.0,275.0,14.5,125.5,6.3,0,2,1.0,1.096,0,130.0,0,6.3,270.26
SEC-SWM-GGC,64.0,120.0,48.0,5.1,110.7,1.3,7,4,1.0,1.145,0,120.0,0,1.3,38.51
SEC-BTE-MTJ,35.0,100.0,48.0,4.8,94.4,13.4,8,5,1.0,1.154,0,100.0,0,13.4,33.07
SEC-MTJ-AGC,54.0,120.0,45.0,4.2,103.1,22.0,13,5,1.092,1.054,0,120.0,0,22.0,42.3
SEC-GGC-BTE,120.0,110.0,98.0,9.4,30.0,1.5,1,2,1.0,1.033,1,30.0,0,1.5,274.36
SEC-KOTA-SWM,108.0,130.0,58.0,6.2,115.2,3.0,18,0,1.0,1.539,0,130.0,0,3.0,87.58
SEC-GGC-BTE,120.0,110.0,98.0,9.4,102.8,7.2,9,1,1.124,1.185,0,110.0,0,7.2,107.12
SEC-NDLS-KOTA,465.0,130.0,275.0,14.5,101.6,5.7,10,5,1.0,1.276,0,130.0,0,5.7,379.63
SEC-SWM-GGC,64.0,120.0,48.0,5.1,112.8,4.6,8,2,1.134,1.217,0,120.0,0,4.6,37.52
SEC-BTE-MTJ,35.0,100.0,48.0,4.8,86.0,0.5,1,3,1.0,1.098,0,100.0,0,0.5,19.95
SEC-NDLS-KOTA,465.0,130.0,275.0,14.5,120.8,8.9,11,4,1.0,1.136,0,130.0,0,8.9,238.62
SEC-SWM-GGC,64.0,120.0,48.0,5.1,30.0,15.0,22,5,1.0,1.106,1,30.0,0,15.0,148.22
SEC-BTE-MTJ,35.0,100.0,48.0,4.8,80.1,7.9,0,5,1.106,1.027,0,100.0,0,7.9,37.99
SEC-SWM-GGC,64.0,120.0,48.0,5.1,110.0,14.7,2,2,1.0,1.195,0,120.0,0,14.7,33.43
SEC-KOTA-SWM,108.0,130.0,58.0,6.2,30.0,0.5,4,4,1.0,1.196,1,30.0,0,0.5,264.52
SEC-GGC-BTE,120.0,110.0,98.0,9.4,89.6,2.5,20,3,1.0,1.184,0,110.0,0,2.5,100.28
SEC-GGC-BTE,120.0,110.0,98.0,9.4,90.0,11.7,8,2,1.121,1.35,0,110.0,1,11.7,122.94
SEC-MTJ-AGC,54.0,120.0,45.0,4.2,109.4,4.6,2,2,1.0,1.057,0,120.0,0,4.6,33.46
SEC-KOTA-SWM,108.0,130.0,58.0,6.2,114.9,5.4,22,0,1.0,1.045,0,130.0,0,5.4,69.26
SEC-GGC-BTE,120.0,110.0,98.0,9.4,106.4,6.8,12,1,1.0,1.036,0,110.0,0,6.8,69.06
SEC-BTE-MTJ,35.0,100.0,48.0,4.8,86.0,2.7,10,6,1.251,1.181,0,100.0,0,2.7,33.37
SEC-NDLS-KOTA,465.0,130.0,275.0,14.5,127.8,29.0,4,1,1.171,1.13,0,130.0,0,29.0,288.25
SEC-GGC-BTE,120.0,110.0,98.0,9.4,45.0,0.8,6,0,1.0,1.073,1,45.0,0,0.8,188.46
SEC-NDLS-KOTA,465.0,130.0,275.0,14.5,116.8,1.5,4,3,1.131,1.052,0,130.0,0,1.5,261.97
SEC-KOTA-SWM,108.0,130.0,58.0,6.2,107.4,6.8,8,0,1.0,1.093,0,130.0,0,6.8,78.95
SEC-BTE-MTJ,35.0,100.0,48.0,4.8,60.0,20.1,2,2,1.0,1.057,1,60.0,0,20.1,48.78
SEC-SWM-GGC,64.0,120.0,48.0,5.1,96.5,0.1,3,0,1.0,1.136,0,120.0,0,0.1,49.05
SEC-GGC-BTE,120.0,110.0,98.0,9.4,87.8,9.4,5,4,1.0,1.105,0,110.0,0,9.4,96.55
SEC-NDLS-KOTA,465.0,130.0,275.0,14.5,101.1,14.7,20,1,1.287,1.16,0,130.0,1,14.7,424.57
SEC-SWM-GGC,64.0,120.0,48.0,5.1,96.3,30.9,7,0,1.0,1.049,0,120.0,0,30.9,42.44
SEC-GGC-BTE,120.0,110.0,98.0,9.4,97.1,5.8,3,1,1.0,1.152,0,110.0,0,5.8,87.27
SEC-KOTA-SWM,108.0,130.0,58.0,6.2,121.9,1.1,11,5,1.0,1.161,0,130.0,0,1.1,63.98
SEC-BTE-MTJ,35.0,100.0,48.0,4.8,79.4,1.3,22,4,1.0,1.087,0,100.0,0,1.3,19.95
SEC-SWM-GGC,64.0,120.0,48.0,5.1,106.6,2.4,21,0,1.0,1.433,0,120.0,0,2.4,55.92
SEC-MTJ-AGC,54.0,120.0,45.0,4.2,45.0,2.3,15,3,1.0,1.034,1,45.0,0,2.3,80.97
SEC-NDLS-KOTA,465.0,130.0,275.0,14.5,100.4,1.4,19,2,1.265,1.523,0,130.0,0,1.4,491.83
SEC-NDLS-KOTA,465.0,130.0,275.0,14.5,100.7,19.7,1,6,1.0,1.14,0,130.0,0,19.7,305.34
SEC-KOTA-SWM,108.0,130.0,58.0,6.2,103.6,22.3,3,0,1.0,1.088,0,130.0,0,22.3,62.49
SEC-SWM-GGC,64.0,120.0,48.0,5.1,103.2,8.6,21,3,1.0,1.279,0,120.0,0,8.6,37.03
SEC-SWM-GGC,64.0,120.0,48.0,5.1,98.1,16.1,16,6,1.0,1.083,0,120.0,0,16.1,40.71
SEC-BTE-MTJ,35.0,100.0,48.0,4.8,79.5,15.3,23,5,1.0,1.155,0,100.0,0,15.3,38.89
SEC-GGC-BTE,120.0,110.0,98.0,9.4,87.5,3.5,0,1,1.0,1.073,0,110.0,0,3.5,75.46
SEC-NDLS-KOTA,465.0,130.0,275.0,14.5,118.6,5.2,6,3,1.0,1.196,0,130.0,0,5.2,277.15
SEC-GGC-BTE,120.0,110.0,98.0,9.4,107.0,11.9,16,1,1.0,1.066,0,110.0,0,11.9,79.93
SEC-GGC-BTE,120.0,110.0,98.0,9.4,88.5,23.1,8,2,1.0,1.262,0,110.0,0,23.1,104.4
SEC-GGC-BTE,120.0,110.0,98.0,9.4,108.1,9.3,18,6,1.058,1.119,0,110.0,0,9.3,79.91
SEC-MTJ-AGC,54.0,120.0,45.0,4.2,116.8,0.5,4,3,1.0,1.077,0,120.0,0,0.5,27.48
SEC-KOTA-SWM,108.0,130.0,58.0,6.2,116.6,27.7,9,3,1.0,1.132,0,130.0,1,27.7,88.05
SEC-BTE-MTJ,35.0,100.0,48.0,4.8,45.0,3.2,3,0,1.0,1.052,1,45.0,0,3.2,61.95
SEC-SWM-GGC,64.0,120.0,48.0,5.1,117.5,10.3,4,2,1.099,1.023,0,120.0,0,10.3,42.44
SEC-BTE-MTJ,35.0,100.0,48.0,4.8,60.0,21.8,4,0,1.0,1.125,1,60.0,0,21.8,43.76
SEC-KOTA-SWM,108.0,130.0,58.0,6.2,118.8,0.4,1,3,1.223,1.04,0,130.0,0,0.4,73.74
SEC-GGC-BTE,120.0,110.0,98.0,9.4,108.4,18.5,3,2,1.152,1.057,0,110.0,0,18.5,69.78
SEC-BTE-MTJ,35.0,100.0,48.0,4.8,95.2,3.4,4,5,1.133,1.14,0,100.0,0,3.4,30.46
SEC-SWM-GGC,64.0,120.0,48.0,5.1,115.3,1.7,2,2,1.0,1.064,0,120.0,0,1.7,37.57
SEC-GGC-BTE,120.0,110.0,98.0,9.4,106.8,8.1,3,1,1.0,1.069,0,110.0,0,8.1,79.67
SEC-SWM-GGC,64.0,120.0,48.0,5.1,99.7,4.4,14,2,1.0,1.05,0,120.0,0,4.4,40.38
SEC-BTE-MTJ,35.0,100.0,48.0,4.8,82.1,20.0,0,6,1.0,1.077,0,100.0,0,20.0,36.67
SEC-BTE-MTJ,35.0,100.0,48.0,4.8,92.5,0.4,11,1,1.0,1.122,0,100.0,0,0.4,25.69
SEC-GGC-BTE,120.0,110.0,98.0,9.4,92.4,5.8,4,3,1.0,1.015,0,110.0,0,5.8,64.76
SEC-NDLS-KOTA,465.0,130.0,275.0,14.5,98.2,20.1,2,0,1.0,1.082,0,130.0,0,20.1,315.21
SEC-BTE-MTJ,35.0,100.0,48.0,4.8,60.0,17.6,15,5,1.0,1.129,1,60.0,0,17.6,45.25
SEC-MTJ-AGC,54.0,120.0,45.0,4.2,92.1,9.5,6,4,1.0,1.114,0,120.0,0,9.5,34.72
SEC-MTJ-AGC,54.0,120.0,45.0,4.2,96.3,9.3,20,6,1.0,1.174,0,120.0,0,9.3,46.57
SEC-GGC-BTE,120.0,110.0,98.0,9.4,30.0,4.2,19,5,1.0,1.279,1,30.0,0,4.2,300.8
SEC-NDLS-KOTA,465.0,130.0,275.0,14.5,60.0,0.3,7,1,1.0,1.037,1,60.0,0,0.3,494.23
SEC-NDLS-KOTA,465.0,130.0,275.0,14.5,103.5,6.5,9,3,1.0,1.298,0,130.0,0,6.5,346.78
SEC-SWM-GGC,64.0,120.0,48.0,5.1,101.2,0.6,19,5,1.0,1.24,0,120.0,0,0.6,55.92
SEC-NDLS-KOTA,465.0,130.0,275.0,14.5,114.2,7.5,5,1,1.121,1.067,0,130.0,0,7.5,291.23
SEC-BTE-MTJ,35.0,100.0,48.0,4.8,89.9,7.7,6,3,1.0,1.126,0,100.0,0,7.7,19.95
SEC-SWM-GGC,64.0,120.0,48.0,5.1,114.3,0.2,21,2,1.0,1.239,0,120.0,0,0.2,30.4
SEC-GGC-BTE,120.0,110.0,98.0,9.4,45.0,23.8,4,0,1.0,1.178,1,45.0,1,23.8,222.22
SEC-MTJ-AGC,54.0,120.0,45.0,4.2,103.6,1.7,19,3,1.0,1.229,0,120.0,0,1.7,40.15
SEC-MTJ-AGC,54.0,120.0,45.0,4.2,60.0,6.2,14,2,1.0,1.073,1,60.0,0,6.2,68.53
SEC-SWM-GGC,64.0,120.0,48.0,5.1,60.0,1.2,22,4,1.0,1.068,1,60.0,0,1.2,70.23
SEC-BTE-MTJ,35.0,100.0,48.0,4.8,82.3,1.2,10,3,1.0,1.236,0,100.0,0,1.2,27.85
SEC-SWM-GGC,64.0,120.0,48.0,5.1,113.5,2.4,12,0,1.19,1.106,0,120.0,0,2.4,52.32
SEC-MTJ-AGC,54.0,120.0,45.0,4.2,116.1,4.4,5,4,1.0,1.143,0,120.0,0,4.4,29.0
SEC-MTJ-AGC,54.0,120.0,45.0,4.2,99.7,6.2,10,4,1.26,1.195,0,120.0,0,6.2,52.15
SEC-NDLS-KOTA,465.0,130.0,275.0,14.5,98.3,5.2,0,6,1.0,1.101,0,130.0,0,5.2,293.85
SEC-MTJ-AGC,54.0,120.0,45.0,4.2,97.5,3.4,15,2,1.14,1.098,0,120.0,0,3.4,39.9
SEC-KOTA-SWM,108.0,130.0,58.0,6.2,110.3,2.9,3,1,1.0,1.164,0,130.0,0,2.9,54.84
SEC-NDLS-KOTA,465.0,130.0,275.0,14.5,98.5,7.9,19,2,1.0,1.335,0,130.0,1,7.9,370.15
SEC-BTE-MTJ,35.0,100.0,48.0,4.8,30.0,24.2,20,6,1.0,1.305,1,30.0,0,24.2,109.46
SEC-BTE-MTJ,35.0,100.0,48.0,4.8,94.0,14.3,17,1,1.0,1.377,0,100.0,0,14.3,26.56
SEC-MTJ-AGC,54.0,120.0,45.0,4.2,111.2,19.1,5,3,1.102,1.061,0,120.0,0,19.1,38.59
SEC-MTJ-AGC,54.0,120.0,45.0,4.2,30.0,2.4,3,1,1.0,1.064,1,30.0,0,2.4,129.05
SEC-BTE-MTJ,35.0,100.0,48.0,4.8,96.4,1.0,2,2,1.0,1.092,0,100.0,0,1.0,28.45
SEC-GGC-BTE,120.0,110.0,98.0,9.4,83.9,25.5,6,6,1.0,1.059,0,110.0,0,25.5,93.45
SEC-KOTA-SWM,108.0,130.0,58.0,6.2,109.3,7.1,2,3,1.0,1.161,0,130.0,1,7.1,85.51
SEC-BTE-MTJ,35.0,100.0,48.0,4.8,86.8,11.0,9,0,1.0,1.168,0,100.0,0,11.0,33.28
SEC-KOTA-SWM,108.0,130.0,58.0,6.2,124.7,24.0,9,6,1.0,1.292,0,130.0,1,24.0,71.45
SEC-NDLS-KOTA,465.0,130.0,275.0,14.5,103.4,1.5,17,4,1.0,1.272,0,130.0,0,1.5,352.68
SEC-BTE-MTJ,35.0,100.0,48.0,4.8,45.0,2.6,1,4,1.0,1.02,1,45.0,0,2.6,56.47
SEC-MTJ-AGC,54.0,120.0,45.0,4.2,103.1,10.4,0,0,1.0,1.131,0,120.0,0,10.4,28.65
SEC-KOTA-SWM,108.0,130.0,58.0,6.2,102.6,16.7,6,4,1.07,1.112,0,130.0,0,16.7,74.83
SEC-GGC-BTE,120.0,110.0,98.0,9.4,86.4,1.2,2,6,1.215,1.018,0,110.0,0,1.2,98.01
SEC-NDLS-KOTA,465.0,130.0,275.0,14.5,127.9,12.5,11,0,1.252,1.311,0,130.0,0,12.5,349.73
SEC-BTE-MTJ,35.0,100.0,48.0,4.8,30.0,0.8,15,1,1.0,1.068,1,30.0,0,0.8,79.94
SEC-SWM-GGC,64.0,120.0,48.0,5.1,118.2,6.8,13,3,1.0,1.116,0,120.0,0,6.8,48.06
SEC-NDLS-KOTA,465.0,130.0,275.0,14.5,102.4,14.9,0,6,1.122,1.07,0,130.0,0,14.9,303.44
SEC-MTJ-AGC,54.0,120.0,45.0,4.2,45.0,3.4,23,0,1.0,1.038,1,45.0,0,3.4,83.53
SEC-GGC-BTE,120.0,110.0,98.0,9.4,60.0,3.0,17,1,1.0,1.174,1,60.0,0,3.0,135.29
SEC-KOTA-SWM,108.0,130.0,58.0,6.2,99.9,0.1,10,3,1.286,1.284,0,130.0,1,0.1,100.56
SEC-GGC-BTE,120.0,110.0,98.0,9.4,83.5,27.2,23,6,1.101,1.042,0,110.0,0,27.2,112.83
SEC-MTJ-AGC,54.0,120.0,45.0,4.2,45.0,0.4,7,6,1.0,1.1,1,45.0,0,0.4,83.62
SEC-SWM-GGC,64.0,120.0,48.0,5.1,97.4,2.3,19,5,1.064,1.238,0,120.0,0,2.3,49.16
SEC-MTJ-AGC,54.0,120.0,45.0,4.2,113.4,17.3,3,5,1.0,1.051,0,120.0,0,17.3,25.65
SEC-SWM-GGC,64.0,120.0,48.0,5.1,99.8,0.4,7,3,1.0,1.092,0,120.0,0,0.4,38.92
SEC-MTJ-AGC,54.0,120.0,45.0,4.2,107.7,3.2,7,4,1.094,1.046,0,120.0,0,3.2,33.61
SEC-SWM-GGC,64.0,120.0,48.0,5.1,99.6,4.1,13,5,1.292,1.182,0,120.0,1,4.1,67.78
SEC-BTE-MTJ,35.0,100.0,48.0,4.8,94.8,8.1,7,2,1.0,1.052,0,100.0,0,8.1,19.95
SEC-KOTA-SWM,108.0,130.0,58.0,6.2,120.9,4.8,1,1,1.0,1.022,0,130.0,0,4.8,60.6
SEC-GGC-BTE,120.0,110.0,98.0,9.4,100.6,1.7,1,2,1.0,1.059,0,110.0,0,1.7,85.06
SEC-SWM-GGC,64.0,120.0,48.0,5.1,107.2,33.5,19,3,1.0,1.167,0,120.0,0,33.5,56.35
SEC-KOTA-SWM,108.0,130.0,58.0,6.2,129.2,0.3,21,3,1.0,1.269,0,130.0,1,0.3,71.29
SEC-NDLS-KOTA,465.0,130.0,275.0,14.5,129.7,5.0,19,6,1.084,1.316,0,130.0,0,5.0,292.12
SEC-BTE-MTJ,35.0,100.0,48.0,4.8,87.6,16.6,6,6,1.0,1.203,0,100.0,0,16.6,34.99
SEC-MTJ-AGC,54.0,120.0,45.0,4.2,102.5,20.1,1,6,1.0,1.135,0,120.0,0,20.1,39.97
SEC-BTE-MTJ,35.0,100.0,48.0,4.8,97.4,1.2,14,3,1.0,1.178,0,100.0,0,1.2,37.45
SEC-GGC-BTE,120.0,110.0,98.0,9.4,103.3,9.8,14,5,1.229,1.148,0,110.0,0,9.8,101.93
SEC-MTJ-AGC,54.0,120.0,45.0,4.2,91.6,3.3,8,0,1.168,1.22,0,120.0,0,3.3,46.97
SEC-NDLS-KOTA,465.0,130.0,275.0,14.5,126.0,20.8,19,2,1.0,1.258,0,130.0,0,20.8,257.24
SEC-NDLS-KOTA,465.0,130.0,275.0,14.5,122.1,46.8,9,4,1.0,1.324,0,130.0,0,46.8,301.28
SEC-NDLS-KOTA,465.0,130.0,275.0,14.5,126.1,5.0,14,0,1.254,1.112,0,130.0,0,5.0,305.24
SEC-NDLS-KOTA,465.0,130.0,275.0,14.5,98.1,7.8,18,0,1.0,1.355,0,130.0,0,7.8,359.38
SEC-KOTA-SWM,108.0,130.0,58.0,6.2,126.2,17.5,8,6,1.15,1.318,0,130.0,0,17.5,75.83
SEC-BTE-MTJ,35.0,100.0,48.0,4.8,88.2,7.1,20,0,1.0,1.23,0,100.0,0,7.1,28.78
SEC-GGC-BTE,120.0,110.0,98.0,9.4,88.2,0.6,18,2,1.0,1.184,0,110.0,1,0.6,86.52
SEC-SWM-GGC,64.0,120.0,48.0,5.1,116.8,2.1,8,0,1.0,1.284,0,120.0,0,2.1,41.4
SEC-BTE-MTJ,35.0,100.0,48.0,4.8,99.4,21.8,7,2,1.0,1.109,0,100.0,0,21.8,26.49
SEC-BTE-MTJ,35.0,100.0,48.0,4.8,90.0,7.8,11,6,1.07,1.12,0,100.0,0,7.8,22.88
SEC-KOTA-SWM,108.0,130.0,58.0,6.2,118.6,5.8,0,2,1.0,1.17,0,130.0,0,5.8,62.17
SEC-SWM-GGC,64.0,120.0,48.0,5.1,30.0,19.4,15,2,1.0,1.013,1,30.0,0,19.4,149.64
SEC-NDLS-KOTA,465.0,130.0,275.0,14.5,99.0,8.2,19,1,1.115,1.096,0,130.0,0,8.2,342.92
SEC-BTE-MTJ,35.0,100.0,48.0,4.8,94.5,14.5,22,2,1.245,1.086,0,100.0,0,14.5,27.52
SEC-KOTA-SWM,108.0,130.0,58.0,6.2,30.0,6.9,12,6,1.165,1.198,1,30.0,0,6.9,314.36
SEC-BTE-MTJ,35.0,100.0,48.0,4.8,84.0,19.7,16,4,1.0,1.139,0,100.0,0,19.7,30.69
SEC-NDLS-KOTA,465.0,130.0,275.0,14.5,120.7,3.3,19,3,1.0,1.201,0,130.0,0,3.3,263.56
SEC-BTE-MTJ,35.0,100.0,48.0,4.8,80.0,3.6,9,1,1.0,1.408,0,100.0,0,3.6,26.9
SEC-SWM-GGC,64.0,120.0,48.0,5.1,102.4,4.1,23,0,1.0,1.227,0,120.0,0,4.1,42.53
SEC-NDLS-KOTA,465.0,130.0,275.0,14.5,123.1,5.8,11,4,1.0,1.202,0,130.0,0,5.8,267.76
SEC-GGC-BTE,120.0,110.0,98.0,9.4,91.8,11.5,13,1,1.0,1.146,0,110.0,0,11.5,100.27
SEC-GGC-BTE,120.0,110.0,98.0,9.4,97.1,2.4,21,4,1.0,1.224,0,110.0,0,2.4,89.58
SEC-NDLS-KOTA,465.0,130.0,275.0,14.5,118.5,2.0,2,3,1.0,1.173,0,130.0,0,2.0,251.45
SEC-KOTA-SWM,108.0,130.0,58.0,6.2,45.0,2.7,5,3,1.0,1.101,1,45.0,0,2.7,188.0
SEC-GGC-BTE,120.0,110.0,98.0,9.4,45.0,8.9,23,0,1.0,1.246,1,45.0,1,8.9,222.41
SEC-NDLS-KOTA,465.0,130.0,275.0,14.5,111.5,7.0,4,4,1.069,1.124,0,130.0,0,7.0,282.4
SEC-GGC-BTE,120.0,110.0,98.0,9.4,107.4,14.8,22,4,1.0,1.136,0,110.0,0,14.8,66.14
SEC-SWM-GGC,64.0,120.0,48.0,5.1,100.5,4.2,18,4,1.0,1.306,0,120.0,1,4.2,59.07
SEC-SWM-GGC,64.0,120.0,48.0,5.1,90.5,4.5,14,3,1.0,1.109,0,120.0,0,4.5,41.09
SEC-MTJ-AGC,54.0,120.0,45.0,4.2,119.5,7.2,4,5,1.0,1.106,0,120.0,0,7.2,28.57
SEC-NDLS-KOTA,465.0,130.0,275.0,14.5,109.7,19.5,4,0,1.0,1.164,0,130.0,0,19.5,313.31
SEC-BTE-MTJ,35.0,100.0,48.0,4.8,85.3,14.1,23,4,1.0,1.121,0,100.0,0,14.1,22.53
SEC-NDLS-KOTA,465.0,130.0,275.0,14.5,117.0,0.8,18,4,1.145,1.241,0,130.0,0,0.8,358.65
SEC-SWM-GGC,64.0,120.0,48.0,5.1,99.3,2.9,12,2,1.085,1.068,0,120.0,1,2.9,47.32
SEC-MTJ-AGC,54.0,120.0,45.0,4.2,116.4,6.0,6,3,1.0,1.041,0,120.0,0,6.0,36.75
SEC-SWM-GGC,64.0,120.0,48.0,5.1,113.4,12.3,5,0,1.0,1.066,0,120.0,0,12.3,43.09
SEC-SWM-GGC,64.0,120.0,48.0,5.1,97.4,3.0,19,6,1.0,1.317,0,120.0,0,3.0,65.03
SEC-BTE-MTJ,35.0,100.0,48.0,4.8,95.1,12.6,16,6,1.0,1.151,0,100.0,1,12.6,45.59
SEC-BTE-MTJ,35.0,100.0,48.0,4.8,84.9,5.0,6,0,1.0,1.028,0,100.0,0,5.0,29.09
SEC-BTE-MTJ,35.0,100.0,48.0,4.8,45.0,5.3,13,5,1.0,1.06,1,45.0,0,5.3,59.72
SEC-MTJ-AGC,54.0,120.0,45.0,4.2,92.1,2.5,3,3,1.067,1.147,0,120.0,1,2.5,63.72
SEC-SWM-GGC,64.0,120.0,48.0,5.1,95.4,16.9,23,5,1.0,1.04,0,120.0,1,16.9,44.13
SEC-SWM-GGC,64.0,120.0,48.0,5.1,103.0,0.4,5,4,1.0,1.139,0,120.0,0,0.4,48.78
SEC-NDLS-KOTA,465.0,130.0,275.0,14.5,102.9,0.3,22,5,1.0,1.03,0,130.0,0,0.3,274.44
SEC-BTE-MTJ,35.0,100.0,48.0,4.8,82.6,21.8,10,1,1.08,1.338,0,100.0,0,21.8,37.58
SEC-NDLS-KOTA,465.0,130.0,275.0,14.5,101.3,2.4,7,1,1.0,1.152,0,130.0,0,2.4,294.7
SEC-GGC-BTE,120.0,110.0,98.0,9.4,85.6,12.7,4,3,1.142,1.042,0,110.0,0,12.7,111.75
SEC-NDLS-KOTA,465.0,130.0,275.0,14.5,101.0,11.4,16,6,1.0,1.064,0,130.0,0,11.4,300.46
SEC-BTE-MTJ,35.0,100.0,48.0,4.8,90.3,4.8,6,5,1.0,1.095,0,100.0,0,4.8,23.59
SEC-BTE-MTJ,35.0,100.0,48.0,4.8,87.3,0.6,7,5,1.0,1.069,0,100.0,0,0.6,33.99
SEC-KOTA-SWM,108.0,130.0,58.0,6.2,124.0,7.6,9,5,1.0,1.231,0,130.0,0,7.6,66.4
SEC-GGC-BTE,120.0,110.0,98.0,9.4,87.5,3.9,9,0,1.0,1.283,0,110.0,0,3.9,104.71
SEC-GGC-BTE,120.0,110.0,98.0,9.4,97.4,12.0,14,2,1.0,1.114,0,110.0,0,12.0,92.01
SEC-MTJ-AGC,54.0,120.0,45.0,4.2,100.9,0.4,3,2,1.0,1.165,0,120.0,0,0.4,40.66
SEC-GGC-BTE,120.0,110.0,98.0,9.4,45.0,2.0,19,3,1.0,1.09,1,45.0,0,2.0,203.36
SEC-GGC-BTE,120.0,110.0,98.0,9.4,99.0,8.0,1,4,1.072,1.209,0,110.0,0,8.0,70.63
SEC-GGC-BTE,120.0,110.0,98.0,9.4,45.0,4.1,13,3,1.0,1.022,1,45.0,0,4.1,177.27
SEC-NDLS-KOTA,465.0,130.0,275.0,14.5,113.2,23.4,9,3,1.0,1.22,0,130.0,0,23.4,324.71
SEC-BTE-MTJ,35.0,100.0,48.0,4.8,77.4,6.7,19,2,1.0,1.085,0,100.0,0,6.7,31.48
SEC-GGC-BTE,120.0,110.0,98.0,9.4,105.7,3.4,2,6,1.0,1.098,0,110.0,0,3.4,62.18
SEC-MTJ-AGC,54.0,120.0,45.0,4.2,101.9,0.2,1,4,1.0,1.052,0,120.0,0,0.2,46.59
SEC-GGC-BTE,120.0,110.0,98.0,9.4,45.0,23.1,22,1,1.0,1.027,1,45.0,0,23.1,172.58
SEC-NDLS-KOTA,465.0,130.0,275.0,14.5,110.3,0.3,1,6,1.0,1.017,0,130.0,0,0.3,260.59
SEC-GGC-BTE,120.0,110.0,98.0,9.4,60.0,7.9,1,1,1.0,1.064,1,60.0,0,7.9,132.87
SEC-SWM-GGC,64.0,120.0,48.0,5.1,110.0,6.6,23,0,1.118,1.051,0,120.0,0,6.6,50.23
SEC-SWM-GGC,64.0,120.0,48.0,5.1,104.8,4.0,2,0,1.0,1.085,0,120.0,0,4.0,38.98
SEC-NDLS-KOTA,465.0,130.0,275.0,14.5,122.3,9.7,23,6,1.0,1.078,0,130.0,1,9.7,269.07
SEC-GGC-BTE,120.0,110.0,98.0,9.4,100.1,2.9,6,6,1.0,1.064,0,110.0,0,2.9,106.35
SEC-NDLS-KOTA,465.0,130.0,275.0,14.5,60.0,15.6,9,2,1.0,1.183,1,60.0,0,15.6,575.35
SEC-KOTA-SWM,108.0,130.0,58.0,6.2,103.8,9.5,13,4,1.0,1.11,0,130.0,0,9.5,80.25
SEC-GGC-BTE,120.0,110.0,98.0,9.4,84.2,7.0,0,3,1.0,1.021,0,110.0,0,7.0,101.1
SEC-GGC-BTE,120.0,110.0,98.0,9.4,107.1,19.4,7,4,1.235,1.159,0,110.0,0,19.4,110.02
SEC-MTJ-AGC,54.0,120.0,45.0,4.2,103.1,4.9,9,2,1.0,1.464,0,120.0,1,4.9,53.6
SEC-KOTA-SWM,108.0,130.0,58.0,6.2,60.0,21.1,15,4,1.0,1.24,1,60.0,0,21.1,140.09
SEC-KOTA-SWM,108.0,130.0,58.0,6.2,126.8,0.5,1,6,1.0,1.055,0,130.0,0,0.5,66.29
SEC-NDLS-KOTA,465.0,130.0,275.0,14.5,121.0,30.0,10,5,1.0,1.254,0,130.0,1,30.0,293.84
SEC-GGC-BTE,120.0,110.0,98.0,9.4,91.6,0.1,17,3,1.0,1.284,0,110.0,0,0.1,95.19
SEC-BTE-MTJ,35.0,100.0,48.0,4.8,87.8,1.3,17,6,1.0,1.169,0,100.0,0,1.3,26.32
SEC-NDLS-KOTA,465.0,130.0,275.0,14.5,60.0,12.8,12,1,1.134,1.166,1,60.0,0,12.8,644.19
SEC-NDLS-KOTA,465.0,130.0,275.0,14.5,123.7,11.4,1,3,1.0,1.097,0,130.0,0,11.4,228.47
SEC-BTE-MTJ,35.0,100.0,48.0,4.8,45.0,11.6,13,3,1.0,1.097,1,45.0,0,11.6,55.86
SEC-SWM-GGC,64.0,120.0,48.0,5.1,109.0,4.8,16,2,1.0,1.02,0,120.0,0,4.8,35.49
SEC-BTE-MTJ,35.0,100.0,48.0,4.8,90.5,7.4,21,1,1.135,1.267,0,100.0,0,7.4,29.39
SEC-GGC-BTE,120.0,110.0,98.0,9.4,97.3,8.9,14,1,1.262,1.073,0,110.0,0,8.9,102.86
SEC-KOTA-SWM,108.0,130.0,58.0,6.2,97.8,7.4,5,4,1.0,1.019,0,130.0,0,7.4,76.46
SEC-GGC-BTE,120.0,110.0,98.0,9.4,86.8,3.4,2,0,1.0,1.099,0,110.0,0,3.4,67.75
SEC-SWM-GGC,64.0,120.0,48.0,5.1,118.3,10.9,3,0,1.0,1.066,0,120.0,1,10.9,38.26
SEC-KOTA-SWM,108.0,130.0,58.0,6.2,121.4,1.8,11,5,1.0,1.287,0,130.0,0,1.8,65.76
SEC-GGC-BTE,120.0,110.0,98.0,9.4,87.0,3.8,18,5,1.0,1.244,0,110.0,0,3.8,82.47
SEC-BTE-MTJ,35.0,100.0,48.0,4.8,84.1,0.4,20,5,1.0,1.331,0,100.0,0,0.4,24.95
SEC-KOTA-SWM,108.0,130.0,58.0,6.2,129.1,10.3,8,4,1.0,1.283,0,130.0,0,10.3,62.33
SEC-SWM-GGC,64.0,120.0,48.0,5.1,112.2,14.5,18,6,1.111,1.251,0,120.0,0,14.5,52.16
SEC-BTE-MTJ,35.0,100.0,48.0,4.8,30.0,6.4,21,3,1.0,1.164,1,30.0,0,6.4,106.46
SEC-BTE-MTJ,35.0,100.0,48.0,4.8,91.4,1.0,4,1,1.0,1.158,0,100.0,0,1.0,25.54
SEC-NDLS-KOTA,465.0,130.0,275.0,14.5,115.3,6.4,4,4,1.057,1.06,0,130.0,0,6.4,263.04
SEC-NDLS-KOTA,465.0,130.0,275.0,14.5,123.9,1.5,7,4,1.0,1.202,0,130.0,0,1.5,273.37
SEC-BTE-MTJ,35.0,100.0,48.0,4.8,98.3,4.8,10,4,1.0,1.342,0,100.0,0,4.8,35.02
SEC-MTJ-AGC,54.0,120.0,45.0,4.2,92.8,3.8,8,5,1.0,1.153,0,120.0,0,3.8,45.77
SEC-SWM-GGC,64.0,120.0,48.0,5.1,99.5,15.6,21,0,1.0,1.242,0,120.0,0,15.6,62.26
SEC-GGC-BTE,120.0,110.0,98.0,9.4,95.8,18.8,21,2,1.0,1.451,0,110.0,0,18.8,110.62
SEC-GGC-BTE,120.0,110.0,98.0,9.4,107.6,8.5,11,1,1.236,1.112,0,110.0,0,8.5,79.28
SEC-KOTA-SWM,108.0,130.0,58.0,6.2,45.0,7.2,0,4,1.0,1.046,1,45.0,0,7.2,172.23
SEC-NDLS-KOTA,465.0,130.0,275.0,14.5,98.6,22.5,19,2,1.0,1.203,0,130.0,0,22.5,369.34
SEC-SWM-GGC,64.0,120.0,48.0,5.1,97.1,8.4,8,5,1.0,1.156,0,120.0,1,8.4,52.97
SEC-GGC-BTE,120.0,110.0,98.0,9.4,60.0,1.1,19,5,1.0,1.268,1,60.0,0,1.1,174.41
SEC-NDLS-KOTA,465.0,130.0,275.0,14.5,119.7,0.9,1,2,1.0,1.044,0,130.0,0,0.9,230.47
SEC-KOTA-SWM,108.0,130.0,58.0,6.2,45.0,4.3,2,3,1.113,1.081,1,45.0,0,4.3,204.87
SEC-NDLS-KOTA,465.0,130.0,275.0,14.5,118.7,23.2,17,2,1.214,1.277,0,130.0,0,23.2,350.86
SEC-SWM-GGC,64.0,120.0,48.0,5.1,104.5,16.1,22,1,1.175,1.016,0,120.0,0,16.1,38.28
SEC-GGC-BTE,120.0,110.0,98.0,9.4,30.0,2.5,13,6,1.0,1.095,1,30.0,0,2.5,278.6
SEC-MTJ-AGC,54.0,120.0,45.0,4.2,60.0,31.8,8,0,1.0,1.285,1,60.0,0,31.8,82.24
SEC-MTJ-AGC,54.0,120.0,45.0,4.2,103.7,7.0,0,2,1.0,1.036,0,120.0,0,7.0,31.78
SEC-MTJ-AGC,54.0,120.0,45.0,4.2,30.0,10.1,2,4,1.232,1.081,1,30.0,0,10.1,172.46
SEC-SWM-GGC,64.0,120.0,48.0,5.1,90.1,2.1,18,5,1.151,1.158,0,120.0,0,2.1,57.23
SEC-SWM-GGC,64.0,120.0,48.0,5.1,96.7,3.6,14,0,1.096,1.11,0,120.0,0,3.6,42.15
SEC-KOTA-SWM,108.0,130.0,58.0,6.2,102.3,6.1,23,6,1.0,1.076,0,130.0,0,6.1,61.09
SEC-SWM-GGC,64.0,120.0,48.0,5.1,102.6,12.9,4,4,1.0,1.045,0,120.0,0,12.9,33.97
SEC-KOTA-SWM,108.0,130.0,58.0,6.2,121.9,17.9,9,2,1.0,1.21,0,130.0,0,17.9,62.16
SEC-MTJ-AGC,54.0,120.0,45.0,4.2,100.6,9.5,16,3,1.136,1.122,0,120.0,0,9.5,39.29
SEC-BTE-MTJ,35.0,100.0,48.0,4.8,95.0,8.4,12,1,1.0,1.08,0,100.0,0,8.4,19.95
SEC-MTJ-AGC,54.0,120.0,45.0,4.2,109.9,14.7,9,1,1.0,1.299,0,120.0,0,14.7,31.55
SEC-SWM-GGC,64.0,120.0,48.0,5.1,90.3,9.3,2,4,1.101,1.123,0,120.0,0,9.3,67.69
SEC-NDLS-KOTA,465.0,130.0,275.0,14.5,122.9,8.3,16,5,1.0,1.161,0,130.0,0,8.3,267.3
SEC-BTE-MTJ,35.0,100.0,48.0,4.8,60.0,22.9,12,5,1.0,1.038,1,60.0,0,22.9,36.82
SEC-KOTA-SWM,108.0,130.0,58.0,6.2,105.6,4.5,13,3,1.0,1.2,0,130.0,0,4.5,68.54
SEC-SWM-GGC,64.0,120.0,48.0,5.1,101.8,4.5,5,3,1.0,1.056,0,120.0,0,4.5,38.4
SEC-BTE-MTJ,35.0,100.0,48.0,4.8,86.2,7.9,18,5,1.0,1.419,0,100.0,0,7.9,31.06
SEC-SWM-GGC,64.0,120.0,48.0,5.1,112.6,9.2,19,2,1.0,1.199,0,120.0,1,9.2,62.54
SEC-KOTA-SWM,108.0,130.0,58.0,6.2,116.9,8.8,16,0,1.0,1.136,0,130.0,0,8.8,65.17
SEC-NDLS-KOTA,465.0,130.0,275.0,14.5,110.5,22.8,5,4,1.0,1.188,0,130.0,0,22.8,285.5
SEC-BTE-MTJ,35.0,100.0,48.0,4.8,93.3,3.1,4,1,1.0,1.17,0,100.0,1,3.1,47.93
SEC-KOTA-SWM,108.0,130.0,58.0,6.2,118.9,5.9,11,3,1.0,1.251,0,130.0,0,5.9,79.5
SEC-KOTA-SWM,108.0,130.0,58.0,6.2,106.2,1.7,9,2,1.0,1.304,0,130.0,0,1.7,65.2
SEC-KOTA-SWM,108.0,130.0,58.0,6.2,123.3,2.1,4,5,1.0,1.086,0,130.0,1,2.1,72.88
SEC-NDLS-KOTA,465.0,130.0,275.0,14.5,105.4,33.7,15,4,1.0,1.16,0,130.0,0,33.7,315.31
SEC-MTJ-AGC,54.0,120.0,45.0,4.2,113.4,6.5,7,6,1.243,1.151,0,120.0,0,6.5,41.51
SEC-GGC-BTE,120.0,110.0,98.0,9.4,109.5,1.8,10,2,1.114,1.134,0,110.0,0,1.8,93.13
SEC-NDLS-KOTA,465.0,130.0,275.0,14.5,105.4,6.4,11,3,1.0,1.233,0,130.0,1,6.4,307.59
SEC-KOTA-SWM,108.0,130.0,58.0,6.2,103.3,25.5,7,2,1.0,1.073,0,130.0,1,25.5,81.79
SEC-NDLS-KOTA,465.0,130.0,275.0,14.5,117.2,5.2,20,1,1.0,1.208,0,130.0,0,5.2,288.64
SEC-SWM-GGC,64.0,120.0,48.0,5.1,45.0,2.6,12,5,1.0,1.183,1,45.0,0,2.6,109.01
SEC-NDLS-KOTA,465.0,130.0,275.0,14.5,100.7,7.8,8,3,1.0,1.343,0,130.0,0,7.8,363.23
SEC-NDLS-KOTA,465.0,130.0,275.0,14.5,117.6,2.6,11,5,1.0,1.205,0,130.0,0,2.6,273.95
SEC-KOTA-SWM,108.0,130.0,58.0,6.2,110.1,6.4,10,1,1.0,1.081,0,130.0,0,6.4,60.61
SEC-MTJ-AGC,54.0,120.0,45.0,4.2,116.0,1.6,12,3,1.12,1.069,0,120.0,0,1.6,27.31
SEC-BTE-MTJ,35.0,100.0,48.0,4.8,87.0,9.3,14,4,1.0,1.015,0,100.0,0,9.3,19.95
SEC-SWM-GGC,64.0,120.0,48.0,5.1,95.2,11.8,3,6,1.0,1.048,0,120.0,0,11.8,45.47
SEC-NDLS-KOTA,465.0,130.0,275.0,14.5,127.8,7.8,4,0,1.0,1.071,0,130.0,0,7.8,240.27
SEC-BTE-MTJ,35.0,100.0,48.0,4.8,45.0,23.4,23,6,1.0,1.181,1,45.0,1,23.4,85.0
SEC-NDLS-KOTA,465.0,130.0,275.0,14.5,102.0,22.6,19,5,1.0,1.203,0,130.0,0,22.6,323.45
SEC-SWM-GGC,64.0,120.0,48.0,5.1,45.0,6.1,5,2,1.0,1.107,1,45.0,0,6.1,121.97
SEC-NDLS-KOTA,465.0,130.0,275.0,14.5,127.4,13.2,11,5,1.0,1.328,0,130.0,0,13.2,271.99
SEC-NDLS-KOTA,465.0,130.0,275.0,14.5,100.4,8.1,4,5,1.0,1.067,0,130.0,0,8.1,300.22
SEC-GGC-BTE,120.0,110.0,98.0,9.4,109.7,26.2,22,4,1.0,1.17,0,110.0,0,26.2,74.93
SEC-GGC-BTE,120.0,110.0,98.0,9.4,60.0,1.1,1,0,1.0,1.101,1,60.0,0,1.1,158.32
SEC-NDLS-KOTA,465.0,130.0,275.0,14.5,60.0,15.8,12,4,1.191,1.107,1,60.0,0,15.8,635.35
SEC-MTJ-AGC,54.0,120.0,45.0,4.2,105.2,1.3,8,5,1.0,1.388,0,120.0,0,1.3,45.07
SEC-NDLS-KOTA,465.0,130.0,275.0,14.5,109.3,0.5,6,4,1.0,1.193,0,130.0,0,0.5,281.24
SEC-KOTA-SWM,108.0,130.0,58.0,6.2,101.0,30.1,22,6,1.0,1.216,0,130.0,0,30.1,63.24
SEC-MTJ-AGC,54.0,120.0,45.0,4.2,45.0,10.4,5,2,1.0,1.07,1,45.0,0,10.4,90.61
SEC-SWM-GGC,64.0,120.0,48.0,5.1,103.7,6.1,0,3,1.0,1.276,0,120.0,0,6.1,46.71
SEC-GGC-BTE,120.0,110.0,98.0,9.4,84.7,19.3,19,6,1.294,1.444,0,110.0,0,19.3,158.96
SEC-NDLS-KOTA,465.0,130.0,275.0,14.5,127.4,0.6,19,2,1.0,1.21,0,130.0,0,0.6,256.58
SEC-BTE-MTJ,35.0,100.0,48.0,4.8,75.5,8.4,10,4,1.0,1.204,0,100.0,1,8.4,44.37
SEC-SWM-GGC,64.0,120.0,48.0,5.1,108.8,0.9,14,1,1.0,1.093,0,120.0,0,0.9,47.89
SEC-MTJ-AGC,54.0,120.0,45.0,4.2,94.7,34.8,12,2,1.0,1.022,0,120.0,0,34.8,49.29
SEC-SWM-GGC,64.0,120.0,48.0,5.1,108.0,0.7,2,1,1.0,1.114,0,120.0,0,0.7,37.96
SEC-GGC-BTE,120.0,110.0,98.0,9.4,103.8,4.8,21,3,1.0,1.202,0,110.0,0,4.8,85.4
SEC-GGC-BTE,120.0,110.0,98.0,9.4,92.2,3.4,13,6,1.0,1.071,0,110.0,0,3.4,83.82
SEC-KOTA-SWM,108.0,130.0,58.0,6.2,124.8,2.1,12,4,1.0,1.027,0,130.0,0,2.1,59.59
SEC-KOTA-SWM,108.0,130.0,58.0,6.2,30.0,6.5,6,0,1.0,1.016,1,30.0,0,6.5,237.64
SEC-GGC-BTE,120.0,110.0,98.0,9.4,100.9,0.2,17,3,1.0,1.294,0,110.0,0,0.2,76.84
SEC-SWM-GGC,64.0,120.0,48.0,5.1,107.2,3.5,20,0,1.0,1.36,0,120.0,0,3.5,39.05
SEC-BTE-MTJ,35.0,100.0,48.0,4.8,91.0,1.8,17,4,1.0,1.184,0,100.0,0,1.8,32.84
SEC-GGC-BTE,120.0,110.0,98.0,9.4,93.5,14.6,5,6,1.0,1.175,0,110.0,0,14.6,80.13
SEC-GGC-BTE,120.0,110.0,98.0,9.4,60.0,12.6,20,1,1.0,1.396,1,60.0,0,12.6,165.0
SEC-GGC-BTE,120.0,110.0,98.0,9.4,85.6,3.4,6,5,1.0,1.11,0,110.0,0,3.4,88.32
SEC-NDLS-KOTA,465.0,130.0,275.0,14.5,127.1,12.9,19,4,1.0,1.316,0,130.0,0,12.9,289.34
SEC-BTE-MTJ,35.0,100.0,48.0,4.8,80.7,3.1,20,3,1.0,1.149,0,100.0,1,3.1,46.63
SEC-MTJ-AGC,54.0,120.0,45.0,4.2,94.9,21.1,12,4,1.0,1.167,0,120.0,0,21.1,42.89
SEC-KOTA-SWM,108.0,130.0,58.0,6.2,124.1,2.6,5,3,1.277,1.082,0,130.0,0,2.6,65.93
SEC-NDLS-KOTA,465.0,130.0,275.0,14.5,109.1,1.9,6,4,1.0,1.034,0,130.0,0,1.9,250.56
SEC-KOTA-SWM,108.0,130.0,58.0,6.2,99.2,2.7,14,4,1.0,1.131,0,130.0,0,2.7,73.55
SEC-KOTA-SWM,108.0,130.0,58.0,6.2,60.0,6.4,7,3,1.0,1.075,1,60.0,1,6.4,144.37
SEC-BTE-MTJ,35.0,100.0,48.0,4.8,92.5,8.0,15,6,1.0,1.094,0,100.0,0,8.0,26.55
SEC-BTE-MTJ,35.0,100.0,48.0,4.8,82.5,0.9,3,5,1.056,1.087,0,100.0,0,0.9,19.95
SEC-GGC-BTE,120.0,110.0,98.0,9.4,96.0,3.0,23,0,1.0,1.186,0,110.0,0,3.0,68.33
SEC-SWM-GGC,64.0,120.0,48.0,5.1,105.8,3.8,12,5,1.23,1.056,0,120.0,0,3.8,51.98
SEC-NDLS-KOTA,465.0,130.0,275.0,14.5,119.6,1.6,4,6,1.0,1.214,0,130.0,0,1.6,238.07
SEC-KOTA-SWM,108.0,130.0,58.0,6.2,30.0,26.8,11,3,1.0,1.339,1,30.0,0,26.8,297.8
SEC-MTJ-AGC,54.0,120.0,45.0,4.2,101.1,2.4,22,0,1.0,1.1,0,120.0,0,2.4,33.77
SEC-SWM-GGC,64.0,120.0,48.0,5.1,95.0,15.2,9,5,1.0,1.213,0,120.0,0,15.2,45.51
SEC-KOTA-SWM,108.0,130.0,58.0,6.2,124.8,1.4,4,4,1.0,1.096,0,130.0,0,1.4,62.56
SEC-SWM-GGC,64.0,120.0,48.0,5.1,108.5,4.6,9,5,1.0,1.302,0,120.0,0,4.6,36.76
SEC-SWM-GGC,64.0,120.0,48.0,5.1,60.0,14.3,4,5,1.076,1.098,1,60.0,0,14.3,80.06
SEC-MTJ-AGC,54.0,120.0,45.0,4.2,97.4,32.5,7,0,1.058,1.094,0,120.0,0,32.5,30.32
SEC-BTE-MTJ,35.0,100.0,48.0,4.8,76.2,1.6,23,6,1.214,1.164,0,100.0,0,1.6,40.1
SEC-SWM-GGC,64.0,120.0,48.0,5.1,114.0,5.8,20,1,1.0,1.117,0,120.0,0,5.8,30.4
SEC-GGC-BTE,120.0,110.0,98.0,9.4,102.0,19.1,20,1,1.095,1.142,0,110.0,0,19.1,95.71
SEC-NDLS-KOTA,465.0,130.0,275.0,14.5,121.1,14.3,10,1,1.0,1.285,0,130.0,0,14.3,298.21
SEC-NDLS-KOTA,465.0,130.0,275.0,14.5,106.3,20.9,20,1,1.0,1.079,0,130.0,0,20.9,287.11
SEC-BTE-MTJ,35.0,100.0,48.0,4.8,93.6,17.3,7,5,1.0,1.03,0,100.0,0,17.3,30.54
SEC-NDLS-KOTA,465.0,130.0,275.0,14.5,128.6,12.6,8,4,1.19,1.175,0,130.0,0,12.6,308.14
SEC-NDLS-KOTA,465.0,130.0,275.0,14.5,120.3,9.8,14,4,1.0,1.108,0,130.0,0,9.8,273.01
SEC-MTJ-AGC,54.0,120.0,45.0,4.2,103.5,21.3,7,1,1.0,1.209,0,120.0,1,21.3,57.17
SEC-NDLS-KOTA,465.0,130.0,275.0,14.5,126.4,11.0,23,1,1.0,1.103,0,130.0,0,11.0,209.71
SEC-SWM-GGC,64.0,120.0,48.0,5.1,117.0,10.5,1,1,1.0,1.156,0,120.0,0,10.5,31.61
SEC-BTE-MTJ,35.0,100.0,48.0,4.8,45.0,24.3,1,2,1.118,1.113,1,45.0,0,24.3,63.78
SEC-BTE-MTJ,35.0,100.0,48.0,4.8,98.8,0.4,18,1,1.0,1.146,0,100.0,1,0.4,38.3
SEC-NDLS-KOTA,465.0,130.0,275.0,14.5,113.9,1.7,23,3,1.092,1.242,0,130.0,0,1.7,294.48
SEC-GGC-BTE,120.0,110.0,98.0,9.4,109.2,20.6,0,2,1.132,1.11,0,110.0,0,20.6,78.13
SEC-BTE-MTJ,35.0,100.0,48.0,4.8,87.4,12.9,9,5,1.0,1.38,0,100.0,0,12.9,19.95
SEC-BTE-MTJ,35.0,100.0,48.0,4.8,30.0,4.2,16,2,1.0,1.105,1,30.0,0,4.2,88.19
SEC-BTE-MTJ,35.0,100.0,48.0,4.8,45.0,9.9,15,3,1.0,1.105,1,45.0,0,9.9,57.27
SEC-GGC-BTE,120.0,110.0,98.0,9.4,91.2,0.1,10,5,1.0,1.384,0,110.0,0,0.1,92.99
SEC-KOTA-SWM,108.0,130.0,58.0,6.2,116.0,41.1,6,2,1.0,1.117,0,130.0,0,41.1,75.15
SEC-BTE-MTJ,35.0,100.0,48.0,4.8,96.9,4.0,6,4,1.0,1.053,0,100.0,0,4.0,19.95
SEC-KOTA-SWM,108.0,130.0,58.0,6.2,116.2,2.7,5,4,1.0,1.028,0,130.0,0,2.7,53.06
SEC-BTE-MTJ,35.0,100.0,48.0,4.8,99.8,9.7,13,6,1.0,1.131,0,100.0,0,9.7,34.7
SEC-SWM-GGC,64.0,120.0,48.0,5.1,91.6,2.0,11,1,1.0,1.051,0,120.0,0,2.0,48.92
SEC-SWM-GGC,64.0,120.0,48.0,5.1,101.0,12.1,13,4,1.0,1.152,0,120.0,0,12.1,45.52
SEC-GGC-BTE,120.0,110.0,98.0,9.4,88.8,15.4,11,5,1.127,1.3,0,110.0,0,15.4,108.67
SEC-KOTA-SWM,108.0,130.0,58.0,6.2,107.7,1.6,21,5,1.0,1.278,0,130.0,1,1.6,76.38
SEC-GGC-BTE,120.0,110.0,98.0,9.4,97.9,1.0,10,4,1.0,1.368,0,110.0,0,1.0,89.08
SEC-SWM-GGC,64.0,120.0,48.0,5.1,93.0,17.8,3,0,1.0,1.068,0,120.0,0,17.8,39.96
SEC-NDLS-KOTA,465.0,130.0,275.0,14.5,128.0,0.8,21,3,1.0,1.238,0,130.0,0,0.8,237.48
SEC-BTE-MTJ,35.0,100.0,48.0,4.8,45.0,1.7,18,3,1.0,1.349,1,45.0,0,1.7,68.99
SEC-SWM-GGC,64.0,120.0,48.0,5.1,111.6,0.4,3,3,1.0,1.16,0,120.0,0,0.4,41.08
SEC-GGC-BTE,120.0,110.0,98.0,9.4,86.1,17.6,4,6,1.0,1.06,0,110.0,0,17.6,95.04
SEC-BTE-MTJ,35.0,100.0,48.0,4.8,78.7,31.6,17,6,1.0,1.15,0,100.0,0,31.6,37.19
SEC-NDLS-KOTA,465.0,130.0,275.0,14.5,121.1,7.0,22,5,1.0,1.127,0,130.0,0,7.0,265.62
SEC-MTJ-AGC,54.0,120.0,45.0,4.2,113.9,27.3,6,1,1.0,1.084,0,120.0,0,27.3,37.87
SEC-SWM-GGC,64.0,120.0,48.0,5.1,30.0,3.7,8,4,1.0,1.251,1,30.0,0,3.7,178.24
SEC-GGC-BTE,120.0,110.0,98.0,9.4,103.6,32.2,1,6,1.0,1.171,0,110.0,0,32.2,66.55
SEC-NDLS-KOTA,465.0,130.0,275.0,14.5,121.9,19.3,16,6,1.101,1.005,0,130.0,0,19.3,248.84
SEC-MTJ-AGC,54.0,120.0,45.0,4.2,94.7,7.0,2,4,1.0,1.043,0,120.0,0,7.0,31.58
SEC-BTE-MTJ,35.0,100.0,48.0,4.8,90.9,12.4,2,4,1.247,1.113,0,100.0,0,12.4,29.05
SEC-MTJ-AGC,54.0,120.0,45.0,4.2,105.7,14.4,13,6,1.0,1.144,0,120.0,0,14.4,35.02
SEC-MTJ-AGC,54.0,120.0,45.0,4.2,101.3,9.2,10,0,1.0,1.316,0,120.0,0,9.2,35.73
SEC-MTJ-AGC,54.0,120.0,45.0,4.2,91.7,8.9,13,0,1.0,1.059,0,120.0,0,8.9,42.09
SEC-NDLS-KOTA,465.0,130.0,275.0,14.5,125.7,41.3,7,2,1.0,1.128,0,130.0,0,41.3,244.67
SEC-GGC-BTE,120.0,110.0,98.0,9.4,88.6,11.6,20,5,1.0,1.331,0,110.0,0,11.6,107.54
SEC-MTJ-AGC,54.0,120.0,45.0,4.2,45.0,13.9,18,1,1.0,1.163,1,45.0,0,13.9,99.28
SEC-BTE-MTJ,35.0,100.0,48.0,4.8,92.9,2.8,1,6,1.0,1.026,0,100.0,1,2.8,51.06
SEC-KOTA-SWM,108.0,130.0,58.0,6.2,45.0,8.2,21,1,1.0,1.187,1,45.0,0,8.2,173.72
SEC-SWM-GGC,64.0,120.0,48.0,5.1,94.1,9.6,0,1,1.131,1.06,0,120.0,0,9.6,33.16
SEC-NDLS-KOTA,465.0,130.0,275.0,14.5,124.9,7.3,14,6,1.0,1.073,0,130.0,0,7.3,219.72
SEC-GGC-BTE,120.0,110.0,98.0,9.4,93.4,8.6,6,1,1.111,1.009,0,110.0,0,8.6,105.67
SEC-BTE-MTJ,35.0,100.0,48.0,4.8,30.0,6.0,18,5,1.0,1.422,1,30.0,0,6.0,101.03
SEC-BTE-MTJ,35.0,100.0,48.0,4.8,78.3,1.4,11,5,1.167,1.098,0,100.0,0,1.4,41.12
SEC-BTE-MTJ,35.0,100.0,48.0,4.8,45.0,0.9,11,3,1.0,1.115,1,45.0,1,0.9,72.0
SEC-GGC-BTE,120.0,110.0,98.0,9.4,91.9,2.6,12,6,1.0,1.16,0,110.0,0,2.6,79.52
SEC-MTJ-AGC,54.0,120.0,45.0,4.2,60.0,11.2,9,1,1.228,1.33,1,60.0,0,11.2,86.18
SEC-NDLS-KOTA,465.0,130.0,275.0,14.5,107.0,22.5,8,5,1.0,1.427,0,130.0,0,22.5,395.36
SEC-KOTA-SWM,108.0,130.0,58.0,6.2,126.2,0.5,16,1,1.0,1.214,0,130.0,1,0.5,82.94
SEC-KOTA-SWM,108.0,130.0,58.0,6.2,118.4,15.2,23,5,1.0,1.048,0,130.0,0,15.2,60.65
SEC-BTE-MTJ,35.0,100.0,48.0,4.8,83.2,1.6,4,5,1.101,1.055,0,100.0,0,1.6,33.98
SEC-KOTA-SWM,108.0,130.0,58.0,6.2,107.7,1.5,0,3,1.0,1.04,0,130.0,0,1.5,71.87
SEC-BTE-MTJ,35.0,100.0,48.0,4.8,93.7,11.0,10,0,1.122,1.128,0,100.0,0,11.0,30.76
SEC-KOTA-SWM,108.0,130.0,58.0,6.2,97.9,0.6,13,0,1.0,1.048,0,130.0,0,0.6,76.3
SEC-NDLS-KOTA,465.0,130.0,275.0,14.5,30.0,18.0,0,2,1.113,1.031,1,30.0,0,18.0,1067.7
SEC-BTE-MTJ,35.0,100.0,48.0,4.8,97.8,6.8,14,1,1.127,1.118,0,100.0,1,6.8,33.62
SEC-SWM-GGC,64.0,120.0,48.0,5.1,112.0,32.1,4,2,1.0,1.09,0,120.0,0,32.1,47.22
SEC-MTJ-AGC,54.0,120.0,45.0,4.2,111.4,13.5,18,1,1.0,1.198,0,120.0,0,13.5,40.59
SEC-MTJ-AGC,54.0,120.0,45.0,4.2,104.6,16.3,2,5,1.0,1.125,0,120.0,0,16.3,42.08
SEC-KOTA-SWM,108.0,130.0,58.0,6.2,106.0,4.1,23,5,1.0,1.216,0,130.0,0,4.1,73.14
SEC-BTE-MTJ,35.0,100.0,48.0,4.8,45.0,28.7,18,2,1.069,1.314,1,45.0,0,28.7,84.07
SEC-NDLS-KOTA,465.0,130.0,275.0,14.5,30.0,6.1,23,6,1.0,1.042,1,30.0,0,6.1,986.3
SEC-MTJ-AGC,54.0,120.0,45.0,4.2,45.0,1.0,1,6,1.122,1.066,1,45.0,1,1.0,116.53
SEC-SWM-GGC,64.0,120.0,48.0,5.1,105.5,11.5,6,5,1.121,1.141,0,120.0,0,11.5,37.72
SEC-GGC-BTE,120.0,110.0,98.0,9.4,45.0,4.5,19,2,1.0,1.275,1,45.0,0,4.5,207.67
SEC-SWM-GGC,64.0,120.0,48.0,5.1,103.8,34.1,10,1,1.0,1.29,0,120.0,0,34.1,40.62
SEC-MTJ-AGC,54.0,120.0,45.0,4.2,45.0,2.9,10,6,1.0,1.304,1,45.0,0,2.9,117.57
SEC-BTE-MTJ,35.0,100.0,48.0,4.8,86.4,22.0,4,0,1.0,1.065,0,100.0,0,22.0,27.45
SEC-SWM-GGC,64.0,120.0,48.0,5.1,117.0,0.3,9,3,1.0,1.424,0,120.0,1,0.3,67.14
SEC-BTE-MTJ,35.0,100.0,48.0,4.8,80.6,2.5,5,3,1.127,1.114,0,100.0,0,2.5,39.46
SEC-MTJ-AGC,54.0,120.0,45.0,4.2,113.6,21.6,7,6,1.0,1.162,0,120.0,0,21.6,31.74
SEC-BTE-MTJ,35.0,100.0,48.0,4.8,93.6,3.7,16,0,1.107,1.026,0,100.0,0,3.7,29.03
SEC-BTE-MTJ,35.0,100.0,48.0,4.8,93.6,1.1,5,2,1.0,1.06,0,100.0,0,1.1,30.86
SEC-KOTA-SWM,108.0,130.0,58.0,6.2,129.0,13.3,22,1,1.0,1.08,0,130.0,0,13.3,48.69
SEC-NDLS-KOTA,465.0,130.0,275.0,14.5,105.7,5.5,12,2,1.0,1.092,0,130.0,0,5.5,285.37
SEC-SWM-GGC,64.0,120.0,48.0,5.1,45.0,3.0,4,5,1.163,1.164,1,45.0,0,3.0,124.52
SEC-KOTA-SWM,108.0,130.0,58.0,6.2,45.0,11.3,23,4,1.0,1.091,1,45.0,0,11.3,163.42
SEC-KOTA-SWM,108.0,130.0,58.0,6.2,115.1,21.2,7,3,1.078,1.096,0,130.0,0,21.2,78.24
SEC-NDLS-KOTA,465.0,130.0,275.0,14.5,118.0,15.0,7,2,1.0,1.035,0,130.0,0,15.0,255.84
SEC-MTJ-AGC,54.0,120.0,45.0,4.2,102.9,3.8,4,1,1.0,1.047,0,120.0,0,3.8,34.4
SEC-NDLS-KOTA,465.0,130.0,275.0,14.5,100.5,15.7,16,2,1.0,1.124,0,130.0,0,15.7,320.1
SEC-NDLS-KOTA,465.0,130.0,275.0,14.5,60.0,18.1,17,5,1.0,1.166,1,60.0,0,18.1,533.1
SEC-GGC-BTE,120.0,110.0,98.0,9.4,90.8,7.8,8,0,1.0,1.285,0,110.0,0,7.8,81.35
SEC-GGC-BTE,120.0,110.0,98.0,9.4,60.0,6.8,9,1,1.0,1.366,1,60.0,0,6.8,157.93
SEC-SWM-GGC,64.0,120.0,48.0,5.1,106.9,6.3,7,6,1.075,1.076,0,120.0,0,6.3,44.05
SEC-NDLS-KOTA,465.0,130.0,275.0,14.5,119.7,0.7,20,0,1.096,1.4,0,130.0,0,0.7,360.32
SEC-SWM-GGC,64.0,120.0,48.0,5.1,105.0,25.5,20,4,1.0,1.175,0,120.0,0,25.5,51.96
SEC-MTJ-AGC,54.0,120.0,45.0,4.2,102.3,1.0,15,1,1.0,1.147,0,120.0,0,1.0,33.0
SEC-MTJ-AGC,54.0,120.0,45.0,4.2,119.1,6.9,15,4,1.0,1.125,0,120.0,0,6.9,26.67
SEC-MTJ-AGC,54.0,120.0,45.0,4.2,109.1,19.0,12,0,1.0,1.099,0,120.0,0,19.0,31.64
SEC-NDLS-KOTA,465.0,130.0,275.0,14.5,114.9,2.4,7,2,1.0,1.073,0,130.0,0,2.4,253.05
SEC-MTJ-AGC,54.0,120.0,45.0,4.2,111.4,10.3,23,0,1.0,1.119,0,120.0,0,10.3,33.37
SEC-BTE-MTJ,35.0,100.0,48.0,4.8,85.7,1.5,1,3,1.136,1.103,0,100.0,0,1.5,27.22
SEC-NDLS-KOTA,465.0,130.0,275.0,14.5,110.1,3.0,6,4,1.0,1.155,0,130.0,0,3.0,280.9
SEC-GGC-BTE,120.0,110.0,98.0,9.4,86.2,11.5,0,5,1.0,1.103,0,110.0,0,11.5,93.33
SEC-SWM-GGC,64.0,120.0,48.0,5.1,45.0,3.4,7,2,1.0,1.031,1,45.0,0,3.4,95.33
SEC-KOTA-SWM,108.0,130.0,58.0,6.2,117.6,2.3,6,4,1.118,1.077,0,130.0,0,2.3,67.7
SEC-SWM-GGC,64.0,120.0,48.0,5.1,45.0,12.2,5,6,1.0,1.066,1,45.0,0,12.2,100.63
SEC-KOTA-SWM,108.0,130.0,58.0,6.2,110.8,5.2,10,6,1.0,1.374,0,130.0,1,5.2,80.15
SEC-BTE-MTJ,35.0,100.0,48.0,4.8,77.9,0.7,15,5,1.0,1.072,0,100.0,0,0.7,31.19
SEC-SWM-GGC,64.0,120.0,48.0,5.1,102.3,2.1,10,6,1.0,1.201,0,120.0,0,2.1,33.79
SEC-NDLS-KOTA,465.0,130.0,275.0,14.5,125.2,1.0,3,1,1.0,1.24,0,130.0,0,1.0,289.97
SEC-BTE-MTJ,35.0,100.0,48.0,4.8,97.4,1.1,17,1,1.0,1.341,0,100.0,0,1.1,32.62
SEC-BTE-MTJ,35.0,100.0,48.0,4.8,45.0,10.8,21,3,1.076,1.195,1,45.0,0,10.8,64.42
SEC-GGC-BTE,120.0,110.0,98.0,9.4,109.5,0.3,3,6,1.203,1.013,0,110.0,0,0.3,85.3
SEC-BTE-MTJ,35.0,100.0,48.0,4.8,88.9,2.0,2,2,1.22,1.244,0,100.0,1,2.0,45.67
SEC-MTJ-AGC,54.0,120.0,45.0,4.2,97.2,3.5,8,0,1.0,1.3,0,120.0,0,3.5,38.8
SEC-KOTA-SWM,108.0,130.0,58.0,6.2,45.0,24.3,14,5,1.055,1.018,1,45.0,0,24.3,192.83
SEC-GGC-BTE,120.0,110.0,98.0,9.4,87.3,22.1,13,4,1.0,1.039,0,110.0,0,22.1,87.35
SEC-MTJ-AGC,54.0,120.0,45.0,4.2,98.9,3.1,18,3,1.0,1.177,0,120.0,0,3.1,35.42
SEC-SWM-GGC,64.0,120.0,48.0,5.1,114.1,1.3,13,2,1.0,1.183,0,120.0,0,1.3,34.79
SEC-NDLS-KOTA,465.0,130.0,275.0,14.5,103.5,6.1,22,1,1.0,1.102,0,130.0,0,6.1,292.9
SEC-BTE-MTJ,35.0,100.0,48.0,4.8,100.0,23.4,4,0,1.191,1.101,0,100.0,0,23.4,31.45
SEC-BTE-MTJ,35.0,100.0,48.0,4.8,81.8,7.8,7,5,1.0,1.165,0,100.0,0,7.8,24.29
SEC-KOTA-SWM,108.0,130.0,58.0,6.2,60.0,20.1,14,2,1.0,1.031,1,60.0,0,20.1,144.9
SEC-KOTA-SWM,108.0,130.0,58.0,6.2,118.4,13.7,0,4,1.0,1.082,0,130.0,0,13.7,55.03
SEC-MTJ-AGC,54.0,120.0,45.0,4.2,60.0,48.2,4,0,1.0,1.234,1,60.0,0,48.2,77.73
SEC-NDLS-KOTA,465.0,130.0,275.0,14.5,121.1,8.3,22,4,1.0,1.257,0,130.0,0,8.3,276.32
SEC-KOTA-SWM,108.0,130.0,58.0,6.2,99.6,19.5,21,3,1.0,1.064,0,130.0,0,19.5,89.18
SEC-BTE-MTJ,35.0,100.0,48.0,4.8,75.9,19.5,13,1,1.086,1.029,0,100.0,0,19.5,28.74
SEC-NDLS-KOTA,465.0,130.0,275.0,14.5,30.0,0.4,22,6,1.0,1.133,1,30.0,0,0.4,1027.52
SEC-MTJ-AGC,54.0,120.0,45.0,4.2,119.0,5.4,5,5,1.0,1.076,0,120.0,0,5.4,39.06
SEC-KOTA-SWM,108.0,130.0,58.0,6.2,121.6,13.2,0,5,1.281,1.119,0,130.0,0,13.2,75.19
SEC-GGC-BTE,120.0,110.0,98.0,9.4,102.7,3.0,18,5,1.3,1.368,0,110.0,0,3.0,100.4
SEC-KOTA-SWM,108.0,130.0,58.0,6.2,109.9,4.1,10,1,1.0,1.324,0,130.0,0,4.1,74.52
SEC-GGC-BTE,120.0,110.0,98.0,9.4,82.9,29.1,2,1,1.0,1.074,0,110.0,0,29.1,85.69
SEC-GGC-BTE,120.0,110.0,98.0,9.4,98.3,10.2,3,4,1.0,1.132,0,110.0,1,10.2,108.03
SEC-MTJ-AGC,54.0,120.0,45.0,4.2,96.0,10.5,11,0,1.0,1.306,0,120.0,0,10.5,72.16
SEC-GGC-BTE,120.0,110.0,98.0,9.4,91.4,22.7,9,0,1.124,1.297,0,110.0,0,22.7,126.24
SEC-MTJ-AGC,54.0,120.0,45.0,4.2,91.2,3.7,19,3,1.0,1.301,0,120.0,0,3.7,43.06
SEC-KOTA-SWM,108.0,130.0,58.0,6.2,106.8,8.7,19,2,1.0,1.259,0,130.0,0,8.7,80.55
SEC-KOTA-SWM,108.0,130.0,58.0,6.2,112.1,5.4,16,1,1.101,1.147,0,130.0,0,5.4,72.88
SEC-NDLS-KOTA,465.0,130.0,275.0,14.5,122.5,15.4,9,2,1.0,1.359,0,130.0,0,15.4,321.19
SEC-KOTA-SWM,108.0,130.0,58.0,6.2,114.0,3.5,19,1,1.172,1.344,0,130.0,0,3.5,86.07
SEC-BTE-MTJ,35.0,100.0,48.0,4.8,60.0,3.3,12,6,1.0,1.114,1,60.0,1,3.3,56.35
SEC-KOTA-SWM,108.0,130.0,58.0,6.2,97.8,6.1,7,6,1.0,1.074,0,130.0,1,6.1,73.73
SEC-GGC-BTE,120.0,110.0,98.0,9.4,102.0,0.3,21,5,1.094,1.372,0,110.0,0,0.3,105.77
SEC-MTJ-AGC,54.0,120.0,45.0,4.2,105.7,26.3,10,4,1.0,1.254,0,120.0,0,26.3,32.44
SEC-SWM-GGC,64.0,120.0,48.0,5.1,97.3,8.3,10,1,1.0,1.476,0,120.0,0,8.3,51.92
SEC-GGC-BTE,120.0,110.0,98.0,9.4,90.3,19.1,12,0,1.0,1.186,0,110.0,0,19.1,91.42
SEC-GGC-BTE,120.0,110.0,98.0,9.4,30.0,1.5,9,6,1.0,1.231,1,30.0,0,1.5,297.64
SEC-BTE-MTJ,35.0,100.0,48.0,4.8,80.8,56.8,23,4,1.0,1.053,0,100.0,0,56.8,25.39
SEC-SWM-GGC,64.0,120.0,48.0,5.1,117.4,22.1,12,1,1.0,1.044,0,120.0,0,22.1,41.52
SEC-BTE-MTJ,35.0,100.0,48.0,4.8,75.0,4.4,16,6,1.0,1.12,0,100.0,0,4.4,31.86
SEC-NDLS-KOTA,465.0,130.0,275.0,14.5,126.6,11.0,14,1,1.051,1.079,0,130.0,1,11.0,275.13
SEC-KOTA-SWM,108.0,130.0,58.0,6.2,45.0,25.9,18,5,1.0,1.117,1,45.0,0,25.9,183.78
SEC-NDLS-KOTA,465.0,130.0,275.0,14.5,127.6,2.5,7,5,1.078,1.278,0,130.0,0,2.5,316.29
SEC-KOTA-SWM,108.0,130.0,58.0,6.2,60.0,14.1,11,6,1.0,1.384,1,60.0,0,14.1,169.18
SEC-GGC-BTE,120.0,110.0,98.0,9.4,92.2,4.1,21,4,1.0,1.279,0,110.0,0,4.1,96.29
SEC-MTJ-AGC,54.0,120.0,45.0,4.2,45.0,8.9,23,2,1.0,1.026,1,45.0,0,8.9,84.49
SEC-KOTA-SWM,108.0,130.0,58.0,6.2,120.9,2.6,15,2,1.0,1.101,0,130.0,0,2.6,62.41
SEC-GGC-BTE,120.0,110.0,98.0,9.4,30.0,23.4,4,5,1.0,1.081,1,30.0,0,23.4,271.86
SEC-KOTA-SWM,108.0,130.0,58.0,6.2,121.1,5.6,17,2,1.0,1.345,0,130.0,0,5.6,53.12
SEC-MTJ-AGC,54.0,120.0,45.0,4.2,101.5,22.7,12,2,1.0,1.113,0,120.0,0,22.7,42.07
SEC-KOTA-SWM,108.0,130.0,58.0,6.2,123.4,3.4,2,4,1.111,1.093,0,130.0,0,3.4,70.86
SEC-GGC-BTE,120.0,110.0,98.0,9.4,101.0,2.0,3,0,1.0,1.166,0,110.0,0,2.0,94.4
SEC-NDLS-KOTA,465.0,130.0,275.0,14.5,116.6,5.2,7,3,1.0,1.051,0,130.0,0,5.2,243.79
SEC-NDLS-KOTA,465.0,130.0,275.0,14.5,119.9,6.6,21,4,1.103,1.154,0,130.0,0,6.6,295.79
SEC-BTE-MTJ,35.0,100.0,48.0,4.8,88.4,2.8,0,1,1.0,1.089,0,100.0,0,2.8,27.0
SEC-KOTA-SWM,108.0,130.0,58.0,6.2,45.0,4.8,20,0,1.0,1.295,1,45.0,0,4.8,198.32
SEC-MTJ-AGC,54.0,120.0,45.0,4.2,109.9,11.2,6,2,1.0,1.09,0,120.0,0,11.2,28.79
SEC-KOTA-SWM,108.0,130.0,58.0,6.2,60.0,18.6,19,4,1.0,1.166,1,60.0,0,18.6,125.83
SEC-GGC-BTE,120.0,110.0,98.0,9.4,83.7,0.7,16,4,1.0,1.17,0,110.0,0,0.7,112.19
SEC-NDLS-KOTA,465.0,130.0,275.0,14.5,30.0,9.2,4,0,1.0,1.172,1,30.0,0,9.2,1044.98
SEC-BTE-MTJ,35.0,100.0,48.0,4.8,76.9,6.2,3,6,1.0,1.102,0,100.0,0,6.2,21.6
SEC-MTJ-AGC,54.0,120.0,45.0,4.2,114.7,0.2,15,4,1.0,1.084,0,120.0,0,0.2,25.65
SEC-MTJ-AGC,54.0,120.0,45.0,4.2,91.6,1.4,7,5,1.0,1.002,0,120.0,0,1.4,41.15
SEC-GGC-BTE,120.0,110.0,98.0,9.4,102.1,11.8,4,3,1.0,1.083,0,110.0,0,11.8,62.18
SEC-KOTA-SWM,108.0,130.0,58.0,6.2,129.1,12.3,12,2,1.12,1.051,0,130.0,1,12.3,91.65
SEC-KOTA-SWM,108.0,130.0,58.0,6.2,104.4,5.4,1,3,1.0,1.093,0,130.0,0,5.4,67.6
SEC-KOTA-SWM,108.0,130.0,58.0,6.2,110.3,4.6,20,2,1.0,1.305,0,130.0,0,4.6,77.38
SEC-GGC-BTE,120.0,110.0,98.0,9.4,91.4,7.3,14,3,1.0,1.068,0,110.0,0,7.3,105.28
SEC-BTE-MTJ,35.0,100.0,48.0,4.8,76.8,5.6,6,1,1.0,1.052,0,100.0,0,5.6,27.3
SEC-MTJ-AGC,54.0,120.0,45.0,4.2,112.5,16.5,19,2,1.241,1.402,0,120.0,0,16.5,64.7
SEC-KOTA-SWM,108.0,130.0,58.0,6.2,117.9,14.8,12,1,1.0,1.033,0,130.0,0,14.8,54.25
SEC-BTE-MTJ,35.0,100.0,48.0,4.8,94.4,3.8,13,0,1.0,1.088,0,100.0,0,3.8,26.37
SEC-BTE-MTJ,35.0,100.0,48.0,4.8,30.0,11.2,13,1,1.22,1.126,1,30.0,0,11.2,108.42
SEC-SWM-GGC,64.0,120.0,48.0,5.1,45.0,35.5,23,5,1.0,1.126,1,45.0,0,35.5,106.6
SEC-SWM-GGC,64.0,120.0,48.0,5.1,45.0,0.5,14,1,1.12,1.087,1,45.0,0,0.5,107.52
SEC-BTE-MTJ,35.0,100.0,48.0,4.8,30.0,18.5,16,5,1.0,1.017,1,30.0,0,18.5,94.82
SEC-NDLS-KOTA,465.0,130.0,275.0,14.5,120.4,9.7,10,6,1.0,1.108,0,130.0,0,9.7,247.15
SEC-KOTA-SWM,108.0,130.0,58.0,6.2,113.5,4.6,9,6,1.0,1.131,0,130.0,0,4.6,70.18
SEC-GGC-BTE,120.0,110.0,98.0,9.4,98.3,13.8,15,2,1.0,1.159,0,110.0,0,13.8,81.29
SEC-KOTA-SWM,108.0,130.0,58.0,6.2,104.6,3.8,5,3,1.0,1.035,0,130.0,0,3.8,50.3
SEC-MTJ-AGC,54.0,120.0,45.0,4.2,100.9,12.4,15,5,1.165,1.117,0,120.0,0,12.4,34.53
SEC-MTJ-AGC,54.0,120.0,45.0,4.2,45.0,0.7,4,3,1.0,1.06,1,45.0,0,0.7,88.97
SEC-NDLS-KOTA,465.0,130.0,275.0,14.5,109.2,16.7,18,5,1.257,1.391,0,130.0,0,16.7,426.81
SEC-NDLS-KOTA,465.0,130.0,275.0,14.5,113.2,1.8,15,5,1.0,1.051,0,130.0,0,1.8,275.56
SEC-NDLS-KOTA,465.0,130.0,275.0,14.5,122.6,56.5,5,1,1.0,1.083,0,130.0,0,56.5,248.9
SEC-MTJ-AGC,54.0,120.0,45.0,4.2,92.6,1.8,6,5,1.0,1.028,0,120.0,0,1.8,37.33
SEC-BTE-MTJ,35.0,100.0,48.0,4.8,94.1,20.3,15,0,1.0,1.026,0,100.0,0,20.3,31.11
SEC-BTE-MTJ,35.0,100.0,48.0,4.8,45.0,22.6,8,4,1.201,1.18,1,45.0,0,22.6,89.29
SEC-SWM-GGC,64.0,120.0,48.0,5.1,103.3,3.6,8,3,1.157,1.326,0,120.0,0,3.6,55.42
SEC-MTJ-AGC,54.0,120.0,45.0,4.2,118.8,13.4,14,5,1.0,1.095,0,120.0,0,13.4,29.5
SEC-BTE-MTJ,35.0,100.0,48.0,4.8,83.5,3.9,0,5,1.0,1.114,0,100.0,0,3.9,29.8
SEC-GGC-BTE,120.0,110.0,98.0,9.4,91.5,3.9,1,5,1.0,1.085,0,110.0,0,3.9,92.1
SEC-GGC-BTE,120.0,110.0,98.0,9.4,104.1,1.1,13,5,1.0,1.047,0,110.0,0,1.1,73.83
SEC-GGC-BTE,120.0,110.0,98.0,9.4,107.1,2.7,9,2,1.0,1.203,0,110.0,0,2.7,88.63
SEC-SWM-GGC,64.0,120.0,48.0,5.1,30.0,2.2,16,0,1.0,1.079,1,30.0,0,2.2,161.6
SEC-NDLS-KOTA,465.0,130.0,275.0,14.5,121.7,8.5,4,4,1.094,1.074,0,130.0,0,8.5,241.87
SEC-NDLS-KOTA,465.0,130.0,275.0,14.5,123.5,11.7,23,6,1.0,1.261,0,130.0,1,11.7,268.57
SEC-GGC-BTE,120.0,110.0,98.0,9.4,89.1,7.1,20,6,1.0,1.394,0,110.0,0,7.1,92.15
SEC-KOTA-SWM,108.0,130.0,58.0,6.2,116.9,5.5,6,5,1.237,1.072,0,130.0,0,5.5,92.78
SEC-GGC-BTE,120.0,110.0,98.0,9.4,100.4,17.6,21,1,1.0,1.304,0,110.0,0,17.6,98.63
SEC-KOTA-SWM,108.0,130.0,58.0,6.2,109.1,0.8,22,3,1.0,1.162,0,130.0,0,0.8,73.5
SEC-NDLS-KOTA,465.0,130.0,275.0,14.5,30.0,11.9,14,1,1.0,1.051,1,30.0,0,11.9,1005.3
SEC-BTE-MTJ,35.0,100.0,48.0,4.8,79.5,2.9,6,5,1.0,1.04,0,100.0,0,2.9,24.86
SEC-KOTA-SWM,108.0,130.0,58.0,6.2,117.0,10.6,5,3,1.0,1.154,0,130.0,0,10.6,56.03
SEC-SWM-GGC,64.0,120.0,48.0,5.1,108.4,6.1,6,3,1.0,1.141,0,120.0,0,6.1,46.42
SEC-MTJ-AGC,54.0,120.0,45.0,4.2,30.0,6.1,8,2,1.077,1.074,1,30.0,0,6.1,146.9
SEC-NDLS-KOTA,465.0,130.0,275.0,14.5,60.0,0.2,19,6,1.137,1.266,1,60.0,0,0.2,645.13
SEC-MTJ-AGC,54.0,120.0,45.0,4.2,111.3,2.5,2,2,1.0,1.173,0,120.0,0,2.5,36.66
SEC-MTJ-AGC,54.0,120.0,45.0,4.2,113.9,1.1,2,4,1.0,1.119,0,120.0,0,1.1,28.39
SEC-GGC-BTE,120.0,110.0,98.0,9.4,98.9,11.1,11,3,1.0,1.061,0,110.0,0,11.1,81.91
SEC-KOTA-SWM,108.0,130.0,58.0,6.2,122.0,4.6,18,1,1.0,1.251,0,130.0,0,4.6,59.03
SEC-GGC-BTE,120.0,110.0,98.0,9.4,94.2,10.5,14,6,1.132,1.062,0,110.0,0,10.5,87.61
SEC-GGC-BTE,120.0,110.0,98.0,9.4,82.9,3.3,0,6,1.0,1.068,0,110.0,0,3.3,85.48
SEC-GGC-BTE,120.0,110.0,98.0,9.4,88.9,7.5,11,0,1.0,1.285,0,110.0,0,7.5,120.95
SEC-KOTA-SWM,108.0,130.0,58.0,6.2,99.8,9.6,6,0,1.0,1.085,0,130.0,0,9.6,86.95
SEC-GGC-BTE,120.0,110.0,98.0,9.4,98.9,1.2,12,1,1.0,1.067,0,110.0,0,1.2,66.92
SEC-GGC-BTE,120.0,110.0,98.0,9.4,104.1,59.3,19,5,1.0,1.314,0,110.0,0,59.3,75.19
SEC-SWM-GGC,64.0,120.0,48.0,5.1,96.8,10.2,3,0,1.286,1.163,0,120.0,0,10.2,67.27
SEC-BTE-MTJ,35.0,100.0,48.0,4.8,88.0,16.8,15,6,1.0,1.115,0,100.0,0,16.8,26.14
SEC-SWM-GGC,64.0,120.0,48.0,5.1,30.0,0.8,21,4,1.0,1.361,1,30.0,0,0.8,185.19
SEC-SWM-GGC,64.0,120.0,48.0,5.1,106.1,2.4,22,6,1.0,1.112,0,120.0,0,2.4,39.91
SEC-SWM-GGC,64.0,120.0,48.0,5.1,105.0,9.4,13,1,1.0,1.099,0,120.0,0,9.4,43.38
SEC-SWM-GGC,64.0,120.0,48.0,5.1,96.6,9.4,20,3,1.11,1.254,0,120.0,0,9.4,61.2
SEC-KOTA-SWM,108.0,130.0,58.0,6.2,129.0,8.0,4,2,1.053,1.18,0,130.0,0,8.0,55.8
SEC-BTE-MTJ,35.0,100.0,48.0,4.8,82.1,7.6,7,6,1.145,1.074,0,100.0,0,7.6,25.86
SEC-BTE-MTJ,35.0,100.0,48.0,4.8,99.7,3.9,3,3,1.148,1.17,0,100.0,1,3.9,40.5
SEC-BTE-MTJ,35.0,100.0,48.0,4.8,85.4,1.2,23,2,1.0,1.073,0,100.0,0,1.2,27.65
SEC-MTJ-AGC,54.0,120.0,45.0,4.2,30.0,17.2,4,2,1.081,1.281,1,30.0,0,17.2,159.5
SEC-BTE-MTJ,35.0,100.0,48.0,4.8,76.2,25.3,15,4,1.0,1.025,0,100.0,0,25.3,30.58
SEC-BTE-MTJ,35.0,100.0,48.0,4.8,93.4,9.8,6,6,1.134,1.103,0,100.0,0,9.8,29.67
SEC-SWM-GGC,64.0,120.0,48.0,5.1,111.2,8.6,23,0,1.0,1.034,0,120.0,0,8.6,30.4
SEC-GGC-BTE,120.0,110.0,98.0,9.4,45.0,15.8,13,5,1.071,1.087,1,45.0,0,15.8,205.78
SEC-MTJ-AGC,54.0,120.0,45.0,4.2,91.3,7.2,13,0,1.0,1.087,0,120.0,0,7.2,39.0
SEC-GGC-BTE,120.0,110.0,98.0,9.4,105.4,3.5,17,1,1.0,1.359,0,110.0,0,3.5,80.0
SEC-SWM-GGC,64.0,120.0,48.0,5.1,94.4,1.0,6,5,1.0,1.199,0,120.0,0,1.0,51.65
SEC-NDLS-KOTA,465.0,130.0,275.0,14.5,110.0,7.8,3,0,1.065,1.126,0,130.0,0,7.8,308.27
SEC-MTJ-AGC,54.0,120.0,45.0,4.2,97.8,1.3,12,4,1.0,1.1,0,120.0,0,1.3,38.33
SEC-BTE-MTJ,35.0,100.0,48.0,4.8,95.2,5.8,1,5,1.0,1.052,0,100.0,0,5.8,35.08
SEC-NDLS-KOTA,465.0,130.0,275.0,14.5,113.2,19.5,23,5,1.0,1.092,0,130.0,0,19.5,260.42
SEC-KOTA-SWM,108.0,130.0,58.0,6.2,116.9,0.7,22,1,1.0,1.044,0,130.0,0,0.7,58.24
SEC-SWM-GGC,64.0,120.0,48.0,5.1,45.0,6.7,2,3,1.0,1.119,1,45.0,0,6.7,114.82
SEC-KOTA-SWM,108.0,130.0,58.0,6.2,129.8,10.7,17,6,1.0,1.248,0,130.0,0,10.7,70.89
SEC-SWM-GGC,64.0,120.0,48.0,5.1,113.1,3.4,7,1,1.0,1.028,0,120.0,1,3.4,50.53
SEC-MTJ-AGC,54.0,120.0,45.0,4.2,104.9,27.6,7,3,1.0,1.077,0,120.0,0,27.6,34.38
SEC-BTE-MTJ,35.0,100.0,48.0,4.8,75.4,4.1,10,2,1.0,1.34,0,100.0,0,4.1,41.95
SEC-SWM-GGC,64.0,120.0,48.0,5.1,117.2,0.3,15,0,1.0,1.105,0,120.0,0,0.3,40.28
SEC-BTE-MTJ,35.0,100.0,48.0,4.8,92.1,5.2,1,1,1.0,1.115,0,100.0,0,5.2,35.88
SEC-SWM-GGC,64.0,120.0,48.0,5.1,111.4,3.8,16,6,1.0,1.162,0,120.0,0,3.8,42.6
SEC-MTJ-AGC,54.0,120.0,45.0,4.2,114.7,12.7,19,2,1.0,1.321,0,120.0,0,12.7,29.96
SEC-BTE-MTJ,35.0,100.0,48.0,4.8,96.5,4.7,8,2,1.0,1.363,0,100.0,0,4.7,45.65
SEC-GGC-BTE,120.0,110.0,98.0,9.4,93.6,2.0,0,3,1.0,1.062,0,110.0,0,2.0,86.05
SEC-KOTA-SWM,108.0,130.0,58.0,6.2,30.0,12.1,3,0,1.0,1.095,1,30.0,0,12.1,251.8
SEC-MTJ-AGC,54.0,120.0,45.0,4.2,101.9,10.0,9,6,1.0,1.078,0,120.0,0,10.0,30.7
SEC-GGC-BTE,120.0,110.0,98.0,9.4,99.1,21.6,1,5,1.0,1.078,0,110.0,0,21.6,82.84
SEC-SWM-GGC,64.0,120.0,48.0,5.1,119.1,5.0,0,1,1.063,1.093,0,120.0,0,5.0,40.85
SEC-GGC-BTE,120.0,110.0,98.0,9.4,87.8,1.3,23,2,1.0,1.096,0,110.0,0,1.3,100.84
SEC-GGC-BTE,120.0,110.0,98.0,9.4,86.3,16.7,17,4,1.0,1.077,0,110.0,0,16.7,88.16
SEC-NDLS-KOTA,465.0,130.0,275.0,14.5,45.0,34.0,0,4,1.0,1.064,1,45.0,0,34.0,713.32
SEC-BTE-MTJ,35.0,100.0,48.0,4.8,96.2,3.4,5,0,1.0,1.061,0,100.0,0,3.4,19.95
SEC-SWM-GGC,64.0,120.0,48.0,5.1,30.0,5.1,2,2,1.0,1.109,1,30.0,0,5.1,148.81
SEC-SWM-GGC,64.0,120.0,48.0,5.1,60.0,4.0,14,6,1.232,1.073,1,60.0,0,4.0,89.75
SEC-NDLS-KOTA,465.0,130.0,275.0,14.5,30.0,21.3,15,1,1.0,1.2,1,30.0,0,21.3,1109.96
SEC-SWM-GGC,64.0,120.0,48.0,5.1,97.7,8.0,8,0,1.0,1.14,0,120.0,0,8.0,41.81
SEC-NDLS-KOTA,465.0,130.0,275.0,14.5,45.0,6.3,12,5,1.0,1.059,1,45.0,0,6.3,672.8
SEC-NDLS-KOTA,465.0,130.0,275.0,14.5,128.4,7.0,18,0,1.0,1.245,0,130.0,0,7.0,210.62
SEC-MTJ-AGC,54.0,120.0,45.0,4.2,45.0,3.0,15,1,1.054,1.017,1,45.0,0,3.0,96.66
SEC-MTJ-AGC,54.0,120.0,45.0,4.2,102.1,2.1,14,6,1.0,1.086,0,120.0,0,2.1,38.04
SEC-GGC-BTE,120.0,110.0,98.0,9.4,98.4,1.8,17,5,1.0,1.078,0,110.0,0,1.8,63.26
SEC-SWM-GGC,64.0,120.0,48.0,5.1,114.6,26.8,2,4,1.0,1.192,0,120.0,0,26.8,46.89
SEC-MTJ-AGC,54.0,120.0,45.0,4.2,95.1,0.6,17,4,1.0,1.417,0,120.0,0,0.6,51.79
SEC-GGC-BTE,120.0,110.0,98.0,9.4,99.4,15.2,11,3,1.158,1.371,0,110.0,0,15.2,117.79
SEC-MTJ-AGC,54.0,120.0,45.0,4.2,90.1,22.1,17,3,1.0,1.444,0,120.0,0,22.1,46.07
SEC-SWM-GGC,64.0,120.0,48.0,5.1,90.1,8.2,20,3,1.0,1.111,0,120.0,0,8.2,40.55
SEC-SWM-GGC,64.0,120.0,48.0,5.1,45.0,25.9,16,6,1.181,1.043,1,45.0,0,25.9,123.7
SEC-BTE-MTJ,35.0,100.0,48.0,4.8,92.5,46.4,4,6,1.104,1.201,0,100.0,0,46.4,24.0
SEC-BTE-MTJ,35.0,100.0,48.0,4.8,96.9,0.4,17,0,1.0,1.239,0,100.0,0,0.4,24.36
SEC-KOTA-SWM,108.0,130.0,58.0,6.2,129.0,0.4,23,1,1.0,1.023,0,130.0,0,0.4,51.42
SEC-SWM-GGC,64.0,120.0,48.0,5.1,95.3,32.0,17,3,1.0,1.391,0,120.0,0,32.0,47.5
SEC-NDLS-KOTA,465.0,130.0,275.0,14.5,60.0,0.1,7,5,1.0,1.185,1,60.0,0,0.1,564.15
SEC-NDLS-KOTA,465.0,130.0,275.0,14.5,30.0,7.0,16,6,1.0,1.059,1,30.0,0,7.0,971.17
SEC-GGC-BTE,120.0,110.0,98.0,9.4,89.3,25.0,9,6,1.0,1.202,0,110.0,0,25.0,113.86
SEC-SWM-GGC,64.0,120.0,48.0,5.1,118.1,19.7,3,1,1.0,1.082,0,120.0,1,19.7,62.22
SEC-GGC-BTE,120.0,110.0,98.0,9.4,97.8,12.7,11,5,1.0,1.243,0,110.0,0,12.7,84.91
SEC-KOTA-SWM,108.0,130.0,58.0,6.2,117.9,3.3,9,3,1.0,1.357,0,130.0,0,3.3,73.91
SEC-MTJ-AGC,54.0,120.0,45.0,4.2,114.5,10.2,15,0,1.0,1.201,0,120.0,0,10.2,32.66
SEC-GGC-BTE,120.0,110.0,98.0,9.4,88.4,2.0,17,6,1.0,1.377,0,110.0,0,2.0,115.88
SEC-MTJ-AGC,54.0,120.0,45.0,4.2,94.5,19.3,15,0,1.0,1.104,0,120.0,0,19.3,52.24
SEC-NDLS-KOTA,465.0,130.0,275.0,14.5,128.9,7.0,2,1,1.0,1.204,0,130.0,0,7.0,237.4
SEC-MTJ-AGC,54.0,120.0,45.0,4.2,98.6,23.0,10,1,1.0,1.193,0,120.0,0,23.0,38.95
SEC-GGC-BTE,120.0,110.0,98.0,9.4,30.0,0.8,6,4,1.0,1.064,1,30.0,0,0.8,291.22
SEC-NDLS-KOTA,465.0,130.0,275.0,14.5,112.3,0.3,16,3,1.0,1.202,0,130.0,0,0.3,292.7
SEC-BTE-MTJ,35.0,100.0,48.0,4.8,94.7,6.6,20,5,1.0,1.385,0,100.0,0,6.6,32.38
SEC-GGC-BTE,120.0,110.0,98.0,9.4,87.9,0.7,9,6,1.0,1.374,0,110.0,0,0.7,116.27
SEC-KOTA-SWM,108.0,130.0,58.0,6.2,124.1,18.7,2,1,1.0,1.206,0,130.0,0,18.7,66.69
SEC-KOTA-SWM,108.0,130.0,58.0,6.2,98.0,2.5,12,0,1.0,1.188,0,130.0,0,2.5,69.52
SEC-GGC-BTE,120.0,110.0,98.0,9.4,98.4,12.3,7,5,1.0,1.027,0,110.0,0,12.3,81.23
SEC-KOTA-SWM,108.0,130.0,58.0,6.2,128.7,8.0,4,5,1.22,1.106,0,130.0,1,8.0,90.87
SEC-MTJ-AGC,54.0,120.0,45.0,4.2,108.0,4.8,13,0,1.0,1.119,0,120.0,0,4.8,43.46
SEC-GGC-BTE,120.0,110.0,98.0,9.4,83.7,2.9,15,0,1.0,1.047,0,110.0,0,2.9,88.68
SEC-SWM-GGC,64.0,120.0,48.0,5.1,113.7,24.4,21,2,1.0,1.418,0,120.0,0,24.4,48.41
SEC-NDLS-KOTA,465.0,130.0,275.0,14.5,104.0,2.2,5,0,1.0,1.06,0,130.0,0,2.2,294.64
SEC-SWM-GGC,64.0,120.0,48.0,5.1,102.6,0.6,17,2,1.0,1.307,0,120.0,0,0.6,43.24
SEC-NDLS-KOTA,465.0,130.0,275.0,14.5,30.0,7.7,17,0,1.0,1.359,1,30.0,0,7.7,1207.59
SEC-SWM-GGC,64.0,120.0,48.0,5.1,60.0,7.2,1,4,1.073,1.043,1,60.0,0,7.2,81.29
SEC-SWM-GGC,64.0,120.0,48.0,5.1,103.2,0.1,4,2,1.292,1.18,0,120.0,0,0.1,65.1
SEC-GGC-BTE,120.0,110.0,98.0,9.4,60.0,15.3,15,3,1.0,1.086,1,60.0,0,15.3,141.87
SEC-KOTA-SWM,108.0,130.0,58.0,6.2,30.0,3.2,21,1,1.147,1.315,1,30.0,0,3.2,330.7
SEC-NDLS-KOTA,465.0,130.0,275.0,14.5,129.9,12.0,18,1,1.0,1.118,0,130.0,0,12.0,237.14
SEC-KOTA-SWM,108.0,130.0,58.0,6.2,125.6,2.4,8,3,1.0,1.364,0,130.0,0,2.4,70.81
SEC-NDLS-KOTA,465.0,130.0,275.0,14.5,99.1,12.9,6,5,1.0,1.039,0,130.0,0,12.9,283.37
SEC-KOTA-SWM,108.0,130.0,58.0,6.2,107.5,3.4,23,1,1.0,1.059,0,130.0,0,3.4,60.66
SEC-MTJ-AGC,54.0,120.0,45.0,4.2,114.3,8.2,5,1,1.0,1.07,0,120.0,0,8.2,30.69
SEC-NDLS-KOTA,465.0,130.0,275.0,14.5,125.6,9.0,13,0,1.0,1.106,0,130.0,0,9.0,221.25
SEC-NDLS-KOTA,465.0,130.0,275.0,14.5,110.8,0.3,11,2,1.0,1.321,0,130.0,0,0.3,343.46
SEC-SWM-GGC,64.0,120.0,48.0,5.1,117.2,41.5,17,4,1.0,1.207,0,120.0,0,41.5,37.77
SEC-MTJ-AGC,54.0,120.0,45.0,4.2,103.5,30.8,18,5,1.0,1.273,0,120.0,0,30.8,39.15
SEC-SWM-GGC,64.0,120.0,48.0,5.1,90.3,11.7,2,5,1.0,1.114,0,120.0,0,11.7,38.44
SEC-SWM-GGC,64.0,120.0,48.0,5.1,118.2,29.8,20,2,1.225,1.151,0,120.0,0,29.8,46.19
SEC-SWM-GGC,64.0,120.0,48.0,5.1,98.2,4.5,7,4,1.0,1.137,0,120.0,0,4.5,45.65
SEC-MTJ-AGC,54.0,120.0,45.0,4.2,111.0,5.0,13,2,1.0,1.103,0,120.0,0,5.0,31.67
SEC-KOTA-SWM,108.0,130.0,58.0,6.2,116.7,10.0,22,2,1.0,1.08,0,130.0,0,10.0,58.41
SEC-KOTA-SWM,108.0,130.0,58.0,6.2,60.0,3.2,14,4,1.0,1.169,1,60.0,0,3.2,145.12
SEC-KOTA-SWM,108.0,130.0,58.0,6.2,105.9,1.0,19,6,1.0,1.318,0,130.0,0,1.0,76.68
SEC-SWM-GGC,64.0,120.0,48.0,5.1,102.4,4.0,7,3,1.0,1.052,0,120.0,0,4.0,30.4
SEC-KOTA-SWM,108.0,130.0,58.0,6.2,45.0,1.1,8,4,1.0,1.36,1,45.0,0,1.1,210.47
SEC-NDLS-KOTA,465.0,130.0,275.0,14.5,101.9,4.2,2,1,1.126,1.146,0,130.0,0,4.2,325.68
SEC-BTE-MTJ,35.0,100.0,48.0,4.8,85.1,23.6,18,6,1.0,1.293,0,100.0,0,23.6,36.55
SEC-GGC-BTE,120.0,110.0,98.0,9.4,97.1,0.6,19,0,1.0,1.409,0,110.0,0,0.6,103.34
SEC-SWM-GGC,64.0,120.0,48.0,5.1,106.7,18.2,1,0,1.15,1.015,0,120.0,0,18.2,49.32
SEC-MTJ-AGC,54.0,120.0,45.0,4.2,91.9,5.2,21,3,1.0,1.253,0,120.0,0,5.2,46.83
SEC-SWM-GGC,64.0,120.0,48.0,5.1,113.2,7.9,19,5,1.0,1.201,0,120.0,0,7.9,35.23
SEC-BTE-MTJ,35.0,100.0,48.0,4.8,80.3,10.2,8,4,1.0,1.345,0,100.0,1,10.2,55.83
SEC-KOTA-SWM,108.0,130.0,58.0,6.2,97.6,18.6,5,6,1.208,1.072,0,130.0,0,18.6,95.49
SEC-BTE-MTJ,35.0,100.0,48.0,4.8,96.2,0.1,23,4,1.245,1.099,0,100.0,0,0.1,39.09
SEC-GGC-BTE,120.0,110.0,98.0,9.4,30.0,19.5,7,1,1.0,1.127,1,30.0,0,19.5,302.06
SEC-MTJ-AGC,54.0,120.0,45.0,4.2,119.9,0.2,9,3,1.0,1.264,0,120.0,0,0.2,36.44
SEC-NDLS-KOTA,465.0,130.0,275.0,14.5,107.2,15.1,2,3,1.0,1.141,0,130.0,0,15.1,266.08
SEC-GGC-BTE,120.0,110.0,98.0,9.4,91.0,16.3,0,4,1.104,1.01,0,110.0,0,16.3,83.95
SEC-SWM-GGC,64.0,120.0,48.0,5.1,117.1,3.6,10,0,1.0,1.302,0,120.0,0,3.6,44.88
SEC-SWM-GGC,64.0,120.0,48.0,5.1,94.0,0.3,4,5,1.0,1.058,0,120.0,0,0.3,57.81
SEC-GGC-BTE,120.0,110.0,98.0,9.4,107.6,3.0,6,1,1.0,1.102,0,110.0,0,3.0,72.33
SEC-KOTA-SWM,108.0,130.0,58.0,6.2,115.4,33.5,12,4,1.115,1.037,0,130.0,0,33.5,51.57
SEC-NDLS-KOTA,465.0,130.0,275.0,14.5,127.9,22.5,14,5,1.122,1.131,0,130.0,0,22.5,282.48
SEC-MTJ-AGC,54.0,120.0,45.0,4.2,97.9,11.8,14,3,1.0,1.103,0,120.0,0,11.8,35.97
SEC-SWM-GGC,64.0,120.0,48.0,5.1,116.5,3.0,15,1,1.0,1.105,0,120.0,0,3.0,44.28
SEC-KOTA-SWM,108.0,130.0,58.0,6.2,113.2,9.2,1,3,1.0,1.067,0,130.0,1,9.2,70.34
SEC-NDLS-KOTA,465.0,130.0,275.0,14.5,125.1,9.2,19,5,1.0,1.247,0,130.0,0,9.2,249.43
SEC-KOTA-SWM,108.0,130.0,58.0,6.2,125.5,6.7,9,1,1.123,1.199,0,130.0,0,6.7,72.1
SEC-SWM-GGC,64.0,120.0,48.0,5.1,107.1,4.4,5,4,1.0,1.067,0,120.0,0,4.4,32.15
SEC-MTJ-AGC,54.0,120.0,45.0,4.2,112.4,4.8,5,2,1.0,1.067,0,120.0,0,4.8,26.39
SEC-KOTA-SWM,108.0,130.0,58.0,6.2,103.2,19.9,19,5,1.0,1.26,0,130.0,0,19.9,76.94
SEC-GGC-BTE,120.0,110.0,98.0,9.4,60.0,9.8,17,6,1.0,1.509,1,60.0,0,9.8,171.61
SEC-NDLS-KOTA,465.0,130.0,275.0,14.5,117.1,2.0,10,6,1.0,1.257,0,130.0,0,2.0,288.22
SEC-NDLS-KOTA,465.0,130.0,275.0,14.5,129.2,39.5,12,1,1.0,1.174,0,130.0,0,39.5,251.51
SEC-SWM-GGC,64.0,120.0,48.0,5.1,117.5,12.0,18,6,1.0,1.365,0,120.0,0,12.0,42.53
SEC-KOTA-SWM,108.0,130.0,58.0,6.2,45.0,8.5,5,5,1.0,1.047,1,45.0,0,8.5,169.55
SEC-BTE-MTJ,35.0,100.0,48.0,4.8,77.6,13.2,15,5,1.123,1.067,0,100.0,0,13.2,30.49
SEC-GGC-BTE,120.0,110.0,98.0,9.4,96.2,2.7,20,4,1.0,1.191,0,110.0,0,2.7,86.87
SEC-SWM-GGC,64.0,120.0,48.0,5.1,92.6,14.2,16,3,1.0,1.126,0,120.0,0,14.2,56.3
SEC-NDLS-KOTA,465.0,130.0,275.0,14.5,45.0,0.6,19,2,1.127,1.163,1,45.0,0,0.6,811.73
SEC-NDLS-KOTA,465.0,130.0,275.0,14.5,45.0,11.0,10,3,1.0,1.301,1,45.0,0,11.0,798.5
SEC-GGC-BTE,120.0,110.0,98.0,9.4,45.0,17.1,18,6,1.121,1.316,1,45.0,0,17.1,238.37
SEC-GGC-BTE,120.0,110.0,98.0,9.4,92.9,3.3,8,3,1.0,1.09,0,110.0,0,3.3,94.23
SEC-KOTA-SWM,108.0,130.0,58.0,6.2,60.0,3.7,13,0,1.0,1.189,1,60.0,0,3.7,142.33
SEC-NDLS-KOTA,465.0,130.0,275.0,14.5,113.5,3.4,11,3,1.181,1.368,0,130.0,0,3.4,389.2
SEC-SWM-GGC,64.0,120.0,48.0,5.1,109.3,7.0,11,6,1.0,1.197,0,120.0,0,7.0,43.26
SEC-GGC-BTE,120.0,110.0,98.0,9.4,91.6,6.2,2,2,1.0,1.082,0,110.0,0,6.2,74.08
SEC-NDLS-KOTA,465.0,130.0,275.0,14.5,115.7,0.5,4,5,1.0,1.173,0,130.0,1,0.5,263.52
SEC-BTE-MTJ,35.0,100.0,48.0,4.8,98.9,4.5,11,0,1.0,1.122,0,100.0,0,4.5,27.38
SEC-SWM-GGC,64.0,120.0,48.0,5.1,102.1,14.9,9,2,1.0,1.047,0,120.0,0,14.9,34.45
SEC-GGC-BTE,120.0,110.0,98.0,9.4,109.6,7.3,13,6,1.0,1.1,0,110.0,0,7.3,85.76
SEC-BTE-MTJ,35.0,100.0,48.0,4.8,89.0,13.1,2,1,1.292,1.078,0,100.0,0,13.1,33.5
SEC-MTJ-AGC,54.0,120.0,45.0,4.2,115.1,3.1,20,2,1.0,1.306,0,120.0,0,3.1,31.47
SEC-SWM-GGC,64.0,120.0,48.0,5.1,102.9,9.1,12,1,1.0,1.135,0,120.0,0,9.1,44.05
SEC-BTE-MTJ,35.0,100.0,48.0,4.8,89.9,1.0,6,3,1.107,1.071,0,100.0,0,1.0,25.92
SEC-KOTA-SWM,108.0,130.0,58.0,6.2,60.0,13.8,0,0,1.0,1.074,1,60.0,0,13.8,115.16
SEC-GGC-BTE,120.0,110.0,98.0,9.4,45.0,5.4,5,5,1.0,1.029,1,45.0,0,5.4,162.85
SEC-MTJ-AGC,54.0,120.0,45.0,4.2,105.9,0.6,11,6,1.0,1.267,0,120.0,0,0.6,32.31
SEC-MTJ-AGC,54.0,120.0,45.0,4.2,93.4,7.2,10,5,1.0,1.271,0,120.0,0,7.2,50.91
SEC-BTE-MTJ,35.0,100.0,48.0,4.8,77.9,7.1,16,5,1.0,1.135,0,100.0,0,7.1,22.91
SEC-NDLS-KOTA,465.0,130.0,275.0,14.5,100.1,6.3,13,3,1.0,1.152,0,130.0,0,6.3,330.06
SEC-GGC-BTE,120.0,110.0,98.0,9.4,106.2,12.0,1,4,1.0,1.167,0,110.0,0,12.0,69.23
SEC-KOTA-SWM,108.0,130.0,58.0,6.2,30.0,19.7,7,1,1.0,1.135,1,30.0,0,19.7,254.37
SEC-GGC-BTE,120.0,110.0,98.0,9.4,30.0,8.8,13,4,1.0,1.199,1,30.0,0,8.8,283.25
SEC-MTJ-AGC,54.0,120.0,45.0,4.2,114.2,1.6,2,6,1.0,1.187,0,120.0,0,1.6,31.67
SEC-KOTA-SWM,108.0,130.0,58.0,6.2,120.8,3.3,13,3,1.222,1.091,0,130.0,0,3.3,72.36
SEC-GGC-BTE,120.0,110.0,98.0,9.4,85.5,18.8,15,3,1.0,1.171,0,110.0,0,18.8,104.5
SEC-KOTA-SWM,108.0,130.0,58.0,6.2,125.3,8.2,10,1,1.0,1.211,0,130.0,0,8.2,69.98
SEC-NDLS-KOTA,465.0,130.0,275.0,14.5,99.9,42.3,23,0,1.0,1.129,0,130.0,0,42.3,313.96
SEC-MTJ-AGC,54.0,120.0,45.0,4.2,30.0,9.4,20,1,1.252,1.132,1,30.0,1,9.4,177.77
SEC-SWM-GGC,64.0,120.0,48.0,5.1,117.6,3.5,21,5,1.241,1.3,0,120.0,0,3.5,49.22
SEC-KOTA-SWM,108.0,130.0,58.0,6.2,112.4,2.7,9,2,1.0,1.134,0,130.0,1,2.7,92.75
SEC-NDLS-KOTA,465.0,130.0,275.0,14.5,118.5,6.4,6,6,1.0,1.088,0,130.0,0,6.4,262.0
SEC-BTE-MTJ,35.0,100.0,48.0,4.8,60.0,8.3,9,4,1.087,1.235,1,60.0,0,8.3,58.28
SEC-BTE-MTJ,35.0,100.0,48.0,4.8,94.9,7.5,8,1,1.0,1.421,0,100.0,1,7.5,53.21
SEC-MTJ-AGC,54.0,120.0,45.0,4.2,101.5,1.8,9,0,1.0,1.316,0,120.0,0,1.8,44.56
SEC-GGC-BTE,120.0,110.0,98.0,9.4,87.0,1.6,11,4,1.0,1.35,0,110.0,0,1.6,122.22
SEC-KOTA-SWM,108.0,130.0,58.0,6.2,111.4,25.3,9,5,1.0,1.204,0,130.0,0,25.3,77.94
SEC-BTE-MTJ,35.0,100.0,48.0,4.8,98.0,19.3,3,1,1.0,1.088,0,100.0,0,19.3,33.93
SEC-MTJ-AGC,54.0,120.0,45.0,4.2,100.1,18.9,10,4,1.0,1.284,0,120.0,0,18.9,32.58
SEC-MTJ-AGC,54.0,120.0,45.0,4.2,117.3,5.9,17,5,1.0,1.418,0,120.0,0,5.9,40.1
SEC-NDLS-KOTA,465.0,130.0,275.0,14.5,116.7,9.1,11,1,1.0,1.079,0,130.0,1,9.1,298.91
SEC-SWM-GGC,64.0,120.0,48.0,5.1,105.7,0.7,12,1,1.088,1.12,0,120.0,0,0.7,37.61
SEC-SWM-GGC,64.0,120.0,48.0,5.1,116.9,36.6,14,1,1.143,1.121,0,120.0,0,36.6,45.51
SEC-BTE-MTJ,35.0,100.0,48.0,4.8,87.5,32.8,22,1,1.0,1.092,0,100.0,0,32.8,28.68
SEC-SWM-GGC,64.0,120.0,48.0,5.1,95.2,2.4,4,0,1.081,1.141,0,120.0,0,2.4,43.5
SEC-KOTA-SWM,108.0,130.0,58.0,6.2,108.8,35.6,23,1,1.0,1.134,0,130.0,0,35.6,64.48
SEC-SWM-GGC,64.0,120.0,48.0,5.1,95.0,32.3,10,0,1.0,1.048,0,120.0,0,32.3,52.99
SEC-MTJ-AGC,54.0,120.0,45.0,4.2,105.7,6.7,21,6,1.0,1.442,0,120.0,0,6.7,47.35
SEC-BTE-MTJ,35.0,100.0,48.0,4.8,76.3,2.5,19,4,1.0,1.28,0,100.0,0,2.5,37.72
SEC-MTJ-AGC,54.0,120.0,45.0,4.2,100.2,6.5,18,4,1.0,1.365,0,120.0,0,6.5,43.75
SEC-NDLS-KOTA,465.0,130.0,275.0,14.5,105.5,11.8,13,4,1.0,1.171,0,130.0,0,11.8,269.62
SEC-GGC-BTE,120.0,110.0,98.0,9.4,99.7,4.9,19,4,1.0,1.151,0,110.0,0,4.9,68.63
SEC-SWM-GGC,64.0,120.0,48.0,5.1,107.3,3.3,20,6,1.0,1.28,0,120.0,0,3.3,40.08
SEC-SWM-GGC,64.0,120.0,48.0,5.1,91.8,28.9,0,4,1.0,1.214,0,120.0,0,28.9,56.8
SEC-NDLS-KOTA,465.0,130.0,275.0,14.5,109.2,5.4,2,6,1.062,1.178,0,130.0,0,5.4,325.42
SEC-NDLS-KOTA,465.0,130.0,275.0,14.5,123.0,12.3,16,6,1.288,1.037,0,130.0,0,12.3,294.54
SEC-BTE-MTJ,35.0,100.0,48.0,4.8,94.6,0.5,21,0,1.0,1.104,0,100.0,0,0.5,26.77
SEC-NDLS-KOTA,465.0,130.0,275.0,14.5,120.3,0.2,7,3,1.0,1.071,0,130.0,0,0.2,267.43
SEC-MTJ-AGC,54.0,120.0,45.0,4.2,107.2,26.8,13,0,1.0,1.064,0,120.0,0,26.8,44.28
SEC-MTJ-AGC,54.0,120.0,45.0,4.2,114.7,18.3,8,1,1.0,1.076,0,120.0,0,18.3,38.16
SEC-KOTA-SWM,108.0,130.0,58.0,6.2,121.9,1.7,11,0,1.062,1.339,0,130.0,0,1.7,77.66
SEC-MTJ-AGC,54.0,120.0,45.0,4.2,100.4,4.8,2,0,1.26,1.099,0,120.0,0,4.8,45.48
SEC-KOTA-SWM,108.0,130.0,58.0,6.2,111.6,12.8,2,6,1.074,1.197,0,130.0,0,12.8,68.71
SEC-GGC-BTE,120.0,110.0,98.0,9.4,99.4,8.3,10,0,1.0,1.099,0,110.0,0,8.3,65.99
SEC-GGC-BTE,120.0,110.0,98.0,9.4,30.0,14.7,21,4,1.0,1.285,1,30.0,0,14.7,316.05
SEC-KOTA-SWM,108.0,130.0,58.0,6.2,102.1,0.2,17,2,1.0,1.195,0,130.0,0,0.2,66.25
SEC-NDLS-KOTA,465.0,130.0,275.0,14.5,60.0,1.4,2,1,1.0,1.079,1,60.0,0,1.4,519.51
SEC-MTJ-AGC,54.0,120.0,45.0,4.2,108.2,6.3,11,0,1.0,1.091,0,120.0,0,6.3,33.71
SEC-BTE-MTJ,35.0,100.0,48.0,4.8,95.4,19.4,12,1,1.0,1.149,0,100.0,0,19.4,23.88
SEC-MTJ-AGC,54.0,120.0,45.0,4.2,90.3,27.9,7,6,1.0,1.018,0,120.0,0,27.9,31.71
SEC-MTJ-AGC,54.0,120.0,45.0,4.2,30.0,37.4,11,1,1.139,1.235,1,30.0,1,37.4,171.3
SEC-SWM-GGC,64.0,120.0,48.0,5.1,92.3,8.1,20,2,1.0,1.282,0,120.0,0,8.1,49.84
SEC-NDLS-KOTA,465.0,130.0,275.0,14.5,129.8,1.6,4,6,1.0,1.093,0,130.0,0,1.6,247.43
SEC-GGC-BTE,120.0,110.0,98.0,9.4,99.4,9.4,15,4,1.158,1.231,0,110.0,0,9.4,97.63
SEC-NDLS-KOTA,465.0,130.0,275.0,14.5,126.8,0.5,20,2,1.0,1.284,0,130.0,0,0.5,275.48
SEC-NDLS-KOTA,465.0,130.0,275.0,14.5,103.2,2.7,1,2,1.0,1.119,0,130.0,0,2.7,281.74
SEC-KOTA-SWM,108.0,130.0,58.0,6.2,128.0,3.2,8,2,1.109,1.259,0,130.0,0,3.2,66.04
SEC-GGC-BTE,120.0,110.0,98.0,9.4,45.0,33.2,9,5,1.0,1.225,1,45.0,0,33.2,214.33
SEC-BTE-MTJ,35.0,100.0,48.0,4.8,85.8,2.6,19,4,1.132,1.106,0,100.0,1,2.6,42.17
SEC-SWM-GGC,64.0,120.0,48.0,5.1,109.5,11.0,10,0,1.0,1.213,0,120.0,0,11.0,38.9
SEC-SWM-GGC,64.0,120.0,48.0,5.1,102.7,13.8,9,6,1.137,1.254,0,120.0,0,13.8,58.72
SEC-MTJ-AGC,54.0,120.0,45.0,4.2,110.0,9.7,17,4,1.086,1.305,0,120.0,0,9.7,36.47
SEC-NDLS-KOTA,465.0,130.0,275.0,14.5,108.8,21.1,12,6,1.222,1.153,0,130.0,0,21.1,371.41
SEC-MTJ-AGC,54.0,120.0,45.0,4.2,92.2,13.8,1,1,1.0,1.046,0,120.0,0,13.8,47.84
SEC-GGC-BTE,120.0,110.0,98.0,9.4,102.8,9.5,1,3,1.111,1.047,0,110.0,0,9.5,99.49
SEC-BTE-MTJ,35.0,100.0,48.0,4.8,98.5,22.2,7,0,1.0,1.132,0,100.0,0,22.2,33.9
SEC-NDLS-KOTA,465.0,130.0,275.0,14.5,60.0,16.8,15,1,1.0,1.103,1,60.0,0,16.8,522.26
SEC-GGC-BTE,120.0,110.0,98.0,9.4,102.1,21.7,0,5,1.0,1.067,0,110.0,0,21.7,90.84
SEC-BTE-MTJ,35.0,100.0,48.0,4.8,92.5,4.1,7,0,1.0,1.112,0,100.0,0,4.1,33.48
SEC-SWM-GGC,64.0,120.0,48.0,5.1,110.1,8.3,11,1,1.0,1.039,0,120.0,0,8.3,34.84
SEC-KOTA-SWM,108.0,130.0,58.0,6.2,114.0,2.5,19,6,1.099,1.1,0,130.0,0,2.5,71.48
SEC-NDLS-KOTA,465.0,130.0,275.0,14.5,124.4,37.2,3,3,1.0,1.107,0,130.0,0,37.2,232.75
SEC-BTE-MTJ,35.0,100.0,48.0,4.8,91.7,1.7,3,5,1.0,1.053,0,100.0,0,1.7,22.28
SEC-NDLS-KOTA,465.0,130.0,275.0,14.5,30.0,7.0,23,0,1.0,1.035,1,30.0,0,7.0,972.21
SEC-NDLS-KOTA,465.0,130.0,275.0,14.5,107.7,1.4,20,1,1.0,1.282,0,130.0,1,1.4,349.49
SEC-KOTA-SWM,108.0,130.0,58.0,6.2,112.8,0.6,14,1,1.0,1.012,0,130.0,0,0.6,53.17
SEC-GGC-BTE,120.0,110.0,98.0,9.4,96.7,41.5,12,5,1.0,1.118,0,110.0,0,41.5,84.84
SEC-GGC-BTE,120.0,110.0,98.0,9.4,104.0,35.1,11,1,1.085,1.255,0,110.0,0,35.1,94.84
SEC-GGC-BTE,120.0,110.0,98.0,9.4,106.5,15.1,1,2,1.0,1.054,0,110.0,1,15.1,85.88
SEC-GGC-BTE,120.0,110.0,98.0,9.4,45.0,1.7,16,2,1.0,1.136,1,45.0,0,1.7,205.51
SEC-GGC-BTE,120.0,110.0,98.0,9.4,102.7,12.6,0,3,1.058,1.112,0,110.0,0,12.6,89.82
SEC-MTJ-AGC,54.0,120.0,45.0,4.2,117.2,8.0,7,3,1.0,1.015,0,120.0,0,8.0,25.65
SEC-SWM-GGC,64.0,120.0,48.0,5.1,100.2,7.8,5,3,1.0,1.085,0,120.0,1,7.8,54.67
SEC-GGC-BTE,120.0,110.0,98.0,9.4,95.2,1.7,12,1,1.22,1.131,0,110.0,0,1.7,95.15
SEC-SWM-GGC,64.0,120.0,48.0,5.1,108.3,10.9,23,2,1.0,1.091,0,120.0,0,10.9,36.9
SEC-SWM-GGC,64.0,120.0,48.0,5.1,117.5,14.7,23,3,1.0,1.062,0,120.0,0,14.7,30.4
SEC-SWM-GGC,64.0,120.0,48.0,5.1,109.0,0.1,8,6,1.0,1.218,0,120.0,0,0.1,46.57
SEC-BTE-MTJ,35.0,100.0,48.0,4.8,86.3,5.7,16,1,1.0,1.109,0,100.0,1,5.7,43.86
SEC-SWM-GGC,64.0,120.0,48.0,5.1,93.1,4.0,22,6,1.0,1.226,0,120.0,1,4.0,66.72
SEC-NDLS-KOTA,465.0,130.0,275.0,14.5,123.0,26.1,23,2,1.0,1.047,0,130.0,0,26.1,250.96
SEC-GGC-BTE,120.0,110.0,98.0,9.4,104.6,0.1,21,6,1.193,1.228,0,110.0,0,0.1,101.28
SEC-BTE-MTJ,35.0,100.0,48.0,4.8,94.9,3.6,6,1,1.0,1.094,0,100.0,0,3.6,36.98
SEC-BTE-MTJ,35.0,100.0,48.0,4.8,87.7,1.5,10,3,1.0,1.466,0,100.0,1,1.5,47.14
SEC-BTE-MTJ,35.0,100.0,48.0,4.8,45.0,9.7,4,1,1.0,1.061,1,45.0,0,9.7,59.53
SEC-NDLS-KOTA,465.0,130.0,275.0,14.5,98.9,13.3,3,5,1.164,1.091,0,130.0,0,13.3,332.2
SEC-KOTA-SWM,108.0,130.0,58.0,6.2,125.1,3.0,6,2,1.0,1.027,0,130.0,0,3.0,55.07
SEC-SWM-GGC,64.0,120.0,48.0,5.1,94.4,2.7,20,4,1.128,1.098,0,120.0,1,2.7,56.63
SEC-BTE-MTJ,35.0,100.0,48.0,4.8,89.4,14.4,3,0,1.105,1.262,0,100.0,0,14.4,25.73
SEC-KOTA-SWM,108.0,130.0,58.0,6.2,118.7,13.1,1,3,1.0,1.06,0,130.0,0,13.1,64.36
SEC-NDLS-KOTA,465.0,130.0,275.0,14.5,117.4,15.1,15,6,1.3,1.058,0,130.0,0,15.1,359.23
SEC-KOTA-SWM,108.0,130.0,58.0,6.2,105.3,14.3,18,2,1.0,1.311,0,130.0,0,14.3,68.81
SEC-BTE-MTJ,35.0,100.0,48.0,4.8,60.0,26.0,22,1,1.0,1.186,1,60.0,0,26.0,45.02
SEC-KOTA-SWM,108.0,130.0,58.0,6.2,30.0,5.3,7,5,1.0,1.236,1,30.0,0,5.3,269.26
SEC-NDLS-KOTA,465.0,130.0,275.0,14.5,30.0,22.9,21,3,1.0,1.157,1,30.0,0,22.9,1055.84
SEC-SWM-GGC,64.0,120.0,48.0,5.1,30.0,6.9,21,3,1.0,1.146,1,30.0,0,6.9,156.53
SEC-SWM-GGC,64.0,120.0,48.0,5.1,107.6,3.9,1,4,1.0,1.116,0,120.0,0,3.9,38.55
SEC-KOTA-SWM,108.0,130.0,58.0,6.2,30.0,18.8,6,0,1.0,1.227,1,30.0,0,18.8,282.22
SEC-MTJ-AGC,54.0,120.0,45.0,4.2,99.1,0.6,17,5,1.0,1.47,0,120.0,0,0.6,44.65
SEC-BTE-MTJ,35.0,100.0,48.0,4.8,96.1,7.7,10,3,1.0,1.349,0,100.0,0,7.7,30.63
SEC-GGC-BTE,120.0,110.0,98.0,9.4,105.1,13.1,13,1,1.0,1.042,0,110.0,0,13.1,62.18
SEC-KOTA-SWM,108.0,130.0,58.0,6.2,45.0,11.1,23,6,1.063,1.085,1,45.0,0,11.1,176.97
SEC-GGC-BTE,120.0,110.0,98.0,9.4,90.2,2.0,2,6,1.0,1.07,0,110.0,0,2.0,93.78
SEC-MTJ-AGC,54.0,120.0,45.0,4.2,45.0,7.5,22,4,1.299,1.109,1,45.0,0,7.5,115.26
SEC-MTJ-AGC,54.0,120.0,45.0,4.2,112.0,10.5,23,6,1.0,1.127,0,120.0,0,10.5,37.37
SEC-KOTA-SWM,108.0,130.0,58.0,6.2,97.7,10.9,7,0,1.0,1.037,0,130.0,0,10.9,63.49
SEC-BTE-MTJ,35.0,100.0,48.0,4.8,45.0,13.9,2,2,1.0,1.072,1,45.0,0,13.9,55.11
SEC-KOTA-SWM,108.0,130.0,58.0,6.2,127.7,5.1,1,3,1.0,1.127,0,130.0,0,5.1,47.35
SEC-MTJ-AGC,54.0,120.0,45.0,4.2,96.5,8.4,20,0,1.0,1.386,0,120.0,1,8.4,66.53
SEC-BTE-MTJ,35.0,100.0,48.0,4.8,76.5,7.9,2,5,1.065,1.027,0,100.0,0,7.9,20.29
SEC-SWM-GGC,64.0,120.0,48.0,5.1,112.8,9.0,0,0,1.101,1.182,0,120.0,0,9.0,54.95
SEC-MTJ-AGC,54.0,120.0,45.0,4.2,100.8,0.9,0,0,1.0,1.18,0,120.0,0,0.9,41.67
SEC-NDLS-KOTA,465.0,130.0,275.0,14.5,111.6,0.3,22,1,1.0,1.055,0,130.0,0,0.3,259.1
SEC-MTJ-AGC,54.0,120.0,45.0,4.2,109.7,5.0,11,0,1.065,1.474,0,120.0,0,5.0,47.9
SEC-SWM-GGC,64.0,120.0,48.0,5.1,115.7,20.0,10,3,1.0,1.372,0,120.0,0,20.0,52.98
SEC-KOTA-SWM,108.0,130.0,58.0,6.2,104.1,2.0,2,4,1.086,1.037,0,130.0,0,2.0,77.83
SEC-GGC-BTE,120.0,110.0,98.0,9.4,45.0,35.4,16,6,1.0,1.073,1,45.0,0,35.4,184.53
SEC-GGC-BTE,120.0,110.0,98.0,9.4,60.0,22.3,1,4,1.0,1.079,1,60.0,1,22.3,157.8
SEC-GGC-BTE,120.0,110.0,98.0,9.4,97.1,6.0,11,5,1.0,1.281,0,110.0,0,6.0,97.66
SEC-GGC-BTE,120.0,110.0,98.0,9.4,108.3,1.9,12,4,1.0,1.215,0,110.0,0,1.9,92.88
SEC-SWM-GGC,64.0,120.0,48.0,5.1,113.2,9.9,11,5,1.0,1.148,0,120.0,0,9.9,41.38
SEC-MTJ-AGC,54.0,120.0,45.0,4.2,103.9,13.4,1,4,1.0,1.058,0,120.0,1,13.4,49.56
SEC-GGC-BTE,120.0,110.0,98.0,9.4,84.3,0.2,19,6,1.0,1.212,0,110.0,0,0.2,96.81
SEC-BTE-MTJ,35.0,100.0,48.0,4.8,90.3,13.0,20,6,1.184,1.301,0,100.0,1,13.0,43.71
SEC-NDLS-KOTA,465.0,130.0,275.0,14.5,104.7,13.1,3,6,1.0,1.06,0,130.0,0,13.1,284.65
SEC-BTE-MTJ,35.0,100.0,48.0,4.8,87.5,3.8,23,0,1.0,1.162,0,100.0,0,3.8,27.12
SEC-BTE-MTJ,35.0,100.0,48.0,4.8,98.4,2.5,15,3,1.072,1.068,0,100.0,0,2.5,19.95
SEC-KOTA-SWM,108.0,130.0,58.0,6.2,109.5,6.9,16,5,1.0,1.082,0,130.0,0,6.9,62.89
SEC-MTJ-AGC,54.0,120.0,45.0,4.2,105.1,5.3,12,4,1.0,1.008,0,120.0,0,5.3,29.79
SEC-MTJ-AGC,54.0,120.0,45.0,4.2,30.0,3.9,23,2,1.0,1.104,1,30.0,0,3.9,127.6
SEC-KOTA-SWM,108.0,130.0,58.0,6.2,112.5,1.2,11,5,1.0,1.216,0,130.0,0,1.2,63.15
SEC-SWM-GGC,64.0,120.0,48.0,5.1,91.7,7.2,2,3,1.137,1.071,0,120.0,0,7.2,50.08
SEC-GGC-BTE,120.0,110.0,98.0,9.4,109.1,4.0,5,2,1.187,1.09,0,110.0,0,4.0,99.78
SEC-KOTA-SWM,108.0,130.0,58.0,6.2,125.6,5.4,12,6,1.0,1.081,0,130.0,0,5.4,49.18
SEC-SWM-GGC,64.0,120.0,48.0,5.1,30.0,2.9,6,6,1.15,1.023,1,30.0,0,2.9,171.91
SEC-SWM-GGC,64.0,120.0,48.0,5.1,94.6,44.3,9,4,1.0,1.205,0,120.0,0,44.3,52.68
SEC-MTJ-AGC,54.0,120.0,45.0,4.2,117.9,1.7,3,2,1.0,1.087,0,120.0,0,1.7,33.17
SEC-SWM-GGC,64.0,120.0,48.0,5.1,93.9,11.7,10,5,1.172,1.296,0,120.0,0,11.7,53.23
SEC-MTJ-AGC,54.0,120.0,45.0,4.2,105.3,13.5,10,0,1.0,1.481,0,120.0,0,13.5,38.87
SEC-KOTA-SWM,108.0,130.0,58.0,6.2,123.1,15.1,6,1,1.285,1.093,0,130.0,0,15.1,71.97
SEC-MTJ-AGC,54.0,120.0,45.0,4.2,103.2,8.2,3,3,1.0,1.032,0,120.0,0,8.2,26.3
SEC-MTJ-AGC,54.0,120.0,45.0,4.2,111.3,2.0,19,3,1.0,1.379,0,120.0,0,2.0,38.46
SEC-BTE-MTJ,35.0,100.0,48.0,4.8,88.7,18.9,6,1,1.0,1.03,0,100.0,0,18.9,42.85
SEC-SWM-GGC,64.0,120.0,48.0,5.1,98.2,15.3,7,0,1.134,1.137,0,120.0,0,15.3,50.53
SEC-BTE-MTJ,35.0,100.0,48.0,4.8,87.9,17.1,16,3,1.103,1.02,0,100.0,0,17.1,22.04
SEC-GGC-BTE,120.0,110.0,98.0,9.4,98.3,24.2,17,5,1.084,1.096,0,110.0,1,24.2,108.43
SEC-NDLS-KOTA,465.0,130.0,275.0,14.5,126.5,16.3,18,0,1.0,1.22,0,130.0,0,16.3,248.44
SEC-NDLS-KOTA,465.0,130.0,275.0,14.5,99.6,14.2,7,5,1.0,1.057,0,130.0,0,14.2,296.64
SEC-SWM-GGC,64.0,120.0,48.0,5.1,119.2,17.5,19,0,1.296,1.209,0,120.0,0,17.5,48.04
SEC-GGC-BTE,120.0,110.0,98.0,9.4,30.0,29.5,11,4,1.068,1.49,1,30.0,1,29.5,389.93
SEC-BTE-MTJ,35.0,100.0,48.0,4.8,45.0,2.9,20,6,1.0,1.116,1,45.0,0,2.9,52.41
SEC-GGC-BTE,120.0,110.0,98.0,9.4,45.0,2.9,10,6,1.0,1.26,1,45.0,0,2.9,227.58
SEC-KOTA-SWM,108.0,130.0,58.0,6.2,30.0,0.8,6,4,1.0,1.082,1,30.0,0,0.8,250.05
SEC-GGC-BTE,120.0,110.0,98.0,9.4,60.0,4.4,2,0,1.0,1.225,1,60.0,0,4.4,148.61
SEC-BTE-MTJ,35.0,100.0,48.0,4.8,45.0,12.5,17,3,1.182,1.322,1,45.0,0,12.5,79.48
SEC-SWM-GGC,64.0,120.0,48.0,5.1,119.2,2.3,7,3,1.16,1.161,0,120.0,0,2.3,44.92
SEC-BTE-MTJ,35.0,100.0,48.0,4.8,30.0,2.4,22,0,1.0,1.198,1,30.0,0,2.4,97.0
SEC-NDLS-KOTA,465.0,130.0,275.0,14.5,127.6,19.5,16,1,1.0,1.081,0,130.0,0,19.5,241.39
SEC-GGC-BTE,120.0,110.0,98.0,9.4,88.9,34.4,4,5,1.0,1.038,0,110.0,0,34.4,79.75
SEC-KOTA-SWM,108.0,130.0,58.0,6.2,126.5,31.8,8,2,1.0,1.159,0,130.0,0,31.8,71.06
SEC-GGC-BTE,120.0,110.0,98.0,9.4,87.0,4.6,20,6,1.0,1.182,0,110.0,0,4.6,94.33
SEC-KOTA-SWM,108.0,130.0,58.0,6.2,108.6,24.5,16,6,1.0,1.267,0,130.0,1,24.5,95.15
SEC-NDLS-KOTA,465.0,130.0,275.0,14.5,128.0,6.0,16,3,1.148,1.025,0,130.0,0,6.0,253.13
SEC-BTE-MTJ,35.0,100.0,48.0,4.8,30.0,50.7,23,4,1.0,1.239,1,30.0,0,50.7,103.93
SEC-NDLS-KOTA,465.0,130.0,275.0,14.5,120.2,7.6,21,2,1.0,1.319,0,130.0,0,7.6,285.49
SEC-SWM-GGC,64.0,120.0,48.0,5.1,98.3,3.5,18,4,1.0,1.253,0,120.0,0,3.5,53.81
SEC-NDLS-KOTA,465.0,130.0,275.0,14.5,112.5,1.2,22,3,1.245,1.036,0,130.0,0,1.2,281.18
SEC-MTJ-AGC,54.0,120.0,45.0,4.2,110.4,4.3,18,4,1.161,1.26,0,120.0,0,4.3,48.92
SEC-MTJ-AGC,54.0,120.0,45.0,4.2,101.0,30.1,9,6,1.0,1.137,0,120.0,0,30.1,36.64
SEC-GGC-BTE,120.0,110.0,98.0,9.4,94.7,0.2,2,4,1.0,1.069,0,110.0,0,0.2,76.31
SEC-BTE-MTJ,35.0,100.0,48.0,4.8,30.0,6.1,7,1,1.0,1.018,1,30.0,0,6.1,89.9
SEC-BTE-MTJ,35.0,100.0,48.0,4.8,93.8,0.3,19,6,1.21,1.311,0,100.0,0,0.3,41.7
SEC-KOTA-SWM,108.0,130.0,58.0,6.2,120.1,15.2,7,2,1.099,1.022,0,130.0,0,15.2,61.14
SEC-NDLS-KOTA,465.0,130.0,275.0,14.5,129.3,0.4,13,4,1.0,1.025,0,130.0,0,0.4,203.88
SEC-NDLS-KOTA,465.0,130.0,275.0,14.5,115.2,2.2,14,6,1.0,1.057,0,130.0,0,2.2,281.37
SEC-KOTA-SWM,108.0,130.0,58.0,6.2,127.6,3.3,9,4,1.291,1.222,0,130.0,0,3.3,72.15
SEC-MTJ-AGC,54.0,120.0,45.0,4.2,96.7,15.3,21,4,1.295,1.236,0,120.0,0,15.3,48.34
SEC-BTE-MTJ,35.0,100.0,48.0,4.8,76.9,5.1,0,6,1.083,1.033,0,100.0,1,5.1,36.56
SEC-GGC-BTE,120.0,110.0,98.0,9.4,108.7,16.0,21,0,1.264,1.179,0,110.0,0,16.0,100.65
SEC-KOTA-SWM,108.0,130.0,58.0,6.2,99.6,2.0,12,4,1.064,1.017,0,130.0,0,2.0,78.38
SEC-NDLS-KOTA,465.0,130.0,275.0,14.5,107.6,0.4,17,3,1.0,1.182,0,130.0,0,0.4,284.22
SEC-KOTA-SWM,108.0,130.0,58.0,6.2,103.9,4.2,0,4,1.0,1.122,0,130.0,0,4.2,71.71
SEC-KOTA-SWM,108.0,130.0,58.0,6.2,112.3,4.3,6,6,1.0,1.223,0,130.0,0,4.3,81.4
SEC-SWM-GGC,64.0,120.0,48.0,5.1,109.9,36.9,6,6,1.0,1.146,0,120.0,0,36.9,32.24
SEC-BTE-MTJ,35.0,100.0,48.0,4.8,95.5,2.1,8,5,1.122,1.132,0,100.0,0,2.1,25.17
SEC-KOTA-SWM,108.0,130.0,58.0,6.2,108.3,9.0,0,0,1.0,1.018,0,130.0,0,9.0,68.0
SEC-GGC-BTE,120.0,110.0,98.0,9.4,96.4,7.3,2,0,1.0,1.091,0,110.0,0,7.3,84.61
SEC-NDLS-KOTA,465.0,130.0,275.0,14.5,126.2,13.7,21,1,1.088,1.205,0,130.0,0,13.7,289.36
SEC-NDLS-KOTA,465.0,130.0,275.0,14.5,112.5,0.7,2,3,1.0,1.129,0,130.0,0,0.7,273.0
SEC-BTE-MTJ,35.0,100.0,48.0,4.8,45.0,5.5,2,6,1.0,1.015,1,45.0,0,5.5,53.14
SEC-BTE-MTJ,35.0,100.0,48.0,4.8,89.8,4.0,6,6,1.0,1.063,0,100.0,0,4.0,45.12
SEC-MTJ-AGC,54.0,120.0,45.0,4.2,95.3,10.3,11,1,1.0,1.25,0,120.0,0,10.3,40.0
SEC-BTE-MTJ,35.0,100.0,48.0,4.8,96.3,4.6,9,3,1.0,1.323,0,100.0,0,4.6,33.66
SEC-GGC-BTE,120.0,110.0,98.0,9.4,30.0,9.7,13,5,1.0,1.011,1,30.0,0,9.7,261.06
SEC-GGC-BTE,120.0,110.0,98.0,9.4,100.9,5.6,23,5,1.132,1.057,0,110.0,0,5.6,73.11
SEC-BTE-MTJ,35.0,100.0,48.0,4.8,98.3,11.7,22,4,1.0,1.249,0,100.0,1,11.7,42.57
SEC-MTJ-AGC,54.0,120.0,45.0,4.2,116.3,35.5,17,2,1.0,1.233,0,120.0,0,35.5,29.97
SEC-SWM-GGC,64.0,120.0,48.0,5.1,90.6,13.2,11,5,1.257,1.381,0,120.0,0,13.2,73.65
SEC-GGC-BTE,120.0,110.0,98.0,9.4,105.0,1.1,17,0,1.0,1.06,0,110.0,0,1.1,68.36
SEC-MTJ-AGC,54.0,120.0,45.0,4.2,30.0,3.3,3,0,1.0,1.091,1,30.0,0,3.3,132.35
SEC-BTE-MTJ,35.0,100.0,48.0,4.8,94.7,21.7,21,2,1.0,1.348,0,100.0,0,21.7,34.11
SEC-KOTA-SWM,108.0,130.0,58.0,6.2,111.6,2.7,14,0,1.112,1.03,0,130.0,0,2.7,67.89
SEC-MTJ-AGC,54.0,120.0,45.0,4.2,45.0,2.4,5,6,1.0,1.025,1,45.0,0,2.4,81.07
SEC-NDLS-KOTA,465.0,130.0,275.0,14.5,45.0,9.3,13,2,1.0,1.16,1,45.0,0,9.3,713.79
SEC-NDLS-KOTA,465.0,130.0,275.0,14.5,117.4,3.1,12,3,1.0,1.097,0,130.0,0,3.1,234.18
SEC-GGC-BTE,120.0,110.0,98.0,9.4,94.3,24.5,21,4,1.0,1.331,0,110.0,1,24.5,120.72
SEC-GGC-BTE,120.0,110.0,98.0,9.4,30.0,9.5,18,4,1.093,1.194,1,30.0,0,9.5,315.54
SEC-GGC-BTE,120.0,110.0,98.0,9.4,88.5,21.3,5,4,1.0,1.173,0,110.0,0,21.3,96.81
SEC-KOTA-SWM,108.0,130.0,58.0,6.2,110.7,9.6,13,6,1.137,1.066,0,130.0,0,9.6,74.25
SEC-BTE-MTJ,35.0,100.0,48.0,4.8,85.5,1.6,5,4,1.0,1.088,0,100.0,1,1.6,36.59
SEC-GGC-BTE,120.0,110.0,98.0,9.4,97.1,61.9,23,0,1.0,1.125,0,110.0,0,61.9,64.39
SEC-NDLS-KOTA,465.0,130.0,275.0,14.5,107.6,1.7,14,3,1.0,1.149,0,130.0,0,1.7,279.8
SEC-GGC-BTE,120.0,110.0,98.0,9.4,102.6,10.5,16,6,1.124,1.053,0,110.0,1,10.5,102.18
SEC-GGC-BTE,120.0,110.0,98.0,9.4,84.9,34.2,17,1,1.0,1.29,0,110.0,0,34.2,97.18
SEC-KOTA-SWM,108.0,130.0,58.0,6.2,125.0,1.8,2,3,1.0,1.053,0,130.0,1,1.8,74.15
SEC-GGC-BTE,120.0,110.0,98.0,9.4,89.8,6.2,3,5,1.0,1.034,0,110.0,0,6.2,96.93
SEC-KOTA-SWM,108.0,130.0,58.0,6.2,117.4,2.7,2,4,1.0,1.059,0,130.0,0,2.7,54.95
SEC-NDLS-KOTA,465.0,130.0,275.0,14.5,97.6,8.0,17,4,1.0,1.063,0,130.0,0,8.0,322.38
SEC-BTE-MTJ,35.0,100.0,48.0,4.8,30.0,2.5,9,6,1.0,1.379,1,30.0,0,2.5,106.66
SEC-SWM-GGC,64.0,120.0,48.0,5.1,94.8,9.1,1,4,1.0,1.017,0,120.0,0,9.1,39.95
SEC-MTJ-AGC,54.0,120.0,45.0,4.2,92.9,33.7,19,5,1.0,1.285,0,120.0,0,33.7,49.68
SEC-SWM-GGC,64.0,120.0,48.0,5.1,117.4,9.0,23,4,1.0,1.144,0,120.0,0,9.0,30.4
SEC-GGC-BTE,120.0,110.0,98.0,9.4,85.4,1.4,20,4,1.0,1.319,0,110.0,0,1.4,92.84
SEC-MTJ-AGC,54.0,120.0,45.0,4.2,60.0,1.0,14,0,1.0,1.153,1,60.0,0,1.0,66.74
SEC-KOTA-SWM,108.0,130.0,58.0,6.2,127.8,10.1,17,6,1.22,1.152,0,130.0,0,10.1,77.01
SEC-GGC-BTE,120.0,110.0,98.0,9.4,84.7,5.9,2,4,1.0,1.066,0,110.0,0,5.9,90.02
SEC-BTE-MTJ,35.0,100.0,48.0,4.8,77.3,5.6,15,3,1.0,1.086,0,100.0,0,5.6,29.82
SEC-GGC-BTE,120.0,110.0,98.0,9.4,86.6,15.7,22,6,1.0,1.062,0,110.0,0,15.7,109.3
SEC-MTJ-AGC,54.0,120.0,45.0,4.2,116.2,8.0,1,6,1.0,1.134,0,120.0,0,8.0,28.62
SEC-KOTA-SWM,108.0,130.0,58.0,6.2,122.7,26.7,21,5,1.136,1.203,0,130.0,0,26.7,69.56
SEC-SWM-GGC,64.0,120.0,48.0,5.1,98.6,11.5,12,3,1.0,1.062,0,120.0,0,11.5,34.71
SEC-MTJ-AGC,54.0,120.0,45.0,4.2,109.4,30.3,3,1,1.0,1.12,0,120.0,0,30.3,26.98
SEC-SWM-GGC,64.0,120.0,48.0,5.1,100.8,14.3,5,4,1.0,1.102,0,120.0,0,14.3,48.1
SEC-BTE-MTJ,35.0,100.0,48.0,4.8,91.4,10.2,9,1,1.0,1.212,0,100.0,0,10.2,25.61
SEC-BTE-MTJ,35.0,100.0,48.0,4.8,99.7,6.1,8,6,1.0,1.35,0,100.0,0,6.1,22.61
SEC-BTE-MTJ,35.0,100.0,48.0,4.8,93.7,5.7,3,2,1.0,1.085,0,100.0,0,5.7,19.95
SEC-KOTA-SWM,108.0,130.0,58.0,6.2,99.5,9.4,17,6,1.0,1.301,0,130.0,0,9.4,66.96
SEC-SWM-GGC,64.0,120.0,48.0,5.1,60.0,1.8,12,1,1.27,1.22,1,60.0,0,1.8,93.38
SEC-SWM-GGC,64.0,120.0,48.0,5.1,108.9,36.0,16,4,1.13,1.068,0,120.0,0,36.0,34.48
SEC-BTE-MTJ,35.0,100.0,48.0,4.8,60.0,11.1,22,3,1.0,1.127,1,60.0,0,11.1,32.19
SEC-GGC-BTE,120.0,110.0,98.0,9.4,100.7,1.0,17,2,1.0,1.193,0,110.0,0,1.0,63.92
SEC-SWM-GGC,64.0,120.0,48.0,5.1,91.8,12.1,7,0,1.0,1.112,0,120.0,0,12.1,41.12
SEC-BTE-MTJ,35.0,100.0,48.0,4.8,45.0,11.0,18,0,1.242,1.204,1,45.0,0,11.0,85.91
SEC-KOTA-SWM,108.0,130.0,58.0,6.2,112.3,11.1,16,6,1.0,1.041,0,130.0,0,11.1,69.38
SEC-SWM-GGC,64.0,120.0,48.0,5.1,107.7,2.9,6,3,1.0,1.082,0,120.0,0,2.9,44.76
SEC-SWM-GGC,64.0,120.0,48.0,5.1,60.0,0.4,6,0,1.0,1.116,1,60.0,0,0.4,84.85
SEC-GGC-BTE,120.0,110.0,98.0,9.4,45.0,8.6,23,6,1.258,1.069,1,45.0,0,8.6,234.93
SEC-NDLS-KOTA,465.0,130.0,275.0,14.5,60.0,27.9,19,2,1.246,1.544,1,60.0,0,27.9,867.3
SEC-NDLS-KOTA,465.0,130.0,275.0,14.5,111.8,1.5,1,6,1.0,1.049,0,130.0,0,1.5,269.27
SEC-NDLS-KOTA,465.0,130.0,275.0,14.5,114.9,16.4,22,4,1.0,1.032,0,130.0,0,16.4,240.97
SEC-NDLS-KOTA,465.0,130.0,275.0,14.5,103.7,2.8,8,2,1.0,1.223,0,130.0,0,2.8,328.85
SEC-SWM-GGC,64.0,120.0,48.0,5.1,92.9,3.3,12,1,1.103,1.169,0,120.0,0,3.3,68.57
SEC-GGC-BTE,120.0,110.0,98.0,9.4,87.5,1.5,13,0,1.169,1.086,0,110.0,0,1.5,96.31
SEC-GGC-BTE,120.0,110.0,98.0,9.4,86.9,4.5,17,3,1.0,1.384,0,110.0,0,4.5,105.02
SEC-BTE-MTJ,35.0,100.0,48.0,4.8,90.7,12.5,10,5,1.117,1.135,0,100.0,0,12.5,37.76
SEC-GGC-BTE,120.0,110.0,98.0,9.4,92.7,11.6,11,6,1.114,1.053,0,110.0,0,11.6,110.65
SEC-BTE-MTJ,35.0,100.0,48.0,4.8,96.5,4.5,4,2,1.189,1.065,0,100.0,0,4.5,26.53
SEC-GGC-BTE,120.0,110.0,98.0,9.4,87.7,1.6,10,0,1.0,1.231,0,110.0,0,1.6,103.9
SEC-SWM-GGC,64.0,120.0,48.0,5.1,115.9,11.0,11,5,1.0,1.294,0,120.0,0,11.0,44.49
SEC-KOTA-SWM,108.0,130.0,58.0,6.2,113.2,2.4,20,6,1.099,1.46,0,130.0,0,2.4,91.83
SEC-NDLS-KOTA,465.0,130.0,275.0,14.5,112.5,33.7,6,0,1.0,1.032,0,130.0,0,33.7,255.34
SEC-MTJ-AGC,54.0,120.0,45.0,4.2,100.9,14.5,5,5,1.0,1.124,0,120.0,0,14.5,32.4
SEC-GGC-BTE,120.0,110.0,98.0,9.4,82.8,0.2,12,4,1.0,1.044,0,110.0,0,0.2,99.35
SEC-MTJ-AGC,54.0,120.0,45.0,4.2,115.0,5.5,7,3,1.0,1.165,0,120.0,0,5.5,41.9
SEC-MTJ-AGC,54.0,120.0,45.0,4.2,60.0,2.3,13,1,1.0,1.055,1,60.0,0,2.3,56.86
SEC-SWM-GGC,64.0,120.0,48.0,5.1,30.0,1.0,9,1,1.277,1.474,1,30.0,0,1.0,240.72
SEC-BTE-MTJ,35.0,100.0,48.0,4.8,88.9,0.5,3,5,1.0,1.068,0,100.0,0,0.5,25.9
SEC-MTJ-AGC,54.0,120.0,45.0,4.2,45.0,13.2,0,5,1.0,1.129,1,45.0,0,13.2,94.29
SEC-BTE-MTJ,35.0,100.0,48.0,4.8,60.0,21.1,7,3,1.0,1.141,1,60.0,0,21.1,48.21
SEC-GGC-BTE,120.0,110.0,98.0,9.4,99.7,7.6,12,4,1.0,1.126,0,110.0,0,7.6,95.08
SEC-SWM-GGC,64.0,120.0,48.0,5.1,100.3,16.9,15,3,1.0,1.093,0,120.0,0,16.9,39.51
SEC-GGC-BTE,120.0,110.0,98.0,9.4,30.0,1.0,4,6,1.0,1.094,1,30.0,0,1.0,262.86
SEC-MTJ-AGC,54.0,120.0,45.0,4.2,98.3,1.8,23,3,1.0,1.167,0,120.0,0,1.8,38.91
SEC-NDLS-KOTA,465.0,130.0,275.0,14.5,103.3,2.9,17,6,1.0,1.183,0,130.0,0,2.9,313.79
SEC-NDLS-KOTA,465.0,130.0,275.0,14.5,111.9,29.8,14,5,1.0,1.095,0,130.0,0,29.8,280.47
SEC-BTE-MTJ,35.0,100.0,48.0,4.8,87.1,5.6,5,6,1.191,1.077,0,100.0,0,5.6,19.95
SEC-BTE-MTJ,35.0,100.0,48.0,4.8,86.3,3.8,19,1,1.0,1.352,0,100.0,0,3.8,35.45
SEC-SWM-GGC,64.0,120.0,48.0,5.1,110.5,1.2,21,6,1.0,1.251,0,120.0,0,1.2,34.31
SEC-KOTA-SWM,108.0,130.0,58.0,6.2,125.2,72.3,5,2,1.0,1.054,0,130.0,0,72.3,57.67
SEC-KOTA-SWM,108.0,130.0,58.0,6.2,101.4,6.0,10,4,1.269,1.284,0,130.0,0,6.0,102.1
SEC-GGC-BTE,120.0,110.0,98.0,9.4,95.4,0.1,23,5,1.104,1.115,0,110.0,0,0.1,89.11
SEC-NDLS-KOTA,465.0,130.0,275.0,14.5,114.8,2.0,18,2,1.0,1.062,0,130.0,0,2.0,262.2
SEC-BTE-MTJ,35.0,100.0,48.0,4.8,81.0,3.4,22,5,1.0,1.033,0,100.0,0,3.4,27.28
SEC-BTE-MTJ,35.0,100.0,48.0,4.8,30.0,10.3,14,0,1.0,1.093,1,30.0,0,10.3,80.73
SEC-MTJ-AGC,54.0,120.0,45.0,4.2,92.3,1.7,19,3,1.07,1.175,0,120.0,0,1.7,44.19
SEC-MTJ-AGC,54.0,120.0,45.0,4.2,110.6,2.0,10,1,1.0,1.338,0,120.0,0,2.0,32.04
SEC-KOTA-SWM,108.0,130.0,58.0,6.2,115.0,11.3,0,6,1.0,1.099,0,130.0,0,11.3,72.89
SEC-MTJ-AGC,54.0,120.0,45.0,4.2,101.0,14.9,23,6,1.0,1.032,0,120.0,1,14.9,44.32
SEC-BTE-MTJ,35.0,100.0,48.0,4.8,91.7,41.1,15,4,1.139,1.046,0,100.0,0,41.1,29.64
SEC-GGC-BTE,120.0,110.0,98.0,9.4,84.0,22.4,11,5,1.0,1.177,0,110.0,0,22.4,89.21
SEC-KOTA-SWM,108.0,130.0,58.0,6.2,100.8,4.4,7,5,1.0,1.019,0,130.0,0,4.4,54.05
SEC-NDLS-KOTA,465.0,130.0,275.0,14.5,114.0,49.0,6,0,1.0,1.022,0,130.0,0,49.0,248.7
SEC-BTE-MTJ,35.0,100.0,48.0,4.8,94.2,10.7,10,0,1.0,1.248,0,100.0,0,10.7,31.83
SEC-MTJ-AGC,54.0,120.0,45.0,4.2,100.6,0.0,18,6,1.0,1.227,0,120.0,0,0.0,53.94
SEC-MTJ-AGC,54.0,120.0,45.0,4.2,45.0,10.1,18,5,1.0,1.36,1,45.0,0,10.1,116.91
SEC-MTJ-AGC,54.0,120.0,45.0,4.2,96.5,40.8,16,1,1.0,1.037,0,120.0,0,40.8,32.88
SEC-NDLS-KOTA,465.0,130.0,275.0,14.5,30.0,0.1,6,5,1.0,1.098,1,30.0,0,0.1,1018.28
SEC-KOTA-SWM,108.0,130.0,58.0,6.2,60.0,34.6,23,1,1.0,1.067,1,60.0,0,34.6,137.13
SEC-MTJ-AGC,54.0,120.0,45.0,4.2,106.8,8.4,4,0,1.0,1.149,0,120.0,0,8.4,39.06
SEC-GGC-BTE,120.0,110.0,98.0,9.4,86.0,1.2,12,0,1.0,1.153,0,110.0,0,1.2,95.09
SEC-GGC-BTE,120.0,110.0,98.0,9.4,109.6,6.2,4,5,1.0,1.227,0,110.0,0,6.2,67.71
SEC-KOTA-SWM,108.0,130.0,58.0,6.2,115.6,2.7,6,4,1.0,1.013,0,130.0,0,2.7,55.0
SEC-GGC-BTE,120.0,110.0,98.0,9.4,84.5,1.9,10,1,1.0,1.365,0,110.0,0,1.9,114.72
SEC-SWM-GGC,64.0,120.0,48.0,5.1,117.4,2.0,16,0,1.0,1.116,0,120.0,0,2.0,32.65
SEC-NDLS-KOTA,465.0,130.0,275.0,14.5,100.4,12.8,17,5,1.0,1.454,0,130.0,0,12.8,370.76
SEC-BTE-MTJ,35.0,100.0,48.0,4.8,45.0,4.7,21,2,1.189,1.171,1,45.0,0,4.7,70.97
SEC-BTE-MTJ,35.0,100.0,48.0,4.8,95.7,4.1,6,5,1.1,1.251,0,100.0,0,4.1,28.78
SEC-NDLS-KOTA,465.0,130.0,275.0,14.5,108.1,0.5,23,5,1.0,1.024,0,130.0,0,0.5,268.9
SEC-BTE-MTJ,35.0,100.0,48.0,4.8,87.6,33.8,11,1,1.11,1.282,0,100.0,0,33.8,26.17
SEC-GGC-BTE,120.0,110.0,98.0,9.4,106.9,8.8,3,1,1.0,1.198,0,110.0,0,8.8,88.64
SEC-SWM-GGC,64.0,120.0,48.0,5.1,30.0,5.9,12,2,1.092,1.171,1,30.0,0,5.9,176.93
SEC-MTJ-AGC,54.0,120.0,45.0,4.2,103.5,2.4,4,0,1.0,1.099,0,120.0,1,2.4,65.77
SEC-BTE-MTJ,35.0,100.0,48.0,4.8,85.0,0.6,5,3,1.0,1.064,0,100.0,1,0.6,39.07
SEC-NDLS-KOTA,465.0,130.0,275.0,14.5,45.0,30.5,14,5,1.0,1.186,1,45.0,0,30.5,740.06
SEC-KOTA-SWM,108.0,130.0,58.0,6.2,110.1,3.3,9,4,1.0,1.411,0,130.0,0,3.3,67.82
SEC-KOTA-SWM,108.0,130.0,58.0,6.2,108.9,4.6,21,5,1.0,1.346,0,130.0,0,4.6,78.57
SEC-KOTA-SWM,108.0,130.0,58.0,6.2,117.6,6.7,1,0,1.0,1.071,0,130.0,0,6.7,76.93
SEC-BTE-MTJ,35.0,100.0,48.0,4.8,87.5,2.3,20,3,1.0,1.173,0,100.0,0,2.3,37.08
SEC-GGC-BTE,120.0,110.0,98.0,9.4,107.7,8.7,18,5,1.058,1.21,0,110.0,0,8.7,62.18
SEC-KOTA-SWM,108.0,130.0,58.0,6.2,45.0,7.0,8,3,1.081,1.195,1,45.0,0,7.0,212.36
SEC-NDLS-KOTA,465.0,130.0,275.0,14.5,100.7,3.3,17,0,1.091,1.187,0,130.0,0,3.3,360.88
SEC-NDLS-KOTA,465.0,130.0,275.0,14.5,109.2,30.2,23,6,1.0,1.047,0,130.0,0,30.2,278.47
SEC-GGC-BTE,120.0,110.0,98.0,9.4,108.6,2.5,5,3,1.0,1.139,0,110.0,0,2.5,98.58
SEC-MTJ-AGC,54.0,120.0,45.0,4.2,110.0,26.4,11,3,1.0,1.312,0,120.0,0,26.4,43.17
SEC-NDLS-KOTA,465.0,130.0,275.0,14.5,45.0,2.6,14,0,1.0,1.132,1,45.0,0,2.6,735.19
SEC-MTJ-AGC,54.0,120.0,45.0,4.2,45.0,15.4,7,2,1.0,1.201,1,45.0,0,15.4,92.12
SEC-SWM-GGC,64.0,120.0,48.0,5.1,30.0,37.4,6,6,1.0,1.125,1,30.0,1,37.4,182.49
SEC-BTE-MTJ,35.0,100.0,48.0,4.8,86.8,6.8,16,5,1.0,1.091,0,100.0,0,6.8,19.95
SEC-NDLS-KOTA,465.0,130.0,275.0,14.5,118.2,11.2,6,0,1.0,1.075,0,130.0,0,11.2,258.41
SEC-KOTA-SWM,108.0,130.0,58.0,6.2,128.2,29.1,19,3,1.0,1.302,0,130.0,0,29.1,67.64
SEC-GGC-BTE,120.0,110.0,98.0,9.4,104.4,6.9,13,6,1.0,1.108,0,110.0,1,6.9,87.41
SEC-KOTA-SWM,108.0,130.0,58.0,6.2,45.0,9.8,22,6,1.0,1.131,1,45.0,0,9.8,185.53
SEC-SWM-GGC,64.0,120.0,48.0,5.1,96.9,7.8,10,5,1.0,1.188,0,120.0,0,7.8,59.42
SEC-BTE-MTJ,35.0,100.0,48.0,4.8,76.2,16.2,15,5,1.0,1.209,0,100.0,1,16.2,58.36
SEC-KOTA-SWM,108.0,130.0,58.0,6.2,60.0,8.4,17,6,1.155,1.224,1,60.0,0,8.4,161.82
SEC-MTJ-AGC,54.0,120.0,45.0,4.2,30.0,6.4,20,5,1.0,1.368,1,30.0,0,6.4,161.61
SEC-SWM-GGC,64.0,120.0,48.0,5.1,90.2,3.3,5,0,1.0,1.164,0,120.0,1,3.3,64.39
SEC-MTJ-AGC,54.0,120.0,45.0,4.2,113.4,2.7,19,6,1.0,1.131,0,120.0,0,2.7,26.96
SEC-GGC-BTE,120.0,110.0,98.0,9.4,97.9,10.9,20,1,1.0,1.363,0,110.0,0,10.9,103.79
SEC-GGC-BTE,120.0,110.0,98.0,9.4,95.1,20.5,12,4,1.0,1.166,0,110.0,0,20.5,97.59
SEC-KOTA-SWM,108.0,130.0,58.0,6.2,114.2,1.1,15,2,1.189,1.077,0,130.0,0,1.1,58.58
SEC-KOTA-SWM,108.0,130.0,58.0,6.2,111.3,0.6,10,3,1.0,1.348,0,130.0,0,0.6,54.06
SEC-BTE-MTJ,35.0,100.0,48.0,4.8,60.0,5.5,9,4,1.0,1.246,1,60.0,0,5.5,51.09
SEC-MTJ-AGC,54.0,120.0,45.0,4.2,116.7,11.4,8,1,1.081,1.43,0,120.0,0,11.4,48.34
SEC-KOTA-SWM,108.0,130.0,58.0,6.2,110.0,11.0,14,0,1.0,1.011,0,130.0,0,11.0,69.98
SEC-NDLS-KOTA,465.0,130.0,275.0,14.5,99.3,8.9,13,0,1.091,1.131,0,130.0,0,8.9,346.84
SEC-MTJ-AGC,54.0,120.0,45.0,4.2,109.5,5.5,20,2,1.0,1.163,0,120.0,0,5.5,41.59
SEC-NDLS-KOTA,465.0,130.0,275.0,14.5,109.4,32.7,7,2,1.0,1.064,0,130.0,0,32.7,289.11
SEC-BTE-MTJ,35.0,100.0,48.0,4.8,45.0,0.6,14,1,1.114,1.127,1,45.0,0,0.6,62.11
SEC-BTE-MTJ,35.0,100.0,48.0,4.8,84.7,17.0,16,5,1.0,1.236,0,100.0,0,17.0,32.94
SEC-NDLS-KOTA,465.0,130.0,275.0,14.5,97.6,22.6,17,3,1.144,1.21,0,130.0,0,22.6,397.74
SEC-SWM-GGC,64.0,120.0,48.0,5.1,98.4,14.1,16,4,1.0,1.074,0,120.0,0,14.1,35.81
SEC-SWM-GGC,64.0,120.0,48.0,5.1,30.0,4.7,14,0,1.0,1.212,1,30.0,0,4.7,172.89
SEC-GGC-BTE,120.0,110.0,98.0,9.4,105.5,0.4,10,3,1.0,1.095,0,110.0,0,0.4,82.83
SEC-BTE-MTJ,35.0,100.0,48.0,4.8,60.0,1.0,2,2,1.0,1.042,1,60.0,0,1.0,44.93
SEC-BTE-MTJ,35.0,100.0,48.0,4.8,77.2,16.3,15,5,1.093,1.14,0,100.0,0,16.3,32.72
SEC-BTE-MTJ,35.0,100.0,48.0,4.8,85.9,6.2,4,3,1.0,1.033,0,100.0,0,6.2,26.9
SEC-GGC-BTE,120.0,110.0,98.0,9.4,45.0,3.2,21,5,1.0,1.192,1,45.0,0,3.2,219.27
SEC-NDLS-KOTA,465.0,130.0,275.0,14.5,123.9,0.5,18,3,1.0,1.072,0,130.0,0,0.5,207.73
SEC-KOTA-SWM,108.0,130.0,58.0,6.2,116.7,31.7,5,3,1.0,1.147,0,130.0,0,31.7,69.32
SEC-GGC-BTE,120.0,110.0,98.0,9.4,88.5,0.6,11,0,1.136,1.101,0,110.0,0,0.6,88.99
SEC-MTJ-AGC,54.0,120.0,45.0,4.2,110.4,11.5,20,3,1.0,1.062,0,120.0,0,11.5,35.84
SEC-MTJ-AGC,54.0,120.0,45.0,4.2,96.3,1.7,20,2,1.109,1.394,0,120.0,0,1.7,49.99
SEC-BTE-MTJ,35.0,100.0,48.0,4.8,97.3,22.9,13,0,1.0,1.068,0,100.0,0,22.9,25.23
SEC-SWM-GGC,64.0,120.0,48.0,5.1,99.6,0.8,3,3,1.0,1.195,0,120.0,0,0.8,35.8
SEC-MTJ-AGC,54.0,120.0,45.0,4.2,60.0,13.3,13,2,1.0,1.016,1,60.0,0,13.3,57.76
SEC-KOTA-SWM,108.0,130.0,58.0,6.2,100.8,62.8,8,4,1.0,1.265,0,130.0,0,62.8,88.93
SEC-SWM-GGC,64.0,120.0,48.0,5.1,102.2,1.0,12,3,1.0,1.124,0,120.0,0,1.0,41.83
SEC-NDLS-KOTA,465.0,130.0,275.0,14.5,45.0,18.2,13,0,1.0,1.062,1,45.0,1,18.2,707.28
SEC-MTJ-AGC,54.0,120.0,45.0,4.2,112.6,15.1,7,2,1.0,1.116,0,120.0,0,15.1,31.54
SEC-KOTA-SWM,108.0,130.0,58.0,6.2,124.6,13.1,22,3,1.0,1.045,0,130.0,0,13.1,50.36
SEC-SWM-GGC,64.0,120.0,48.0,5.1,113.7,6.3,5,1,1.0,1.042,0,120.0,0,6.3,33.83
SEC-SWM-GGC,64.0,120.0,48.0,5.1,90.9,23.4,22,0,1.272,1.023,0,120.0,0,23.4,48.95
SEC-SWM-GGC,64.0,120.0,48.0,5.1,104.5,19.2,3,4,1.0,1.046,0,120.0,1,19.2,55.02
SEC-NDLS-KOTA,465.0,130.0,275.0,14.5,60.0,7.3,18,3,1.0,1.228,1,60.0,0,7.3,558.55
SEC-MTJ-AGC,54.0,120.0,45.0,4.2,106.1,6.8,2,6,1.0,1.04,0,120.0,0,6.8,37.87
SEC-BTE-MTJ,35.0,100.0,48.0,4.8,86.2,38.1,20,0,1.0,1.16,0,100.0,0,38.1,23.0
SEC-BTE-MTJ,35.0,100.0,48.0,4.8,76.3,3.2,4,0,1.0,1.071,0,100.0,0,3.2,33.37
SEC-NDLS-KOTA,465.0,130.0,275.0,14.5,120.1,2.1,7,6,1.0,1.121,0,130.0,0,2.1,292.38
SEC-SWM-GGC,64.0,120.0,48.0,5.1,101.8,7.6,17,3,1.0,1.255,0,120.0,0,7.6,59.32
SEC-BTE-MTJ,35.0,100.0,48.0,4.8,79.0,1.0,12,5,1.0,1.114,0,100.0,0,1.0,24.67
SEC-SWM-GGC,64.0,120.0,48.0,5.1,91.5,15.5,22,6,1.0,1.077,0,120.0,0,15.5,44.03
SEC-NDLS-KOTA,465.0,130.0,275.0,14.5,118.0,6.8,3,4,1.0,1.064,0,130.0,0,6.8,253.9
SEC-GGC-BTE,120.0,110.0,98.0,9.4,105.9,9.6,11,1,1.0,1.26,0,110.0,0,9.6,78.52
SEC-NDLS-KOTA,465.0,130.0,275.0,14.5,103.4,36.2,15,0,1.0,1.091,0,130.0,0,36.2,293.84
SEC-BTE-MTJ,35.0,100.0,48.0,4.8,90.1,17.0,12,1,1.0,1.088,0,100.0,0,17.0,22.51
SEC-BTE-MTJ,35.0,100.0,48.0,4.8,45.0,2.3,8,2,1.0,1.211,1,45.0,1,2.3,81.62
SEC-MTJ-AGC,54.0,120.0,45.0,4.2,60.0,2.9,20,4,1.0,1.458,1,60.0,0,2.9,79.41
SEC-NDLS-KOTA,465.0,130.0,275.0,14.5,119.0,4.6,9,3,1.225,1.379,0,130.0,0,4.6,351.65
SEC-BTE-MTJ,35.0,100.0,48.0,4.8,87.4,16.4,19,3,1.0,1.114,0,100.0,0,16.4,38.91
SEC-SWM-GGC,64.0,120.0,48.0,5.1,98.2,4.1,10,3,1.138,1.371,0,120.0,0,4.1,58.29
SEC-NDLS-KOTA,465.0,130.0,275.0,14.5,120.2,6.8,18,3,1.077,1.155,0,130.0,0,6.8,259.1
SEC-BTE-MTJ,35.0,100.0,48.0,4.8,98.2,11.3,19,0,1.0,1.121,0,100.0,0,11.3,19.95
SEC-GGC-BTE,120.0,110.0,98.0,9.4,108.4,7.7,12,6,1.0,1.211,0,110.0,0,7.7,76.14
SEC-SWM-GGC,64.0,120.0,48.0,5.1,97.5,3.5,1,0,1.0,1.08,0,120.0,0,3.5,55.54
SEC-NDLS-KOTA,465.0,130.0,275.0,14.5,125.2,24.6,0,5,1.209,1.039,0,130.0,0,24.6,279.41
SEC-KOTA-SWM,108.0,130.0,58.0,6.2,129.3,6.6,14,3,1.185,1.138,0,130.0,0,6.6,71.3
SEC-KOTA-SWM,108.0,130.0,58.0,6.2,30.0,9.4,10,4,1.0,1.357,1,30.0,0,9.4,304.02
SEC-NDLS-KOTA,465.0,130.0,275.0,14.5,111.1,1.3,2,2,1.197,1.112,0,130.0,0,1.3,353.79
SEC-BTE-MTJ,35.0,100.0,48.0,4.8,60.0,18.8,20,3,1.198,1.357,1,60.0,1,18.8,66.4
SEC-GGC-BTE,120.0,110.0,98.0,9.4,86.8,10.1,15,5,1.0,1.101,0,110.0,0,10.1,108.47
SEC-BTE-MTJ,35.0,100.0,48.0,4.8,97.7,5.4,19,2,1.0,1.209,0,100.0,1,5.4,38.71
SEC-GGC-BTE,120.0,110.0,98.0,9.4,109.8,7.9,4,5,1.0,1.048,0,110.0,0,7.9,62.18
SEC-NDLS-KOTA,465.0,130.0,275.0,14.5,30.0,2.8,4,5,1.0,1.145,1,30.0,0,2.8,1038.48
SEC-GGC-BTE,120.0,110.0,98.0,9.4,106.9,13.3,10,1,1.0,1.297,0,110.0,0,13.3,88.34
SEC-BTE-MTJ,35.0,100.0,48.0,4.8,83.5,1.9,1,3,1.0,1.109,0,100.0,0,1.9,19.95
SEC-SWM-GGC,64.0,120.0,48.0,5.1,60.0,18.0,16,1,1.0,1.2,1,60.0,0,18.0,86.1
SEC-SWM-GGC,64.0,120.0,48.0,5.1,107.9,3.6,11,6,1.132,1.115,0,120.0,1,3.6,56.28
SEC-GGC-BTE,120.0,110.0,98.0,9.4,108.9,33.2,8,2,1.0,1.144,0,110.0,0,33.2,67.7
SEC-NDLS-KOTA,465.0,130.0,275.0,14.5,60.0,30.4,3,1,1.203,1.088,1,60.0,0,30.4,623.66
SEC-MTJ-AGC,54.0,120.0,45.0,4.2,90.0,10.8,23,3,1.0,1.074,0,120.0,0,10.8,42.55
SEC-GGC-BTE,120.0,110.0,98.0,9.4,107.6,7.2,12,6,1.0,1.144,0,110.0,0,7.2,62.75
SEC-KOTA-SWM,108.0,130.0,58.0,6.2,101.9,1.7,15,1,1.0,1.105,0,130.0,0,1.7,63.27
SEC-KOTA-SWM,108.0,130.0,58.0,6.2,60.0,0.9,2,3,1.0,1.149,1,60.0,1,0.9,149.0
SEC-BTE-MTJ,35.0,100.0,48.0,4.8,92.1,2.9,12,1,1.064,1.096,0,100.0,0,2.9,33.73
SEC-GGC-BTE,120.0,110.0,98.0,9.4,87.5,8.5,19,6,1.215,1.095,0,110.0,0,8.5,97.98
SEC-SWM-GGC,64.0,120.0,48.0,5.1,109.6,6.2,19,1,1.0,1.281,0,120.0,0,6.2,52.42
SEC-MTJ-AGC,54.0,120.0,45.0,4.2,45.0,37.9,20,5,1.0,1.416,1,45.0,0,37.9,108.61
SEC-NDLS-KOTA,465.0,130.0,275.0,14.5,98.2,4.8,13,2,1.29,1.202,0,130.0,0,4.8,418.6
SEC-SWM-GGC,64.0,120.0,48.0,5.1,118.7,7.5,8,2,1.0,1.22,0,120.0,0,7.5,48.42
SEC-SWM-GGC,64.0,120.0,48.0,5.1,115.6,4.0,22,0,1.0,1.13,0,120.0,0,4.0,30.4
SEC-NDLS-KOTA,465.0,130.0,275.0,14.5,120.6,9.3,0,5,1.0,1.037,0,130.0,0,9.3,260.51
SEC-KOTA-SWM,108.0,130.0,58.0,6.2,109.2,10.4,20,4,1.0,1.329,0,130.0,0,10.4,64.36
SEC-SWM-GGC,64.0,120.0,48.0,5.1,96.7,16.9,17,5,1.0,1.317,0,120.0,0,16.9,47.49
SEC-KOTA-SWM,108.0,130.0,58.0,6.2,105.3,5.6,22,4,1.0,1.101,0,130.0,0,5.6,70.74
SEC-KOTA-SWM,108.0,130.0,58.0,6.2,115.0,3.9,15,0,1.0,1.071,0,130.0,0,3.9,59.91
SEC-NDLS-KOTA,465.0,130.0,275.0,14.5,99.5,14.4,2,6,1.0,1.073,0,130.0,0,14.4,297.59
SEC-SWM-GGC,64.0,120.0,48.0,5.1,98.0,4.0,5,2,1.0,1.008,0,120.0,0,4.0,39.3
SEC-GGC-BTE,120.0,110.0,98.0,9.4,101.6,2.1,5,4,1.0,1.02,0,110.0,0,2.1,84.56
SEC-MTJ-AGC,54.0,120.0,45.0,4.2,108.0,10.0,21,4,1.0,1.136,0,120.0,0,10.0,31.3
SEC-BTE-MTJ,35.0,100.0,48.0,4.8,97.4,15.8,6,1,1.0,1.021,0,100.0,1,15.8,36.45
SEC-KOTA-SWM,108.0,130.0,58.0,6.2,30.0,2.9,4,0,1.0,1.081,1,30.0,0,2.9,259.22
SEC-NDLS-KOTA,465.0,130.0,275.0,14.5,103.4,17.3,2,5,1.0,1.242,0,130.0,0,17.3,332.23
SEC-MTJ-AGC,54.0,120.0,45.0,4.2,101.8,14.8,19,5,1.12,1.256,0,120.0,0,14.8,50.52
SEC-NDLS-KOTA,465.0,130.0,275.0,14.5,99.4,10.4,0,4,1.0,1.068,0,130.0,0,10.4,303.2
SEC-SWM-GGC,64.0,120.0,48.0,5.1,102.3,1.2,1,5,1.0,1.202,0,120.0,0,1.2,48.72
SEC-MTJ-AGC,54.0,120.0,45.0,4.2,45.0,2.5,2,4,1.0,1.105,1,45.0,0,2.5,83.15
SEC-BTE-MTJ,35.0,100.0,48.0,4.8,82.0,8.0,20,1,1.0,1.268,0,100.0,0,8.0,28.8
SEC-MTJ-AGC,54.0,120.0,45.0,4.2,93.5,4.2,3,0,1.0,1.125,0,120.0,0,4.2,26.09
SEC-GGC-BTE,120.0,110.0,98.0,9.4,94.1,6.4,5,0,1.0,1.046,0,110.0,0,6.4,84.18
SEC-BTE-MTJ,35.0,100.0,48.0,4.8,92.0,3.5,12,3,1.127,1.224,0,100.0,0,3.5,40.19
SEC-GGC-BTE,120.0,110.0,98.0,9.4,30.0,5.8,21,3,1.0,1.171,1,30.0,0,5.8,297.04
SEC-SWM-GGC,64.0,120.0,48.0,5.1,30.0,18.8,9,6,1.0,1.354,1,30.0,0,18.8,193.65
SEC-SWM-GGC,64.0,120.0,48.0,5.1,115.8,3.3,3,3,1.0,1.067,0,120.0,0,3.3,30.4
SEC-GGC-BTE,120.0,110.0,98.0,9.4,90.6,5.3,1,4,1.0,1.025,0,110.0,0,5.3,85.86
SEC-GGC-BTE,120.0,110.0,98.0,9.4,60.0,5.3,17,1,1.0,1.176,1,60.0,0,5.3,150.14
SEC-GGC-BTE,120.0,110.0,98.0,9.4,83.9,26.8,5,3,1.0,1.066,0,110.0,0,26.8,108.41
SEC-BTE-MTJ,35.0,100.0,48.0,4.8,75.8,1.3,20,4,1.0,1.473,0,100.0,0,1.3,28.26
SEC-BTE-MTJ,35.0,100.0,48.0,4.8,95.7,4.0,2,2,1.0,1.237,0,100.0,0,4.0,25.2
SEC-NDLS-KOTA,465.0,130.0,275.0,14.5,60.0,2.1,18,3,1.095,1.373,1,60.0,0,2.1,706.97
SEC-NDLS-KOTA,465.0,130.0,275.0,14.5,111.5,3.3,4,3,1.071,1.162,0,130.0,0,3.3,301.64
SEC-MTJ-AGC,54.0,120.0,45.0,4.2,109.1,7.2,16,4,1.0,1.101,0,120.0,0,7.2,30.64
SEC-NDLS-KOTA,465.0,130.0,275.0,14.5,118.1,21.9,17,6,1.0,1.514,0,130.0,0,21.9,372.98
SEC-NDLS-KOTA,465.0,130.0,275.0,14.5,111.3,15.8,14,2,1.0,1.099,0,130.0,0,15.8,262.79
SEC-MTJ-AGC,54.0,120.0,45.0,4.2,101.4,6.0,2,5,1.0,1.067,0,120.0,0,6.0,25.65
SEC-NDLS-KOTA,465.0,130.0,275.0,14.5,120.3,9.2,3,4,1.0,1.079,0,130.0,0,9.2,263.44
SEC-BTE-MTJ,35.0,100.0,48.0,4.8,45.0,5.7,22,4,1.0,1.031,1,45.0,0,5.7,61.57
SEC-GGC-BTE,120.0,110.0,98.0,9.4,109.3,0.0,10,4,1.0,1.197,0,110.0,0,0.0,62.18
SEC-SWM-GGC,64.0,120.0,48.0,5.1,116.1,5.2,23,5,1.0,1.073,0,120.0,0,5.2,31.1
SEC-MTJ-AGC,54.0,120.0,45.0,4.2,104.9,25.6,9,2,1.0,1.245,0,120.0,0,25.6,35.79
SEC-BTE-MTJ,35.0,100.0,48.0,4.8,89.9,0.8,4,1,1.088,1.077,0,100.0,0,0.8,25.91
SEC-NDLS-KOTA,465.0,130.0,275.0,14.5,121.2,4.9,23,0,1.0,1.128,0,130.0,0,4.9,250.79
SEC-GGC-BTE,120.0,110.0,98.0,9.4,83.2,10.3,8,0,1.0,1.329,0,110.0,0,10.3,95.06
SEC-GGC-BTE,120.0,110.0,98.0,9.4,107.6,35.5,5,4,1.0,1.042,0,110.0,0,35.5,83.68
SEC-NDLS-KOTA,465.0,130.0,275.0,14.5,98.9,4.9,1,0,1.0,1.131,0,130.0,0,4.9,336.41
SEC-KOTA-SWM,108.0,130.0,58.0,6.2,105.0,26.9,22,2,1.0,1.057,0,130.0,0,26.9,70.17
SEC-BTE-MTJ,35.0,100.0,48.0,4.8,45.0,6.3,11,0,1.0,1.27,1,45.0,0,6.3,67.41
SEC-NDLS-KOTA,465.0,130.0,275.0,14.5,119.5,0.6,2,0,1.0,1.123,0,130.0,0,0.6,270.26
SEC-NDLS-KOTA,465.0,130.0,275.0,14.5,112.3,20.6,21,0,1.0,1.13,0,130.0,0,20.6,281.55
SEC-GGC-BTE,120.0,110.0,98.0,9.4,109.5,2.9,1,6,1.0,1.198,0,110.0,1,2.9,106.61
SEC-GGC-BTE,120.0,110.0,98.0,9.4,45.0,20.0,18,2,1.0,1.159,1,45.0,0,20.0,208.85
SEC-NDLS-KOTA,465.0,130.0,275.0,14.5,113.5,2.5,16,4,1.051,1.081,0,130.0,0,2.5,287.06
SEC-MTJ-AGC,54.0,120.0,45.0,4.2,114.9,13.4,4,6,1.0,1.129,0,120.0,0,13.4,30.03
SEC-GGC-BTE,120.0,110.0,98.0,9.4,97.1,0.4,11,1,1.0,1.275,0,110.0,0,0.4,85.41
SEC-MTJ-AGC,54.0,120.0,45.0,4.2,115.0,2.5,2,4,1.133,1.079,0,120.0,0,2.5,31.3
SEC-SWM-GGC,64.0,120.0,48.0,5.1,98.7,0.1,17,0,1.0,1.299,0,120.0,0,0.1,51.77
SEC-SWM-GGC,64.0,120.0,48.0,5.1,116.6,32.3,1,1,1.0,1.206,0,120.0,0,32.3,51.31
SEC-GGC-BTE,120.0,110.0,98.0,9.4,101.1,22.0,9,1,1.18,1.406,0,110.0,0,22.0,114.45
SEC-KOTA-SWM,108.0,130.0,58.0,6.2,111.1,10.7,10,6,1.173,1.273,0,130.0,1,10.7,106.06
SEC-BTE-MTJ,35.0,100.0,48.0,4.8,98.9,1.3,13,0,1.0,1.045,0,100.0,0,1.3,22.14
SEC-MTJ-AGC,54.0,120.0,45.0,4.2,109.7,10.8,8,2,1.192,1.131,0,120.0,0,10.8,30.77
SEC-SWM-GGC,64.0,120.0,48.0,5.1,93.1,1.9,7,3,1.158,1.074,0,120.0,0,1.9,48.77
SEC-GGC-BTE,120.0,110.0,98.0,9.4,94.0,0.2,4,4,1.0,1.071,0,110.0,0,0.2,67.53
SEC-SWM-GGC,64.0,120.0,48.0,5.1,104.2,7.3,22,0,1.0,1.227,0,120.0,0,7.3,46.09
SEC-GGC-BTE,120.0,110.0,98.0,9.4,99.1,12.4,5,1,1.0,1.058,0,110.0,1,12.4,94.74
SEC-SWM-GGC,64.0,120.0,48.0,5.1,108.6,35.6,10,0,1.0,1.396,0,120.0,0,35.6,61.8
SEC-NDLS-KOTA,465.0,130.0,275.0,14.5,129.5,6.0,7,0,1.267,1.108,0,130.0,0,6.0,292.36
SEC-GGC-BTE,120.0,110.0,98.0,9.4,45.0,4.7,3,4,1.251,1.16,1,45.0,0,4.7,251.19
SEC-GGC-BTE,120.0,110.0,98.0,9.4,92.0,21.1,21,3,1.0,1.448,0,110.0,0,21.1,130.11
SEC-SWM-GGC,64.0,120.0,48.0,5.1,94.8,10.6,7,2,1.144,1.067,0,120.0,0,10.6,60.71
SEC-KOTA-SWM,108.0,130.0,58.0,6.2,98.8,12.7,0,0,1.0,1.056,0,130.0,0,12.7,56.89
SEC-BTE-MTJ,35.0,100.0,48.0,4.8,45.0,10.5,11,6,1.255,1.349,1,45.0,0,10.5,81.11
SEC-NDLS-KOTA,465.0,130.0,275.0,14.5,122.9,1.8,2,2,1.0,1.142,0,130.0,0,1.8,257.74
SEC-SWM-GGC,64.0,120.0,48.0,5.1,96.1,8.7,20,5,1.0,1.317,0,120.0,0,8.7,48.54
SEC-NDLS-KOTA,465.0,130.0,275.0,14.5,123.9,0.5,14,2,1.0,1.14,0,130.0,1,0.5,289.28
SEC-KOTA-SWM,108.0,130.0,58.0,6.2,45.0,15.2,4,3,1.0,1.133,1,45.0,0,15.2,169.11
SEC-NDLS-KOTA,465.0,130.0,275.0,14.5,30.0,2.4,7,5,1.116,1.211,1,30.0,0,2.4,1231.07
SEC-MTJ-AGC,54.0,120.0,45.0,4.2,114.7,16.2,19,1,1.186,1.268,0,120.0,1,16.2,50.86
SEC-NDLS-KOTA,465.0,130.0,275.0,14.5,30.0,8.9,8,2,1.0,1.305,1,30.0,0,8.9,1192.96
SEC-MTJ-AGC,54.0,120.0,45.0,4.2,97.0,1.4,9,0,1.0,1.115,0,120.0,0,1.4,42.3
SEC-KOTA-SWM,108.0,130.0,58.0,6.2,118.0,5.6,20,2,1.141,1.456,0,130.0,0,5.6,84.17
SEC-SWM-GGC,64.0,120.0,48.0,5.1,100.1,8.8,7,2,1.0,1.069,0,120.0,1,8.8,51.75
SEC-NDLS-KOTA,465.0,130.0,275.0,14.5,123.0,8.1,1,3,1.247,1.07,0,130.0,0,8.1,299.59
SEC-GGC-BTE,120.0,110.0,98.0,9.4,96.5,3.5,18,3,1.191,1.216,0,110.0,0,3.5,107.68
SEC-GGC-BTE,120.0,110.0,98.0,9.4,60.0,8.3,22,3,1.0,1.053,1,60.0,0,8.3,143.78
SEC-BTE-MTJ,35.0,100.0,48.0,4.8,81.2,1.8,8,5,1.0,1.215,0,100.0,0,1.8,37.83
SEC-BTE-MTJ,35.0,100.0,48.0,4.8,77.7,0.5,9,2,1.0,1.193,0,100.0,0,0.5,22.83
SEC-NDLS-KOTA,465.0,130.0,275.0,14.5,105.2,6.0,12,3,1.0,1.107,0,130.0,0,6.0,309.42
SEC-NDLS-KOTA,465.0,130.0,275.0,14.5,104.0,21.3,6,1,1.0,1.192,0,130.0,1,21.3,321.32
SEC-SWM-GGC,64.0,120.0,48.0,5.1,60.0,12.3,4,3,1.0,1.096,1,60.0,0,12.3,85.86
SEC-MTJ-AGC,54.0,120.0,45.0,4.2,109.4,18.7,5,5,1.165,1.076,0,120.0,0,18.7,37.29
SEC-NDLS-KOTA,465.0,130.0,275.0,14.5,30.0,4.0,2,0,1.0,1.125,1,30.0,0,4.0,1051.79
SEC-MTJ-AGC,54.0,120.0,45.0,4.2,117.1,1.4,1,2,1.0,1.133,0,120.0,0,1.4,33.6
SEC-GGC-BTE,120.0,110.0,98.0,9.4,30.0,26.1,16,2,1.0,1.118,1,30.0,1,26.1,312.3
SEC-KOTA-SWM,108.0,130.0,58.0,6.2,119.3,4.9,19,0,1.0,1.141,0,130.0,0,4.9,62.53
SEC-GGC-BTE,120.0,110.0,98.0,9.4,97.2,2.4,10,6,1.079,1.213,0,110.0,0,2.4,86.46
SEC-SWM-GGC,64.0,120.0,48.0,5.1,60.0,23.5,18,6,1.0,1.337,1,60.0,0,23.5,85.49
SEC-NDLS-KOTA,465.0,130.0,275.0,14.5,120.7,6.2,7,6,1.0,1.118,0,130.0,0,6.2,218.78
SEC-MTJ-AGC,54.0,120.0,45.0,4.2,114.1,8.2,4,3,1.0,1.007,0,120.0,1,8.2,38.72
SEC-GGC-BTE,120.0,110.0,98.0,9.4,45.0,5.7,0,5,1.0,1.103,1,45.0,0,5.7,187.96
SEC-KOTA-SWM,108.0,130.0,58.0,6.2,30.0,15.2,7,5,1.132,1.062,1,30.0,0,15.2,274.82
SEC-BTE-MTJ,35.0,100.0,48.0,4.8,81.9,0.6,23,5,1.0,1.02,0,100.0,0,0.6,27.42
SEC-BTE-MTJ,35.0,100.0,48.0,4.8,88.9,14.1,18,3,1.0,1.193,0,100.0,0,14.1,28.05
SEC-NDLS-KOTA,465.0,130.0,275.0,14.5,113.0,2.7,16,3,1.0,1.042,0,130.0,0,2.7,298.29
SEC-BTE-MTJ,35.0,100.0,48.0,4.8,80.2,3.1,10,4,1.0,1.298,0,100.0,0,3.1,34.51
SEC-NDLS-KOTA,465.0,130.0,275.0,14.5,112.3,1.3,12,4,1.0,1.037,0,130.0,0,1.3,280.15
SEC-KOTA-SWM,108.0,130.0,58.0,6.2,99.8,9.9,15,4,1.106,1.11,0,130.0,0,9.9,79.18
SEC-GGC-BTE,120.0,110.0,98.0,9.4,93.4,1.6,19,1,1.0,1.179,0,110.0,0,1.6,78.27
SEC-SWM-GGC,64.0,120.0,48.0,5.1,106.2,5.8,10,2,1.102,1.368,0,120.0,0,5.8,46.6
SEC-MTJ-AGC,54.0,120.0,45.0,4.2,30.0,3.3,15,1,1.0,1.093,1,30.0,0,3.3,131.51
SEC-MTJ-AGC,54.0,120.0,45.0,4.2,45.0,3.6,7,1,1.0,1.016,1,45.0,1,3.6,99.45
SEC-SWM-GGC,64.0,120.0,48.0,5.1,91.8,5.2,20,1,1.0,1.188,0,120.0,0,5.2,52.51
SEC-NDLS-KOTA,465.0,130.0,275.0,14.5,123.2,6.2,13,2,1.0,1.155,0,130.0,0,6.2,258.77
SEC-MTJ-AGC,54.0,120.0,45.0,4.2,30.0,2.4,20,5,1.0,1.085,1,30.0,0,2.4,129.87
SEC-MTJ-AGC,54.0,120.0,45.0,4.2,60.0,0.6,22,1,1.0,1.069,1,60.0,0,0.6,55.96
SEC-KOTA-SWM,108.0,130.0,58.0,6.2,100.2,23.0,22,0,1.0,1.068,0,130.0,1,23.0,77.74
SEC-NDLS-KOTA,465.0,130.0,275.0,14.5,116.6,0.4,13,2,1.068,1.09,0,130.0,0,0.4,254.9
SEC-NDLS-KOTA,465.0,130.0,275.0,14.5,107.7,15.1,11,5,1.109,1.205,0,130.0,0,15.1,331.51
SEC-BTE-MTJ,35.0,100.0,48.0,4.8,30.0,5.0,3,4,1.0,1.14,1,30.0,0,5.0,87.34
SEC-BTE-MTJ,35.0,100.0,48.0,4.8,99.7,17.4,2,3,1.0,1.136,0,100.0,0,17.4,35.42
SEC-BTE-MTJ,35.0,100.0,48.0,4.8,98.8,10.2,1,6,1.166,1.113,0,100.0,0,10.2,39.53
SEC-NDLS-KOTA,465.0,130.0,275.0,14.5,126.2,1.5,8,1,1.099,1.23,0,130.0,0,1.5,306.01
SEC-GGC-BTE,120.0,110.0,98.0,9.4,30.0,0.7,12,1,1.0,1.168,1,30.0,0,0.7,284.3
SEC-NDLS-KOTA,465.0,130.0,275.0,14.5,127.4,6.7,16,0,1.0,1.176,0,130.0,0,6.7,274.09
SEC-GGC-BTE,120.0,110.0,98.0,9.4,30.0,7.8,14,6,1.078,1.051,1,30.0,0,7.8,281.31
SEC-NDLS-KOTA,465.0,130.0,275.0,14.5,98.9,1.6,18,4,1.115,1.238,0,130.0,1,1.6,395.02
SEC-SWM-GGC,64.0,120.0,48.0,5.1,94.3,8.9,9,5,1.0,1.225,0,120.0,0,8.9,46.44
SEC-SWM-GGC,64.0,120.0,48.0,5.1,109.7,17.8,19,6,1.0,1.293,0,120.0,0,17.8,51.29
SEC-GGC-BTE,120.0,110.0,98.0,9.4,94.3,2.7,5,3,1.0,1.11,0,110.0,0,2.7,82.36
SEC-NDLS-KOTA,465.0,130.0,275.0,14.5,114.6,23.8,2,2,1.211,1.081,0,130.0,0,23.8,295.53
SEC-MTJ-AGC,54.0,120.0,45.0,4.2,100.1,0.3,10,5,1.0,1.324,0,120.0,0,0.3,41.82
SEC-BTE-MTJ,35.0,100.0,48.0,4.8,60.0,4.6,16,5,1.102,1.171,1,60.0,0,4.6,45.46
SEC-MTJ-AGC,54.0,120.0,45.0,4.2,109.0,10.8,19,0,1.0,1.455,0,120.0,0,10.8,39.71
SEC-SWM-GGC,64.0,120.0,48.0,5.1,100.0,0.6,22,0,1.0,1.207,0,120.0,0,0.6,48.34
SEC-BTE-MTJ,35.0,100.0,48.0,4.8,45.0,39.0,10,6,1.0,1.301,1,45.0,0,39.0,68.51
SEC-SWM-GGC,64.0,120.0,48.0,5.1,95.1,10.5,21,0,1.0,1.247,0,120.0,0,10.5,51.79
SEC-NDLS-KOTA,465.0,130.0,275.0,14.5,103.6,10.7,22,1,1.0,1.112,0,130.0,0,10.7,285.66
SEC-GGC-BTE,120.0,110.0,98.0,9.4,98.4,2.3,12,0,1.0,1.037,0,110.0,0,2.3,68.57
SEC-MTJ-AGC,54.0,120.0,45.0,4.2,108.8,4.1,12,5,1.0,1.075,0,120.0,0,4.1,32.46
SEC-BTE-MTJ,35.0,100.0,48.0,4.8,80.9,21.2,22,5,1.102,1.166,0,100.0,0,21.2,38.27
SEC-KOTA-SWM,108.0,130.0,58.0,6.2,102.1,35.8,11,1,1.0,1.304,0,130.0,0,35.8,85.86
SEC-MTJ-AGC,54.0,120.0,45.0,4.2,117.7,4.1,19,6,1.0,1.344,0,120.0,1,4.1,47.42
SEC-SWM-GGC,64.0,120.0,48.0,5.1,118.6,1.4,4,0,1.0,1.041,0,120.0,1,1.4,62.57
SEC-NDLS-KOTA,465.0,130.0,275.0,14.5,126.2,4.5,18,2,1.293,1.124,0,130.0,0,4.5,292.52
SEC-NDLS-KOTA,465.0,130.0,275.0,14.5,107.4,0.3,10,1,1.102,1.411,0,130.0,0,0.3,386.82
SEC-BTE-MTJ,35.0,100.0,48.0,4.8,75.5,14.7,12,3,1.0,1.17,0,100.0,0,14.7,29.52
SEC-NDLS-KOTA,465.0,130.0,275.0,14.5,45.0,2.5,14,6,1.155,1.061,1,45.0,0,2.5,766.59
SEC-NDLS-KOTA,465.0,130.0,275.0,14.5,114.5,20.9,8,1,1.0,1.416,0,130.0,0,20.9,350.97
SEC-MTJ-AGC,54.0,120.0,45.0,4.2,95.9,15.6,17,4,1.0,1.455,0,120.0,0,15.6,50.25
SEC-SWM-GGC,64.0,120.0,48.0,5.1,60.0,52.2,9,1,1.0,1.247,1,60.0,0,52.2,86.86
SEC-NDLS-KOTA,465.0,130.0,275.0,14.5,110.7,32.4,21,0,1.0,1.167,0,130.0,0,32.4,295.79
SEC-SWM-GGC,64.0,120.0,48.0,5.1,60.0,18.2,5,1,1.257,1.174,1,60.0,0,18.2,102.71
SEC-SWM-GGC,64.0,120.0,48.0,5.1,109.4,10.6,10,1,1.0,1.301,0,120.0,0,10.6,41.62
SEC-KOTA-SWM,108.0,130.0,58.0,6.2,102.1,3.2,13,4,1.051,1.013,0,130.0,0,3.2,65.62
SEC-MTJ-AGC,54.0,120.0,45.0,4.2,112.7,4.7,15,0,1.0,1.148,0,120.0,0,4.7,28.49
SEC-MTJ-AGC,54.0,120.0,45.0,4.2,105.4,13.5,0,5,1.0,1.099,0,120.0,0,13.5,31.07
SEC-KOTA-SWM,108.0,130.0,58.0,6.2,127.9,2.2,14,3,1.0,1.073,0,130.0,0,2.2,47.35
SEC-KOTA-SWM,108.0,130.0,58.0,6.2,106.4,0.5,6,3,1.0,1.028,0,130.0,1,0.5,74.08
SEC-MTJ-AGC,54.0,120.0,45.0,4.2,95.0,0.6,22,2,1.142,1.125,0,120.0,0,0.6,34.16
SEC-SWM-GGC,64.0,120.0,48.0,5.1,111.2,0.4,10,5,1.0,1.24,0,120.0,1,0.4,47.54
SEC-GGC-BTE,120.0,110.0,98.0,9.4,30.0,3.9,21,1,1.0,1.421,1,30.0,0,3.9,336.06
SEC-KOTA-SWM,108.0,130.0,58.0,6.2,120.9,1.9,3,3,1.0,1.03,0,130.0,0,1.9,47.35
SEC-NDLS-KOTA,465.0,130.0,275.0,14.5,102.2,10.1,6,6,1.0,1.068,0,130.0,0,10.1,299.67
SEC-KOTA-SWM,108.0,130.0,58.0,6.2,123.8,3.4,1,1,1.0,1.132,0,130.0,0,3.4,56.21
SEC-BTE-MTJ,35.0,100.0,48.0,4.8,60.0,15.2,12,1,1.174,1.047,1,60.0,0,15.2,44.52
SEC-KOTA-SWM,108.0,130.0,58.0,6.2,124.3,21.2,11,1,1.0,1.166,0,130.0,0,21.2,60.11
SEC-KOTA-SWM,108.0,130.0,58.0,6.2,127.7,16.8,7,1,1.0,1.067,0,130.0,0,16.8,52.92
SEC-KOTA-SWM,108.0,130.0,58.0,6.2,45.0,4.2,16,4,1.0,1.059,1,45.0,0,4.2,176.07
SEC-KOTA-SWM,108.0,130.0,58.0,6.2,111.6,7.2,11,1,1.0,1.199,0,130.0,1,7.2,87.07
SEC-NDLS-KOTA,465.0,130.0,275.0,14.5,45.0,10.5,15,3,1.0,1.045,1,45.0,1,10.5,694.95
SEC-BTE-MTJ,35.0,100.0,48.0,4.8,77.5,2.2,15,6,1.285,1.165,0,100.0,0,2.2,45.33
SEC-KOTA-SWM,108.0,130.0,58.0,6.2,122.3,0.9,12,0,1.0,1.084,0,130.0,0,0.9,53.36
SEC-MTJ-AGC,54.0,120.0,45.0,4.2,113.1,6.4,17,1,1.052,1.238,0,120.0,0,6.4,37.58
SEC-MTJ-AGC,54.0,120.0,45.0,4.2,109.5,11.3,2,6,1.0,1.206,0,120.0,0,11.3,39.32
SEC-SWM-GGC,64.0,120.0,48.0,5.1,98.9,14.9,17,6,1.0,1.282,0,120.0,0,14.9,45.74
SEC-SWM-GGC,64.0,120.0,48.0,5.1,100.2,0.2,4,1,1.0,1.145,0,120.0,0,0.2,39.46
SEC-KOTA-SWM,108.0,130.0,58.0,6.2,120.6,1.6,4,1,1.153,1.21,0,130.0,0,1.6,81.43
SEC-SWM-GGC,64.0,120.0,48.0,5.1,113.8,21.9,8,1,1.0,1.422,0,120.0,0,21.9,52.42
SEC-MTJ-AGC,54.0,120.0,45.0,4.2,45.0,4.0,21,5,1.053,1.257,1,45.0,0,4.0,106.03
SEC-BTE-MTJ,35.0,100.0,48.0,4.8,45.0,19.8,10,1,1.0,1.341,1,45.0,0,19.8,65.85
SEC-GGC-BTE,120.0,110.0,98.0,9.4,30.0,15.4,7,0,1.144,1.151,1,30.0,0,15.4,321.76
SEC-NDLS-KOTA,465.0,130.0,275.0,14.5,99.4,13.9,7,0,1.0,1.071,0,130.0,0,13.9,275.39
SEC-NDLS-KOTA,465.0,130.0,275.0,14.5,60.0,6.1,20,4,1.0,1.293,1,60.0,1,6.1,606.08
SEC-KOTA-SWM,108.0,130.0,58.0,6.2,109.9,15.8,12,5,1.0,1.093,0,130.0,0,15.8,79.99
SEC-GGC-BTE,120.0,110.0,98.0,9.4,88.0,1.4,21,2,1.0,1.188,0,110.0,0,1.4,103.52
SEC-SWM-GGC,64.0,120.0,48.0,5.1,117.9,4.8,10,2,1.0,1.284,0,120.0,0,4.8,34.66
SEC-SWM-GGC,64.0,120.0,48.0,5.1,112.7,0.8,2,3,1.272,1.149,0,120.0,1,0.8,64.23
SEC-MTJ-AGC,54.0,120.0,45.0,4.2,60.0,13.1,10,2,1.0,1.321,1,60.0,1,13.1,93.21
SEC-BTE-MTJ,35.0,100.0,48.0,4.8,82.5,15.0,6,4,1.0,1.204,0,100.0,0,15.0,24.74
SEC-GGC-BTE,120.0,110.0,98.0,9.4,95.5,0.3,0,6,1.0,1.173,0,110.0,0,0.3,88.39
SEC-NDLS-KOTA,465.0,130.0,275.0,14.5,104.5,25.5,2,4,1.125,1.109,0,130.0,0,25.5,311.48
SEC-NDLS-KOTA,465.0,130.0,275.0,14.5,115.2,1.9,6,4,1.0,1.017,0,130.0,0,1.9,265.14
SEC-GGC-BTE,120.0,110.0,98.0,9.4,93.1,2.3,17,4,1.0,1.374,0,110.0,0,2.3,97.67
SEC-KOTA-SWM,108.0,130.0,58.0,6.2,106.0,13.7,2,1,1.0,1.045,0,130.0,0,13.7,74.1
SEC-KOTA-SWM,108.0,130.0,58.0,6.2,109.4,2.0,4,3,1.0,1.156,0,130.0,1,2.0,89.52
SEC-MTJ-AGC,54.0,120.0,45.0,4.2,103.3,4.1,18,4,1.0,1.382,0,120.0,0,4.1,41.37
SEC-MTJ-AGC,54.0,120.0,45.0,4.2,100.6,3.9,6,5,1.0,1.145,0,120.0,0,3.9,39.0
SEC-NDLS-KOTA,465.0,130.0,275.0,14.5,98.3,28.9,19,0,1.0,1.472,0,130.0,0,28.9,422.36
SEC-MTJ-AGC,54.0,120.0,45.0,4.2,104.2,2.7,18,5,1.0,1.216,0,120.0,0,2.7,39.74
SEC-BTE-MTJ,35.0,100.0,48.0,4.8,78.1,3.9,2,2,1.121,1.225,0,100.0,0,3.9,28.54
SEC-SWM-GGC,64.0,120.0,48.0,5.1,115.3,3.0,18,5,1.0,1.336,0,120.0,0,3.0,43.63
SEC-NDLS-KOTA,465.0,130.0,275.0,14.5,104.9,45.0,4,3,1.163,1.061,0,130.0,0,45.0,305.39
SEC-GGC-BTE,120.0,110.0,98.0,9.4,105.6,22.6,12,2,1.0,1.03,0,110.0,0,22.6,66.39
SEC-KOTA-SWM,108.0,130.0,58.0,6.2,109.6,8.6,12,2,1.0,1.146,0,130.0,0,8.6,64.32
SEC-NDLS-KOTA,465.0,130.0,275.0,14.5,110.7,5.7,13,1,1.0,1.204,0,130.0,0,5.7,292.7
SEC-MTJ-AGC,54.0,120.0,45.0,4.2,110.5,27.2,12,2,1.0,1.079,0,120.0,0,27.2,38.16
SEC-MTJ-AGC,54.0,120.0,45.0,4.2,114.2,0.1,18,5,1.0,1.111,0,120.0,0,0.1,28.71
SEC-NDLS-KOTA,465.0,130.0,275.0,14.5,100.9,2.7,22,2,1.0,1.057,0,130.0,0,2.7,279.71
SEC-KOTA-SWM,108.0,130.0,58.0,6.2,98.4,8.9,16,1,1.0,1.022,0,130.0,0,8.9,65.26
SEC-NDLS-KOTA,465.0,130.0,275.0,14.5,105.2,12.9,10,4,1.0,1.309,0,130.0,0,12.9,330.15
SEC-SWM-GGC,64.0,120.0,48.0,5.1,108.5,1.6,19,3,1.0,1.219,0,120.0,0,1.6,36.1
SEC-SWM-GGC,64.0,120.0,48.0,5.1,90.3,2.1,8,6,1.185,1.167,0,120.0,0,2.1,52.95
SEC-SWM-GGC,64.0,120.0,48.0,5.1,105.4,9.5,2,6,1.128,1.089,0,120.0,0,9.5,40.31
SEC-BTE-MTJ,35.0,100.0,48.0,4.8,89.4,8.5,7,6,1.0,1.184,0,100.0,0,8.5,27.13
SEC-BTE-MTJ,35.0,100.0,48.0,4.8,78.9,0.1,14,2,1.0,1.123,0,100.0,0,0.1,26.28
SEC-BTE-MTJ,35.0,100.0,48.0,4.8,89.9,5.6,21,6,1.0,1.244,0,100.0,0,5.6,19.95
SEC-SWM-GGC,64.0,120.0,48.0,5.1,98.6,1.7,16,3,1.0,1.03,0,120.0,0,1.7,45.54
SEC-BTE-MTJ,35.0,100.0,48.0,4.8,94.3,1.2,21,6,1.0,1.419,0,100.0,0,1.2,32.21
SEC-SWM-GGC,64.0,120.0,48.0,5.1,108.9,2.1,3,1,1.0,1.109,0,120.0,0,2.1,32.23
SEC-GGC-BTE,120.0,110.0,98.0,9.4,45.0,7.2,4,0,1.0,1.043,1,45.0,0,7.2,170.92
SEC-SWM-GGC,64.0,120.0,48.0,5.1,100.5,14.1,16,2,1.0,1.069,0,120.0,0,14.1,30.4
SEC-GGC-BTE,120.0,110.0,98.0,9.4,30.0,10.2,18,1,1.118,1.287,1,30.0,1,10.2,366.65
SEC-BTE-MTJ,35.0,100.0,48.0,4.8,87.3,4.4,13,6,1.0,1.139,0,100.0,0,4.4,23.82
SEC-BTE-MTJ,35.0,100.0,48.0,4.8,93.1,13.2,1,6,1.0,1.046,0,100.0,0,13.2,19.95
SEC-NDLS-KOTA,465.0,130.0,275.0,14.5,105.1,4.0,6,5,1.133,1.048,0,130.0,0,4.0,306.57
SEC-MTJ-AGC,54.0,120.0,45.0,4.2,101.4,8.9,19,3,1.0,1.285,0,120.0,0,8.9,40.72
SEC-NDLS-KOTA,465.0,130.0,275.0,14.5,60.0,36.5,17,3,1.261,1.149,1,60.0,0,36.5,683.33
SEC-SWM-GGC,64.0,120.0,48.0,5.1,105.0,21.2,17,2,1.0,1.286,0,120.0,0,21.2,51.16
SEC-BTE-MTJ,35.0,100.0,48.0,4.8,85.6,9.4,17,2,1.0,1.101,0,100.0,0,9.4,30.91
SEC-GGC-BTE,120.0,110.0,98.0,9.4,30.0,28.7,5,5,1.0,1.124,1,30.0,0,28.7,274.74
SEC-GGC-BTE,120.0,110.0,98.0,9.4,99.1,30.6,6,5,1.0,1.077,0,110.0,0,30.6,81.83
SEC-MTJ-AGC,54.0,120.0,45.0,4.2,98.2,3.4,22,5,1.095,1.048,0,120.0,0,3.4,32.08
SEC-NDLS-KOTA,465.0,130.0,275.0,14.5,129.7,39.7,17,6,1.236,1.2,0,130.0,0,39.7,303.83
SEC-SWM-GGC,64.0,120.0,48.0,5.1,60.0,2.6,12,6,1.0,1.026,1,60.0,1,2.6,82.84
SEC-GGC-BTE,120.0,110.0,98.0,9.4,94.6,1.0,14,2,1.0,1.128,0,110.0,0,1.0,67.89
SEC-SWM-GGC,64.0,120.0,48.0,5.1,97.0,0.4,1,1,1.0,1.111,0,120.0,0,0.4,46.5
SEC-KOTA-SWM,108.0,130.0,58.0,6.2,107.0,1.6,5,6,1.0,1.028,0,130.0,0,1.6,70.61
SEC-GGC-BTE,120.0,110.0,98.0,9.4,98.6,4.0,10,5,1.125,1.214,0,110.0,0,4.0,110.15
SEC-BTE-MTJ,35.0,100.0,48.0,4.8,30.0,1.1,4,4,1.147,1.118,1,30.0,0,1.1,106.1
SEC-NDLS-KOTA,465.0,130.0,275.0,14.5,124.6,4.8,6,1,1.145,1.102,0,130.0,0,4.8,279.22
SEC-GGC-BTE,120.0,110.0,98.0,9.4,45.0,2.2,14,0,1.0,1.032,1,45.0,0,2.2,182.25
SEC-NDLS-KOTA,465.0,130.0,275.0,14.5,126.7,0.0,14,6,1.0,1.098,0,130.0,0,0.0,229.02
SEC-SWM-GGC,64.0,120.0,48.0,5.1,103.7,14.3,7,5,1.0,1.127,0,120.0,0,14.3,40.88
SEC-KOTA-SWM,108.0,130.0,58.0,6.2,107.1,1.6,7,5,1.0,1.053,0,130.0,0,1.6,63.87
SEC-NDLS-KOTA,465.0,130.0,275.0,14.5,119.0,3.4,6,2,1.0,1.276,0,130.0,0,3.4,285.28
SEC-SWM-GGC,64.0,120.0,48.0,5.1,93.4,11.2,14,0,1.228,1.177,0,120.0,0,11.2,57.68
SEC-NDLS-KOTA,465.0,130.0,275.0,14.5,113.6,16.0,2,3,1.0,1.087,0,130.0,0,16.0,269.03
SEC-SWM-GGC,64.0,120.0,48.0,5.1,113.3,11.1,1,3,1.102,1.063,0,120.0,0,11.1,35.73
SEC-BTE-MTJ,35.0,100.0,48.0,4.8,45.0,4.0,14,5,1.103,1.134,1,45.0,0,4.0,78.72
SEC-SWM-GGC,64.0,120.0,48.0,5.1,118.4,3.2,8,3,1.0,1.138,0,120.0,0,3.2,33.35
SEC-SWM-GGC,64.0,120.0,48.0,5.1,114.7,16.5,1,3,1.0,1.11,0,120.0,0,16.5,30.59
SEC-MTJ-AGC,54.0,120.0,45.0,4.2,91.0,9.2,15,5,1.0,1.01,0,120.0,0,9.2,38.66
SEC-SWM-GGC,64.0,120.0,48.0,5.1,104.5,9.7,19,0,1.123,1.482,0,120.0,0,9.7,58.39
SEC-BTE-MTJ,35.0,100.0,48.0,4.8,80.8,0.4,9,5,1.0,1.366,0,100.0,0,0.4,33.4
SEC-GGC-BTE,120.0,110.0,98.0,9.4,101.8,18.2,7,5,1.0,1.033,0,110.0,0,18.2,83.42
SEC-NDLS-KOTA,465.0,130.0,275.0,14.5,100.6,1.5,2,0,1.0,1.119,0,130.0,0,1.5,317.47
SEC-SWM-GGC,64.0,120.0,48.0,5.1,98.3,16.4,22,4,1.0,1.074,0,120.0,0,16.4,40.93
SEC-NDLS-KOTA,465.0,130.0,275.0,14.5,123.7,6.6,14,6,1.0,1.051,0,130.0,0,6.6,254.91
SEC-MTJ-AGC,54.0,120.0,45.0,4.2,60.0,9.3,7,4,1.0,1.136,1,60.0,0,9.3,62.37
SEC-KOTA-SWM,108.0,130.0,58.0,6.2,100.1,17.6,19,2,1.0,1.27,0,130.0,0,17.6,96.64
SEC-GGC-BTE,120.0,110.0,98.0,9.4,97.6,8.9,12,5,1.0,1.066,0,110.0,0,8.9,103.82
SEC-SWM-GGC,64.0,120.0,48.0,5.1,116.5,9.7,9,1,1.0,1.151,0,120.0,0,9.7,40.26
SEC-SWM-GGC,64.0,120.0,48.0,5.1,92.5,8.7,18,5,1.0,1.323,0,120.0,0,8.7,54.3
SEC-NDLS-KOTA,465.0,130.0,275.0,14.5,110.4,7.7,22,4,1.067,1.268,0,130.0,0,7.7,353.03
SEC-NDLS-KOTA,465.0,130.0,275.0,14.5,107.7,1.8,9,4,1.094,1.141,0,130.0,0,1.8,309.5
SEC-NDLS-KOTA,465.0,130.0,275.0,14.5,45.0,49.7,8,3,1.0,1.496,1,45.0,0,49.7,891.05
SEC-SWM-GGC,64.0,120.0,48.0,5.1,111.9,2.5,2,4,1.132,1.127,0,120.0,0,2.5,47.55
SEC-SWM-GGC,64.0,120.0,48.0,5.1,102.9,1.3,19,5,1.164,1.342,0,120.0,0,1.3,60.99
SEC-BTE-MTJ,35.0,100.0,48.0,4.8,94.5,14.1,23,2,1.0,1.199,0,100.0,0,14.1,20.14
SEC-SWM-GGC,64.0,120.0,48.0,5.1,108.6,7.0,5,1,1.234,1.203,0,120.0,1,7.0,64.15
SEC-GGC-BTE,120.0,110.0,98.0,9.4,90.8,8.2,11,4,1.0,1.07,0,110.0,0,8.2,86.6
SEC-BTE-MTJ,35.0,100.0,48.0,4.8,97.6,2.4,23,1,1.0,1.154,0,100.0,1,2.4,42.58
SEC-GGC-BTE,120.0,110.0,98.0,9.4,107.6,0.5,6,0,1.0,1.083,0,110.0,0,0.5,67.47
SEC-GGC-BTE,120.0,110.0,98.0,9.4,106.5,2.6,7,3,1.0,1.089,0,110.0,0,2.6,80.38
SEC-KOTA-SWM,108.0,130.0,58.0,6.2,115.6,2.5,19,5,1.0,1.211,0,130.0,0,2.5,69.05
SEC-NDLS-KOTA,465.0,130.0,275.0,14.5,118.5,11.1,10,5,1.0,1.188,0,130.0,0,11.1,262.81
SEC-NDLS-KOTA,465.0,130.0,275.0,14.5,126.9,13.7,6,1,1.0,1.009,0,130.0,0,13.7,235.86
SEC-NDLS-KOTA,465.0,130.0,275.0,14.5,107.8,10.2,8,4,1.0,1.258,0,130.0,0,10.2,286.27
SEC-MTJ-AGC,54.0,120.0,45.0,4.2,30.0,25.8,2,1,1.106,1.179,1,30.0,0,25.8,159.77
SEC-MTJ-AGC,54.0,120.0,45.0,4.2,45.0,3.4,3,5,1.0,1.139,1,45.0,0,3.4,89.06
SEC-GGC-BTE,120.0,110.0,98.0,9.4,95.5,11.3,9,0,1.0,1.437,0,110.0,0,11.3,101.28
SEC-BTE-MTJ,35.0,100.0,48.0,4.8,85.0,4.2,1,3,1.0,1.183,0,100.0,0,4.2,31.3
SEC-NDLS-KOTA,465.0,130.0,275.0,14.5,100.3,3.3,1,6,1.0,1.027,0,130.0,0,3.3,268.21
SEC-GGC-BTE,120.0,110.0,98.0,9.4,109.6,17.6,20,4,1.0,1.352,0,110.0,0,17.6,89.07
SEC-MTJ-AGC,54.0,120.0,45.0,4.2,103.3,11.8,12,2,1.226,1.039,0,120.0,0,11.8,30.18
SEC-BTE-MTJ,35.0,100.0,48.0,4.8,97.8,0.1,13,5,1.0,1.115,0,100.0,0,0.1,25.62
SEC-MTJ-AGC,54.0,120.0,45.0,4.2,30.0,11.4,13,6,1.0,1.123,1,30.0,1,11.4,151.53
SEC-NDLS-KOTA,465.0,130.0,275.0,14.5,107.4,5.1,9,1,1.0,1.39,0,130.0,0,5.1,386.26
SEC-MTJ-AGC,54.0,120.0,45.0,4.2,115.5,4.4,15,4,1.155,1.095,0,120.0,0,4.4,26.67
SEC-NDLS-KOTA,465.0,130.0,275.0,14.5,45.0,5.9,15,6,1.0,1.066,1,45.0,0,5.9,692.99
SEC-BTE-MTJ,35.0,100.0,48.0,4.8,30.0,27.1,8,4,1.0,1.266,1,30.0,0,27.1,108.0
SEC-NDLS-KOTA,465.0,130.0,275.0,14.5,120.6,3.4,1,1,1.066,1.022,0,130.0,1,3.4,257.55
SEC-KOTA-SWM,108.0,130.0,58.0,6.2,117.0,22.7,22,0,1.0,1.116,0,130.0,0,22.7,79.84
SEC-BTE-MTJ,35.0,100.0,48.0,4.8,60.0,12.7,12,1,1.064,1.057,1,60.0,1,12.7,54.82
SEC-SWM-GGC,64.0,120.0,48.0,5.1,90.9,17.0,7,4,1.126,1.128,0,120.0,1,17.0,72.98
SEC-GGC-BTE,120.0,110.0,98.0,9.4,82.7,2.4,19,1,1.0,1.194,0,110.0,0,2.4,114.13
SEC-GGC-BTE,120.0,110.0,98.0,9.4,101.8,1.3,17,5,1.0,1.213,0,110.0,0,1.3,81.17
SEC-KOTA-SWM,108.0,130.0,58.0,6.2,113.5,11.6,5,6,1.0,1.182,0,130.0,0,11.6,59.32
SEC-GGC-BTE,120.0,110.0,98.0,9.4,97.2,8.6,21,6,1.069,1.373,0,110.0,0,8.6,94.13
SEC-MTJ-AGC,54.0,120.0,45.0,4.2,60.0,13.3,2,4,1.0,1.108,1,60.0,0,13.3,62.88
SEC-GGC-BTE,120.0,110.0,98.0,9.4,100.5,6.3,5,3,1.0,1.085,0,110.0,0,6.3,76.45
SEC-NDLS-KOTA,465.0,130.0,275.0,14.5,118.8,15.1,0,0,1.0,1.154,0,130.0,0,15.1,249.74
SEC-BTE-MTJ,35.0,100.0,48.0,4.8,92.1,3.5,4,0,1.0,1.045,0,100.0,0,3.5,24.77
SEC-KOTA-SWM,108.0,130.0,58.0,6.2,112.3,16.4,14,5,1.0,1.125,0,130.0,0,16.4,65.28
SEC-MTJ-AGC,54.0,120.0,45.0,4.2,115.3,8.3,22,0,1.0,1.165,0,120.0,0,8.3,35.99
SEC-NDLS-KOTA,465.0,130.0,275.0,14.5,121.4,5.9,13,6,1.0,1.279,0,130.0,0,5.9,313.12
SEC-BTE-MTJ,35.0,100.0,48.0,4.8,86.6,4.0,16,0,1.066,1.056,0,100.0,0,4.0,30.97
SEC-KOTA-SWM,108.0,130.0,58.0,6.2,125.6,17.5,14,4,1.0,1.029,0,130.0,0,17.5,62.68
SEC-BTE-MTJ,35.0,100.0,48.0,4.8,79.8,9.8,13,4,1.085,1.148,0,100.0,0,9.8,27.96
SEC-MTJ-AGC,54.0,120.0,45.0,4.2,60.0,0.2,15,1,1.0,1.071,1,60.0,0,0.2,74.22
SEC-GGC-BTE,120.0,110.0,98.0,9.4,109.4,22.7,12,2,1.0,1.062,0,110.0,0,22.7,75.49
SEC-SWM-GGC,64.0,120.0,48.0,5.1,109.8,20.8,18,6,1.0,1.173,0,120.0,0,20.8,42.07
SEC-KOTA-SWM,108.0,130.0,58.0,6.2,114.6,5.4,10,2,1.0,1.39,0,130.0,0,5.4,73.17
SEC-GGC-BTE,120.0,110.0,98.0,9.4,101.8,23.1,23,2,1.145,1.12,0,110.0,0,23.1,74.48
SEC-KOTA-SWM,108.0,130.0,58.0,6.2,109.1,11.0,19,3,1.0,1.202,0,130.0,0,11.0,81.21
SEC-BTE-MTJ,35.0,100.0,48.0,4.8,90.1,0.8,19,3,1.0,1.161,0,100.0,0,0.8,28.83
SEC-SWM-GGC,64.0,120.0,48.0,5.1,109.0,1.6,21,5,1.0,1.335,0,120.0,0,1.6,34.72
SEC-SWM-GGC,64.0,120.0,48.0,5.1,98.8,2.4,12,2,1.0,1.042,0,120.0,0,2.4,48.21
SEC-SWM-GGC,64.0,120.0,48.0,5.1,98.8,7.8,3,3,1.0,1.053,0,120.0,0,7.8,38.53
SEC-SWM-GGC,64.0,120.0,48.0,5.1,91.7,3.6,6,3,1.0,1.092,0,120.0,0,3.6,36.93
SEC-SWM-GGC,64.0,120.0,48.0,5.1,113.7,1.2,18,4,1.0,1.305,0,120.0,1,1.2,59.27
SEC-MTJ-AGC,54.0,120.0,45.0,4.2,104.4,5.0,20,4,1.102,1.29,0,120.0,0,5.0,39.62
SEC-NDLS-KOTA,465.0,130.0,275.0,14.5,107.8,9.6,5,3,1.0,1.08,0,130.0,0,9.6,276.84
SEC-BTE-MTJ,35.0,100.0,48.0,4.8,60.0,33.5,1,0,1.145,1.143,1,60.0,0,33.5,66.2
SEC-KOTA-SWM,108.0,130.0,58.0,6.2,107.2,16.1,0,4,1.053,1.089,0,130.0,0,16.1,80.22
SEC-GGC-BTE,120.0,110.0,98.0,9.4,101.0,3.0,9,5,1.126,1.235,0,110.0,0,3.0,111.03
SEC-SWM-GGC,64.0,120.0,48.0,5.1,108.3,2.0,23,0,1.0,1.066,0,120.0,0,2.0,40.86
SEC-GGC-BTE,120.0,110.0,98.0,9.4,83.3,48.9,11,0,1.0,1.181,0,110.0,0,48.9,93.6
SEC-GGC-BTE,120.0,110.0,98.0,9.4,97.7,4.5,3,4,1.099,1.104,0,110.0,0,4.5,98.33
SEC-SWM-GGC,64.0,120.0,48.0,5.1,109.3,4.6,12,2,1.0,1.155,0,120.0,0,4.6,38.5
SEC-BTE-MTJ,35.0,100.0,48.0,4.8,99.8,1.2,21,6,1.126,1.214,0,100.0,0,1.2,23.37
SEC-GGC-BTE,120.0,110.0,98.0,9.4,93.2,4.4,23,0,1.0,1.14,0,110.0,0,4.4,93.62
SEC-NDLS-KOTA,465.0,130.0,275.0,14.5,108.4,13.4,0,0,1.0,1.046,0,130.0,0,13.4,286.68
SEC-NDLS-KOTA,465.0,130.0,275.0,14.5,128.2,8.7,7,2,1.243,1.129,0,130.0,0,8.7,321.17
SEC-BTE-MTJ,35.0,100.0,48.0,4.8,76.1,0.7,1,3,1.0,1.055,0,100.0,0,0.7,24.05
SEC-GGC-BTE,120.0,110.0,98.0,9.4,30.0,0.4,11,1,1.0,1.27,1,30.0,0,0.4,302.31
SEC-SWM-GGC,64.0,120.0,48.0,5.1,104.9,8.0,11,4,1.0,1.284,0,120.0,0,8.0,49.51
SEC-KOTA-SWM,108.0,130.0,58.0,6.2,123.7,3.8,5,6,1.0,1.131,0,130.0,0,3.8,57.2
SEC-MTJ-AGC,54.0,120.0,45.0,4.2,118.8,7.1,20,5,1.0,1.299,0,120.0,0,7.1,34.8
SEC-GGC-BTE,120.0,110.0,98.0,9.4,103.0,0.7,9,4,1.0,1.27,0,110.0,0,0.7,89.34
SEC-GGC-BTE,120.0,110.0,98.0,9.4,97.4,2.7,10,1,1.0,1.297,0,110.0,0,2.7,81.33
SEC-NDLS-KOTA,465.0,130.0,275.0,14.5,45.0,1.6,15,6,1.0,1.146,1,45.0,0,1.6,707.99
SEC-KOTA-SWM,108.0,130.0,58.0,6.2,122.5,10.9,22,6,1.094,1.202,0,130.0,1,10.9,87.59
SEC-KOTA-SWM,108.0,130.0,58.0,6.2,102.9,9.2,21,1,1.189,1.129,0,130.0,1,9.2,90.93
SEC-GGC-BTE,120.0,110.0,98.0,9.4,83.6,1.9,7,6,1.0,1.161,0,110.0,0,1.9,102.94
SEC-SWM-GGC,64.0,120.0,48.0,5.1,111.7,18.2,17,5,1.0,1.165,0,120.0,0,18.2,30.53
SEC-BTE-MTJ,35.0,100.0,48.0,4.8,94.6,0.6,10,1,1.0,1.197,0,100.0,0,0.6,28.94
SEC-KOTA-SWM,108.0,130.0,58.0,6.2,103.9,3.9,22,6,1.0,1.132,0,130.0,0,3.9,70.08
SEC-SWM-GGC,64.0,120.0,48.0,5.1,30.0,1.6,19,0,1.0,1.304,1,30.0,0,1.6,177.2
SEC-SWM-GGC,64.0,120.0,48.0,5.1,113.8,10.0,9,4,1.0,1.3,0,120.0,0,10.0,41.59
SEC-SWM-GGC,64.0,120.0,48.0,5.1,45.0,9.1,20,1,1.0,1.458,1,45.0,0,9.1,132.15
SEC-MTJ-AGC,54.0,120.0,45.0,4.2,114.4,27.8,9,0,1.105,1.301,0,120.0,0,27.8,29.76
SEC-BTE-MTJ,35.0,100.0,48.0,4.8,82.8,14.3,14,1,1.0,1.207,0,100.0,0,14.3,39.13
SEC-KOTA-SWM,108.0,130.0,58.0,6.2,104.5,4.3,15,4,1.0,1.096,0,130.0,0,4.3,75.43
SEC-NDLS-KOTA,465.0,130.0,275.0,14.5,124.2,6.1,2,5,1.0,1.103,0,130.0,0,6.1,248.97
SEC-KOTA-SWM,108.0,130.0,58.0,6.2,128.6,15.4,13,0,1.0,1.134,0,130.0,0,15.4,48.4
SEC-SWM-GGC,64.0,120.0,48.0,5.1,108.7,8.4,5,3,1.0,1.032,0,120.0,0,8.4,36.48
SEC-KOTA-SWM,108.0,130.0,58.0,6.2,110.1,49.3,10,5,1.0,1.273,0,130.0,0,49.3,80.16
SEC-MTJ-AGC,54.0,120.0,45.0,4.2,100.2,17.1,6,2,1.0,1.118,0,120.0,0,17.1,40.33
SEC-BTE-MTJ,35.0,100.0,48.0,4.8,96.5,19.4,3,2,1.0,1.136,0,100.0,0,19.4,22.2
SEC-MTJ-AGC,54.0,120.0,45.0,4.2,111.1,10.0,15,3,1.0,1.028,0,120.0,0,10.0,34.25
SEC-NDLS-KOTA,465.0,130.0,275.0,14.5,124.7,5.2,9,1,1.0,1.33,0,130.0,0,5.2,294.04
SEC-GGC-BTE,120.0,110.0,98.0,9.4,106.5,3.3,20,6,1.0,1.29,0,110.0,0,3.3,65.55
SEC-BTE-MTJ,35.0,100.0,48.0,4.8,30.0,3.3,18,6,1.0,1.278,1,30.0,0,3.3,111.5
SEC-GGC-BTE,120.0,110.0,98.0,9.4,91.1,2.9,7,4,1.0,1.027,0,110.0,0,2.9,90.41
SEC-SWM-GGC,64.0,120.0,48.0,5.1,92.0,7.0,5,0,1.0,1.125,0,120.0,0,7.0,56.91
SEC-SWM-GGC,64.0,120.0,48.0,5.1,114.7,17.3,5,5,1.0,1.151,0,120.0,0,17.3,37.01
SEC-MTJ-AGC,54.0,120.0,45.0,4.2,114.9,3.0,19,5,1.0,1.109,0,120.0,0,3.0,26.11
SEC-SWM-GGC,64.0,120.0,48.0,5.1,97.6,1.3,15,2,1.0,1.021,0,120.0,0,1.3,46.72
SEC-BTE-MTJ,35.0,100.0,48.0,4.8,30.0,10.3,23,0,1.122,1.178,1,30.0,1,10.3,121.79
SEC-GGC-BTE,120.0,110.0,98.0,9.4,94.1,9.7,23,4,1.0,1.161,0,110.0,0,9.7,91.6
SEC-KOTA-SWM,108.0,130.0,58.0,6.2,129.9,10.8,9,4,1.0,1.317,0,130.0,0,10.8,63.23
SEC-NDLS-KOTA,465.0,130.0,275.0,14.5,102.0,0.8,14,0,1.28,1.051,0,130.0,0,0.8,383.08
SEC-SWM-GGC,64.0,120.0,48.0,5.1,114.2,20.7,10,6,1.0,1.416,0,120.0,0,20.7,39.23
SEC-KOTA-SWM,108.0,130.0,58.0,6.2,30.0,10.4,16,3,1.251,1.096,1,30.0,0,10.4,305.48
SEC-KOTA-SWM,108.0,130.0,58.0,6.2,125.2,9.6,16,4,1.0,1.05,0,130.0,0,9.6,56.94
SEC-BTE-MTJ,35.0,100.0,48.0,4.8,89.7,25.4,7,4,1.153,1.159,0,100.0,0,25.4,41.76
SEC-BTE-MTJ,35.0,100.0,48.0,4.8,96.9,11.6,0,6,1.0,1.05,0,100.0,0,11.6,27.64
SEC-MTJ-AGC,54.0,120.0,45.0,4.2,104.9,4.7,18,5,1.057,1.448,0,120.0,0,4.7,47.81
SEC-SWM-GGC,64.0,120.0,48.0,5.1,119.0,9.6,10,1,1.0,1.249,0,120.0,0,9.6,46.25
SEC-SWM-GGC,64.0,120.0,48.0,5.1,99.1,24.0,2,5,1.096,1.065,0,120.0,0,24.0,46.41
SEC-GGC-BTE,120.0,110.0,98.0,9.4,102.9,13.4,23,0,1.117,1.181,0,110.0,0,13.4,89.22
SEC-NDLS-KOTA,465.0,130.0,275.0,14.5,128.4,1.1,23,5,1.0,1.069,0,130.0,0,1.1,220.56
SEC-KOTA-SWM,108.0,130.0,58.0,6.2,109.8,4.8,17,1,1.068,1.275,0,130.0,0,4.8,86.37
SEC-SWM-GGC,64.0,120.0,48.0,5.1,105.8,4.3,11,0,1.0,1.301,0,120.0,0,4.3,42.82
SEC-SWM-GGC,64.0,120.0,48.0,5.1,101.5,5.1,17,6,1.0,1.133,0,120.0,0,5.1,39.32
SEC-NDLS-KOTA,465.0,130.0,275.0,14.5,114.0,6.1,4,2,1.0,1.049,0,130.0,0,6.1,261.65
SEC-MTJ-AGC,54.0,120.0,45.0,4.2,101.0,3.1,16,3,1.0,1.104,0,120.0,0,3.1,32.71
SEC-KOTA-SWM,108.0,130.0,58.0,6.2,120.4,0.7,22,2,1.0,1.083,0,130.0,0,0.7,56.7
SEC-KOTA-SWM,108.0,130.0,58.0,6.2,101.8,12.2,19,0,1.0,1.344,0,130.0,0,12.2,90.04
SEC-GGC-BTE,120.0,110.0,98.0,9.4,110.0,13.3,2,2,1.0,1.061,0,110.0,0,13.3,80.74
SEC-SWM-GGC,64.0,120.0,48.0,5.1,104.0,7.9,12,6,1.0,1.079,0,120.0,0,7.9,44.75
SEC-NDLS-KOTA,465.0,130.0,275.0,14.5,116.3,23.2,3,3,1.0,1.129,0,130.0,0,23.2,266.18
SEC-BTE-MTJ,35.0,100.0,48.0,4.8,82.1,2.6,7,3,1.0,1.075,0,100.0,0,2.6,23.02
SEC-GGC-BTE,120.0,110.0,98.0,9.4,98.2,1.4,20,3,1.0,1.267,0,110.0,0,1.4,98.19
SEC-NDLS-KOTA,465.0,130.0,275.0,14.5,60.0,3.2,12,6,1.0,1.099,1,60.0,0,3.2,529.48
SEC-NDLS-KOTA,465.0,130.0,275.0,14.5,127.1,5.1,19,5,1.0,1.288,0,130.0,0,5.1,285.52
SEC-BTE-MTJ,35.0,100.0,48.0,4.8,77.9,23.8,20,2,1.0,1.09,0,100.0,0,23.8,29.14
SEC-MTJ-AGC,54.0,120.0,45.0,4.2,90.7,11.7,17,4,1.0,1.177,0,120.0,0,11.7,38.43
SEC-GGC-BTE,120.0,110.0,98.0,9.4,90.5,0.5,13,1,1.0,1.093,0,110.0,0,0.5,89.87
SEC-MTJ-AGC,54.0,120.0,45.0,4.2,60.0,4.4,8,5,1.0,1.269,1,60.0,0,4.4,76.18
SEC-KOTA-SWM,108.0,130.0,58.0,6.2,121.5,19.4,0,4,1.0,1.086,0,130.0,0,19.4,61.68
SEC-MTJ-AGC,54.0,120.0,45.0,4.2,94.7,15.0,19,5,1.22,1.158,0,120.0,0,15.0,43.98
SEC-SWM-GGC,64.0,120.0,48.0,5.1,111.0,8.9,19,4,1.0,1.164,0,120.0,0,8.9,38.18
SEC-NDLS-KOTA,465.0,130.0,275.0,14.5,109.7,12.7,22,1,1.145,1.184,0,130.0,0,12.7,308.12
SEC-KOTA-SWM,108.0,130.0,58.0,6.2,113.0,14.6,15,0,1.0,1.056,0,130.0,1,14.6,82.88
SEC-BTE-MTJ,35.0,100.0,48.0,4.8,99.6,10.0,17,0,1.147,1.161,0,100.0,0,10.0,22.01
SEC-MTJ-AGC,54.0,120.0,45.0,4.2,100.1,4.0,1,1,1.0,1.117,0,120.0,0,4.0,32.84
SEC-NDLS-KOTA,465.0,130.0,275.0,14.5,116.2,40.6,16,3,1.0,1.09,0,130.0,0,40.6,274.8
SEC-MTJ-AGC,54.0,120.0,45.0,4.2,91.3,17.0,7,1,1.0,1.105,0,120.0,0,17.0,39.09
SEC-MTJ-AGC,54.0,120.0,45.0,4.2,97.8,8.2,0,4,1.0,1.169,0,120.0,0,8.2,28.08
SEC-BTE-MTJ,35.0,100.0,48.0,4.8,60.0,13.7,20,6,1.0,1.132,1,60.0,0,13.7,49.66
SEC-SWM-GGC,64.0,120.0,48.0,5.1,30.0,20.6,5,0,1.157,1.115,1,30.0,0,20.6,184.82
SEC-NDLS-KOTA,465.0,130.0,275.0,14.5,98.9,1.9,23,5,1.0,1.039,0,130.0,1,1.9,312.29
SEC-NDLS-KOTA,465.0,130.0,275.0,14.5,100.8,5.0,0,0,1.0,1.126,0,130.0,0,5.0,295.56
SEC-NDLS-KOTA,465.0,130.0,275.0,14.5,122.4,16.9,18,1,1.0,1.411,0,130.0,0,16.9,315.16
SEC-NDLS-KOTA,465.0,130.0,275.0,14.5,127.3,3.7,19,3,1.0,1.247,0,130.0,0,3.7,269.11
SEC-KOTA-SWM,108.0,130.0,58.0,6.2,60.0,12.7,8,4,1.213,1.345,1,60.0,0,12.7,180.78
SEC-MTJ-AGC,54.0,120.0,45.0,4.2,114.3,2.2,12,2,1.134,1.04,0,120.0,0,2.2,37.31
SEC-NDLS-KOTA,465.0,130.0,275.0,14.5,45.0,1.7,15,6,1.0,1.137,1,45.0,1,1.7,733.33
SEC-MTJ-AGC,54.0,120.0,45.0,4.2,102.4,4.4,20,5,1.0,1.336,0,120.0,0,4.4,33.83
SEC-NDLS-KOTA,465.0,130.0,275.0,14.5,101.2,1.9,1,1,1.0,1.09,0,130.0,1,1.9,297.84
SEC-NDLS-KOTA,465.0,130.0,275.0,14.5,103.7,4.5,15,0,1.0,1.098,0,130.0,0,4.5,307.46
SEC-KOTA-SWM,108.0,130.0,58.0,6.2,127.1,14.8,1,0,1.0,1.063,0,130.0,0,14.8,59.0
SEC-GGC-BTE,120.0,110.0,98.0,9.4,87.3,18.8,23,1,1.0,1.133,0,110.0,0,18.8,103.69
SEC-SWM-GGC,64.0,120.0,48.0,5.1,30.0,1.0,14,3,1.0,1.264,1,30.0,0,1.0,171.37
SEC-BTE-MTJ,35.0,100.0,48.0,4.8,92.7,19.0,0,0,1.082,1.159,0,100.0,0,19.0,45.36
SEC-MTJ-AGC,54.0,120.0,45.0,4.2,60.0,3.2,14,1,1.0,1.232,1,60.0,0,3.2,73.89
SEC-MTJ-AGC,54.0,120.0,45.0,4.2,106.9,11.3,16,3,1.06,1.062,0,120.0,0,11.3,40.3
SEC-NDLS-KOTA,465.0,130.0,275.0,14.5,111.6,10.7,8,2,1.095,1.329,0,130.0,0,10.7,328.3
SEC-NDLS-KOTA,465.0,130.0,275.0,14.5,110.0,2.7,15,0,1.0,1.088,0,130.0,0,2.7,277.52
SEC-NDLS-KOTA,465.0,130.0,275.0,14.5,107.6,9.3,14,2,1.0,1.051,0,130.0,0,9.3,290.29
SEC-KOTA-SWM,108.0,130.0,58.0,6.2,102.9,5.1,9,2,1.087,1.362,0,130.0,0,5.1,88.38
SEC-NDLS-KOTA,465.0,130.0,275.0,14.5,104.7,2.0,20,3,1.0,1.148,0,130.0,0,2.0,312.75
SEC-NDLS-KOTA,465.0,130.0,275.0,14.5,114.6,0.4,4,5,1.16,1.024,0,130.0,1,0.4,282.13
SEC-MTJ-AGC,54.0,120.0,45.0,4.2,98.0,0.1,14,6,1.116,1.037,0,120.0,0,0.1,46.98
SEC-MTJ-AGC,54.0,120.0,45.0,4.2,92.4,3.7,5,3,1.0,1.079,0,120.0,1,3.7,49.95
SEC-GGC-BTE,120.0,110.0,98.0,9.4,96.5,25.7,13,0,1.0,1.155,0,110.0,0,25.7,80.77
SEC-MTJ-AGC,54.0,120.0,45.0,4.2,110.3,15.1,4,2,1.249,1.015,0,120.0,0,15.1,42.32
SEC-NDLS-KOTA,465.0,130.0,275.0,14.5,122.5,14.5,4,0,1.0,1.063,0,130.0,0,14.5,236.34
SEC-BTE-MTJ,35.0,100.0,48.0,4.8,94.7,2.4,2,1,1.122,1.108,0,100.0,0,2.4,30.34
SEC-SWM-GGC,64.0,120.0,48.0,5.1,110.0,25.8,23,4,1.071,1.112,0,120.0,0,25.8,37.25
SEC-BTE-MTJ,35.0,100.0,48.0,4.8,90.8,8.9,21,3,1.0,1.251,0,100.0,0,8.9,30.96
SEC-BTE-MTJ,35.0,100.0,48.0,4.8,76.3,27.4,16,2,1.0,1.042,0,100.0,0,27.4,31.8
SEC-BTE-MTJ,35.0,100.0,48.0,4.8,45.0,1.1,2,4,1.0,1.102,1,45.0,0,1.1,59.33
SEC-NDLS-KOTA,465.0,130.0,275.0,14.5,123.0,1.1,13,2,1.0,1.137,0,130.0,0,1.1,268.06
SEC-KOTA-SWM,108.0,130.0,58.0,6.2,104.5,3.9,12,4,1.152,1.042,0,130.0,0,3.9,62.84
SEC-KOTA-SWM,108.0,130.0,58.0,6.2,111.8,39.9,8,4,1.0,1.168,0,130.0,0,39.9,66.89
SEC-NDLS-KOTA,465.0,130.0,275.0,14.5,113.8,1.6,7,4,1.174,1.03,0,130.0,0,1.6,300.15
SEC-MTJ-AGC,54.0,120.0,45.0,4.2,60.0,3.9,0,1,1.0,1.108,1,60.0,0,3.9,64.43
SEC-MTJ-AGC,54.0,120.0,45.0,4.2,92.2,14.1,4,6,1.0,1.039,0,120.0,1,14.1,62.5
SEC-KOTA-SWM,108.0,130.0,58.0,6.2,102.8,1.3,0,0,1.0,1.128,0,130.0,0,1.3,76.5
SEC-MTJ-AGC,54.0,120.0,45.0,4.2,101.3,5.8,22,3,1.0,1.209,0,120.0,0,5.8,42.79
SEC-BTE-MTJ,35.0,100.0,48.0,4.8,80.3,5.9,18,6,1.078,1.221,0,100.0,0,5.9,21.15
SEC-NDLS-KOTA,465.0,130.0,275.0,14.5,107.6,4.4,0,4,1.224,1.06,0,130.0,0,4.4,331.19
SEC-MTJ-AGC,54.0,120.0,45.0,4.2,118.9,7.0,4,6,1.0,1.02,0,120.0,0,7.0,38.7
SEC-BTE-MTJ,35.0,100.0,48.0,4.8,84.5,17.7,21,4,1.199,1.169,0,100.0,0,17.7,37.75
SEC-NDLS-KOTA,465.0,130.0,275.0,14.5,121.5,6.9,17,6,1.0,1.204,0,130.0,0,6.9,270.02
SEC-BTE-MTJ,35.0,100.0,48.0,4.8,99.0,5.7,13,3,1.271,1.151,0,100.0,1,5.7,44.98
SEC-BTE-MTJ,35.0,100.0,48.0,4.8,94.6,7.6,18,4,1.0,1.231,0,100.0,0,7.6,32.39
SEC-MTJ-AGC,54.0,120.0,45.0,4.2,30.0,16.7,7,3,1.0,1.09,1,30.0,0,16.7,132.41
SEC-SWM-GGC,64.0,120.0,48.0,5.1,60.0,8.7,22,2,1.0,1.052,1,60.0,0,8.7,76.67
SEC-NDLS-KOTA,465.0,130.0,275.0,14.5,111.3,10.9,6,5,1.0,1.103,0,130.0,1,10.9,286.49
SEC-SWM-GGC,64.0,120.0,48.0,5.1,45.0,2.1,7,2,1.0,1.096,1,45.0,0,2.1,111.06
SEC-BTE-MTJ,35.0,100.0,48.0,4.8,92.5,5.9,8,2,1.0,1.256,0,100.0,0,5.9,30.43
SEC-KOTA-SWM,108.0,130.0,58.0,6.2,100.2,1.6,22,0,1.0,1.082,0,130.0,0,1.6,73.31
SEC-NDLS-KOTA,465.0,130.0,275.0,14.5,116.1,0.9,4,5,1.057,1.175,0,130.0,0,0.9,267.07
SEC-KOTA-SWM,108.0,130.0,58.0,6.2,128.3,1.3,20,1,1.0,1.251,0,130.0,0,1.3,59.19
SEC-KOTA-SWM,108.0,130.0,58.0,6.2,107.6,2.8,12,1,1.0,1.153,0,130.0,0,2.8,65.04
SEC-MTJ-AGC,54.0,120.0,45.0,4.2,102.8,7.3,10,1,1.0,1.216,0,120.0,0,7.3,33.45
SEC-GGC-BTE,120.0,110.0,98.0,9.4,100.2,27.5,9,1,1.296,1.207,0,110.0,0,27.5,115.2
SEC-KOTA-SWM,108.0,130.0,58.0,6.2,103.8,27.9,19,0,1.191,1.344,0,130.0,0,27.9,89.1
SEC-NDLS-KOTA,465.0,130.0,275.0,14.5,115.7,1.8,21,3,1.288,1.346,0,130.0,0,1.8,401.52
SEC-SWM-GGC,64.0,120.0,48.0,5.1,97.4,15.1,18,0,1.0,1.314,0,120.0,0,15.1,56.93
SEC-BTE-MTJ,35.0,100.0,48.0,4.8,91.6,2.8,5,1,1.0,1.024,0,100.0,1,2.8,36.18
SEC-BTE-MTJ,35.0,100.0,48.0,4.8,30.0,13.1,7,4,1.0,1.052,1,30.0,0,13.1,85.15
SEC-KOTA-SWM,108.0,130.0,58.0,6.2,128.2,9.8,6,1,1.0,1.141,0,130.0,0,9.8,57.07
SEC-NDLS-KOTA,465.0,130.0,275.0,14.5,113.0,41.2,4,0,1.0,1.048,0,130.0,0,41.2,237.84
SEC-GGC-BTE,120.0,110.0,98.0,9.4,91.4,4.6,13,6,1.0,1.149,0,110.0,0,4.6,105.39
SEC-SWM-GGC,64.0,120.0,48.0,5.1,112.8,2.0,9,3,1.0,1.353,0,120.0,0,2.0,38.38
SEC-KOTA-SWM,108.0,130.0,58.0,6.2,121.1,1.8,14,3,1.284,1.06,0,130.0,0,1.8,81.62
SEC-NDLS-KOTA,465.0,130.0,275.0,14.5,97.9,9.9,3,4,1.0,1.132,0,130.0,0,9.9,330.62
SEC-MTJ-AGC,54.0,120.0,45.0,4.2,94.7,54.7,6,5,1.0,1.111,0,120.0,0,54.7,53.41
SEC-NDLS-KOTA,465.0,130.0,275.0,14.5,45.0,10.8,15,3,1.0,1.071,1,45.0,0,10.8,648.74
SEC-KOTA-SWM,108.0,130.0,58.0,6.2,101.0,31.7,14,5,1.248,1.074,0,130.0,0,31.7,84.12
SEC-MTJ-AGC,54.0,120.0,45.0,4.2,112.7,1.0,12,2,1.259,1.101,0,120.0,0,1.0,38.01
SEC-SWM-GGC,64.0,120.0,48.0,5.1,90.2,22.0,2,4,1.05,1.089,0,120.0,0,22.0,50.41
SEC-SWM-GGC,64.0,120.0,48.0,5.1,97.1,1.8,19,2,1.0,1.115,0,120.0,0,1.8,39.48
SEC-MTJ-AGC,54.0,120.0,45.0,4.2,112.2,11.3,6,2,1.0,1.056,0,120.0,0,11.3,25.65
SEC-SWM-GGC,64.0,120.0,48.0,5.1,119.0,6.8,16,4,1.0,1.02,0,120.0,0,6.8,30.4
SEC-SWM-GGC,64.0,120.0,48.0,5.1,101.8,9.3,6,2,1.0,1.129,0,120.0,0,9.3,49.81
SEC-BTE-MTJ,35.0,100.0,48.0,4.8,75.6,15.7,4,0,1.0,1.151,0,100.0,0,15.7,31.78
SEC-SWM-GGC,64.0,120.0,48.0,5.1,93.0,13.1,5,2,1.0,1.132,0,120.0,1,13.1,65.98
SEC-MTJ-AGC,54.0,120.0,45.0,4.2,99.6,4.8,8,6,1.0,1.18,0,120.0,0,4.8,41.68
SEC-MTJ-AGC,54.0,120.0,45.0,4.2,113.9,12.2,19,3,1.15,1.364,0,120.0,1,12.2,60.64
SEC-KOTA-SWM,108.0,130.0,58.0,6.2,106.8,22.9,0,6,1.0,1.093,0,130.0,0,22.9,68.87
SEC-BTE-MTJ,35.0,100.0,48.0,4.8,60.0,15.2,16,6,1.0,1.199,1,60.0,0,15.2,41.83
SEC-GGC-BTE,120.0,110.0,98.0,9.4,30.0,6.7,12,2,1.08,1.109,1,30.0,0,6.7,303.02
SEC-KOTA-SWM,108.0,130.0,58.0,6.2,101.1,0.6,2,1,1.119,1.127,0,130.0,0,0.6,76.86
SEC-NDLS-KOTA,465.0,130.0,275.0,14.5,60.0,3.0,23,1,1.0,1.052,1,60.0,0,3.0,507.57
SEC-MTJ-AGC,54.0,120.0,45.0,4.2,111.9,11.8,16,3,1.0,1.031,0,120.0,0,11.8,28.12
SEC-MTJ-AGC,54.0,120.0,45.0,4.2,30.0,2.2,20,6,1.0,1.289,1,30.0,0,2.2,161.51
SEC-MTJ-AGC,54.0,120.0,45.0,4.2,101.3,27.0,6,0,1.0,1.112,0,120.0,0,27.0,41.2
SEC-NDLS-KOTA,465.0,130.0,275.0,14.5,124.9,1.2,2,6,1.0,1.126,0,130.0,0,1.2,232.55
SEC-GGC-BTE,120.0,110.0,98.0,9.4,83.7,19.3,3,1,1.0,1.04,0,110.0,0,19.3,98.55
SEC-MTJ-AGC,54.0,120.0,45.0,4.2,102.1,24.3,17,3,1.0,1.251,0,120.0,0,24.3,37.59
SEC-KOTA-SWM,108.0,130.0,58.0,6.2,119.9,10.0,11,5,1.0,1.524,0,130.0,0,10.0,70.52
SEC-SWM-GGC,64.0,120.0,48.0,5.1,95.7,8.1,3,4,1.0,1.046,0,120.0,0,8.1,43.78
SEC-SWM-GGC,64.0,120.0,48.0,5.1,45.0,11.4,11,0,1.0,1.217,1,45.0,0,11.4,104.08
SEC-KOTA-SWM,108.0,130.0,58.0,6.2,100.8,45.3,22,0,1.0,1.073,0,130.0,0,45.3,68.02
SEC-BTE-MTJ,35.0,100.0,48.0,4.8,88.7,8.5,23,0,1.0,1.012,0,100.0,0,8.5,34.51
SEC-KOTA-SWM,108.0,130.0,58.0,6.2,30.0,7.9,14,0,1.17,1.046,1,30.0,0,7.9,269.99
SEC-BTE-MTJ,35.0,100.0,48.0,4.8,96.0,0.7,15,6,1.0,1.027,0,100.0,0,0.7,26.23
SEC-BTE-MTJ,35.0,100.0,48.0,4.8,89.4,23.5,20,3,1.0,1.282,0,100.0,0,23.5,40.76
SEC-KOTA-SWM,108.0,130.0,58.0,6.2,100.1,12.9,1,3,1.109,1.151,0,130.0,0,12.9,77.98
SEC-KOTA-SWM,108.0,130.0,58.0,6.2,129.5,14.5,9,4,1.0,1.167,0,130.0,0,14.5,63.17
SEC-GGC-BTE,120.0,110.0,98.0,9.4,94.2,24.0,16,0,1.0,1.144,0,110.0,0,24.0,108.62
SEC-KOTA-SWM,108.0,130.0,58.0,6.2,30.0,10.0,6,3,1.164,1.145,1,30.0,0,10.0,301.04
SEC-GGC-BTE,120.0,110.0,98.0,9.4,95.5,3.2,19,5,1.098,1.201,0,110.0,0,3.2,96.21
SEC-MTJ-AGC,54.0,120.0,45.0,4.2,115.0,3.2,15,0,1.0,1.022,0,120.0,0,3.2,29.56
SEC-BTE-MTJ,35.0,100.0,48.0,4.8,84.3,11.5,22,0,1.0,1.187,0,100.0,0,11.5,19.95
SEC-MTJ-AGC,54.0,120.0,45.0,4.2,102.0,0.2,4,0,1.0,1.104,0,120.0,0,0.2,35.21
SEC-KOTA-SWM,108.0,130.0,58.0,6.2,124.2,9.2,12,0,1.0,1.036,0,130.0,0,9.2,63.05
SEC-MTJ-AGC,54.0,120.0,45.0,4.2,98.7,10.6,16,6,1.0,1.103,0,120.0,0,10.6,42.32
SEC-MTJ-AGC,54.0,120.0,45.0,4.2,110.2,2.4,22,0,1.0,1.038,0,120.0,0,2.4,25.65
SEC-SWM-GGC,64.0,120.0,48.0,5.1,30.0,5.2,16,0,1.0,1.053,1,30.0,0,5.2,152.96
SEC-NDLS-KOTA,465.0,130.0,275.0,14.5,30.0,11.7,0,2,1.093,1.099,1,30.0,0,11.7,1111.25
SEC-GGC-BTE,120.0,110.0,98.0,9.4,109.5,0.1,23,2,1.113,1.063,0,110.0,0,0.1,79.52
SEC-GGC-BTE,120.0,110.0,98.0,9.4,87.1,2.8,22,6,1.0,1.041,0,110.0,0,2.8,81.35
SEC-KOTA-SWM,108.0,130.0,58.0,6.2,30.0,4.5,9,4,1.0,1.193,1,30.0,0,4.5,268.22
SEC-SWM-GGC,64.0,120.0,48.0,5.1,103.5,7.1,15,3,1.0,1.112,0,120.0,0,7.1,37.85
SEC-BTE-MTJ,35.0,100.0,48.0,4.8,83.1,81.0,13,6,1.276,1.012,0,100.0,0,81.0,47.65
SEC-NDLS-KOTA,465.0,130.0,275.0,14.5,111.2,18.9,4,4,1.071,1.181,0,130.0,0,18.9,342.14
SEC-KOTA-SWM,108.0,130.0,58.0,6.2,109.6,15.9,18,2,1.138,1.299,0,130.0,1,15.9,101.89
SEC-MTJ-AGC,54.0,120.0,45.0,4.2,118.4,2.7,1,6,1.0,1.163,0,120.0,0,2.7,37.43
SEC-NDLS-KOTA,465.0,130.0,275.0,14.5,102.6,5.5,4,2,1.065,1.074,0,130.0,0,5.5,313.11
SEC-SWM-GGC,64.0,120.0,48.0,5.1,45.0,16.2,13,6,1.0,1.064,1,45.0,1,16.2,124.44
SEC-NDLS-KOTA,465.0,130.0,275.0,14.5,99.2,23.6,16,3,1.0,1.139,0,130.0,0,23.6,315.3
SEC-MTJ-AGC,54.0,120.0,45.0,4.2,30.0,3.3,7,3,1.0,1.088,1,30.0,0,3.3,134.37
SEC-KOTA-SWM,108.0,130.0,58.0,6.2,121.6,3.6,16,0,1.08,1.108,0,130.0,0,3.6,66.25
SEC-SWM-GGC,64.0,120.0,48.0,5.1,110.0,40.7,16,6,1.0,1.179,0,120.0,0,40.7,40.79
SEC-SWM-GGC,64.0,120.0,48.0,5.1,91.3,21.6,8,6,1.101,1.199,0,120.0,0,21.6,64.68
SEC-BTE-MTJ,35.0,100.0,48.0,4.8,45.0,41.8,16,6,1.0,1.103,1,45.0,0,41.8,66.2
SEC-GGC-BTE,120.0,110.0,98.0,9.4,104.6,11.9,21,1,1.0,1.161,0,110.0,0,11.9,68.84
SEC-SWM-GGC,64.0,120.0,48.0,5.1,106.5,18.1,6,5,1.0,1.075,0,120.0,0,18.1,37.73
SEC-KOTA-SWM,108.0,130.0,58.0,6.2,113.9,22.9,6,4,1.0,1.054,0,130.0,0,22.9,72.46
SEC-MTJ-AGC,54.0,120.0,45.0,4.2,118.1,3.5,0,6,1.0,1.065,0,120.0,0,3.5,25.65
SEC-MTJ-AGC,54.0,120.0,45.0,4.2,90.3,2.4,7,1,1.0,1.058,0,120.0,0,2.4,32.54
SEC-NDLS-KOTA,465.0,130.0,275.0,14.5,110.3,11.3,11,6,1.0,1.179,0,130.0,0,11.3,287.05
SEC-GGC-BTE,120.0,110.0,98.0,9.4,45.0,28.8,6,4,1.0,1.063,1,45.0,0,28.8,172.78
SEC-NDLS-KOTA,465.0,130.0,275.0,14.5,126.8,2.6,10,1,1.0,1.37,0,130.0,0,2.6,308.35
SEC-GGC-BTE,120.0,110.0,98.0,9.4,87.5,17.3,16,4,1.1,1.014,0,110.0,0,17.3,88.45
SEC-NDLS-KOTA,465.0,130.0,275.0,14.5,116.7,12.9,18,5,1.122,1.302,0,130.0,0,12.9,331.52
SEC-KOTA-SWM,108.0,130.0,58.0,6.2,123.9,1.4,15,1,1.052,1.064,0,130.0,0,1.4,50.16
SEC-KOTA-SWM,108.0,130.0,58.0,6.2,99.0,4.5,1,5,1.0,1.023,0,130.0,0,4.5,66.67
SEC-NDLS-KOTA,465.0,130.0,275.0,14.5,112.9,10.2,14,6,1.0,1.236,0,130.0,0,10.2,293.53
SEC-GGC-BTE,120.0,110.0,98.0,9.4,105.2,10.6,3,3,1.0,1.032,0,110.0,0,10.6,74.15
SEC-SWM-GGC,64.0,120.0,48.0,5.1,118.6,2.2,3,2,1.0,1.057,0,120.0,0,2.2,42.14
SEC-SWM-GGC,64.0,120.0,48.0,5.1,106.6,4.5,5,0,1.111,1.167,0,120.0,1,4.5,70.81
SEC-KOTA-SWM,108.0,130.0,58.0,6.2,110.0,10.6,5,0,1.06,1.073,0,130.0,0,10.6,80.81
SEC-BTE-MTJ,35.0,100.0,48.0,4.8,95.0,0.9,0,0,1.157,1.092,0,100.0,0,0.9,28.56
SEC-GGC-BTE,120.0,110.0,98.0,9.4,30.0,31.4,2,0,1.0,1.083,1,30.0,0,31.4,274.63
SEC-KOTA-SWM,108.0,130.0,58.0,6.2,111.1,9.7,2,3,1.258,1.072,0,130.0,0,9.7,77.61
SEC-MTJ-AGC,54.0,120.0,45.0,4.2,111.5,13.9,0,0,1.0,1.086,0,120.0,0,13.9,29.16
SEC-KOTA-SWM,108.0,130.0,58.0,6.2,126.0,14.7,8,2,1.0,1.106,0,130.0,0,14.7,56.08
SEC-KOTA-SWM,108.0,130.0,58.0,6.2,111.8,0.2,18,2,1.086,1.279,0,130.0,0,0.2,67.32
SEC-BTE-MTJ,35.0,100.0,48.0,4.8,91.2,7.9,7,4,1.0,1.022,0,100.0,0,7.9,23.92
SEC-KOTA-SWM,108.0,130.0,58.0,6.2,125.2,0.0,11,4,1.0,1.269,0,130.0,0,0.0,65.57
SEC-BTE-MTJ,35.0,100.0,48.0,4.8,60.0,25.0,7,5,1.0,1.103,1,60.0,0,25.0,41.06
SEC-NDLS-KOTA,465.0,130.0,275.0,14.5,121.1,7.4,5,4,1.0,1.125,0,130.0,0,7.4,246.49
SEC-BTE-MTJ,35.0,100.0,48.0,4.8,96.8,15.1,13,0,1.0,1.058,0,100.0,0,15.1,32.4
SEC-KOTA-SWM,108.0,130.0,58.0,6.2,98.2,6.9,14,6,1.0,1.1,0,130.0,0,6.9,74.77
SEC-GGC-BTE,120.0,110.0,98.0,9.4,93.9,0.1,8,4,1.0,1.129,0,110.0,1,0.1,102.77
SEC-BTE-MTJ,35.0,100.0,48.0,4.8,60.0,3.5,17,3,1.0,1.322,1,60.0,0,3.5,45.17
SEC-GGC-BTE,120.0,110.0,98.0,9.4,60.0,1.8,0,1,1.0,1.148,1,60.0,0,1.8,146.47
SEC-KOTA-SWM,108.0,130.0,58.0,6.2,108.5,4.9,19,0,1.0,1.278,0,130.0,0,4.9,77.02
SEC-SWM-GGC,64.0,120.0,48.0,5.1,93.4,1.0,7,4,1.0,1.098,0,120.0,0,1.0,48.4
SEC-KOTA-SWM,108.0,130.0,58.0,6.2,129.5,1.9,5,1,1.0,1.034,0,130.0,0,1.9,53.3
SEC-KOTA-SWM,108.0,130.0,58.0,6.2,45.0,36.6,7,2,1.0,1.123,1,45.0,0,36.6,177.04
SEC-NDLS-KOTA,465.0,130.0,275.0,14.5,111.1,18.9,3,4,1.067,1.042,0,130.0,0,18.9,263.57
SEC-NDLS-KOTA,465.0,130.0,275.0,14.5,110.7,12.2,7,6,1.0,1.177,0,130.0,0,12.2,299.74
SEC-MTJ-AGC,54.0,120.0,45.0,4.2,90.8,9.4,6,4,1.0,1.123,0,120.0,0,9.4,51.22
SEC-KOTA-SWM,108.0,130.0,58.0,6.2,60.0,1.0,12,1,1.0,1.16,1,60.0,1,1.0,156.64
SEC-MTJ-AGC,54.0,120.0,45.0,4.2,45.0,7.8,17,5,1.0,1.119,1,45.0,0,7.8,104.04
SEC-BTE-MTJ,35.0,100.0,48.0,4.8,96.5,2.0,1,3,1.068,1.149,0,100.0,0,2.0,27.89
SEC-BTE-MTJ,35.0,100.0,48.0,4.8,30.0,7.5,19,4,1.0,1.043,1,30.0,0,7.5,89.33
SEC-KOTA-SWM,108.0,130.0,58.0,6.2,103.6,1.1,2,3,1.0,1.217,0,130.0,0,1.1,74.52
SEC-NDLS-KOTA,465.0,130.0,275.0,14.5,108.9,17.3,12,1,1.0,1.079,0,130.0,0,17.3,287.99
SEC-SWM-GGC,64.0,120.0,48.0,5.1,45.0,11.6,19,6,1.0,1.371,1,45.0,0,11.6,125.68
SEC-NDLS-KOTA,465.0,130.0,275.0,14.5,121.4,21.3,15,2,1.0,1.044,0,130.0,0,21.3,220.67
SEC-SWM-GGC,64.0,120.0,48.0,5.1,110.6,3.3,4,5,1.062,1.121,0,120.0,0,3.3,40.41
SEC-KOTA-SWM,108.0,130.0,58.0,6.2,104.1,25.2,22,0,1.091,1.163,0,130.0,0,25.2,79.24
SEC-BTE-MTJ,35.0,100.0,48.0,4.8,87.0,6.6,18,1,1.0,1.108,0,100.0,0,6.6,32.75
SEC-KOTA-SWM,108.0,130.0,58.0,6.2,120.3,1.1,8,0,1.0,1.148,0,130.0,1,1.1,73.1
SEC-SWM-GGC,64.0,120.0,48.0,5.1,95.1,6.6,11,0,1.0,1.191,0,120.0,0,6.6,52.56
SEC-BTE-MTJ,35.0,100.0,48.0,4.8,92.5,23.1,20,0,1.0,1.213,0,100.0,1,23.1,36.33
SEC-BTE-MTJ,35.0,100.0,48.0,4.8,85.4,6.2,14,5,1.0,1.068,0,100.0,0,6.2,27.9
SEC-MTJ-AGC,54.0,120.0,45.0,4.2,94.3,2.0,8,6,1.0,1.156,0,120.0,0,2.0,34.54
SEC-SWM-GGC,64.0,120.0,48.0,5.1,113.2,7.9,20,6,1.0,1.169,0,120.0,0,7.9,40.0
SEC-KOTA-SWM,108.0,130.0,58.0,6.2,124.1,37.6,23,0,1.0,1.118,0,130.0,0,37.6,67.86
SEC-BTE-MTJ,35.0,100.0,48.0,4.8,89.6,4.4,6,1,1.107,1.2,0,100.0,0,4.4,43.29
SEC-GGC-BTE,120.0,110.0,98.0,9.4,106.2,6.8,11,0,1.0,1.326,0,110.0,1,6.8,93.05
SEC-MTJ-AGC,54.0,120.0,45.0,4.2,112.1,6.5,17,5,1.0,1.253,0,120.0,1,6.5,58.05
SEC-MTJ-AGC,54.0,120.0,45.0,4.2,115.7,9.2,16,6,1.059,1.179,0,120.0,0,9.2,33.88
SEC-BTE-MTJ,35.0,100.0,48.0,4.8,84.2,7.3,5,6,1.0,1.091,0,100.0,0,7.3,38.25
SEC-KOTA-SWM,108.0,130.0,58.0,6.2,101.4,14.4,0,5,1.0,1.103,0,130.0,0,14.4,72.56
SEC-KOTA-SWM,108.0,130.0,58.0,6.2,117.5,0.5,11,2,1.187,1.259,0,130.0,0,0.5,74.94
SEC-SWM-GGC,64.0,120.0,48.0,5.1,30.0,1.2,2,6,1.0,1.057,1,30.0,0,1.2,154.05
SEC-NDLS-KOTA,465.0,130.0,275.0,14.5,118.8,3.1,3,4,1.0,1.019,0,130.0,0,3.1,222.42
SEC-KOTA-SWM,108.0,130.0,58.0,6.2,127.0,12.4,9,3,1.0,1.093,0,130.0,0,12.4,57.87
SEC-KOTA-SWM,108.0,130.0,58.0,6.2,104.3,5.7,20,0,1.0,1.096,0,130.0,0,5.7,66.5
SEC-SWM-GGC,64.0,120.0,48.0,5.1,30.0,0.6,2,2,1.0,1.131,1,30.0,0,0.6,164.0
SEC-MTJ-AGC,54.0,120.0,45.0,4.2,102.0,6.7,13,3,1.0,1.086,0,120.0,1,6.7,51.62
SEC-NDLS-KOTA,465.0,130.0,275.0,14.5,120.8,5.4,8,6,1.124,1.279,0,130.0,1,5.4,354.57
SEC-GGC-BTE,120.0,110.0,98.0,9.4,98.4,1.7,6,1,1.0,1.029,0,110.0,0,1.7,83.61
SEC-KOTA-SWM,108.0,130.0,58.0,6.2,103.2,10.6,19,0,1.0,1.201,0,130.0,0,10.6,68.98
SEC-KOTA-SWM,108.0,130.0,58.0,6.2,45.0,5.6,17,4,1.0,1.096,1,45.0,1,5.6,185.72
SEC-KOTA-SWM,108.0,130.0,58.0,6.2,30.0,5.6,12,6,1.0,1.136,1,30.0,0,5.6,247.75
SEC-GGC-BTE,120.0,110.0,98.0,9.4,104.8,11.9,21,0,1.0,1.209,0,110.0,0,11.9,87.86
SEC-GGC-BTE,120.0,110.0,98.0,9.4,87.8,15.1,1,3,1.183,1.052,0,110.0,0,15.1,114.99
SEC-SWM-GGC,64.0,120.0,48.0,5.1,107.0,6.1,0,0,1.0,1.034,0,120.0,0,6.1,35.34
SEC-NDLS-KOTA,465.0,130.0,275.0,14.5,30.0,4.1,14,6,1.0,1.074,1,30.0,0,4.1,1001.18
SEC-KOTA-SWM,108.0,130.0,58.0,6.2,107.1,7.3,13,0,1.0,1.128,0,130.0,0,7.3,75.2
SEC-NDLS-KOTA,465.0,130.0,275.0,14.5,127.5,6.2,13,2,1.0,1.088,0,130.0,1,6.2,263.76
SEC-SWM-GGC,64.0,120.0,48.0,5.1,45.0,5.2,3,5,1.0,1.059,1,45.0,0,5.2,106.3
SEC-SWM-GGC,64.0,120.0,48.0,5.1,117.1,18.7,15,3,1.072,1.064,0,120.0,0,18.7,34.88
SEC-BTE-MTJ,35.0,100.0,48.0,4.8,45.0,22.1,9,1,1.0,1.159,1,45.0,0,22.1,61.86
SEC-SWM-GGC,64.0,120.0,48.0,5.1,30.0,2.6,3,4,1.0,1.138,1,30.0,0,2.6,179.04
SEC-BTE-MTJ,35.0,100.0,48.0,4.8,77.3,11.1,18,1,1.0,1.407,0,100.0,1,11.1,45.25
SEC-BTE-MTJ,35.0,100.0,48.0,4.8,99.0,0.5,7,3,1.0,1.172,0,100.0,1,0.5,39.17
SEC-KOTA-SWM,108.0,130.0,58.0,6.2,117.4,0.3,8,2,1.0,1.236,0,130.0,0,0.3,76.92
SEC-BTE-MTJ,35.0,100.0,48.0,4.8,77.9,6.8,8,3,1.0,1.167,0,100.0,0,6.8,30.67
SEC-BTE-MTJ,35.0,100.0,48.0,4.8,87.0,9.3,11,5,1.0,1.25,0,100.0,0,9.3,41.79
SEC-NDLS-KOTA,465.0,130.0,275.0,14.5,108.3,2.0,8,5,1.0,1.179,0,130.0,0,2.0,297.35
SEC-NDLS-KOTA,465.0,130.0,275.0,14.5,45.0,12.2,20,0,1.271,1.271,1,45.0,0,12.2,1018.73
SEC-MTJ-AGC,54.0,120.0,45.0,4.2,110.6,24.9,10,3,1.0,1.146,0,120.0,1,24.9,47.78
SEC-BTE-MTJ,35.0,100.0,48.0,4.8,30.0,23.3,19,0,1.136,1.431,1,30.0,0,23.3,121.53
SEC-NDLS-KOTA,465.0,130.0,275.0,14.5,109.4,2.0,9,3,1.135,1.103,0,130.0,0,2.0,338.37
SEC-GGC-BTE,120.0,110.0,98.0,9.4,108.8,18.9,16,4,1.0,1.138,0,110.0,1,18.9,100.22
SEC-GGC-BTE,120.0,110.0,98.0,9.4,84.7,6.5,20,6,1.0,1.114,0,110.0,0,6.5,95.66
SEC-KOTA-SWM,108.0,130.0,58.0,6.2,116.7,1.0,21,3,1.067,1.447,0,130.0,0,1.0,76.91
SEC-NDLS-KOTA,465.0,130.0,275.0,14.5,105.9,0.8,11,5,1.0,1.356,0,130.0,0,0.8,325.08
SEC-MTJ-AGC,54.0,120.0,45.0,4.2,45.0,9.7,19,4,1.0,1.449,1,45.0,0,9.7,108.85
SEC-BTE-MTJ,35.0,100.0,48.0,4.8,86.4,11.7,3,0,1.12,1.163,0,100.0,1,11.7,42.31
SEC-BTE-MTJ,35.0,100.0,48.0,4.8,77.4,16.1,12,0,1.0,1.035,0,100.0,0,16.1,26.71
SEC-NDLS-KOTA,465.0,130.0,275.0,14.5,118.5,1.2,7,5,1.0,1.142,0,130.0,0,1.2,263.6
SEC-KOTA-SWM,108.0,130.0,58.0,6.2,111.0,7.9,0,3,1.0,1.074,0,130.0,0,7.9,61.02
SEC-GGC-BTE,120.0,110.0,98.0,9.4,30.0,4.3,22,6,1.077,1.064,1,30.0,0,4.3,305.44
SEC-GGC-BTE,120.0,110.0,98.0,9.4,99.6,8.9,15,4,1.0,1.131,0,110.0,0,8.9,72.98
SEC-GGC-BTE,120.0,110.0,98.0,9.4,90.9,2.6,16,5,1.0,1.205,0,110.0,0,2.6,90.35
SEC-BTE-MTJ,35.0,100.0,48.0,4.8,91.2,16.3,1,3,1.0,1.073,0,100.0,0,16.3,27.84
SEC-MTJ-AGC,54.0,120.0,45.0,4.2,91.4,14.4,16,5,1.0,1.106,0,120.0,0,14.4,35.83
SEC-NDLS-KOTA,465.0,130.0,275.0,14.5,106.8,2.6,23,6,1.0,1.172,0,130.0,0,2.6,294.89
SEC-MTJ-AGC,54.0,120.0,45.0,4.2,30.0,5.3,20,2,1.0,1.348,1,30.0,0,5.3,163.9
SEC-MTJ-AGC,54.0,120.0,45.0,4.2,105.9,22.2,17,3,1.128,1.124,0,120.0,0,22.2,35.32
SEC-NDLS-KOTA,465.0,130.0,275.0,14.5,97.9,6.6,13,3,1.0,1.026,0,130.0,0,6.6,294.79
SEC-KOTA-SWM,108.0,130.0,58.0,6.2,30.0,5.2,18,5,1.081,1.219,1,30.0,0,5.2,288.09
SEC-KOTA-SWM,108.0,130.0,58.0,6.2,111.1,10.0,16,6,1.0,1.095,0,130.0,0,10.0,56.18
SEC-KOTA-SWM,108.0,130.0,58.0,6.2,113.1,8.9,15,0,1.0,1.106,0,130.0,0,8.9,61.63
SEC-KOTA-SWM,108.0,130.0,58.0,6.2,115.3,12.6,7,3,1.0,1.05,0,130.0,0,12.6,54.75
SEC-SWM-GGC,64.0,120.0,48.0,5.1,96.2,7.3,19,2,1.0,1.174,0,120.0,0,7.3,51.97
SEC-MTJ-AGC,54.0,120.0,45.0,4.2,90.4,4.1,18,4,1.0,1.147,0,120.0,0,4.1,40.13
SEC-KOTA-SWM,108.0,130.0,58.0,6.2,125.3,0.6,10,2,1.0,1.228,0,130.0,0,0.6,60.18
SEC-SWM-GGC,64.0,120.0,48.0,5.1,112.9,3.4,18,4,1.2,1.302,0,120.0,0,3.4,48.6
SEC-NDLS-KOTA,465.0,130.0,275.0,14.5,124.0,6.7,19,2,1.12,1.138,0,130.0,1,6.7,285.18
SEC-BTE-MTJ,35.0,100.0,48.0,4.8,99.4,7.6,16,1,1.206,1.1,0,100.0,0,7.6,35.84
SEC-SWM-GGC,64.0,120.0,48.0,5.1,30.0,11.0,21,6,1.0,1.129,1,30.0,0,11.0,158.02
SEC-MTJ-AGC,54.0,120.0,45.0,4.2,45.0,24.6,2,3,1.0,1.099,1,45.0,0,24.6,91.44
SEC-GGC-BTE,120.0,110.0,98.0,9.4,87.2,8.6,20,2,1.0,1.155,0,110.0,0,8.6,80.88
SEC-BTE-MTJ,35.0,100.0,48.0,4.8,75.2,6.2,1,0,1.0,1.05,0,100.0,0,6.2,39.02
SEC-MTJ-AGC,54.0,120.0,45.0,4.2,104.7,6.1,21,1,1.25,1.43,0,120.0,1,6.1,69.9
SEC-GGC-BTE,120.0,110.0,98.0,9.4,101.0,0.8,1,0,1.0,1.115,0,110.0,0,0.8,92.07
SEC-SWM-GGC,64.0,120.0,48.0,5.1,109.1,2.5,1,3,1.136,1.031,0,120.0,0,2.5,46.18
SEC-BTE-MTJ,35.0,100.0,48.0,4.8,30.0,5.7,20,6,1.172,1.203,1,30.0,0,5.7,104.99
SEC-BTE-MTJ,35.0,100.0,48.0,4.8,76.5,14.0,13,4,1.0,1.113,0,100.0,0,14.0,24.64
SEC-BTE-MTJ,35.0,100.0,48.0,4.8,76.7,5.0,10,6,1.267,1.077,0,100.0,1,5.0,53.45
SEC-BTE-MTJ,35.0,100.0,48.0,4.8,98.8,6.2,21,4,1.173,1.073,0,100.0,0,6.2,23.95
SEC-MTJ-AGC,54.0,120.0,45.0,4.2,92.4,5.3,8,0,1.0,1.375,0,120.0,0,5.3,39.88
SEC-NDLS-KOTA,465.0,130.0,275.0,14.5,110.9,5.6,23,4,1.114,1.237,0,130.0,0,5.6,382.36
SEC-GGC-BTE,120.0,110.0,98.0,9.4,30.0,8.6,12,1,1.0,1.191,1,30.0,0,8.6,291.57
SEC-NDLS-KOTA,465.0,130.0,275.0,14.5,103.8,6.2,14,0,1.0,1.086,0,130.0,0,6.2,279.94
SEC-MTJ-AGC,54.0,120.0,45.0,4.2,109.9,4.6,8,2,1.0,1.407,0,120.0,0,4.6,44.95
SEC-KOTA-SWM,108.0,130.0,58.0,6.2,117.8,25.8,20,2,1.0,1.171,0,130.0,0,25.8,70.13
SEC-KOTA-SWM,108.0,130.0,58.0,6.2,129.3,1.6,0,5,1.0,1.117,0,130.0,0,1.6,59.69
SEC-KOTA-SWM,108.0,130.0,58.0,6.2,121.8,21.3,21,2,1.0,1.338,0,130.0,0,21.3,74.41
SEC-KOTA-SWM,108.0,130.0,58.0,6.2,117.8,12.7,14,2,1.0,1.234,0,130.0,0,12.7,53.24
SEC-GGC-BTE,120.0,110.0,98.0,9.4,107.9,1.3,22,0,1.0,1.122,0,110.0,0,1.3,80.45
SEC-SWM-GGC,64.0,120.0,48.0,5.1,99.0,6.3,7,3,1.0,1.181,0,120.0,0,6.3,40.38
SEC-SWM-GGC,64.0,120.0,48.0,5.1,91.9,4.3,11,1,1.0,1.288,0,120.0,0,4.3,72.0
SEC-BTE-MTJ,35.0,100.0,48.0,4.8,91.8,34.7,14,6,1.0,1.046,0,100.0,0,34.7,19.95
SEC-MTJ-AGC,54.0,120.0,45.0,4.2,111.5,8.9,8,6,1.076,1.192,0,120.0,0,8.9,31.37
SEC-MTJ-AGC,54.0,120.0,45.0,4.2,110.1,0.2,18,3,1.255,1.218,0,120.0,0,0.2,50.12
SEC-GGC-BTE,120.0,110.0,98.0,9.4,88.8,0.4,13,1,1.199,1.069,0,110.0,0,0.4,102.81
SEC-GGC-BTE,120.0,110.0,98.0,9.4,94.1,1.4,14,4,1.101,1.172,0,110.0,0,1.4,77.73
SEC-KOTA-SWM,108.0,130.0,58.0,6.2,126.2,10.6,11,4,1.0,1.213,0,130.0,0,10.6,53.47
SEC-MTJ-AGC,54.0,120.0,45.0,4.2,109.6,19.8,5,1,1.0,1.136,0,120.0,0,19.8,33.25
SEC-GGC-BTE,120.0,110.0,98.0,9.4,95.6,1.4,18,4,1.0,1.214,0,110.0,0,1.4,95.77
SEC-BTE-MTJ,35.0,100.0,48.0,4.8,84.6,10.6,18,3,1.0,1.124,0,100.0,0,10.6,35.26
SEC-BTE-MTJ,35.0,100.0,48.0,4.8,81.1,2.0,21,6,1.0,1.39,0,100.0,0,2.0,33.97
SEC-BTE-MTJ,35.0,100.0,48.0,4.8,81.2,6.0,7,1,1.0,1.058,0,100.0,0,6.0,23.78
SEC-BTE-MTJ,35.0,100.0,48.0,4.8,86.0,10.1,16,3,1.0,1.08,0,100.0,0,10.1,31.41
SEC-GGC-BTE,120.0,110.0,98.0,9.4,96.3,30.4,0,2,1.0,1.139,0,110.0,0,30.4,102.07
SEC-SWM-GGC,64.0,120.0,48.0,5.1,111.0,15.3,19,6,1.0,1.265,0,120.0,0,15.3,48.38
SEC-BTE-MTJ,35.0,100.0,48.0,4.8,93.1,14.8,2,1,1.153,1.152,0,100.0,1,14.8,48.69
SEC-SWM-GGC,64.0,120.0,48.0,5.1,105.8,8.3,9,0,1.0,1.302,0,120.0,0,8.3,37.04
SEC-BTE-MTJ,35.0,100.0,48.0,4.8,85.9,7.5,23,5,1.234,1.218,0,100.0,0,7.5,37.84
SEC-KOTA-SWM,108.0,130.0,58.0,6.2,123.2,7.4,1,6,1.0,1.11,0,130.0,1,7.4,59.61
SEC-NDLS-KOTA,465.0,130.0,275.0,14.5,114.0,2.3,6,4,1.117,1.129,0,130.0,0,2.3,307.97
SEC-BTE-MTJ,35.0,100.0,48.0,4.8,82.9,10.3,15,1,1.0,1.116,0,100.0,0,10.3,27.25
SEC-MTJ-AGC,54.0,120.0,45.0,4.2,108.4,5.4,12,2,1.0,1.065,0,120.0,0,5.4,27.3
SEC-NDLS-KOTA,465.0,130.0,275.0,14.5,112.5,14.4,10,4,1.188,1.162,0,130.0,1,14.4,360.08
SEC-SWM-GGC,64.0,120.0,48.0,5.1,99.0,13.0,7,0,1.0,1.108,0,120.0,0,13.0,32.22
SEC-NDLS-KOTA,465.0,130.0,275.0,14.5,121.1,8.1,19,2,1.0,1.307,0,130.0,0,8.1,301.29
SEC-BTE-MTJ,35.0,100.0,48.0,4.8,93.7,15.0,1,5,1.225,1.142,0,100.0,0,15.0,27.48
SEC-NDLS-KOTA,465.0,130.0,275.0,14.5,128.3,5.6,15,5,1.0,1.16,0,130.0,1,5.6,271.11
SEC-GGC-BTE,120.0,110.0,98.0,9.4,95.6,1.9,3,4,1.0,1.019,0,110.0,0,1.9,64.04
SEC-MTJ-AGC,54.0,120.0,45.0,4.2,118.2,12.3,23,5,1.247,1.018,0,120.0,0,12.3,33.45
SEC-SWM-GGC,64.0,120.0,48.0,5.1,30.0,42.6,15,2,1.0,1.017,1,30.0,0,42.6,146.95
SEC-BTE-MTJ,35.0,100.0,48.0,4.8,45.0,1.7,10,6,1.0,1.453,1,45.0,0,1.7,74.51
SEC-KOTA-SWM,108.0,130.0,58.0,6.2,103.0,7.7,2,3,1.286,1.063,0,130.0,0,7.7,87.25
SEC-BTE-MTJ,35.0,100.0,48.0,4.8,45.0,25.2,21,1,1.265,1.226,1,45.0,0,25.2,74.77
SEC-MTJ-AGC,54.0,120.0,45.0,4.2,114.1,20.6,2,4,1.0,1.132,0,120.0,0,20.6,29.5
SEC-KOTA-SWM,108.0,130.0,58.0,6.2,106.9,13.3,9,6,1.266,1.195,0,130.0,0,13.3,96.23
SEC-NDLS-KOTA,465.0,130.0,275.0,14.5,102.0,2.1,8,3,1.0,1.278,0,130.0,0,2.1,335.37
SEC-KOTA-SWM,108.0,130.0,58.0,6.2,109.8,24.1,7,2,1.204,1.065,0,130.0,0,24.1,93.24
SEC-SWM-GGC,64.0,120.0,48.0,5.1,45.0,16.2,2,6,1.144,1.071,1,45.0,0,16.2,121.12
SEC-SWM-GGC,64.0,120.0,48.0,5.1,90.5,13.0,2,3,1.0,1.074,0,120.0,0,13.0,38.85
SEC-SWM-GGC,64.0,120.0,48.0,5.1,107.0,8.7,2,2,1.0,1.132,0,120.0,0,8.7,34.24
SEC-NDLS-KOTA,465.0,130.0,275.0,14.5,45.0,4.6,17,6,1.0,1.322,1,45.0,0,4.6,809.44
SEC-MTJ-AGC,54.0,120.0,45.0,4.2,116.8,16.9,3,2,1.067,1.126,0,120.0,0,16.9,31.11
SEC-SWM-GGC,64.0,120.0,48.0,5.1,100.9,0.4,7,4,1.0,1.119,0,120.0,1,0.4,50.41
SEC-GGC-BTE,120.0,110.0,98.0,9.4,92.1,13.0,0,0,1.0,1.05,0,110.0,0,13.0,80.95
SEC-MTJ-AGC,54.0,120.0,45.0,4.2,45.0,4.3,9,2,1.085,1.104,1,45.0,0,4.3,106.69
SEC-KOTA-SWM,108.0,130.0,58.0,6.2,30.0,3.5,19,6,1.0,1.164,1,30.0,0,3.5,269.18
SEC-KOTA-SWM,108.0,130.0,58.0,6.2,60.0,8.7,18,3,1.0,1.203,1,60.0,0,8.7,146.44
SEC-SWM-GGC,64.0,120.0,48.0,5.1,100.4,13.4,17,4,1.0,1.123,0,120.0,0,13.4,33.52
SEC-NDLS-KOTA,465.0,130.0,275.0,14.5,45.0,14.3,21,3,1.0,1.289,1,45.0,0,14.3,786.9
SEC-SWM-GGC,64.0,120.0,48.0,5.1,90.9,21.1,2,3,1.0,1.144,0,120.0,0,21.1,50.87
SEC-SWM-GGC,64.0,120.0,48.0,5.1,30.0,5.9,23,3,1.0,1.117,1,30.0,0,5.9,150.16
SEC-SWM-GGC,64.0,120.0,48.0,5.1,109.0,7.6,0,4,1.283,1.054,0,120.0,0,7.6,49.14
SEC-GGC-BTE,120.0,110.0,98.0,9.4,100.7,12.9,1,4,1.0,1.048,0,110.0,0,12.9,67.3
SEC-BTE-MTJ,35.0,100.0,48.0,4.8,76.0,7.9,5,0,1.234,1.066,0,100.0,0,7.9,33.63
SEC-BTE-MTJ,35.0,100.0,48.0,4.8,94.7,11.6,23,6,1.0,1.218,0,100.0,0,11.6,24.13
SEC-NDLS-KOTA,465.0,130.0,275.0,14.5,45.0,0.9,6,5,1.108,1.069,1,45.0,0,0.9,757.92
SEC-BTE-MTJ,35.0,100.0,48.0,4.8,30.0,9.4,8,4,1.0,1.095,1,30.0,0,9.4,99.02
SEC-MTJ-AGC,54.0,120.0,45.0,4.2,92.3,0.3,3,0,1.0,1.081,0,120.0,0,0.3,43.04
SEC-MTJ-AGC,54.0,120.0,45.0,4.2,97.7,2.8,21,1,1.0,1.359,0,120.0,0,2.8,45.65
SEC-NDLS-KOTA,465.0,130.0,275.0,14.5,105.9,8.6,15,3,1.278,1.082,0,130.0,0,8.6,365.63
SEC-MTJ-AGC,54.0,120.0,45.0,4.2,95.1,12.8,1,6,1.0,1.135,0,120.0,0,12.8,40.62
SEC-KOTA-SWM,108.0,130.0,58.0,6.2,108.8,4.0,2,3,1.088,1.063,0,130.0,0,4.0,53.55
SEC-BTE-MTJ,35.0,100.0,48.0,4.8,97.0,27.2,10,5,1.0,1.172,0,100.0,0,27.2,20.32
SEC-GGC-BTE,120.0,110.0,98.0,9.4,101.6,7.4,4,6,1.0,1.182,0,110.0,0,7.4,64.32
SEC-NDLS-KOTA,465.0,130.0,275.0,14.5,45.0,20.0,11,1,1.262,1.225,1,45.0,1,20.0,988.33
SEC-SWM-GGC,64.0,120.0,48.0,5.1,113.9,1.2,15,6,1.0,1.029,0,120.0,0,1.2,42.6
SEC-GGC-BTE,120.0,110.0,98.0,9.4,30.0,2.8,1,2,1.283,1.144,1,30.0,1,2.8,376.46
SEC-GGC-BTE,120.0,110.0,98.0,9.4,87.1,7.9,0,2,1.0,1.183,0,110.0,0,7.9,89.59
SEC-MTJ-AGC,54.0,120.0,45.0,4.2,113.7,0.2,13,2,1.062,1.017,0,120.0,0,0.2,27.67
SEC-KOTA-SWM,108.0,130.0,58.0,6.2,113.2,3.8,18,0,1.0,1.228,0,130.0,1,3.8,77.3
SEC-MTJ-AGC,54.0,120.0,45.0,4.2,45.0,1.5,0,1,1.0,1.04,1,45.0,0,1.5,83.06
SEC-GGC-BTE,120.0,110.0,98.0,9.4,95.5,12.0,11,4,1.0,1.221,0,110.0,0,12.0,91.34
SEC-MTJ-AGC,54.0,120.0,45.0,4.2,103.0,1.0,5,3,1.0,1.057,0,120.0,0,1.0,32.93
SEC-GGC-BTE,120.0,110.0,98.0,9.4,93.7,1.1,11,6,1.254,1.176,0,110.0,0,1.1,121.65
SEC-SWM-GGC,64.0,120.0,48.0,5.1,45.0,47.2,20,4,1.256,1.214,1,45.0,0,47.2,137.13
SEC-SWM-GGC,64.0,120.0,48.0,5.1,30.0,6.6,10,1,1.0,1.29,1,30.0,0,6.6,170.82
SEC-BTE-MTJ,35.0,100.0,48.0,4.8,81.1,8.0,19,3,1.0,1.484,0,100.0,0,8.0,34.9
SEC-SWM-GGC,64.0,120.0,48.0,5.1,30.0,7.1,10,3,1.199,1.373,1,30.0,0,7.1,222.25
SEC-KOTA-SWM,108.0,130.0,58.0,6.2,60.0,16.5,3,3,1.0,1.086,1,60.0,0,16.5,148.89
SEC-GGC-BTE,120.0,110.0,98.0,9.4,60.0,9.9,3,6,1.0,1.134,1,60.0,0,9.9,129.26
SEC-SWM-GGC,64.0,120.0,48.0,5.1,98.9,9.6,14,6,1.0,1.167,0,120.0,0,9.6,45.6
SEC-KOTA-SWM,108.0,130.0,58.0,6.2,60.0,9.1,6,2,1.107,1.007,1,60.0,0,9.1,151.93
SEC-KOTA-SWM,108.0,130.0,58.0,6.2,117.6,5.9,21,0,1.0,1.252,0,130.0,0,5.9,64.66
SEC-GGC-BTE,120.0,110.0,98.0,9.4,109.6,2.6,15,6,1.0,1.224,0,110.0,0,2.6,98.21
SEC-NDLS-KOTA,465.0,130.0,275.0,14.5,97.6,3.2,11,1,1.0,1.393,0,130.0,0,3.2,348.19
SEC-SWM-GGC,64.0,120.0,48.0,5.1,105.2,11.0,14,4,1.0,1.131,0,120.0,0,11.0,38.9
SEC-SWM-GGC,64.0,120.0,48.0,5.1,110.9,7.9,6,0,1.0,1.04,0,120.0,0,7.9,43.75
SEC-BTE-MTJ,35.0,100.0,48.0,4.8,60.0,11.8,1,2,1.0,1.12,1,60.0,1,11.8,62.36
SEC-BTE-MTJ,35.0,100.0,48.0,4.8,97.7,13.9,20,4,1.0,1.31,0,100.0,0,13.9,19.95
SEC-MTJ-AGC,54.0,120.0,45.0,4.2,106.8,1.3,12,4,1.0,1.022,0,120.0,0,1.3,35.79
SEC-KOTA-SWM,108.0,130.0,58.0,6.2,101.5,8.8,10,5,1.0,1.192,0,130.0,0,8.8,75.28
SEC-BTE-MTJ,35.0,100.0,48.0,4.8,30.0,17.9,0,2,1.0,1.111,1,30.0,0,17.9,91.37
SEC-GGC-BTE,120.0,110.0,98.0,9.4,103.9,1.0,23,0,1.0,1.211,0,110.0,1,1.0,98.7
SEC-BTE-MTJ,35.0,100.0,48.0,4.8,96.9,27.2,5,1,1.0,1.033,0,100.0,0,27.2,26.95
SEC-KOTA-SWM,108.0,130.0,58.0,6.2,113.2,1.4,22,5,1.0,1.236,0,130.0,0,1.4,72.4
SEC-BTE-MTJ,35.0,100.0,48.0,4.8,92.0,3.9,12,2,1.0,1.085,0,100.0,0,3.9,31.39
SEC-KOTA-SWM,108.0,130.0,58.0,6.2,126.4,0.2,5,6,1.0,1.165,0,130.0,0,0.2,59.22
SEC-BTE-MTJ,35.0,100.0,48.0,4.8,80.0,3.6,20,1,1.0,1.206,0,100.0,0,3.6,29.39
SEC-MTJ-AGC,54.0,120.0,45.0,4.2,114.8,4.6,5,1,1.0,1.104,0,120.0,0,4.6,26.14
SEC-KOTA-SWM,108.0,130.0,58.0,6.2,60.0,2.8,21,1,1.0,1.242,1,60.0,0,2.8,147.71
SEC-BTE-MTJ,35.0,100.0,48.0,4.8,45.0,11.2,6,1,1.112,1.076,1,45.0,0,11.2,62.81
SEC-SWM-GGC,64.0,120.0,48.0,5.1,92.7,38.9,15,5,1.0,1.192,0,120.0,0,38.9,48.08
SEC-GGC-BTE,120.0,110.0,98.0,9.4,45.0,0.2,10,6,1.0,1.352,1,45.0,0,0.2,191.98
SEC-GGC-BTE,120.0,110.0,98.0,9.4,90.2,9.6,1,3,1.0,1.047,0,110.0,0,9.6,94.55
SEC-BTE-MTJ,35.0,100.0,48.0,4.8,96.9,7.8,7,0,1.0,1.027,0,100.0,0,7.8,25.59
SEC-KOTA-SWM,108.0,130.0,58.0,6.2,118.5,10.4,6,5,1.0,1.123,0,130.0,0,10.4,70.5
SEC-KOTA-SWM,108.0,130.0,58.0,6.2,101.6,14.4,4,3,1.0,1.089,0,130.0,0,14.4,69.59
SEC-MTJ-AGC,54.0,120.0,45.0,4.2,115.9,8.6,16,5,1.164,1.107,0,120.0,0,8.6,39.71
SEC-GGC-BTE,120.0,110.0,98.0,9.4,109.1,10.4,0,6,1.0,1.106,0,110.0,0,10.4,80.35
SEC-NDLS-KOTA,465.0,130.0,275.0,14.5,119.3,3.8,10,4,1.0,1.243,0,130.0,0,3.8,288.94
SEC-SWM-GGC,64.0,120.0,48.0,5.1,95.8,9.7,2,5,1.129,1.039,0,120.0,0,9.7,41.13
SEC-NDLS-KOTA,465.0,130.0,275.0,14.5,98.9,22.0,4,3,1.0,1.099,0,130.0,0,22.0,328.22
SEC-BTE-MTJ,35.0,100.0,48.0,4.8,60.0,8.4,5,3,1.0,1.073,1,60.0,0,8.4,36.18
SEC-GGC-BTE,120.0,110.0,98.0,9.4,100.8,17.7,5,0,1.128,1.17,0,110.0,0,17.7,99.21
SEC-SWM-GGC,64.0,120.0,48.0,5.1,113.2,29.0,20,6,1.12,1.252,0,120.0,0,29.0,49.33
SEC-MTJ-AGC,54.0,120.0,45.0,4.2,101.0,29.3,2,2,1.0,1.205,0,120.0,0,29.3,44.92
SEC-BTE-MTJ,35.0,100.0,48.0,4.8,91.4,0.7,6,4,1.0,1.164,0,100.0,0,0.7,30.0
SEC-BTE-MTJ,35.0,100.0,48.0,4.8,99.6,3.1,22,2,1.095,1.112,0,100.0,1,3.1,38.67
SEC-MTJ-AGC,54.0,120.0,45.0,4.2,102.7,24.9,16,3,1.0,1.089,0,120.0,0,24.9,38.02
SEC-SWM-GGC,64.0,120.0,48.0,5.1,108.7,4.1,19,5,1.069,1.139,0,120.0,0,4.1,48.3
SEC-GGC-BTE,120.0,110.0,98.0,9.4,87.5,2.5,9,1,1.0,1.147,0,110.0,0,2.5,102.45
SEC-GGC-BTE,120.0,110.0,98.0,9.4,93.5,0.4,3,1,1.0,1.112,0,110.0,0,0.4,109.6
SEC-BTE-MTJ,35.0,100.0,48.0,4.8,87.6,11.5,20,0,1.0,1.256,0,100.0,0,11.5,28.25
SEC-SWM-GGC,64.0,120.0,48.0,5.1,112.5,15.0,7,2,1.0,1.213,0,120.0,0,15.0,44.26
SEC-MTJ-AGC,54.0,120.0,45.0,4.2,100.1,17.0,22,1,1.0,1.064,0,120.0,0,17.0,37.55
SEC-GGC-BTE,120.0,110.0,98.0,9.4,83.5,23.9,9,1,1.107,1.396,0,110.0,0,23.9,147.35
SEC-BTE-MTJ,35.0,100.0,48.0,4.8,93.6,2.8,22,3,1.0,1.108,0,100.0,0,2.8,29.31
SEC-KOTA-SWM,108.0,130.0,58.0,6.2,97.8,3.3,6,3,1.0,1.117,0,130.0,0,3.3,63.96
SEC-BTE-MTJ,35.0,100.0,48.0,4.8,60.0,13.1,9,0,1.0,1.338,1,60.0,1,13.1,68.31
SEC-MTJ-AGC,54.0,120.0,45.0,4.2,106.9,12.4,23,2,1.0,1.074,0,120.0,0,12.4,34.18
SEC-BTE-MTJ,35.0,100.0,48.0,4.8,94.1,2.4,19,4,1.268,1.218,0,100.0,0,2.4,29.0
SEC-SWM-GGC,64.0,120.0,48.0,5.1,111.8,0.3,16,3,1.0,1.134,0,120.0,0,0.3,39.55
SEC-KOTA-SWM,108.0,130.0,58.0,6.2,60.0,5.2,21,4,1.0,1.456,1,60.0,0,5.2,181.48
SEC-KOTA-SWM,108.0,130.0,58.0,6.2,122.1,11.2,12,6,1.0,1.069,0,130.0,1,11.2,61.29
SEC-GGC-BTE,120.0,110.0,98.0,9.4,45.0,7.0,2,3,1.0,1.009,1,45.0,0,7.0,186.02
SEC-MTJ-AGC,54.0,120.0,45.0,4.2,92.3,18.9,14,5,1.0,1.177,0,120.0,0,18.9,35.4
SEC-GGC-BTE,120.0,110.0,98.0,9.4,95.8,9.3,10,2,1.059,1.184,0,110.0,0,9.3,91.62
SEC-KOTA-SWM,108.0,130.0,58.0,6.2,30.0,5.4,8,3,1.0,1.099,1,30.0,0,5.4,247.37
SEC-BTE-MTJ,35.0,100.0,48.0,4.8,60.0,5.4,13,6,1.0,1.246,1,60.0,1,5.4,59.1
SEC-GGC-BTE,120.0,110.0,98.0,9.4,45.0,9.8,11,2,1.0,1.25,1,45.0,0,9.8,221.33
SEC-BTE-MTJ,35.0,100.0,48.0,4.8,89.9,6.7,18,4,1.0,1.322,0,100.0,0,6.7,25.04
SEC-KOTA-SWM,108.0,130.0,58.0,6.2,101.1,8.5,6,4,1.0,1.14,0,130.0,0,8.5,65.46
SEC-KOTA-SWM,108.0,130.0,58.0,6.2,30.0,5.8,10,6,1.0,1.394,1,30.0,0,5.8,298.27
SEC-GGC-BTE,120.0,110.0,98.0,9.4,98.7,0.6,6,0,1.106,1.207,0,110.0,0,0.6,91.36
SEC-KOTA-SWM,108.0,130.0,58.0,6.2,60.0,12.3,16,5,1.0,1.069,1,60.0,0,12.3,132.77
SEC-BTE-MTJ,35.0,100.0,48.0,4.8,89.9,3.5,23,4,1.0,1.144,0,100.0,0,3.5,26.65
SEC-NDLS-KOTA,465.0,130.0,275.0,14.5,45.0,3.2,6,2,1.0,1.075,1,45.0,0,3.2,668.8
SEC-GGC-BTE,120.0,110.0,98.0,9.4,101.2,8.2,19,3,1.13,1.261,0,110.0,0,8.2,95.8
SEC-KOTA-SWM,108.0,130.0,58.0,6.2,103.1,2.4,8,2,1.216,1.319,0,130.0,0,2.4,102.52
SEC-BTE-MTJ,35.0,100.0,48.0,4.8,84.7,3.5,8,4,1.0,1.474,0,100.0,1,3.5,42.54
SEC-GGC-BTE,120.0,110.0,98.0,9.4,93.5,24.6,22,3,1.0,1.077,0,110.0,0,24.6,85.23
SEC-MTJ-AGC,54.0,120.0,45.0,4.2,45.0,4.7,7,4,1.0,1.179,1,45.0,0,4.7,85.77
SEC-BTE-MTJ,35.0,100.0,48.0,4.8,87.7,1.4,1,1,1.0,1.288,0,100.0,0,1.4,27.51
SEC-SWM-GGC,64.0,120.0,48.0,5.1,90.5,4.4,4,5,1.113,1.075,0,120.0,0,4.4,44.92
SEC-SWM-GGC,64.0,120.0,48.0,5.1,60.0,8.8,16,4,1.263,1.148,1,60.0,0,8.8,103.27
SEC-NDLS-KOTA,465.0,130.0,275.0,14.5,30.0,11.3,14,1,1.082,1.023,1,30.0,1,11.3,1042.93
SEC-MTJ-AGC,54.0,120.0,45.0,4.2,116.4,0.4,14,3,1.0,1.163,0,120.0,0,0.4,31.93
SEC-NDLS-KOTA,465.0,130.0,275.0,14.5,116.9,0.9,21,2,1.0,1.385,0,130.0,0,0.9,312.09
SEC-MTJ-AGC,54.0,120.0,45.0,4.2,60.0,3.8,16,5,1.0,1.044,1,60.0,0,3.8,71.43
SEC-BTE-MTJ,35.0,100.0,48.0,4.8,97.7,4.7,10,6,1.0,1.368,0,100.0,0,4.7,25.16
SEC-SWM-GGC,64.0,120.0,48.0,5.1,106.6,20.1,3,4,1.0,1.011,0,120.0,0,20.1,42.54
SEC-NDLS-KOTA,465.0,130.0,275.0,14.5,105.1,7.4,23,5,1.0,1.038,0,130.0,0,7.4,226.98
SEC-KOTA-SWM,108.0,130.0,58.0,6.2,100.8,4.2,14,3,1.094,1.137,0,130.0,0,4.2,79.9
SEC-GGC-BTE,120.0,110.0,98.0,9.4,106.6,19.1,6,5,1.0,1.047,0,110.0,0,19.1,63.26
SEC-MTJ-AGC,54.0,120.0,45.0,4.2,110.1,3.8,2,2,1.0,1.035,0,120.0,0,3.8,30.92
SEC-NDLS-KOTA,465.0,130.0,275.0,14.5,107.1,0.8,14,4,1.0,1.071,0,130.0,0,0.8,283.88
SEC-SWM-GGC,64.0,120.0,48.0,5.1,91.1,16.9,10,4,1.0,1.128,0,120.0,0,16.9,50.43
SEC-KOTA-SWM,108.0,130.0,58.0,6.2,60.0,1.5,7,1,1.0,1.095,1,60.0,0,1.5,142.25
SEC-BTE-MTJ,35.0,100.0,48.0,4.8,88.9,3.9,18,0,1.213,1.279,0,100.0,0,3.9,26.29
SEC-BTE-MTJ,35.0,100.0,48.0,4.8,80.9,5.7,1,0,1.0,1.062,0,100.0,0,5.7,33.4
SEC-SWM-GGC,64.0,120.0,48.0,5.1,107.8,0.3,22,4,1.0,1.25,0,120.0,0,0.3,56.85
SEC-GGC-BTE,120.0,110.0,98.0,9.4,84.6,20.7,14,4,1.0,1.142,0,110.0,0,20.7,90.14
SEC-SWM-GGC,64.0,120.0,48.0,5.1,92.4,19.6,6,4,1.0,1.069,0,120.0,0,19.6,46.15
SEC-NDLS-KOTA,465.0,130.0,275.0,14.5,106.9,3.3,14,5,1.0,1.083,0,130.0,0,3.3,292.77
SEC-GGC-BTE,120.0,110.0,98.0,9.4,90.9,0.4,19,0,1.0,1.391,0,110.0,0,0.4,108.74
SEC-MTJ-AGC,54.0,120.0,45.0,4.2,100.2,2.4,20,3,1.0,1.264,0,120.0,0,2.4,40.04
SEC-BTE-MTJ,35.0,100.0,48.0,4.8,30.0,1.1,14,3,1.0,1.128,1,30.0,0,1.1,76.77
SEC-GGC-BTE,120.0,110.0,98.0,9.4,98.9,3.8,2,1,1.0,1.141,0,110.0,0,3.8,86.1
SEC-MTJ-AGC,54.0,120.0,45.0,4.2,118.8,18.9,21,4,1.0,1.221,0,120.0,0,18.9,31.96
SEC-NDLS-KOTA,465.0,130.0,275.0,14.5,108.9,22.0,4,4,1.0,1.197,0,130.0,0,22.0,310.76
SEC-NDLS-KOTA,465.0,130.0,275.0,14.5,113.1,1.9,16,6,1.0,1.152,0,130.0,0,1.9,274.03
SEC-GGC-BTE,120.0,110.0,98.0,9.4,109.7,8.6,12,5,1.148,1.044,0,110.0,1,8.6,101.13
SEC-GGC-BTE,120.0,110.0,98.0,9.4,103.0,20.1,18,1,1.0,1.249,0,110.0,0,20.1,79.91
SEC-KOTA-SWM,108.0,130.0,58.0,6.2,127.2,8.7,7,2,1.294,1.195,0,130.0,0,8.7,71.02
SEC-SWM-GGC,64.0,120.0,48.0,5.1,92.2,23.7,19,3,1.233,1.452,0,120.0,0,23.7,75.53
SEC-BTE-MTJ,35.0,100.0,48.0,4.8,78.3,2.2,19,3,1.07,1.323,0,100.0,0,2.2,35.22
SEC-KOTA-SWM,108.0,130.0,58.0,6.2,45.0,31.6,10,2,1.0,1.284,1,45.0,0,31.6,195.77
SEC-MTJ-AGC,54.0,120.0,45.0,4.2,110.4,6.9,6,0,1.0,1.107,0,120.0,1,6.9,41.34
SEC-SWM-GGC,64.0,120.0,48.0,5.1,104.0,5.0,14,5,1.279,1.096,0,120.0,0,5.0,47.73
SEC-BTE-MTJ,35.0,100.0,48.0,4.8,77.7,6.8,19,5,1.14,1.249,0,100.0,0,6.8,28.5
SEC-SWM-GGC,64.0,120.0,48.0,5.1,108.7,3.0,1,2,1.0,1.01,0,120.0,0,3.0,38.87
SEC-SWM-GGC,64.0,120.0,48.0,5.1,113.8,2.4,2,2,1.144,1.072,0,120.0,0,2.4,48.25
SEC-KOTA-SWM,108.0,130.0,58.0,6.2,124.6,8.1,7,5,1.066,1.059,0,130.0,0,8.1,54.34
SEC-GGC-BTE,120.0,110.0,98.0,9.4,89.7,4.6,3,2,1.0,1.036,0,110.0,0,4.6,91.67
SEC-NDLS-KOTA,465.0,130.0,275.0,14.5,99.4,1.6,23,0,1.0,1.032,0,130.0,0,1.6,311.3
SEC-BTE-MTJ,35.0,100.0,48.0,4.8,87.6,0.9,1,6,1.052,1.237,0,100.0,0,0.9,23.5
SEC-MTJ-AGC,54.0,120.0,45.0,4.2,94.3,0.4,8,2,1.0,1.221,0,120.0,0,0.4,36.43
SEC-SWM-GGC,64.0,120.0,48.0,5.1,118.9,16.3,0,6,1.245,1.045,0,120.0,0,16.3,45.65
SEC-NDLS-KOTA,465.0,130.0,275.0,14.5,45.0,6.7,2,3,1.0,1.17,1,45.0,0,6.7,740.46
SEC-BTE-MTJ,35.0,100.0,48.0,4.8,88.1,7.7,21,1,1.088,1.344,0,100.0,0,7.7,25.43
SEC-MTJ-AGC,54.0,120.0,45.0,4.2,92.6,12.1,5,4,1.223,1.032,0,120.0,0,12.1,46.76
SEC-BTE-MTJ,35.0,100.0,48.0,4.8,87.3,8.6,12,4,1.051,1.125,0,100.0,1,8.6,42.48
SEC-NDLS-KOTA,465.0,130.0,275.0,14.5,108.5,6.5,10,4,1.0,1.11,0,130.0,0,6.5,311.55
SEC-KOTA-SWM,108.0,130.0,58.0,6.2,123.9,5.0,7,1,1.0,1.203,0,130.0,0,5.0,63.48
SEC-BTE-MTJ,35.0,100.0,48.0,4.8,93.4,3.8,11,5,1.0,1.278,0,100.0,0,3.8,19.95
SEC-NDLS-KOTA,465.0,130.0,275.0,14.5,126.8,4.9,14,1,1.0,1.19,0,130.0,0,4.9,300.06
SEC-GGC-BTE,120.0,110.0,98.0,9.4,97.1,6.7,5,5,1.0,1.087,0,110.0,0,6.7,78.91
SEC-MTJ-AGC,54.0,120.0,45.0,4.2,110.1,1.9,2,5,1.0,1.162,0,120.0,0,1.9,36.41
SEC-GGC-BTE,120.0,110.0,98.0,9.4,30.0,6.0,2,3,1.0,1.194,1,30.0,0,6.0,298.01
SEC-MTJ-AGC,54.0,120.0,45.0,4.2,45.0,2.8,3,3,1.0,1.154,1,45.0,0,2.8,106.12
SEC-SWM-GGC,64.0,120.0,48.0,5.1,116.5,7.3,8,5,1.0,1.221,0,120.0,1,7.3,51.17
SEC-BTE-MTJ,35.0,100.0,48.0,4.8,82.7,14.2,6,5,1.0,1.113,0,100.0,1,14.2,44.95
SEC-BTE-MTJ,35.0,100.0,48.0,4.8,93.7,2.9,23,6,1.0,1.18,0,100.0,0,2.9,23.64
SEC-KOTA-SWM,108.0,130.0,58.0,6.2,115.7,11.0,0,6,1.0,1.282,0,130.0,0,11.0,79.46
SEC-MTJ-AGC,54.0,120.0,45.0,4.2,96.9,3.6,0,4,1.0,1.05,0,120.0,0,3.6,36.51
SEC-BTE-MTJ,35.0,100.0,48.0,4.8,96.8,2.5,6,3,1.0,1.064,0,100.0,0,2.5,29.32
SEC-GGC-BTE,120.0,110.0,98.0,9.4,45.0,24.1,13,3,1.2,1.035,1,45.0,0,24.1,187.53
SEC-NDLS-KOTA,465.0,130.0,275.0,14.5,60.0,25.2,4,6,1.116,1.029,1,60.0,0,25.2,548.36
SEC-BTE-MTJ,35.0,100.0,48.0,4.8,90.5,11.3,1,0,1.113,1.048,0,100.0,0,11.3,29.89
SEC-KOTA-SWM,108.0,130.0,58.0,6.2,101.6,11.5,13,3,1.0,1.024,0,130.0,1,11.5,86.66
SEC-BTE-MTJ,35.0,100.0,48.0,4.8,96.6,13.0,2,2,1.0,1.152,0,100.0,0,13.0,35.06
SEC-SWM-GGC,64.0,120.0,48.0,5.1,115.9,5.6,0,4,1.0,1.054,0,120.0,0,5.6,44.05
SEC-SWM-GGC,64.0,120.0,48.0,5.1,99.2,0.9,12,2,1.0,1.066,0,120.0,0,0.9,49.52
SEC-NDLS-KOTA,465.0,130.0,275.0,14.5,122.9,2.9,3,4,1.0,1.051,0,130.0,0,2.9,235.36
SEC-BTE-MTJ,35.0,100.0,48.0,4.8,86.5,5.4,18,6,1.095,1.265,0,100.0,0,5.4,39.56
SEC-MTJ-AGC,54.0,120.0,45.0,4.2,30.0,2.6,10,2,1.0,1.172,1,30.0,0,2.6,138.54
SEC-SWM-GGC,64.0,120.0,48.0,5.1,60.0,4.7,2,2,1.0,1.032,1,60.0,0,4.7,75.38
SEC-MTJ-AGC,54.0,120.0,45.0,4.2,105.9,6.2,10,2,1.0,1.253,0,120.0,0,6.2,35.07
SEC-SWM-GGC,64.0,120.0,48.0,5.1,118.3,18.2,9,5,1.0,1.168,0,120.0,0,18.2,53.89
SEC-KOTA-SWM,108.0,130.0,58.0,6.2,115.8,1.5,18,0,1.0,1.156,0,130.0,0,1.5,75.71
SEC-SWM-GGC,64.0,120.0,48.0,5.1,98.9,0.5,8,3,1.0,1.334,0,120.0,0,0.5,40.94
SEC-BTE-MTJ,35.0,100.0,48.0,4.8,60.0,17.2,6,1,1.0,1.142,1,60.0,0,17.2,47.3
SEC-BTE-MTJ,35.0,100.0,48.0,4.8,98.6,5.1,10,1,1.0,1.265,0,100.0,1,5.1,37.28
SEC-SWM-GGC,64.0,120.0,48.0,5.1,107.4,11.2,9,1,1.0,1.31,0,120.0,0,11.2,48.17
SEC-NDLS-KOTA,465.0,130.0,275.0,14.5,110.7,9.4,22,4,1.117,1.054,0,130.0,1,9.4,303.89
SEC-BTE-MTJ,35.0,100.0,48.0,4.8,85.8,3.6,15,1,1.0,1.193,0,100.0,1,3.6,39.52
SEC-NDLS-KOTA,465.0,130.0,275.0,14.5,103.8,32.6,8,1,1.0,1.281,0,130.0,0,32.6,366.66
SEC-GGC-BTE,120.0,110.0,98.0,9.4,60.0,3.1,17,0,1.0,1.402,1,60.0,0,3.1,172.14
SEC-SWM-GGC,64.0,120.0,48.0,5.1,119.9,6.5,13,2,1.0,1.105,0,120.0,0,6.5,39.38
SEC-BTE-MTJ,35.0,100.0,48.0,4.8,79.2,12.7,20,6,1.0,1.262,0,100.0,0,12.7,31.46
SEC-KOTA-SWM,108.0,130.0,58.0,6.2,118.5,7.8,23,0,1.0,1.144,0,130.0,0,7.8,58.36
SEC-GGC-BTE,120.0,110.0,98.0,9.4,60.0,19.4,1,0,1.0,1.078,1,60.0,0,19.4,150.4
SEC-SWM-GGC,64.0,120.0,48.0,5.1,100.2,13.7,22,0,1.0,1.02,0,120.0,0,13.7,42.25
SEC-NDLS-KOTA,465.0,130.0,275.0,14.5,45.0,13.8,3,2,1.135,1.095,1,45.0,0,13.8,825.41
SEC-NDLS-KOTA,465.0,130.0,275.0,14.5,111.9,2.6,8,2,1.0,1.275,0,130.0,1,2.6,335.72
SEC-GGC-BTE,120.0,110.0,98.0,9.4,100.0,21.7,13,1,1.0,1.083,0,110.0,0,21.7,88.39
SEC-NDLS-KOTA,465.0,130.0,275.0,14.5,123.6,1.6,1,2,1.0,1.184,0,130.0,0,1.6,273.42
SEC-NDLS-KOTA,465.0,130.0,275.0,14.5,60.0,2.8,11,3,1.0,1.098,1,60.0,0,2.8,544.91
SEC-NDLS-KOTA,465.0,130.0,275.0,14.5,116.6,2.6,3,6,1.0,1.15,0,130.0,0,2.6,270.28
SEC-KOTA-SWM,108.0,130.0,58.0,6.2,103.6,0.9,7,5,1.0,1.041,0,130.0,0,0.9,59.11
SEC-KOTA-SWM,108.0,130.0,58.0,6.2,123.4,35.8,5,1,1.0,1.089,0,130.0,0,35.8,47.35
SEC-KOTA-SWM,108.0,130.0,58.0,6.2,102.7,8.2,6,2,1.0,1.088,0,130.0,0,8.2,67.43
SEC-GGC-BTE,120.0,110.0,98.0,9.4,105.5,0.7,13,6,1.0,1.099,0,110.0,0,0.7,63.31
SEC-SWM-GGC,64.0,120.0,48.0,5.1,115.1,1.7,5,5,1.0,1.09,0,120.0,0,1.7,52.36
SEC-GGC-BTE,120.0,110.0,98.0,9.4,86.5,1.6,20,5,1.0,1.271,0,110.0,0,1.6,102.76
SEC-BTE-MTJ,35.0,100.0,48.0,4.8,45.0,62.9,17,5,1.0,1.069,1,45.0,0,62.9,70.74
SEC-NDLS-KOTA,465.0,130.0,275.0,14.5,115.7,0.8,10,5,1.0,1.231,0,130.0,0,0.8,303.65
SEC-SWM-GGC,64.0,120.0,48.0,5.1,91.1,9.5,18,6,1.0,1.125,0,120.0,0,9.5,53.38
SEC-SWM-GGC,64.0,120.0,48.0,5.1,45.0,4.8,7,6,1.0,1.141,1,45.0,0,4.8,121.19
SEC-GGC-BTE,120.0,110.0,98.0,9.4,98.7,0.7,11,1,1.0,1.393,0,110.0,0,0.7,87.25
SEC-GGC-BTE,120.0,110.0,98.0,9.4,88.5,0.3,8,6,1.0,1.422,0,110.0,0,0.3,118.5
SEC-BTE-MTJ,35.0,100.0,48.0,4.8,77.8,1.5,18,5,1.0,1.235,0,100.0,0,1.5,31.24
SEC-BTE-MTJ,35.0,100.0,48.0,4.8,30.0,10.1,17,2,1.0,1.145,1,30.0,0,10.1,88.99
SEC-GGC-BTE,120.0,110.0,98.0,9.4,45.0,9.4,15,4,1.0,1.05,1,45.0,1,9.4,205.08
SEC-MTJ-AGC,54.0,120.0,45.0,4.2,103.2,25.6,22,3,1.225,1.13,0,120.0,0,25.6,48.72
SEC-MTJ-AGC,54.0,120.0,45.0,4.2,101.6,9.7,9,3,1.0,1.268,0,120.0,0,9.7,31.4
SEC-NDLS-KOTA,465.0,130.0,275.0,14.5,113.7,0.0,13,6,1.0,1.081,0,130.0,0,0.0,282.65
SEC-BTE-MTJ,35.0,100.0,48.0,4.8,97.9,5.4,20,1,1.0,1.125,0,100.0,0,5.4,21.96
SEC-NDLS-KOTA,465.0,130.0,275.0,14.5,106.9,10.7,13,0,1.0,1.008,0,130.0,0,10.7,257.39
SEC-GGC-BTE,120.0,110.0,98.0,9.4,88.2,9.8,16,5,1.0,1.02,0,110.0,1,9.8,108.95
SEC-KOTA-SWM,108.0,130.0,58.0,6.2,99.8,2.7,15,1,1.0,1.142,0,130.0,0,2.7,77.6
SEC-NDLS-KOTA,465.0,130.0,275.0,14.5,127.4,9.0,3,2,1.0,1.117,0,130.0,0,9.0,247.95
SEC-MTJ-AGC,54.0,120.0,45.0,4.2,110.7,8.5,0,4,1.076,1.168,0,120.0,0,8.5,39.87
SEC-KOTA-SWM,108.0,130.0,58.0,6.2,108.5,8.8,3,2,1.0,1.017,0,130.0,0,8.8,51.27
SEC-GGC-BTE,120.0,110.0,98.0,9.4,97.0,7.0,12,1,1.0,1.117,0,110.0,0,7.0,85.85
SEC-MTJ-AGC,54.0,120.0,45.0,4.2,97.8,16.7,5,3,1.067,1.201,0,120.0,0,16.7,48.63
SEC-BTE-MTJ,35.0,100.0,48.0,4.8,77.7,20.5,3,3,1.0,1.197,0,100.0,0,20.5,29.62
SEC-NDLS-KOTA,465.0,130.0,275.0,14.5,129.9,0.8,6,3,1.071,1.013,0,130.0,0,0.8,232.48
SEC-MTJ-AGC,54.0,120.0,45.0,4.2,114.5,7.0,3,1,1.0,1.037,0,120.0,0,7.0,38.71
SEC-GGC-BTE,120.0,110.0,98.0,9.4,98.0,1.1,2,4,1.0,1.11,0,110.0,1,1.1,115.16
SEC-BTE-MTJ,35.0,100.0,48.0,4.8,75.8,16.0,7,1,1.0,1.215,0,100.0,1,16.0,47.68
SEC-SWM-GGC,64.0,120.0,48.0,5.1,102.4,14.7,18,0,1.0,1.196,0,120.0,0,14.7,41.43
SEC-MTJ-AGC,54.0,120.0,45.0,4.2,30.0,7.9,18,0,1.09,1.26,1,30.0,0,7.9,163.86
SEC-KOTA-SWM,108.0,130.0,58.0,6.2,129.2,16.5,15,5,1.0,1.073,0,130.0,0,16.5,59.29
SEC-NDLS-KOTA,465.0,130.0,275.0,14.5,101.7,7.5,9,0,1.057,1.222,0,130.0,0,7.5,348.11
SEC-NDLS-KOTA,465.0,130.0,275.0,14.5,123.9,19.6,2,6,1.0,1.06,0,130.0,1,19.6,228.48
SEC-NDLS-KOTA,465.0,130.0,275.0,14.5,102.7,5.0,3,3,1.0,1.16,0,130.0,0,5.0,326.02
SEC-MTJ-AGC,54.0,120.0,45.0,4.2,92.7,25.2,2,6,1.0,1.031,0,120.0,0,25.2,34.13
SEC-NDLS-KOTA,465.0,130.0,275.0,14.5,113.8,3.1,4,4,1.0,1.227,0,130.0,0,3.1,274.24
SEC-GGC-BTE,120.0,110.0,98.0,9.4,60.0,20.6,17,0,1.0,1.36,1,60.0,0,20.6,178.75
SEC-KOTA-SWM,108.0,130.0,58.0,6.2,105.1,6.5,8,4,1.134,1.328,0,130.0,0,6.5,83.59
SEC-KOTA-SWM,108.0,130.0,58.0,6.2,30.0,4.1,1,1,1.0,1.143,1,30.0,0,4.1,263.54
SEC-MTJ-AGC,54.0,120.0,45.0,4.2,98.9,0.7,3,3,1.088,1.087,0,120.0,1,0.7,61.7
SEC-GGC-BTE,120.0,110.0,98.0,9.4,96.9,4.8,1,0,1.0,1.007,0,110.0,0,4.8,91.62
SEC-GGC-BTE,120.0,110.0,98.0,9.4,100.7,15.7,3,1,1.08,1.173,0,110.0,1,15.7,106.91
SEC-NDLS-KOTA,465.0,130.0,275.0,14.5,103.2,0.1,4,2,1.202,1.035,0,130.0,1,0.1,354.56
SEC-BTE-MTJ,35.0,100.0,48.0,4.8,76.6,6.3,17,6,1.0,1.261,0,100.0,0,6.3,32.72
SEC-GGC-BTE,120.0,110.0,98.0,9.4,83.0,5.5,20,2,1.0,1.222,0,110.0,0,5.5,95.53
SEC-BTE-MTJ,35.0,100.0,48.0,4.8,75.9,2.7,6,3,1.0,1.129,0,100.0,0,2.7,24.64
SEC-GGC-BTE,120.0,110.0,98.0,9.4,103.1,2.5,6,4,1.0,1.044,0,110.0,0,2.5,82.26
SEC-MTJ-AGC,54.0,120.0,45.0,4.2,45.0,4.0,15,2,1.0,1.127,1,45.0,0,4.0,93.43
SEC-SWM-GGC,64.0,120.0,48.0,5.1,45.0,8.7,5,1,1.0,1.046,1,45.0,0,8.7,115.54
SEC-KOTA-SWM,108.0,130.0,58.0,6.2,60.0,8.2,2,2,1.0,1.031,1,60.0,0,8.2,131.11
SEC-KOTA-SWM,108.0,130.0,58.0,6.2,117.9,5.6,12,0,1.0,1.156,0,130.0,0,5.6,63.56
SEC-SWM-GGC,64.0,120.0,48.0,5.1,103.0,5.2,5,6,1.0,1.013,0,120.0,0,5.2,47.19
SEC-MTJ-AGC,54.0,120.0,45.0,4.2,112.0,12.4,11,2,1.0,1.345,0,120.0,0,12.4,43.19
SEC-BTE-MTJ,35.0,100.0,48.0,4.8,98.9,7.6,19,5,1.0,1.2,0,100.0,0,7.6,28.37
SEC-GGC-BTE,120.0,110.0,98.0,9.4,84.2,14.8,19,2,1.0,1.558,0,110.0,0,14.8,122.7
SEC-NDLS-KOTA,465.0,130.0,275.0,14.5,101.3,1.5,11,0,1.0,1.366,0,130.0,0,1.5,372.73
SEC-SWM-GGC,64.0,120.0,48.0,5.1,96.4,9.5,21,3,1.0,1.275,0,120.0,0,9.5,43.84
SEC-KOTA-SWM,108.0,130.0,58.0,6.2,109.8,21.7,14,5,1.0,1.03,0,130.0,0,21.7,70.98
SEC-GGC-BTE,120.0,110.0,98.0,9.4,91.7,3.2,11,0,1.0,1.298,0,110.0,0,3.2,100.22
SEC-NDLS-KOTA,465.0,130.0,275.0,14.5,109.1,8.7,9,6,1.262,1.338,0,130.0,0,8.7,405.95
SEC-GGC-BTE,120.0,110.0,98.0,9.4,91.4,3.0,16,5,1.299,1.024,0,110.0,0,3.0,106.66
SEC-MTJ-AGC,54.0,120.0,45.0,4.2,30.0,1.5,16,3,1.072,1.08,1,30.0,1,1.5,154.67
SEC-GGC-BTE,120.0,110.0,98.0,9.4,96.4,5.1,13,4,1.0,1.013,0,110.0,0,5.1,76.8
SEC-NDLS-KOTA,465.0,130.0,275.0,14.5,45.0,9.8,15,1,1.0,1.206,1,45.0,0,9.8,740.68
SEC-NDLS-KOTA,465.0,130.0,275.0,14.5,104.6,7.2,3,2,1.125,1.054,0,130.0,0,7.2,300.4
SEC-KOTA-SWM,108.0,130.0,58.0,6.2,109.3,17.3,5,1,1.0,1.122,0,130.0,0,17.3,58.94
SEC-BTE-MTJ,35.0,100.0,48.0,4.8,76.1,5.9,6,2,1.185,1.112,0,100.0,0,5.9,41.21
SEC-NDLS-KOTA,465.0,130.0,275.0,14.5,106.5,13.3,1,5,1.133,1.092,0,130.0,0,13.3,356.78
SEC-SWM-GGC,64.0,120.0,48.0,5.1,111.8,1.9,3,5,1.0,1.057,0,120.0,0,1.9,41.2
SEC-SWM-GGC,64.0,120.0,48.0,5.1,94.4,4.7,6,2,1.249,1.107,0,120.0,0,4.7,53.48
SEC-MTJ-AGC,54.0,120.0,45.0,4.2,91.3,5.9,16,4,1.0,1.034,0,120.0,0,5.9,35.28
SEC-NDLS-KOTA,465.0,130.0,275.0,14.5,128.9,10.2,20,5,1.223,1.421,0,130.0,0,10.2,366.39
SEC-BTE-MTJ,35.0,100.0,48.0,4.8,60.0,13.0,14,4,1.0,1.107,1,60.0,1,13.0,56.89
SEC-SWM-GGC,64.0,120.0,48.0,5.1,109.6,6.1,3,4,1.0,1.169,0,120.0,0,6.1,48.72
SEC-NDLS-KOTA,465.0,130.0,275.0,14.5,60.0,3.9,19,2,1.075,1.143,1,60.0,0,3.9,580.61
SEC-MTJ-AGC,54.0,120.0,45.0,4.2,107.0,50.4,8,2,1.0,1.423,0,120.0,0,50.4,43.21
SEC-BTE-MTJ,35.0,100.0,48.0,4.8,87.8,24.3,1,1,1.0,1.065,0,100.0,0,24.3,19.95
SEC-KOTA-SWM,108.0,130.0,58.0,6.2,109.3,12.8,11,3,1.238,1.169,0,130.0,0,12.8,85.89
SEC-KOTA-SWM,108.0,130.0,58.0,6.2,30.0,15.4,14,4,1.0,1.116,1,30.0,1,15.4,273.21
SEC-MTJ-AGC,54.0,120.0,45.0,4.2,107.4,1.7,14,2,1.233,1.072,0,120.0,0,1.7,29.23
SEC-BTE-MTJ,35.0,100.0,48.0,4.8,92.7,15.3,0,2,1.075,1.227,0,100.0,0,15.3,21.85
SEC-BTE-MTJ,35.0,100.0,48.0,4.8,45.0,4.4,18,2,1.0,1.345,1,45.0,0,4.4,69.97
SEC-NDLS-KOTA,465.0,130.0,275.0,14.5,114.9,3.7,13,4,1.209,1.117,0,130.0,1,3.7,341.64
SEC-KOTA-SWM,108.0,130.0,58.0,6.2,111.0,14.0,16,4,1.067,1.062,0,130.0,0,14.0,66.06
SEC-GGC-BTE,120.0,110.0,98.0,9.4,89.9,10.2,10,3,1.0,1.3,0,110.0,0,10.2,96.23
SEC-NDLS-KOTA,465.0,130.0,275.0,14.5,103.3,11.5,2,3,1.0,1.091,0,130.0,1,11.5,298.79
SEC-MTJ-AGC,54.0,120.0,45.0,4.2,96.3,2.0,17,0,1.0,1.175,0,120.0,1,2.0,57.3
SEC-MTJ-AGC,54.0,120.0,45.0,4.2,118.6,1.9,0,4,1.0,1.079,0,120.0,0,1.9,29.5
SEC-MTJ-AGC,54.0,120.0,45.0,4.2,96.7,7.3,19,6,1.0,1.218,0,120.0,0,7.3,25.65
SEC-KOTA-SWM,108.0,130.0,58.0,6.2,45.0,17.2,10,6,1.107,1.395,1,45.0,0,17.2,240.08
SEC-SWM-GGC,64.0,120.0,48.0,5.1,30.0,9.4,5,1,1.0,1.031,1,30.0,0,9.4,159.01
SEC-KOTA-SWM,108.0,130.0,58.0,6.2,129.3,10.8,9,0,1.0,1.545,0,130.0,0,10.8,76.46
SEC-NDLS-KOTA,465.0,130.0,275.0,14.5,125.0,6.2,10,4,1.0,1.161,0,130.0,0,6.2,239.52
SEC-NDLS-KOTA,465.0,130.0,275.0,14.5,105.5,3.3,12,1,1.137,1.07,0,130.0,0,3.3,307.82
SEC-KOTA-SWM,108.0,130.0,58.0,6.2,126.7,40.1,11,3,1.0,1.189,0,130.0,0,40.1,55.97
SEC-SWM-GGC,64.0,120.0,48.0,5.1,104.4,0.4,21,4,1.0,1.322,0,120.0,0,0.4,56.6
SEC-MTJ-AGC,54.0,120.0,45.0,4.2,106.2,1.2,17,6,1.0,1.218,0,120.0,1,1.2,46.41
SEC-KOTA-SWM,108.0,130.0,58.0,6.2,115.7,21.7,19,3,1.0,1.066,0,130.0,0,21.7,68.98
SEC-NDLS-KOTA,465.0,130.0,275.0,14.5,116.3,17.5,15,2,1.288,1.013,0,130.0,0,17.5,335.59
SEC-GGC-BTE,120.0,110.0,98.0,9.4,60.0,18.0,17,6,1.0,1.122,1,60.0,0,18.0,154.28
SEC-BTE-MTJ,35.0,100.0,48.0,4.8,95.7,8.1,6,3,1.074,1.139,0,100.0,0,8.1,25.76
SEC-SWM-GGC,64.0,120.0,48.0,5.1,90.4,5.4,1,1,1.0,1.088,0,120.0,0,5.4,48.58
SEC-BTE-MTJ,35.0,100.0,48.0,4.8,30.0,1.9,11,0,1.0,1.155,1,30.0,0,1.9,95.77
SEC-BTE-MTJ,35.0,100.0,48.0,4.8,79.6,26.6,7,5,1.0,1.092,0,100.0,0,26.6,25.9
SEC-NDLS-KOTA,465.0,130.0,275.0,14.5,127.6,11.3,0,0,1.0,1.078,0,130.0,0,11.3,224.13
SEC-NDLS-KOTA,465.0,130.0,275.0,14.5,128.5,18.0,12,1,1.0,1.047,0,130.0,0,18.0,227.5
SEC-NDLS-KOTA,465.0,130.0,275.0,14.5,129.4,10.7,16,5,1.0,1.048,0,130.0,0,10.7,203.88
SEC-BTE-MTJ,35.0,100.0,48.0,4.8,75.6,5.1,19,6,1.086,1.05,0,100.0,0,5.1,26.99
SEC-MTJ-AGC,54.0,120.0,45.0,4.2,45.0,8.6,6,1,1.0,1.169,1,45.0,0,8.6,93.26
SEC-BTE-MTJ,35.0,100.0,48.0,4.8,79.8,15.5,2,2,1.0,1.111,0,100.0,0,15.5,28.85
SEC-MTJ-AGC,54.0,120.0,45.0,4.2,102.6,22.7,3,4,1.0,1.214,0,120.0,0,22.7,33.48
SEC-NDLS-KOTA,465.0,130.0,275.0,14.5,109.5,9.0,21,3,1.279,1.273,0,130.0,0,9.0,402.45
SEC-NDLS-KOTA,465.0,130.0,275.0,14.5,104.8,1.4,11,1,1.0,1.334,0,130.0,0,1.4,315.89
SEC-NDLS-KOTA,465.0,130.0,275.0,14.5,105.3,6.7,18,1,1.0,1.155,0,130.0,0,6.7,301.89
SEC-NDLS-KOTA,465.0,130.0,275.0,14.5,120.6,5.0,13,5,1.0,1.13,0,130.0,1,5.0,262.37
SEC-NDLS-KOTA,465.0,130.0,275.0,14.5,127.2,1.4,21,0,1.0,1.412,0,130.0,0,1.4,274.18
SEC-GGC-BTE,120.0,110.0,98.0,9.4,82.9,33.2,20,6,1.0,1.317,0,110.0,0,33.2,141.04
SEC-GGC-BTE,120.0,110.0,98.0,9.4,30.0,2.4,3,4,1.0,1.066,1,30.0,0,2.4,283.04
SEC-MTJ-AGC,54.0,120.0,45.0,4.2,104.2,3.0,9,5,1.0,1.194,0,120.0,0,3.0,48.59
SEC-SWM-GGC,64.0,120.0,48.0,5.1,30.0,6.5,4,4,1.0,1.133,1,30.0,0,6.5,151.41
SEC-SWM-GGC,64.0,120.0,48.0,5.1,99.2,4.0,7,4,1.132,1.094,0,120.0,0,4.0,44.42
SEC-MTJ-AGC,54.0,120.0,45.0,4.2,99.0,49.1,22,0,1.0,1.192,0,120.0,0,49.1,43.03
SEC-GGC-BTE,120.0,110.0,98.0,9.4,103.4,9.9,12,4,1.0,1.077,0,110.0,0,9.9,69.8
SEC-SWM-GGC,64.0,120.0,48.0,5.1,96.9,8.2,3,3,1.0,1.07,0,120.0,0,8.2,39.71
SEC-BTE-MTJ,35.0,100.0,48.0,4.8,83.4,1.9,2,2,1.075,1.04,0,100.0,0,1.9,27.01
SEC-SWM-GGC,64.0,120.0,48.0,5.1,101.6,49.9,21,6,1.0,1.379,0,120.0,0,49.9,42.75
SEC-KOTA-SWM,108.0,130.0,58.0,6.2,124.4,0.7,13,3,1.063,1.193,0,130.0,0,0.7,62.21
SEC-KOTA-SWM,108.0,130.0,58.0,6.2,122.9,7.0,15,1,1.265,1.004,0,130.0,0,7.0,64.21
SEC-KOTA-SWM,108.0,130.0,58.0,6.2,116.5,2.3,15,6,1.0,1.046,0,130.0,0,2.3,58.79
SEC-GGC-BTE,120.0,110.0,98.0,9.4,94.8,24.4,13,2,1.0,1.186,0,110.0,0,24.4,82.46
SEC-BTE-MTJ,35.0,100.0,48.0,4.8,45.0,8.5,9,5,1.0,1.282,1,45.0,0,8.5,60.24
SEC-NDLS-KOTA,465.0,130.0,275.0,14.5,112.6,1.7,13,4,1.0,1.085,0,130.0,0,1.7,249.41
SEC-SWM-GGC,64.0,120.0,48.0,5.1,45.0,0.6,3,1,1.136,1.023,1,45.0,0,0.6,111.59
SEC-GGC-BTE,120.0,110.0,98.0,9.4,100.5,3.6,22,3,1.0,1.063,0,110.0,0,3.6,71.69
SEC-BTE-MTJ,35.0,100.0,48.0,4.8,91.5,13.4,14,4,1.085,1.079,0,100.0,0,13.4,29.76
SEC-NDLS-KOTA,465.0,130.0,275.0,14.5,115.2,10.7,4,4,1.0,1.09,0,130.0,0,10.7,249.56
SEC-NDLS-KOTA,465.0,130.0,275.0,14.5,108.3,1.1,5,1,1.095,1.132,0,130.0,0,1.1,327.9
SEC-MTJ-AGC,54.0,120.0,45.0,4.2,45.0,12.0,22,5,1.0,1.058,1,45.0,0,12.0,84.89
SEC-GGC-BTE,120.0,110.0,98.0,9.4,103.1,45.9,4,2,1.0,1.064,0,110.0,0,45.9,82.39
SEC-KOTA-SWM,108.0,130.0,58.0,6.2,45.0,28.8,20,4,1.0,1.133,1,45.0,0,28.8,172.78
SEC-KOTA-SWM,108.0,130.0,58.0,6.2,122.6,12.2,7,1,1.0,1.129,0,130.0,0,12.2,60.31
SEC-BTE-MTJ,35.0,100.0,48.0,4.8,45.0,14.1,22,5,1.0,1.045,1,45.0,0,14.1,61.15
SEC-GGC-BTE,120.0,110.0,98.0,9.4,86.3,2.7,0,3,1.0,1.037,0,110.0,0,2.7,81.03
SEC-BTE-MTJ,35.0,100.0,48.0,4.8,30.0,13.7,13,1,1.0,1.155,1,30.0,0,13.7,92.62
SEC-NDLS-KOTA,465.0,130.0,275.0,14.5,105.5,15.6,1,5,1.0,1.08,0,130.0,0,15.6,282.53
SEC-BTE-MTJ,35.0,100.0,48.0,4.8,78.0,5.4,6,1,1.262,1.059,0,100.0,0,5.4,29.56
SEC-GGC-BTE,120.0,110.0,98.0,9.4,91.7,11.8,0,6,1.0,1.016,0,110.0,0,11.8,79.52
SEC-GGC-BTE,120.0,110.0,98.0,9.4,104.8,15.5,23,5,1.0,1.133,0,110.0,0,15.5,76.12
SEC-SWM-GGC,64.0,120.0,48.0,5.1,101.9,23.0,19,2,1.148,1.17,0,120.0,0,23.0,57.43
SEC-GGC-BTE,120.0,110.0,98.0,9.4,30.0,1.4,8,4,1.0,1.29,1,30.0,0,1.4,325.19
SEC-NDLS-KOTA,465.0,130.0,275.0,14.5,99.7,2.7,18,1,1.0,1.298,0,130.0,0,2.7,336.28
SEC-NDLS-KOTA,465.0,130.0,275.0,14.5,45.0,11.3,3,2,1.0,1.039,1,45.0,0,11.3,671.9
SEC-MTJ-AGC,54.0,120.0,45.0,4.2,94.9,9.5,22,5,1.0,1.15,0,120.0,0,9.5,42.17
SEC-BTE-MTJ,35.0,100.0,48.0,4.8,88.7,3.8,18,5,1.074,1.293,0,100.0,0,3.8,33.7
SEC-NDLS-KOTA,465.0,130.0,275.0,14.5,45.0,2.1,9,0,1.0,1.316,1,45.0,0,2.1,784.9
SEC-NDLS-KOTA,465.0,130.0,275.0,14.5,127.1,14.1,21,1,1.07,1.325,0,130.0,0,14.1,311.29
SEC-BTE-MTJ,35.0,100.0,48.0,4.8,98.3,10.8,20,1,1.0,1.085,0,100.0,0,10.8,32.81
SEC-NDLS-KOTA,465.0,130.0,275.0,14.5,122.4,31.3,19,5,1.0,1.244,0,130.0,0,31.3,278.5
SEC-NDLS-KOTA,465.0,130.0,275.0,14.5,129.4,0.4,15,6,1.102,1.118,0,130.0,1,0.4,282.28
SEC-BTE-MTJ,35.0,100.0,48.0,4.8,86.8,9.3,1,1,1.102,1.167,0,100.0,0,9.3,24.55
SEC-BTE-MTJ,35.0,100.0,48.0,4.8,82.8,14.9,16,5,1.0,1.074,0,100.0,0,14.9,26.69
SEC-NDLS-KOTA,465.0,130.0,275.0,14.5,113.7,1.4,3,2,1.0,1.072,0,130.0,0,1.4,246.72
SEC-GGC-BTE,120.0,110.0,98.0,9.4,100.0,22.2,3,0,1.0,1.031,0,110.0,0,22.2,62.18
SEC-MTJ-AGC,54.0,120.0,45.0,4.2,30.0,10.1,16,1,1.0,1.076,1,30.0,0,10.1,135.42
SEC-SWM-GGC,64.0,120.0,48.0,5.1,98.5,10.1,0,2,1.296,1.138,0,120.0,0,10.1,54.69
SEC-MTJ-AGC,54.0,120.0,45.0,4.2,111.8,2.4,17,0,1.0,1.288,0,120.0,0,2.4,35.71
SEC-SWM-GGC,64.0,120.0,48.0,5.1,107.0,13.7,7,2,1.189,1.025,0,120.0,0,13.7,47.13
SEC-BTE-MTJ,35.0,100.0,48.0,4.8,97.5,7.7,5,2,1.0,1.071,0,100.0,0,7.7,27.17
SEC-MTJ-AGC,54.0,120.0,45.0,4.2,45.0,33.9,15,2,1.0,1.109,1,45.0,0,33.9,97.79
SEC-BTE-MTJ,35.0,100.0,48.0,4.8,30.0,9.7,15,4,1.125,1.075,1,30.0,1,9.7,113.17
SEC-SWM-GGC,64.0,120.0,48.0,5.1,96.3,8.8,6,1,1.235,1.098,0,120.0,0,8.8,52.37
SEC-BTE-MTJ,35.0,100.0,48.0,4.8,97.1,2.6,17,6,1.0,1.267,0,100.0,1,2.6,54.36
SEC-MTJ-AGC,54.0,120.0,45.0,4.2,60.0,5.0,22,0,1.0,1.136,1,60.0,0,5.0,68.07
SEC-NDLS-KOTA,465.0,130.0,275.0,14.5,126.1,3.5,7,0,1.122,1.085,0,130.0,0,3.5,273.19
SEC-BTE-MTJ,35.0,100.0,48.0,4.8,81.8,2.4,18,3,1.0,1.208,0,100.0,1,2.4,39.25
SEC-KOTA-SWM,108.0,130.0,58.0,6.2,45.0,16.0,17,6,1.0,1.287,1,45.0,0,16.0,208.38
SEC-NDLS-KOTA,465.0,130.0,275.0,14.5,30.0,9.1,3,6,1.0,1.034,1,30.0,0,9.1,955.24
SEC-BTE-MTJ,35.0,100.0,48.0,4.8,99.7,1.1,12,1,1.0,1.089,0,100.0,1,1.1,41.62
SEC-KOTA-SWM,108.0,130.0,58.0,6.2,127.7,0.1,2,0,1.135,1.069,0,130.0,0,0.1,73.72
SEC-MTJ-AGC,54.0,120.0,45.0,4.2,113.3,0.5,9,3,1.0,1.337,0,120.0,1,0.5,45.21
SEC-GGC-BTE,120.0,110.0,98.0,9.4,85.3,44.5,22,5,1.0,1.082,0,110.0,0,44.5,93.37
SEC-GGC-BTE,120.0,110.0,98.0,9.4,87.9,1.9,3,5,1.0,1.128,0,110.0,0,1.9,97.28
SEC-BTE-MTJ,35.0,100.0,48.0,4.8,94.0,15.0,13,2,1.061,1.046,0,100.0,0,15.0,30.4
SEC-BTE-MTJ,35.0,100.0,48.0,4.8,79.3,2.7,19,5,1.0,1.113,0,100.0,0,2.7,28.2
SEC-SWM-GGC,64.0,120.0,48.0,5.1,114.3,3.0,0,0,1.0,1.085,0,120.0,0,3.0,40.83
SEC-SWM-GGC,64.0,120.0,48.0,5.1,115.8,2.4,4,5,1.0,1.144,0,120.0,0,2.4,41.68
SEC-KOTA-SWM,108.0,130.0,58.0,6.2,30.0,1.3,22,1,1.0,1.095,1,30.0,0,1.3,250.7
SEC-BTE-MTJ,35.0,100.0,48.0,4.8,96.2,4.4,22,0,1.0,1.026,0,100.0,0,4.4,28.54
SEC-GGC-BTE,120.0,110.0,98.0,9.4,84.0,1.8,1,6,1.0,1.097,0,110.0,0,1.8,86.35
SEC-SWM-GGC,64.0,120.0,48.0,5.1,45.0,6.3,1,5,1.0,1.186,1,45.0,0,6.3,115.3
SEC-GGC-BTE,120.0,110.0,98.0,9.4,45.0,14.8,0,0,1.0,1.168,1,45.0,0,14.8,213.68
SEC-MTJ-AGC,54.0,120.0,45.0,4.2,100.5,16.3,8,6,1.0,1.152,0,120.0,0,16.3,34.92
SEC-KOTA-SWM,108.0,130.0,58.0,6.2,121.0,1.9,10,2,1.0,1.196,0,130.0,0,1.9,64.81
SEC-BTE-MTJ,35.0,100.0,48.0,4.8,85.8,19.8,5,0,1.0,1.07,0,100.0,0,19.8,20.48
SEC-MTJ-AGC,54.0,120.0,45.0,4.2,91.4,10.5,16,3,1.186,1.041,0,120.0,0,10.5,39.41
SEC-KOTA-SWM,108.0,130.0,58.0,6.2,110.9,16.0,0,1,1.0,1.049,0,130.0,0,16.0,66.26
SEC-GGC-BTE,120.0,110.0,98.0,9.4,45.0,1.1,11,1,1.118,1.291,1,45.0,0,1.1,244.86
SEC-BTE-MTJ,35.0,100.0,48.0,4.8,30.0,1.4,5,5,1.0,1.064,1,30.0,1,1.4,102.56
SEC-MTJ-AGC,54.0,120.0,45.0,4.2,109.9,19.8,21,5,1.0,1.139,0,120.0,0,19.8,37.78
SEC-GGC-BTE,120.0,110.0,98.0,9.4,45.0,30.4,0,2,1.0,1.144,1,45.0,0,30.4,191.51
SEC-NDLS-KOTA,465.0,130.0,275.0,14.5,60.0,7.8,12,5,1.0,1.032,1,60.0,0,7.8,501.19
SEC-KOTA-SWM,108.0,130.0,58.0,6.2,124.7,6.2,10,3,1.099,1.262,0,130.0,0,6.2,63.66
SEC-KOTA-SWM,108.0,130.0,58.0,6.2,30.0,7.5,0,0,1.178,1.01,1,30.0,0,7.5,265.75
SEC-BTE-MTJ,35.0,100.0,48.0,4.8,83.9,30.3,18,1,1.0,1.213,0,100.0,0,30.3,44.06
SEC-BTE-MTJ,35.0,100.0,48.0,4.8,75.3,4.7,1,1,1.0,1.071,0,100.0,0,4.7,32.57
SEC-SWM-GGC,64.0,120.0,48.0,5.1,103.6,10.9,2,2,1.0,1.023,0,120.0,0,10.9,41.09
SEC-NDLS-KOTA,465.0,130.0,275.0,14.5,109.7,5.0,19,5,1.0,1.24,0,130.0,0,5.0,274.43
SEC-GGC-BTE,120.0,110.0,98.0,9.4,87.8,6.9,13,0,1.0,1.216,0,110.0,0,6.9,105.13
SEC-NDLS-KOTA,465.0,130.0,275.0,14.5,30.0,20.1,16,6,1.079,1.089,1,30.0,0,20.1,1113.73
SEC-BTE-MTJ,35.0,100.0,48.0,4.8,88.8,13.3,9,6,1.0,1.312,0,100.0,0,13.3,30.72
SEC-NDLS-KOTA,465.0,130.0,275.0,14.5,129.9,0.0,11,5,1.0,1.278,0,130.0,0,0.0,253.8
SEC-SWM-GGC,64.0,120.0,48.0,5.1,115.6,18.4,21,4,1.222,1.258,0,120.0,0,18.4,64.26
SEC-GGC-BTE,120.0,110.0,98.0,9.4,108.0,0.5,6,4,1.0,1.265,0,110.0,0,0.5,68.74
SEC-BTE-MTJ,35.0,100.0,48.0,4.8,99.5,11.8,3,5,1.0,1.107,0,100.0,0,11.8,26.0
SEC-GGC-BTE,120.0,110.0,98.0,9.4,60.0,0.1,23,6,1.0,1.117,1,60.0,0,0.1,143.99
SEC-GGC-BTE,120.0,110.0,98.0,9.4,97.7,2.4,15,5,1.089,1.094,0,110.0,0,2.4,94.8
SEC-KOTA-SWM,108.0,130.0,58.0,6.2,108.6,9.6,21,4,1.0,1.159,0,130.0,0,9.6,65.73
SEC-BTE-MTJ,35.0,100.0,48.0,4.8,60.0,5.0,16,5,1.0,1.128,1,60.0,0,5.0,40.13
SEC-MTJ-AGC,54.0,120.0,45.0,4.2,30.0,2.0,5,3,1.285,1.203,1,30.0,0,2.0,176.9
SEC-GGC-BTE,120.0,110.0,98.0,9.4,60.0,3.3,16,6,1.0,1.153,1,60.0,0,3.3,158.35
SEC-GGC-BTE,120.0,110.0,98.0,9.4,86.4,2.2,2,3,1.17,1.052,0,110.0,0,2.2,91.63
SEC-BTE-MTJ,35.0,100.0,48.0,4.8,93.6,0.8,21,5,1.0,1.44,0,100.0,0,0.8,37.66
SEC-KOTA-SWM,108.0,130.0,58.0,6.2,45.0,4.2,10,4,1.0,1.26,1,45.0,0,4.2,195.3
SEC-KOTA-SWM,108.0,130.0,58.0,6.2,109.8,0.4,13,2,1.246,1.155,0,130.0,0,0.4,94.68
SEC-KOTA-SWM,108.0,130.0,58.0,6.2,117.5,5.2,17,2,1.224,1.108,0,130.0,0,5.2,83.37
SEC-MTJ-AGC,54.0,120.0,45.0,4.2,45.0,15.4,9,0,1.063,1.258,1,45.0,0,15.4,127.02
SEC-NDLS-KOTA,465.0,130.0,275.0,14.5,112.4,4.6,4,4,1.192,1.17,0,130.0,0,4.6,338.64
SEC-NDLS-KOTA,465.0,130.0,275.0,14.5,122.1,3.0,17,4,1.0,1.347,0,130.0,0,3.0,262.33
SEC-GGC-BTE,120.0,110.0,98.0,9.4,86.1,3.6,1,0,1.125,1.058,0,110.0,1,3.6,117.81
SEC-KOTA-SWM,108.0,130.0,58.0,6.2,103.1,16.0,8,2,1.0,1.468,0,130.0,0,16.0,77.63
SEC-GGC-BTE,120.0,110.0,98.0,9.4,30.0,17.5,11,5,1.0,1.29,1,30.0,0,17.5,306.24
SEC-NDLS-KOTA,465.0,130.0,275.0,14.5,60.0,7.5,3,0,1.0,1.04,1,60.0,1,7.5,484.55
SEC-GGC-BTE,120.0,110.0,98.0,9.4,30.0,12.4,20,0,1.0,1.131,1,30.0,0,12.4,298.94
SEC-SWM-GGC,64.0,120.0,48.0,5.1,99.2,2.0,4,1,1.0,1.059,0,120.0,0,2.0,42.64
SEC-NDLS-KOTA,465.0,130.0,275.0,14.5,30.0,18.3,20,4,1.0,1.265,1,30.0,1,18.3,1168.76
SEC-NDLS-KOTA,465.0,130.0,275.0,14.5,45.0,3.8,4,6,1.0,1.076,1,45.0,0,3.8,685.57
SEC-SWM-GGC,64.0,120.0,48.0,5.1,100.1,22.3,22,6,1.0,1.044,0,120.0,0,22.3,30.65
SEC-NDLS-KOTA,465.0,130.0,275.0,14.5,119.7,7.2,22,6,1.0,1.111,0,130.0,0,7.2,225.5
SEC-SWM-GGC,64.0,120.0,48.0,5.1,105.6,21.6,9,3,1.2,1.221,0,120.0,0,21.6,56.08
SEC-GGC-BTE,120.0,110.0,98.0,9.4,98.0,3.1,8,0,1.0,1.119,0,110.0,0,3.1,85.0
SEC-MTJ-AGC,54.0,120.0,45.0,4.2,95.4,4.8,9,2,1.153,1.335,0,120.0,0,4.8,59.74
SEC-GGC-BTE,120.0,110.0,98.0,9.4,88.6,5.7,20,3,1.086,1.209,0,110.0,0,5.7,95.56
SEC-BTE-MTJ,35.0,100.0,48.0,4.8,81.5,7.0,6,5,1.0,1.043,0,100.0,0,7.0,26.72
SEC-MTJ-AGC,54.0,120.0,45.0,4.2,118.9,4.1,7,5,1.229,1.149,0,120.0,0,4.1,37.6
SEC-KOTA-SWM,108.0,130.0,58.0,6.2,116.8,47.5,13,6,1.0,1.053,0,130.0,0,47.5,69.96
SEC-KOTA-SWM,108.0,130.0,58.0,6.2,118.6,8.0,0,6,1.0,1.077,0,130.0,0,8.0,64.1
SEC-BTE-MTJ,35.0,100.0,48.0,4.8,85.3,2.7,19,2,1.0,1.384,0,100.0,0,2.7,36.98
SEC-BTE-MTJ,35.0,100.0,48.0,4.8,95.3,25.4,17,1,1.0,1.291,0,100.0,0,25.4,29.94
SEC-BTE-MTJ,35.0,100.0,48.0,4.8,30.0,13.3,22,2,1.129,1.059,1,30.0,0,13.3,95.76
SEC-SWM-GGC,64.0,120.0,48.0,5.1,30.0,0.1,1,2,1.228,1.11,1,30.0,0,0.1,190.77
SEC-KOTA-SWM,108.0,130.0,58.0,6.2,104.3,5.5,23,6,1.0,1.029,0,130.0,0,5.5,61.43
SEC-BTE-MTJ,35.0,100.0,48.0,4.8,86.4,1.4,6,4,1.0,1.11,0,100.0,0,1.4,29.46
SEC-KOTA-SWM,108.0,130.0,58.0,6.2,115.7,55.3,18,2,1.0,1.258,0,130.0,0,55.3,63.65
SEC-KOTA-SWM,108.0,130.0,58.0,6.2,60.0,16.3,17,0,1.0,1.299,1,60.0,0,16.3,157.6
SEC-KOTA-SWM,108.0,130.0,58.0,6.2,111.8,4.2,22,5,1.0,1.077,0,130.0,0,4.2,56.71
SEC-BTE-MTJ,35.0,100.0,48.0,4.8,76.7,34.5,3,2,1.0,1.091,0,100.0,1,34.5,44.5
SEC-MTJ-AGC,54.0,120.0,45.0,4.2,117.5,4.5,21,5,1.0,1.402,0,120.0,0,4.5,27.26
SEC-SWM-GGC,64.0,120.0,48.0,5.1,100.8,0.5,6,0,1.076,1.017,0,120.0,0,0.5,55.48
SEC-MTJ-AGC,54.0,120.0,45.0,4.2,115.8,20.7,11,4,1.0,1.046,0,120.0,0,20.7,37.65
SEC-SWM-GGC,64.0,120.0,48.0,5.1,102.6,4.3,4,4,1.0,1.024,0,120.0,0,4.3,32.48
SEC-SWM-GGC,64.0,120.0,48.0,5.1,111.6,5.2,3,5,1.0,1.063,0,120.0,0,5.2,41.36
SEC-MTJ-AGC,54.0,120.0,45.0,4.2,108.4,2.0,21,2,1.0,1.088,0,120.0,1,2.0,29.58
SEC-GGC-BTE,120.0,110.0,98.0,9.4,107.2,3.8,1,6,1.0,1.163,0,110.0,1,3.8,78.84
SEC-NDLS-KOTA,465.0,130.0,275.0,14.5,106.8,7.9,2,3,1.0,1.016,0,130.0,0,7.9,270.2
SEC-MTJ-AGC,54.0,120.0,45.0,4.2,45.0,6.7,7,5,1.0,1.162,1,45.0,0,6.7,83.4
SEC-NDLS-KOTA,465.0,130.0,275.0,14.5,124.5,14.0,13,3,1.0,1.02,0,130.0,0,14.0,259.4
SEC-KOTA-SWM,108.0,130.0,58.0,6.2,109.6,9.6,2,5,1.0,1.152,0,130.0,0,9.6,71.12
SEC-MTJ-AGC,54.0,120.0,45.0,4.2,93.4,1.0,5,6,1.0,1.028,0,120.0,0,1.0,37.03
SEC-BTE-MTJ,35.0,100.0,48.0,4.8,76.6,0.6,8,4,1.0,1.237,0,100.0,0,0.6,41.68
SEC-NDLS-KOTA,465.0,130.0,275.0,14.5,127.5,5.2,18,4,1.17,1.212,0,130.0,0,5.2,290.49
SEC-GGC-BTE,120.0,110.0,98.0,9.4,102.8,5.1,7,0,1.104,1.115,0,110.0,0,5.1,83.99
SEC-NDLS-KOTA,465.0,130.0,275.0,14.5,45.0,21.9,13,5,1.0,1.115,1,45.0,1,21.9,725.54
SEC-BTE-MTJ,35.0,100.0,48.0,4.8,60.0,3.9,17,1,1.235,1.189,1,60.0,0,3.9,59.15
SEC-KOTA-SWM,108.0,130.0,58.0,6.2,30.0,18.8,21,6,1.0,1.284,1,30.0,0,18.8,305.29
SEC-BTE-MTJ,35.0,100.0,48.0,4.8,97.9,21.9,16,0,1.0,1.175,0,100.0,0,21.9,26.24
SEC-NDLS-KOTA,465.0,130.0,275.0,14.5,108.7,2.2,4,2,1.0,1.131,0,130.0,0,2.2,300.18
SEC-MTJ-AGC,54.0,120.0,45.0,4.2,102.2,6.3,4,4,1.0,1.092,0,120.0,0,6.3,31.96
SEC-GGC-BTE,120.0,110.0,98.0,9.4,86.1,1.2,11,6,1.0,1.321,0,110.0,0,1.2,112.85
SEC-NDLS-KOTA,465.0,130.0,275.0,14.5,45.0,6.4,22,2,1.0,1.134,1,45.0,0,6.4,692.06
SEC-NDLS-KOTA,465.0,130.0,275.0,14.5,126.2,17.8,16,6,1.0,1.195,0,130.0,0,17.8,223.39
SEC-NDLS-KOTA,465.0,130.0,275.0,14.5,60.0,5.1,1,5,1.0,1.058,1,60.0,0,5.1,506.6
SEC-MTJ-AGC,54.0,120.0,45.0,4.2,60.0,6.2,3,2,1.0,1.011,1,60.0,0,6.2,56.19
SEC-GGC-BTE,120.0,110.0,98.0,9.4,98.3,2.5,19,1,1.0,1.238,0,110.0,0,2.5,87.35
SEC-GGC-BTE,120.0,110.0,98.0,9.4,45.0,28.1,6,6,1.0,1.161,1,45.0,0,28.1,213.88
SEC-MTJ-AGC,54.0,120.0,45.0,4.2,90.6,0.5,16,3,1.0,1.066,0,120.0,0,0.5,37.64
SEC-KOTA-SWM,108.0,130.0,58.0,6.2,100.6,0.9,12,4,1.105,1.129,0,130.0,0,0.9,77.31
SEC-GGC-BTE,120.0,110.0,98.0,9.4,96.9,4.3,15,0,1.057,1.052,0,110.0,0,4.3,86.13
SEC-GGC-BTE,120.0,110.0,98.0,9.4,99.9,20.8,0,3,1.0,1.112,0,110.0,0,20.8,81.46
SEC-SWM-GGC,64.0,120.0,48.0,5.1,103.4,9.1,6,0,1.0,1.106,0,120.0,1,9.1,54.35
SEC-NDLS-KOTA,465.0,130.0,275.0,14.5,97.7,2.5,4,6,1.0,1.093,0,130.0,0,2.5,323.87
SEC-BTE-MTJ,35.0,100.0,48.0,4.8,83.5,3.1,19,0,1.095,1.231,0,100.0,0,3.1,32.77
SEC-NDLS-KOTA,465.0,130.0,275.0,14.5,97.8,9.0,5,4,1.0,1.085,0,130.0,0,9.0,307.38
SEC-MTJ-AGC,54.0,120.0,45.0,4.2,106.8,17.7,1,2,1.0,1.045,0,120.0,0,17.7,39.26
SEC-GGC-BTE,120.0,110.0,98.0,9.4,60.0,10.7,21,2,1.0,1.352,1,60.0,0,10.7,164.21
SEC-GGC-BTE,120.0,110.0,98.0,9.4,30.0,1.1,17,4,1.0,1.374,1,30.0,0,1.1,312.57
SEC-GGC-BTE,120.0,110.0,98.0,9.4,98.4,15.0,5,0,1.0,1.165,0,110.0,0,15.0,85.92
SEC-NDLS-KOTA,465.0,130.0,275.0,14.5,30.0,1.5,17,2,1.0,1.069,1,30.0,0,1.5,1000.88
SEC-SWM-GGC,64.0,120.0,48.0,5.1,111.1,0.3,7,1,1.0,1.132,0,120.0,0,0.3,42.89
SEC-MTJ-AGC,54.0,120.0,45.0,4.2,117.6,2.0,12,4,1.0,1.058,0,120.0,0,2.0,29.3
SEC-NDLS-KOTA,465.0,130.0,275.0,14.5,103.5,34.6,7,4,1.0,1.021,0,130.0,1,34.6,262.42
SEC-KOTA-SWM,108.0,130.0,58.0,6.2,115.8,19.1,23,3,1.0,1.082,0,130.0,0,19.1,70.61
SEC-GGC-BTE,120.0,110.0,98.0,9.4,30.0,9.4,15,1,1.0,1.063,1,30.0,1,9.4,309.65
SEC-NDLS-KOTA,465.0,130.0,275.0,14.5,104.7,19.7,1,3,1.212,1.12,0,130.0,0,19.7,331.85
SEC-NDLS-KOTA,465.0,130.0,275.0,14.5,105.1,0.9,20,5,1.0,1.408,0,130.0,0,0.9,363.93
SEC-NDLS-KOTA,465.0,130.0,275.0,14.5,60.0,9.4,16,2,1.0,1.065,1,60.0,0,9.4,510.45
SEC-MTJ-AGC,54.0,120.0,45.0,4.2,116.9,2.6,9,2,1.0,1.163,0,120.0,0,2.6,32.26
SEC-GGC-BTE,120.0,110.0,98.0,9.4,30.0,36.5,11,2,1.0,1.193,1,30.0,0,36.5,305.46
SEC-GGC-BTE,120.0,110.0,98.0,9.4,84.7,0.8,23,5,1.144,1.103,0,110.0,0,0.8,111.99
SEC-KOTA-SWM,108.0,130.0,58.0,6.2,115.5,0.5,13,1,1.0,1.05,0,130.0,0,0.5,61.97
SEC-GGC-BTE,120.0,110.0,98.0,9.4,45.0,19.5,14,4,1.0,1.206,1,45.0,0,19.5,203.55
SEC-BTE-MTJ,35.0,100.0,48.0,4.8,78.2,2.5,15,5,1.0,1.062,0,100.0,0,2.5,35.84
SEC-MTJ-AGC,54.0,120.0,45.0,4.2,110.5,17.7,20,5,1.127,1.189,0,120.0,0,17.7,44.7
SEC-GGC-BTE,120.0,110.0,98.0,9.4,110.0,22.8,12,1,1.0,1.055,0,110.0,0,22.8,74.63
SEC-NDLS-KOTA,465.0,130.0,275.0,14.5,116.1,30.6,14,3,1.057,1.164,0,130.0,0,30.6,293.33
SEC-SWM-GGC,64.0,120.0,48.0,5.1,92.3,1.0,16,1,1.0,1.071,0,120.0,0,1.0,54.72
SEC-GGC-BTE,120.0,110.0,98.0,9.4,84.5,3.5,8,3,1.0,1.478,0,110.0,0,3.5,117.88
SEC-BTE-MTJ,35.0,100.0,48.0,4.8,78.9,15.8,12,4,1.0,1.041,0,100.0,1,15.8,32.42
SEC-KOTA-SWM,108.0,130.0,58.0,6.2,121.3,0.7,0,0,1.0,1.074,0,130.0,0,0.7,56.85
SEC-KOTA-SWM,108.0,130.0,58.0,6.2,97.5,2.3,12,5,1.0,1.083,0,130.0,0,2.3,57.58
SEC-KOTA-SWM,108.0,130.0,58.0,6.2,122.8,0.3,23,1,1.134,1.099,0,130.0,0,0.3,67.93
SEC-MTJ-AGC,54.0,120.0,45.0,4.2,109.5,6.5,5,3,1.151,1.095,0,120.0,0,6.5,28.69
SEC-NDLS-KOTA,465.0,130.0,275.0,14.5,107.2,0.4,8,0,1.0,1.443,0,130.0,0,0.4,343.56
SEC-BTE-MTJ,35.0,100.0,48.0,4.8,45.0,13.7,14,1,1.0,1.099,1,45.0,0,13.7,66.3
SEC-NDLS-KOTA,465.0,130.0,275.0,14.5,104.1,1.8,17,0,1.0,1.318,0,130.0,0,1.8,332.73
SEC-NDLS-KOTA,465.0,130.0,275.0,14.5,107.9,8.5,15,2,1.0,1.094,0,130.0,0,8.5,275.48
SEC-BTE-MTJ,35.0,100.0,48.0,4.8,88.6,16.1,20,2,1.063,1.303,0,100.0,0,16.1,25.1
SEC-NDLS-KOTA,465.0,130.0,275.0,14.5,45.0,25.7,10,1,1.254,1.251,1,45.0,0,25.7,977.14
SEC-SWM-GGC,64.0,120.0,48.0,5.1,60.0,13.1,13,2,1.0,1.017,1,60.0,0,13.1,80.47
SEC-NDLS-KOTA,465.0,130.0,275.0,14.5,121.1,17.4,13,0,1.0,1.05,0,130.0,0,17.4,227.24
SEC-GGC-BTE,120.0,110.0,98.0,9.4,99.2,32.6,7,0,1.249,1.04,0,110.0,1,32.6,118.93
SEC-SWM-GGC,64.0,120.0,48.0,5.1,99.3,1.1,11,3,1.108,1.301,0,120.0,0,1.1,43.6
SEC-BTE-MTJ,35.0,100.0,48.0,4.8,83.4,9.6,9,4,1.0,1.326,0,100.0,0,9.6,34.29
SEC-BTE-MTJ,35.0,100.0,48.0,4.8,98.3,29.7,6,4,1.068,1.152,0,100.0,0,29.7,28.95
SEC-BTE-MTJ,35.0,100.0,48.0,4.8,94.1,18.0,5,5,1.0,1.118,0,100.0,0,18.0,44.6
SEC-GGC-BTE,120.0,110.0,98.0,9.4,87.4,5.9,11,1,1.051,1.298,0,110.0,0,5.9,107.9
SEC-MTJ-AGC,54.0,120.0,45.0,4.2,92.4,0.2,6,3,1.243,1.038,0,120.0,0,0.2,50.09
SEC-BTE-MTJ,35.0,100.0,48.0,4.8,90.7,1.6,10,2,1.0,1.42,0,100.0,1,1.6,45.46
SEC-NDLS-KOTA,465.0,130.0,275.0,14.5,128.6,5.1,7,3,1.0,1.088,0,130.0,0,5.1,228.4
SEC-SWM-GGC,64.0,120.0,48.0,5.1,102.3,15.9,16,1,1.0,1.049,0,120.0,0,15.9,37.16
SEC-BTE-MTJ,35.0,100.0,48.0,4.8,45.0,1.0,17,6,1.098,1.227,1,45.0,0,1.0,75.92
SEC-MTJ-AGC,54.0,120.0,45.0,4.2,112.1,6.5,4,1,1.283,1.225,0,120.0,0,6.5,40.64
SEC-SWM-GGC,64.0,120.0,48.0,5.1,103.4,16.4,2,6,1.0,1.081,0,120.0,0,16.4,48.76
SEC-MTJ-AGC,54.0,120.0,45.0,4.2,97.1,13.1,8,6,1.0,1.337,0,120.0,0,13.1,42.24
SEC-MTJ-AGC,54.0,120.0,45.0,4.2,96.7,18.7,5,5,1.0,1.028,0,120.0,0,18.7,33.41
SEC-BTE-MTJ,35.0,100.0,48.0,4.8,87.3,12.7,8,2,1.0,1.292,0,100.0,0,12.7,32.02
SEC-SWM-GGC,64.0,120.0,48.0,5.1,116.1,4.7,7,0,1.0,1.005,0,120.0,1,4.7,56.92
SEC-GGC-BTE,120.0,110.0,98.0,9.4,89.0,2.6,19,3,1.0,1.241,0,110.0,0,2.6,114.51
SEC-MTJ-AGC,54.0,120.0,45.0,4.2,107.4,1.0,18,3,1.0,1.425,0,120.0,0,1.0,27.91
SEC-GGC-BTE,120.0,110.0,98.0,9.4,107.8,2.7,4,5,1.0,1.107,0,110.0,0,2.7,74.01
SEC-BTE-MTJ,35.0,100.0,48.0,4.8,80.8,1.8,5,5,1.0,1.092,0,100.0,0,1.8,22.25
SEC-MTJ-AGC,54.0,120.0,45.0,4.2,30.0,26.3,2,3,1.0,1.083,1,30.0,0,26.3,141.35
SEC-GGC-BTE,120.0,110.0,98.0,9.4,45.0,10.4,14,0,1.0,1.116,1,45.0,0,10.4,201.7
SEC-NDLS-KOTA,465.0,130.0,275.0,14.5,129.2,7.9,22,1,1.0,1.11,0,130.0,0,7.9,227.57
SEC-SWM-GGC,64.0,120.0,48.0,5.1,117.6,7.0,3,5,1.0,1.054,0,120.0,0,7.0,32.41
SEC-NDLS-KOTA,465.0,130.0,275.0,14.5,129.1,8.8,13,5,1.217,1.235,0,130.0,0,8.8,307.3
SEC-NDLS-KOTA,465.0,130.0,275.0,14.5,118.4,5.8,3,4,1.0,1.103,0,130.0,0,5.8,248.6
SEC-BTE-MTJ,35.0,100.0,48.0,4.8,92.9,17.5,8,1,1.0,1.323,0,100.0,0,17.5,37.94
SEC-SWM-GGC,64.0,120.0,48.0,5.1,104.8,15.8,0,5,1.0,1.036,0,120.0,0,15.8,30.4
SEC-MTJ-AGC,54.0,120.0,45.0,4.2,45.0,5.7,23,4,1.0,1.066,1,45.0,0,5.7,83.18
SEC-BTE-MTJ,35.0,100.0,48.0,4.8,81.3,12.1,18,2,1.0,1.453,0,100.0,0,12.1,38.58
SEC-MTJ-AGC,54.0,120.0,45.0,4.2,108.0,23.7,2,1,1.0,1.125,0,120.0,0,23.7,43.73
SEC-NDLS-KOTA,465.0,130.0,275.0,14.5,113.9,10.6,21,5,1.0,1.336,0,130.0,0,10.6,319.29
SEC-NDLS-KOTA,465.0,130.0,275.0,14.5,30.0,4.8,21,6,1.121,1.298,1,30.0,0,4.8,1325.47
SEC-SWM-GGC,64.0,120.0,48.0,5.1,104.2,4.1,5,5,1.0,1.034,0,120.0,1,4.1,58.84
SEC-KOTA-SWM,108.0,130.0,58.0,6.2,111.0,4.3,15,3,1.0,1.013,0,130.0,0,4.3,48.79
SEC-BTE-MTJ,35.0,100.0,48.0,4.8,79.4,8.8,5,6,1.0,1.077,0,100.0,0,8.8,19.95
SEC-BTE-MTJ,35.0,100.0,48.0,4.8,78.1,0.3,8,0,1.117,1.308,0,100.0,0,0.3,34.87
SEC-BTE-MTJ,35.0,100.0,48.0,4.8,76.5,24.6,21,0,1.062,1.359,0,100.0,0,24.6,43.79
SEC-MTJ-AGC,54.0,120.0,45.0,4.2,101.6,4.9,4,2,1.0,1.097,0,120.0,0,4.9,33.4
SEC-SWM-GGC,64.0,120.0,48.0,5.1,107.6,15.6,13,1,1.0,1.14,0,120.0,0,15.6,50.47
SEC-SWM-GGC,64.0,120.0,48.0,5.1,108.4,10.8,6,3,1.0,1.209,0,120.0,0,10.8,34.78
SEC-BTE-MTJ,35.0,100.0,48.0,4.8,75.1,14.2,8,5,1.0,1.437,0,100.0,0,14.2,41.45
SEC-KOTA-SWM,108.0,130.0,58.0,6.2,60.0,5.0,9,1,1.0,1.194,1,60.0,0,5.0,140.27
SEC-SWM-GGC,64.0,120.0,48.0,5.1,118.4,0.8,0,3,1.0,1.087,0,120.0,0,0.8,37.71
SEC-SWM-GGC,64.0,120.0,48.0,5.1,105.9,15.2,5,6,1.124,1.052,0,120.0,0,15.2,42.2
SEC-BTE-MTJ,35.0,100.0,48.0,4.8,95.8,30.7,8,3,1.059,1.314,0,100.0,0,30.7,25.93
SEC-GGC-BTE,120.0,110.0,98.0,9.4,90.5,6.9,9,2,1.0,1.207,0,110.0,0,6.9,100.27
SEC-SWM-GGC,64.0,120.0,48.0,5.1,100.9,19.0,1,2,1.0,1.082,0,120.0,0,19.0,43.8
SEC-BTE-MTJ,35.0,100.0,48.0,4.8,95.6,7.2,10,2,1.0,1.409,0,100.0,0,7.2,30.15
SEC-SWM-GGC,64.0,120.0,48.0,5.1,104.2,13.7,23,5,1.0,1.069,0,120.0,0,13.7,40.53
SEC-GGC-BTE,120.0,110.0,98.0,9.4,85.1,26.6,14,4,1.0,1.179,0,110.0,0,26.6,100.2
SEC-MTJ-AGC,54.0,120.0,45.0,4.2,117.9,9.5,20,0,1.095,1.105,0,120.0,0,9.5,39.96
SEC-SWM-GGC,64.0,120.0,48.0,5.1,30.0,2.4,19,3,1.194,1.297,1,30.0,0,2.4,209.52
SEC-MTJ-AGC,54.0,120.0,45.0,4.2,113.1,14.1,14,0,1.0,1.022,0,120.0,0,14.1,31.75
SEC-SWM-GGC,64.0,120.0,48.0,5.1,90.7,5.7,0,5,1.0,1.16,0,120.0,0,5.7,35.81
SEC-MTJ-AGC,54.0,120.0,45.0,4.2,106.2,21.7,3,3,1.0,1.184,0,120.0,0,21.7,35.39
SEC-SWM-GGC,64.0,120.0,48.0,5.1,120.0,16.1,22,1,1.275,1.046,0,120.0,0,16.1,37.68
SEC-SWM-GGC,64.0,120.0,48.0,5.1,105.9,5.9,0,2,1.0,1.161,0,120.0,0,5.9,43.42
SEC-GGC-BTE,120.0,110.0,98.0,9.4,102.4,3.3,22,4,1.138,1.083,0,110.0,0,3.3,111.39
SEC-MTJ-AGC,54.0,120.0,45.0,4.2,113.0,1.0,23,2,1.293,1.056,0,120.0,0,1.0,33.8
SEC-MTJ-AGC,54.0,120.0,45.0,4.2,105.9,15.6,17,4,1.0,1.193,0,120.0,0,15.6,46.86
SEC-KOTA-SWM,108.0,130.0,58.0,6.2,104.1,1.5,10,0,1.206,1.274,0,130.0,0,1.5,89.03
SEC-MTJ-AGC,54.0,120.0,45.0,4.2,90.7,14.5,15,3,1.0,1.056,0,120.0,0,14.5,37.55
SEC-NDLS-KOTA,465.0,130.0,275.0,14.5,100.5,9.4,20,3,1.098,1.328,0,130.0,0,9.4,392.74
SEC-MTJ-AGC,54.0,120.0,45.0,4.2,45.0,9.4,13,6,1.0,1.084,1,45.0,0,9.4,69.99
SEC-KOTA-SWM,108.0,130.0,58.0,6.2,30.0,0.2,0,5,1.137,1.073,1,30.0,0,0.2,285.69
SEC-BTE-MTJ,35.0,100.0,48.0,4.8,60.0,6.9,18,3,1.0,1.374,1,60.0,0,6.9,44.56
SEC-SWM-GGC,64.0,120.0,48.0,5.1,60.0,36.1,20,4,1.14,1.179,1,60.0,0,36.1,97.83
SEC-GGC-BTE,120.0,110.0,98.0,9.4,108.2,26.3,1,1,1.0,1.078,0,110.0,1,26.3,89.27
SEC-SWM-GGC,64.0,120.0,48.0,5.1,94.2,0.6,9,5,1.0,1.084,0,120.0,0,0.6,38.44
SEC-BTE-MTJ,35.0,100.0,48.0,4.8,95.0,0.8,12,5,1.0,1.019,0,100.0,0,0.8,23.81
SEC-KOTA-SWM,108.0,130.0,58.0,6.2,104.0,8.3,6,1,1.0,1.073,0,130.0,1,8.3,68.99
SEC-MTJ-AGC,54.0,120.0,45.0,4.2,93.4,11.4,1,3,1.051,1.06,0,120.0,0,11.4,32.31
SEC-SWM-GGC,64.0,120.0,48.0,5.1,45.0,4.9,14,3,1.121,1.089,1,45.0,0,4.9,124.62
SEC-GGC-BTE,120.0,110.0,98.0,9.4,60.0,2.1,14,4,1.0,1.124,1,60.0,0,2.1,140.17
SEC-BTE-MTJ,35.0,100.0,48.0,4.8,93.2,1.7,15,6,1.0,1.2,0,100.0,0,1.7,23.48
SEC-BTE-MTJ,35.0,100.0,48.0,4.8,89.0,3.1,8,5,1.0,1.208,0,100.0,0,3.1,31.6
SEC-SWM-GGC,64.0,120.0,48.0,5.1,94.9,25.4,4,4,1.0,1.098,0,120.0,0,25.4,48.14
SEC-NDLS-KOTA,465.0,130.0,275.0,14.5,127.9,3.5,7,3,1.0,1.098,0,130.0,0,3.5,236.49
SEC-KOTA-SWM,108.0,130.0,58.0,6.2,112.1,4.4,0,6,1.0,1.298,0,130.0,1,4.4,101.98
SEC-SWM-GGC,64.0,120.0,48.0,5.1,94.9,2.4,6,2,1.0,1.055,0,120.0,0,2.4,41.82
SEC-KOTA-SWM,108.0,130.0,58.0,6.2,117.0,6.9,1,4,1.0,1.04,0,130.0,0,6.9,57.23
SEC-SWM-GGC,64.0,120.0,48.0,5.1,105.5,12.4,23,0,1.145,1.124,0,120.0,0,12.4,48.65
SEC-KOTA-SWM,108.0,130.0,58.0,6.2,121.0,4.4,23,2,1.0,1.034,0,130.0,0,4.4,63.03
SEC-SWM-GGC,64.0,120.0,48.0,5.1,114.5,12.3,20,5,1.0,1.371,0,120.0,0,12.3,45.09
SEC-MTJ-AGC,54.0,120.0,45.0,4.2,60.0,5.7,4,3,1.0,1.147,1,60.0,0,5.7,67.31
SEC-NDLS-KOTA,465.0,130.0,275.0,14.5,123.1,24.2,1,2,1.0,1.097,0,130.0,0,24.2,242.08
SEC-KOTA-SWM,108.0,130.0,58.0,6.2,109.9,9.6,9,4,1.21,1.398,0,130.0,0,9.6,88.12
SEC-BTE-MTJ,35.0,100.0,48.0,4.8,86.6,13.0,22,6,1.0,1.115,0,100.0,0,13.0,26.77
SEC-NDLS-KOTA,465.0,130.0,275.0,14.5,120.8,2.4,2,4,1.0,1.024,0,130.0,0,2.4,245.67
SEC-GGC-BTE,120.0,110.0,98.0,9.4,83.1,6.5,8,3,1.0,1.494,0,110.0,0,6.5,130.66
SEC-NDLS-KOTA,465.0,130.0,275.0,14.5,107.6,3.5,16,5,1.111,1.08,0,130.0,0,3.5,309.74
SEC-MTJ-AGC,54.0,120.0,45.0,4.2,112.3,0.5,14,5,1.0,1.079,0,120.0,0,0.5,25.65
SEC-GGC-BTE,120.0,110.0,98.0,9.4,45.0,33.3,17,1,1.0,1.341,1,45.0,0,33.3,220.57
SEC-BTE-MTJ,35.0,100.0,48.0,4.8,78.4,20.0,18,2,1.0,1.329,0,100.0,1,20.0,65.39
SEC-MTJ-AGC,54.0,120.0,45.0,4.2,97.9,2.0,7,0,1.0,1.115,0,120.0,0,2.0,38.8
SEC-SWM-GGC,64.0,120.0,48.0,5.1,108.7,0.5,0,2,1.0,1.059,0,120.0,0,0.5,44.36
SEC-KOTA-SWM,108.0,130.0,58.0,6.2,116.1,5.9,4,0,1.0,1.11,0,130.0,0,5.9,63.96
SEC-GGC-BTE,120.0,110.0,98.0,9.4,84.0,6.3,12,0,1.0,1.078,0,110.0,0,6.3,95.06
SEC-BTE-MTJ,35.0,100.0,48.0,4.8,96.6,6.1,2,2,1.0,1.061,0,100.0,0,6.1,19.98
SEC-SWM-GGC,64.0,120.0,48.0,5.1,115.6,6.4,9,6,1.0,1.194,0,120.0,0,6.4,49.69
SEC-NDLS-KOTA,465.0,130.0,275.0,14.5,103.7,14.0,23,6,1.0,1.113,0,130.0,0,14.0,281.78
SEC-MTJ-AGC,54.0,120.0,45.0,4.2,60.0,30.8,7,6,1.0,1.063,1,60.0,0,30.8,64.87
SEC-SWM-GGC,64.0,120.0,48.0,5.1,93.5,40.6,15,3,1.0,1.119,0,120.0,0,40.6,45.2
SEC-MTJ-AGC,54.0,120.0,45.0,4.2,115.5,6.0,6,0,1.0,1.014,0,120.0,0,6.0,32.01
SEC-GGC-BTE,120.0,110.0,98.0,9.4,93.0,4.7,10,4,1.103,1.244,0,110.0,0,4.7,82.86
SEC-BTE-MTJ,35.0,100.0,48.0,4.8,60.0,4.8,11,5,1.0,1.421,1,60.0,0,4.8,48.38
SEC-BTE-MTJ,35.0,100.0,48.0,4.8,75.6,28.9,19,0,1.1,1.316,0,100.0,0,28.9,41.08
SEC-KOTA-SWM,108.0,130.0,58.0,6.2,125.0,16.7,17,3,1.0,1.199,0,130.0,0,16.7,67.01
SEC-GGC-BTE,120.0,110.0,98.0,9.4,107.1,8.7,11,6,1.0,1.153,0,110.0,0,8.7,75.41
SEC-BTE-MTJ,35.0,100.0,48.0,4.8,99.0,28.3,7,2,1.0,1.031,0,100.0,1,28.3,38.77
SEC-MTJ-AGC,54.0,120.0,45.0,4.2,45.0,2.8,1,1,1.261,1.157,1,45.0,0,2.8,117.63
SEC-KOTA-SWM,108.0,130.0,58.0,6.2,30.0,26.3,22,4,1.189,1.027,1,30.0,0,26.3,275.93
SEC-GGC-BTE,120.0,110.0,98.0,9.4,94.4,11.5,23,6,1.0,1.038,0,110.0,1,11.5,79.4
SEC-NDLS-KOTA,465.0,130.0,275.0,14.5,30.0,11.4,5,0,1.0,1.072,1,30.0,0,11.4,985.74
SEC-SWM-GGC,64.0,120.0,48.0,5.1,104.5,2.0,23,3,1.0,1.214,0,120.0,0,2.0,45.13
SEC-SWM-GGC,64.0,120.0,48.0,5.1,30.0,4.9,6,6,1.0,1.037,1,30.0,1,4.9,185.68
SEC-SWM-GGC,64.0,120.0,48.0,5.1,103.5,10.0,9,0,1.0,1.222,0,120.0,0,10.0,49.11
SEC-NDLS-KOTA,465.0,130.0,275.0,14.5,113.4,15.9,19,5,1.0,1.236,0,130.0,0,15.9,280.3
SEC-GGC-BTE,120.0,110.0,98.0,9.4,98.6,3.1,23,6,1.0,1.108,0,110.0,0,3.1,86.34
SEC-SWM-GGC,64.0,120.0,48.0,5.1,104.7,2.0,3,6,1.0,1.182,0,120.0,0,2.0,53.22
SEC-GGC-BTE,120.0,110.0,98.0,9.4,82.5,15.9,19,6,1.228,1.064,0,110.0,0,15.9,104.44
SEC-BTE-MTJ,35.0,100.0,48.0,4.8,77.9,2.4,23,6,1.0,1.084,0,100.0,0,2.4,30.94
SEC-GGC-BTE,120.0,110.0,98.0,9.4,30.0,9.1,20,3,1.0,1.204,1,30.0,0,9.1,294.88
SEC-MTJ-AGC,54.0,120.0,45.0,4.2,45.0,0.3,23,4,1.0,1.103,1,45.0,0,0.3,78.44
SEC-GGC-BTE,120.0,110.0,98.0,9.4,86.5,8.5,17,1,1.0,1.475,0,110.0,0,8.5,120.24
SEC-MTJ-AGC,54.0,120.0,45.0,4.2,104.5,0.6,15,2,1.197,1.031,0,120.0,0,0.6,37.43
SEC-BTE-MTJ,35.0,100.0,48.0,4.8,60.0,1.6,18,6,1.0,1.236,1,60.0,0,1.6,41.29
SEC-BTE-MTJ,35.0,100.0,48.0,4.8,60.0,6.2,22,0,1.0,1.058,1,60.0,0,6.2,35.11
SEC-MTJ-AGC,54.0,120.0,45.0,4.2,30.0,14.8,20,5,1.0,1.097,1,30.0,0,14.8,133.91
SEC-MTJ-AGC,54.0,120.0,45.0,4.2,60.0,5.2,6,1,1.0,1.011,1,60.0,0,5.2,69.98
SEC-SWM-GGC,64.0,120.0,48.0,5.1,97.8,42.3,17,2,1.0,1.22,0,120.0,0,42.3,49.01
SEC-NDLS-KOTA,465.0,130.0,275.0,14.5,121.7,33.2,4,4,1.0,1.09,0,130.0,0,33.2,267.9
SEC-MTJ-AGC,54.0,120.0,45.0,4.2,91.7,24.6,16,6,1.0,1.084,0,120.0,0,24.6,33.08
SEC-NDLS-KOTA,465.0,130.0,275.0,14.5,30.0,7.0,12,0,1.0,1.06,1,30.0,0,7.0,1001.16
SEC-SWM-GGC,64.0,120.0,48.0,5.1,118.1,0.2,9,3,1.0,1.459,0,120.0,0,0.2,37.08
SEC-SWM-GGC,64.0,120.0,48.0,5.1,96.1,3.3,1,5,1.0,1.03,0,120.0,1,3.3,60.34
SEC-MTJ-AGC,54.0,120.0,45.0,4.2,112.9,2.9,18,4,1.0,1.391,0,120.0,0,2.9,40.21
SEC-NDLS-KOTA,465.0,130.0,275.0,14.5,125.7,2.7,12,2,1.0,1.11,0,130.0,0,2.7,246.8
SEC-BTE-MTJ,35.0,100.0,48.0,4.8,77.9,3.8,15,4,1.0,1.099,0,100.0,0,3.8,36.04
SEC-GGC-BTE,120.0,110.0,98.0,9.4,108.4,4.8,22,4,1.0,1.164,0,110.0,0,4.8,76.22
SEC-NDLS-KOTA,465.0,130.0,275.0,14.5,114.2,11.0,13,5,1.0,1.127,0,130.0,0,11.0,264.08
SEC-NDLS-KOTA,465.0,130.0,275.0,14.5,113.3,9.7,3,6,1.0,1.013,0,130.0,0,9.7,252.0
SEC-GGC-BTE,120.0,110.0,98.0,9.4,108.2,31.8,18,2,1.0,1.368,0,110.0,0,31.8,101.22
SEC-KOTA-SWM,108.0,130.0,58.0,6.2,60.0,4.0,16,0,1.0,1.157,1,60.0,0,4.0,150.78
SEC-BTE-MTJ,35.0,100.0,48.0,4.8,81.4,19.0,18,6,1.239,1.136,0,100.0,0,19.0,41.58
SEC-SWM-GGC,64.0,120.0,48.0,5.1,115.5,2.7,9,0,1.0,1.144,0,120.0,0,2.7,30.4
SEC-MTJ-AGC,54.0,120.0,45.0,4.2,100.7,10.6,1,2,1.0,1.155,0,120.0,0,10.6,34.11
SEC-NDLS-KOTA,465.0,130.0,275.0,14.5,98.0,0.1,23,3,1.0,1.113,0,130.0,0,0.1,312.66
SEC-KOTA-SWM,108.0,130.0,58.0,6.2,122.3,14.0,4,5,1.0,1.127,0,130.0,0,14.0,51.75
SEC-BTE-MTJ,35.0,100.0,48.0,4.8,81.1,2.3,16,3,1.068,1.016,0,100.0,0,2.3,22.9
SEC-SWM-GGC,64.0,120.0,48.0,5.1,90.3,4.4,12,5,1.0,1.105,0,120.0,0,4.4,37.25
SEC-MTJ-AGC,54.0,120.0,45.0,4.2,103.5,4.8,17,5,1.0,1.35,0,120.0,0,4.8,43.18
SEC-BTE-MTJ,35.0,100.0,48.0,4.8,87.6,6.1,0,6,1.097,1.034,0,100.0,0,6.1,27.65
SEC-NDLS-KOTA,465.0,130.0,275.0,14.5,118.2,3.6,13,4,1.0,1.132,0,130.0,0,3.6,240.86
SEC-GGC-BTE,120.0,110.0,98.0,9.4,91.1,3.6,15,3,1.0,1.065,0,110.0,0,3.6,87.44
SEC-SWM-GGC,64.0,120.0,48.0,5.1,116.4,35.0,17,1,1.0,1.429,0,120.0,0,35.0,58.08
SEC-SWM-GGC,64.0,120.0,48.0,5.1,116.8,10.9,4,0,1.0,1.13,0,120.0,1,10.9,52.85
SEC-SWM-GGC,64.0,120.0,48.0,5.1,96.6,6.2,21,6,1.0,1.068,0,120.0,0,6.2,38.48
SEC-BTE-MTJ,35.0,100.0,48.0,4.8,91.4,13.2,15,2,1.0,1.177,0,100.0,0,13.2,34.17
SEC-NDLS-KOTA,465.0,130.0,275.0,14.5,109.1,35.0,22,5,1.0,1.194,0,130.0,0,35.0,287.21
SEC-GGC-BTE,120.0,110.0,98.0,9.4,87.0,31.4,10,6,1.0,1.16,0,110.0,0,31.4,85.48
SEC-SWM-GGC,64.0,120.0,48.0,5.1,116.8,35.9,10,1,1.0,1.122,0,120.0,0,35.9,40.45
SEC-MTJ-AGC,54.0,120.0,45.0,4.2,108.5,33.3,13,2,1.131,1.162,0,120.0,0,33.3,34.26
SEC-MTJ-AGC,54.0,120.0,45.0,4.2,105.3,3.7,0,6,1.0,1.029,0,120.0,0,3.7,31.74
SEC-KOTA-SWM,108.0,130.0,58.0,6.2,105.6,10.4,1,6,1.0,1.066,0,130.0,0,10.4,66.63
SEC-MTJ-AGC,54.0,120.0,45.0,4.2,99.1,3.0,10,4,1.0,1.257,0,120.0,0,3.0,33.37
SEC-KOTA-SWM,108.0,130.0,58.0,6.2,103.3,5.4,16,2,1.131,1.068,0,130.0,0,5.4,78.1
SEC-BTE-MTJ,35.0,100.0,48.0,4.8,78.2,6.0,5,3,1.0,1.155,0,100.0,0,6.0,32.51
SEC-SWM-GGC,64.0,120.0,48.0,5.1,115.5,1.6,13,5,1.0,1.149,0,120.0,0,1.6,50.72
SEC-NDLS-KOTA,465.0,130.0,275.0,14.5,115.1,5.3,8,0,1.104,1.233,0,130.0,0,5.3,325.91
SEC-SWM-GGC,64.0,120.0,48.0,5.1,91.9,5.5,7,3,1.0,1.067,0,120.0,0,5.5,47.11
SEC-MTJ-AGC,54.0,120.0,45.0,4.2,119.9,32.3,15,0,1.151,1.088,0,120.0,0,32.3,27.81
SEC-BTE-MTJ,35.0,100.0,48.0,4.8,96.9,22.7,4,3,1.0,1.139,0,100.0,0,22.7,33.97
SEC-GGC-BTE,120.0,110.0,98.0,9.4,60.0,3.0,20,5,1.0,1.096,1,60.0,0,3.0,162.72
SEC-MTJ-AGC,54.0,120.0,45.0,4.2,60.0,15.0,9,4,1.0,1.166,1,60.0,0,15.0,59.76
SEC-SWM-GGC,64.0,120.0,48.0,5.1,92.1,1.8,13,3,1.0,1.017,0,120.0,0,1.8,41.66
SEC-MTJ-AGC,54.0,120.0,45.0,4.2,91.1,23.3,1,1,1.207,1.073,0,120.0,0,23.3,51.89
SEC-MTJ-AGC,54.0,120.0,45.0,4.2,106.0,21.8,21,1,1.0,1.163,0,120.0,0,21.8,33.84
SEC-BTE-MTJ,35.0,100.0,48.0,4.8,82.8,0.9,4,0,1.18,1.134,0,100.0,0,0.9,23.74
SEC-BTE-MTJ,35.0,100.0,48.0,4.8,97.5,3.9,11,3,1.0,1.156,0,100.0,0,3.9,33.95
SEC-GGC-BTE,120.0,110.0,98.0,9.4,45.0,9.3,17,4,1.106,1.211,1,45.0,0,9.3,226.47
SEC-BTE-MTJ,35.0,100.0,48.0,4.8,77.5,8.1,22,4,1.29,1.081,0,100.0,1,8.1,52.7
SEC-SWM-GGC,64.0,120.0,48.0,5.1,119.8,0.5,2,1,1.0,1.002,0,120.0,0,0.5,35.8
SEC-BTE-MTJ,35.0,100.0,48.0,4.8,45.0,14.8,5,2,1.0,1.031,1,45.0,0,14.8,55.57
SEC-MTJ-AGC,54.0,120.0,45.0,4.2,116.8,11.4,7,4,1.144,1.168,0,120.0,0,11.4,31.38
SEC-GGC-BTE,120.0,110.0,98.0,9.4,96.8,14.3,13,2,1.0,1.093,0,110.0,0,14.3,85.96
SEC-SWM-GGC,64.0,120.0,48.0,5.1,98.2,2.3,10,2,1.0,1.266,0,120.0,0,2.3,47.25
SEC-SWM-GGC,64.0,120.0,48.0,5.1,116.3,4.8,7,6,1.0,1.024,0,120.0,0,4.8,38.08
SEC-GGC-BTE,120.0,110.0,98.0,9.4,89.1,0.9,18,1,1.172,1.119,0,110.0,0,0.9,112.0
SEC-BTE-MTJ,35.0,100.0,48.0,4.8,97.2,9.7,1,3,1.0,1.055,0,100.0,0,9.7,26.68
SEC-SWM-GGC,64.0,120.0,48.0,5.1,117.0,35.1,6,2,1.0,1.095,0,120.0,0,35.1,30.4
SEC-SWM-GGC,64.0,120.0,48.0,5.1,111.3,4.8,20,2,1.0,1.31,0,120.0,0,4.8,55.12
SEC-SWM-GGC,64.0,120.0,48.0,5.1,107.9,9.5,7,5,1.0,1.042,0,120.0,0,9.5,38.21
SEC-KOTA-SWM,108.0,130.0,58.0,6.2,113.5,3.9,5,2,1.276,1.019,0,130.0,0,3.9,68.68
SEC-NDLS-KOTA,465.0,130.0,275.0,14.5,98.8,1.3,7,2,1.0,1.19,0,130.0,0,1.3,307.92
SEC-GGC-BTE,120.0,110.0,98.0,9.4,95.1,2.6,17,2,1.124,1.387,0,110.0,0,2.6,103.74
SEC-KOTA-SWM,108.0,130.0,58.0,6.2,123.8,26.7,7,6,1.0,1.156,0,130.0,0,26.7,62.34
SEC-MTJ-AGC,54.0,120.0,45.0,4.2,118.9,6.4,23,4,1.107,1.029,0,120.0,0,6.4,31.49
SEC-GGC-BTE,120.0,110.0,98.0,9.4,86.1,21.8,11,4,1.0,1.155,0,110.0,1,21.8,97.67
SEC-SWM-GGC,64.0,120.0,48.0,5.1,100.5,5.6,20,5,1.0,1.226,0,120.0,0,5.6,54.38
SEC-MTJ-AGC,54.0,120.0,45.0,4.2,115.0,6.8,20,6,1.263,1.099,0,120.0,1,6.8,61.34
SEC-NDLS-KOTA,465.0,130.0,275.0,14.5,101.9,2.1,8,3,1.09,1.078,0,130.0,0,2.1,333.37
SEC-SWM-GGC,64.0,120.0,48.0,5.1,105.1,17.9,23,3,1.0,1.155,0,120.0,0,17.9,38.47
SEC-SWM-GGC,64.0,120.0,48.0,5.1,105.9,5.3,3,4,1.0,1.067,0,120.0,0,5.3,38.36
SEC-MTJ-AGC,54.0,120.0,45.0,4.2,103.3,8.8,6,3,1.218,1.035,0,120.0,0,8.8,40.31
SEC-GGC-BTE,120.0,110.0,98.0,9.4,100.3,0.4,0,1,1.0,1.13,0,110.0,1,0.4,110.56
SEC-BTE-MTJ,35.0,100.0,48.0,4.8,30.0,0.9,21,0,1.0,1.469,1,30.0,0,0.9,114.96
SEC-GGC-BTE,120.0,110.0,98.0,9.4,97.5,2.0,14,4,1.075,1.206,0,110.0,1,2.0,85.77
SEC-MTJ-AGC,54.0,120.0,45.0,4.2,95.9,5.9,19,1,1.231,1.057,0,120.0,0,5.9,41.95
SEC-MTJ-AGC,54.0,120.0,45.0,4.2,104.4,12.9,4,0,1.0,1.116,0,120.0,0,12.9,29.28
SEC-BTE-MTJ,35.0,100.0,48.0,4.8,96.4,29.7,18,3,1.0,1.266,0,100.0,0,29.7,33.66
SEC-KOTA-SWM,108.0,130.0,58.0,6.2,107.1,4.5,11,5,1.06,1.161,0,130.0,0,4.5,79.08
SEC-NDLS-KOTA,465.0,130.0,275.0,14.5,101.3,7.1,14,1,1.0,1.203,0,130.0,0,7.1,336.37
SEC-KOTA-SWM,108.0,130.0,58.0,6.2,30.0,1.6,7,6,1.0,1.087,1,30.0,0,1.6,249.33
SEC-KOTA-SWM,108.0,130.0,58.0,6.2,111.8,8.2,1,4,1.0,1.221,0,130.0,0,8.2,72.7
SEC-BTE-MTJ,35.0,100.0,48.0,4.8,79.1,51.4,7,3,1.0,1.152,0,100.0,0,51.4,25.28
SEC-BTE-MTJ,35.0,100.0,48.0,4.8,78.2,15.1,13,3,1.055,1.049,0,100.0,0,15.1,37.89
SEC-KOTA-SWM,108.0,130.0,58.0,6.2,115.5,22.5,22,6,1.077,1.094,0,130.0,1,22.5,91.97
SEC-MTJ-AGC,54.0,120.0,45.0,4.2,106.8,1.1,7,6,1.0,1.142,0,120.0,0,1.1,37.07
SEC-KOTA-SWM,108.0,130.0,58.0,6.2,45.0,0.8,12,6,1.0,1.067,1,45.0,0,0.8,159.83
SEC-GGC-BTE,120.0,110.0,98.0,9.4,91.4,3.9,7,5,1.0,1.075,0,110.0,0,3.9,91.44
SEC-NDLS-KOTA,465.0,130.0,275.0,14.5,100.4,0.9,4,4,1.071,1.129,0,130.0,0,0.9,347.14
SEC-NDLS-KOTA,465.0,130.0,275.0,14.5,108.1,5.1,4,5,1.0,1.146,0,130.0,0,5.1,311.31
SEC-MTJ-AGC,54.0,120.0,45.0,4.2,45.0,28.6,21,1,1.0,1.304,1,45.0,1,28.6,137.59
SEC-MTJ-AGC,54.0,120.0,45.0,4.2,45.0,25.8,17,4,1.055,1.224,1,45.0,0,25.8,105.88
SEC-SWM-GGC,64.0,120.0,48.0,5.1,110.7,5.3,14,2,1.0,1.182,0,120.0,0,5.3,41.84
SEC-KOTA-SWM,108.0,130.0,58.0,6.2,116.1,7.2,11,5,1.065,1.135,0,130.0,0,7.2,69.07
SEC-NDLS-KOTA,465.0,130.0,275.0,14.5,110.1,8.4,22,4,1.0,1.064,0,130.0,0,8.4,252.31
SEC-GGC-BTE,120.0,110.0,98.0,9.4,45.0,0.3,14,1,1.0,1.107,1,45.0,0,0.3,182.97
SEC-MTJ-AGC,54.0,120.0,45.0,4.2,113.6,1.0,20,4,1.0,1.205,0,120.0,0,1.0,25.65
SEC-GGC-BTE,120.0,110.0,98.0,9.4,90.8,3.6,16,2,1.068,1.051,0,110.0,0,3.6,70.8
SEC-NDLS-KOTA,465.0,130.0,275.0,14.5,30.0,8.9,8,3,1.0,1.113,1,30.0,0,8.9,1000.58
SEC-KOTA-SWM,108.0,130.0,58.0,6.2,30.0,14.1,7,2,1.0,1.103,1,30.0,0,14.1,247.17
SEC-BTE-MTJ,35.0,100.0,48.0,4.8,45.0,13.8,6,3,1.0,1.085,1,45.0,0,13.8,54.4
SEC-SWM-GGC,64.0,120.0,48.0,5.1,118.3,2.9,14,3,1.0,1.235,0,120.0,0,2.9,36.7
SEC-GGC-BTE,120.0,110.0,98.0,9.4,86.8,5.4,13,0,1.287,1.065,0,110.0,0,5.4,114.46
SEC-BTE-MTJ,35.0,100.0,48.0,4.8,85.9,10.8,11,0,1.0,1.214,0,100.0,0,10.8,23.33
SEC-GGC-BTE,120.0,110.0,98.0,9.4,60.0,8.8,5,0,1.0,1.032,1,60.0,0,8.8,144.79
SEC-BTE-MTJ,35.0,100.0,48.0,4.8,86.1,27.6,1,5,1.0,1.021,0,100.0,0,27.6,28.87
SEC-MTJ-AGC,54.0,120.0,45.0,4.2,105.6,10.3,5,3,1.064,1.049,0,120.0,0,10.3,33.13
SEC-GGC-BTE,120.0,110.0,98.0,9.4,89.5,2.7,14,2,1.0,1.134,0,110.0,0,2.7,95.27
SEC-MTJ-AGC,54.0,120.0,45.0,4.2,97.0,13.8,7,4,1.0,1.092,0,120.0,0,13.8,40.74
SEC-BTE-MTJ,35.0,100.0,48.0,4.8,86.1,0.8,1,4,1.0,1.034,0,100.0,0,0.8,23.76
SEC-KOTA-SWM,108.0,130.0,58.0,6.2,60.0,0.6,10,6,1.0,1.262,1,60.0,0,0.6,156.38
SEC-BTE-MTJ,35.0,100.0,48.0,4.8,88.7,11.0,2,5,1.104,1.06,0,100.0,1,11.0,38.27
SEC-BTE-MTJ,35.0,100.0,48.0,4.8,96.4,0.1,4,4,1.0,1.056,0,100.0,0,0.1,19.95
SEC-SWM-GGC,64.0,120.0,48.0,5.1,113.0,7.2,7,0,1.0,1.088,0,120.0,0,7.2,30.83
SEC-SWM-GGC,64.0,120.0,48.0,5.1,30.0,15.7,5,3,1.142,1.14,1,30.0,0,15.7,184.93
SEC-BTE-MTJ,35.0,100.0,48.0,4.8,91.2,11.7,22,4,1.0,1.068,0,100.0,0,11.7,29.44
SEC-BTE-MTJ,35.0,100.0,48.0,4.8,90.5,1.0,7,1,1.103,1.086,0,100.0,0,1.0,26.33
SEC-SWM-GGC,64.0,120.0,48.0,5.1,92.3,4.5,6,5,1.057,1.102,0,120.0,1,4.5,50.25
SEC-KOTA-SWM,108.0,130.0,58.0,6.2,116.1,5.6,10,6,1.0,1.253,0,130.0,0,5.6,66.38
SEC-KOTA-SWM,108.0,130.0,58.0,6.2,30.0,29.4,22,5,1.0,1.056,1,30.0,0,29.4,247.11
SEC-NDLS-KOTA,465.0,130.0,275.0,14.5,45.0,4.4,4,4,1.0,1.071,1,45.0,0,4.4,661.37
SEC-BTE-MTJ,35.0,100.0,48.0,4.8,30.0,1.1,22,3,1.0,1.16,1,30.0,0,1.1,88.4
SEC-BTE-MTJ,35.0,100.0,48.0,4.8,85.9,6.2,14,0,1.0,1.053,0,100.0,0,6.2,37.96
SEC-KOTA-SWM,108.0,130.0,58.0,6.2,114.4,6.5,1,2,1.0,1.072,0,130.0,1,6.5,80.76
SEC-NDLS-KOTA,465.0,130.0,275.0,14.5,103.4,3.1,4,2,1.193,1.127,0,130.0,1,3.1,376.63
SEC-GGC-BTE,120.0,110.0,98.0,9.4,93.7,8.5,8,4,1.07,1.373,0,110.0,0,8.5,115.19
SEC-KOTA-SWM,108.0,130.0,58.0,6.2,106.4,15.6,7,3,1.0,1.198,0,130.0,0,15.6,70.8
SEC-GGC-BTE,120.0,110.0,98.0,9.4,93.0,10.6,14,6,1.0,1.098,0,110.0,1,10.6,92.13
SEC-SWM-GGC,64.0,120.0,48.0,5.1,113.7,9.6,10,5,1.14,1.072,0,120.0,0,9.6,51.18
SEC-MTJ-AGC,54.0,120.0,45.0,4.2,45.0,7.4,21,6,1.0,1.327,1,45.0,0,7.4,101.66
SEC-KOTA-SWM,108.0,130.0,58.0,6.2,115.5,3.0,5,2,1.0,1.076,0,130.0,0,3.0,49.29
SEC-SWM-GGC,64.0,120.0,48.0,5.1,115.9,5.1,15,2,1.3,1.087,0,120.0,0,5.1,57.95
SEC-SWM-GGC,64.0,120.0,48.0,5.1,105.2,0.4,17,6,1.0,1.268,0,120.0,0,0.4,42.6
SEC-KOTA-SWM,108.0,130.0,58.0,6.2,109.1,62.3,3,4,1.0,1.141,0,130.0,1,62.3,82.15
SEC-GGC-BTE,120.0,110.0,98.0,9.4,84.0,9.5,1,3,1.0,1.04,0,110.0,0,9.5,86.68
SEC-BTE-MTJ,35.0,100.0,48.0,4.8,98.7,3.3,22,2,1.148,1.129,0,100.0,0,3.3,23.35
SEC-GGC-BTE,120.0,110.0,98.0,9.4,100.5,7.0,18,3,1.0,1.404,0,110.0,0,7.0,114.14
SEC-SWM-GGC,64.0,120.0,48.0,5.1,112.8,6.1,13,2,1.0,1.097,0,120.0,0,6.1,32.75
SEC-GGC-BTE,120.0,110.0,98.0,9.4,103.7,35.7,21,4,1.0,1.314,0,110.0,0,35.7,78.04
SEC-KOTA-SWM,108.0,130.0,58.0,6.2,124.7,17.2,18,0,1.0,1.442,0,130.0,0,17.2,67.58
SEC-GGC-BTE,120.0,110.0,98.0,9.4,97.7,4.2,0,6,1.0,1.128,0,110.0,0,4.2,82.96
SEC-MTJ-AGC,54.0,120.0,45.0,4.2,116.0,8.6,22,6,1.0,1.132,0,120.0,0,8.6,29.24
SEC-BTE-MTJ,35.0,100.0,48.0,4.8,83.0,14.3,15,0,1.0,1.162,0,100.0,0,14.3,33.52
SEC-GGC-BTE,120.0,110.0,98.0,9.4,98.5,1.4,19,2,1.0,1.236,0,110.0,0,1.4,93.87
SEC-GGC-BTE,120.0,110.0,98.0,9.4,100.5,6.2,4,3,1.0,1.027,0,110.0,0,6.2,64.28
SEC-GGC-BTE,120.0,110.0,98.0,9.4,45.0,34.7,2,5,1.113,1.1,1,45.0,0,34.7,204.98
SEC-BTE-MTJ,35.0,100.0,48.0,4.8,89.9,8.5,19,3,1.0,1.324,0,100.0,1,8.5,42.77
SEC-MTJ-AGC,54.0,120.0,45.0,4.2,98.4,5.1,5,2,1.0,1.05,0,120.0,0,5.1,35.17
SEC-NDLS-KOTA,465.0,130.0,275.0,14.5,122.1,38.7,4,1,1.0,1.093,0,130.0,0,38.7,243.16
SEC-MTJ-AGC,54.0,120.0,45.0,4.2,98.9,3.5,0,6,1.145,1.058,0,120.0,0,3.5,28.66
SEC-MTJ-AGC,54.0,120.0,45.0,4.2,99.1,8.1,7,5,1.196,1.178,0,120.0,0,8.1,41.1
SEC-SWM-GGC,64.0,120.0,48.0,5.1,92.3,1.7,14,4,1.126,1.137,0,120.0,0,1.7,61.49
SEC-KOTA-SWM,108.0,130.0,58.0,6.2,120.8,2.2,16,2,1.0,1.077,0,130.0,1,2.2,80.76
SEC-SWM-GGC,64.0,120.0,48.0,5.1,99.2,17.1,8,4,1.135,1.34,0,120.0,0,17.1,49.92
SEC-KOTA-SWM,108.0,130.0,58.0,6.2,119.4,1.3,3,0,1.291,1.118,0,130.0,0,1.3,76.08
SEC-NDLS-KOTA,465.0,130.0,275.0,14.5,122.2,0.6,8,1,1.0,1.387,0,130.0,0,0.6,286.21
SEC-NDLS-KOTA,465.0,130.0,275.0,14.5,100.9,4.7,10,1,1.191,1.315,0,130.0,0,4.7,425.11
SEC-SWM-GGC,64.0,120.0,48.0,5.1,103.3,10.6,10,6,1.0,1.199,0,120.0,0,10.6,43.38
SEC-BTE-MTJ,35.0,100.0,48.0,4.8,30.0,17.9,20,3,1.0,1.365,1,30.0,1,17.9,119.64
SEC-KOTA-SWM,108.0,130.0,58.0,6.2,113.5,8.1,3,1,1.054,1.234,0,130.0,1,8.1,84.83
SEC-BTE-MTJ,35.0,100.0,48.0,4.8,94.0,2.2,22,2,1.0,1.058,0,100.0,0,2.2,38.78
SEC-BTE-MTJ,35.0,100.0,48.0,4.8,92.7,8.0,21,1,1.0,1.289,0,100.0,0,8.0,29.75
SEC-BTE-MTJ,35.0,100.0,48.0,4.8,81.1,0.1,15,1,1.113,1.085,0,100.0,0,0.1,32.7
SEC-SWM-GGC,64.0,120.0,48.0,5.1,30.0,0.1,18,2,1.104,1.11,1,30.0,0,0.1,168.56
SEC-GGC-BTE,120.0,110.0,98.0,9.4,30.0,9.1,9,2,1.0,1.162,1,30.0,0,9.1,283.26
SEC-BTE-MTJ,35.0,100.0,48.0,4.8,79.4,12.8,0,3,1.0,1.066,0,100.0,0,12.8,24.82
SEC-GGC-BTE,120.0,110.0,98.0,9.4,30.0,3.5,9,2,1.0,1.453,1,30.0,0,3.5,339.73
SEC-MTJ-AGC,54.0,120.0,45.0,4.2,100.3,4.3,20,6,1.0,1.197,0,120.0,0,4.3,46.16
SEC-SWM-GGC,64.0,120.0,48.0,5.1,104.5,19.7,2,3,1.0,1.052,0,120.0,0,19.7,43.94
SEC-SWM-GGC,64.0,120.0,48.0,5.1,111.1,10.2,12,3,1.0,1.221,0,120.0,0,10.2,52.3
SEC-NDLS-KOTA,465.0,130.0,275.0,14.5,98.1,1.6,11,1,1.0,1.099,0,130.0,0,1.6,280.39
SEC-NDLS-KOTA,465.0,130.0,275.0,14.5,60.0,2.0,7,6,1.0,1.136,1,60.0,0,2.0,535.63
SEC-MTJ-AGC,54.0,120.0,45.0,4.2,45.0,5.3,17,6,1.0,1.378,1,45.0,0,5.3,107.41
SEC-KOTA-SWM,108.0,130.0,58.0,6.2,115.1,5.1,22,4,1.0,1.082,0,130.0,0,5.1,50.78
SEC-NDLS-KOTA,465.0,130.0,275.0,14.5,120.5,2.1,8,2,1.0,1.35,0,130.0,0,2.1,301.71
SEC-NDLS-KOTA,465.0,130.0,275.0,14.5,113.9,3.0,8,5,1.0,1.284,0,130.0,0,3.0,322.22
SEC-GGC-BTE,120.0,110.0,98.0,9.4,87.1,1.7,0,0,1.0,1.029,0,110.0,0,1.7,93.14
SEC-GGC-BTE,120.0,110.0,98.0,9.4,30.0,21.1,21,1,1.0,1.08,1,30.0,0,21.1,270.27
SEC-KOTA-SWM,108.0,130.0,58.0,6.2,30.0,8.7,17,5,1.0,1.409,1,30.0,0,8.7,307.54
SEC-GGC-BTE,120.0,110.0,98.0,9.4,92.9,10.2,0,6,1.0,1.179,0,110.0,0,10.2,98.74
SEC-SWM-GGC,64.0,120.0,48.0,5.1,60.0,6.9,16,1,1.0,1.11,1,60.0,0,6.9,84.71
SEC-SWM-GGC,64.0,120.0,48.0,5.1,99.3,1.8,10,6,1.0,1.244,0,120.0,0,1.8,47.41
SEC-GGC-BTE,120.0,110.0,98.0,9.4,93.3,21.9,2,2,1.0,1.076,0,110.0,0,21.9,82.06
SEC-GGC-BTE,120.0,110.0,98.0,9.4,89.5,2.8,9,5,1.068,1.219,0,110.0,0,2.8,105.94
SEC-SWM-GGC,64.0,120.0,48.0,5.1,95.1,26.9,17,6,1.0,1.125,0,120.0,0,26.9,48.45
SEC-NDLS-KOTA,465.0,130.0,275.0,14.5,45.0,5.2,16,4,1.0,1.134,1,45.0,0,5.2,705.05
SEC-GGC-BTE,120.0,110.0,98.0,9.4,83.2,36.5,23,3,1.0,1.026,0,110.0,0,36.5,83.35
SEC-SWM-GGC,64.0,120.0,48.0,5.1,116.3,0.4,9,1,1.0,1.115,0,120.0,0,0.4,38.12
SEC-BTE-MTJ,35.0,100.0,48.0,4.8,87.8,32.4,14,4,1.0,1.073,0,100.0,0,32.4,24.96
SEC-GGC-BTE,120.0,110.0,98.0,9.4,85.9,1.8,22,6,1.0,1.175,0,110.0,0,1.8,93.32
SEC-KOTA-SWM,108.0,130.0,58.0,6.2,98.0,27.8,19,4,1.0,1.314,0,130.0,0,27.8,79.28
SEC-SWM-GGC,64.0,120.0,48.0,5.1,97.9,8.4,4,2,1.0,1.157,0,120.0,0,8.4,52.38
SEC-MTJ-AGC,54.0,120.0,45.0,4.2,93.6,0.6,1,4,1.0,1.045,0,120.0,0,0.6,43.61
SEC-KOTA-SWM,108.0,130.0,58.0,6.2,108.2,21.9,15,3,1.0,1.116,0,130.0,0,21.9,62.26
SEC-KOTA-SWM,108.0,130.0,58.0,6.2,30.0,1.0,4,2,1.0,1.255,1,30.0,0,1.0,275.98
SEC-KOTA-SWM,108.0,130.0,58.0,6.2,123.4,22.0,1,4,1.054,1.146,0,130.0,0,22.0,74.35
SEC-NDLS-KOTA,465.0,130.0,275.0,14.5,126.7,66.9,21,2,1.0,1.493,0,130.0,0,66.9,335.66
SEC-KOTA-SWM,108.0,130.0,58.0,6.2,122.9,4.2,12,2,1.288,1.225,0,130.0,0,4.2,80.27
SEC-BTE-MTJ,35.0,100.0,48.0,4.8,97.5,22.3,0,0,1.0,1.055,0,100.0,0,22.3,22.06
SEC-SWM-GGC,64.0,120.0,48.0,5.1,102.7,3.4,19,4,1.161,1.153,0,120.0,0,3.4,61.19
SEC-BTE-MTJ,35.0,100.0,48.0,4.8,87.4,8.2,17,5,1.0,1.265,0,100.0,0,8.2,20.63
SEC-BTE-MTJ,35.0,100.0,48.0,4.8,78.6,11.9,13,5,1.0,1.073,0,100.0,0,11.9,33.88
SEC-NDLS-KOTA,465.0,130.0,275.0,14.5,30.0,13.8,11,1,1.08,1.177,1,30.0,0,13.8,1184.78
SEC-KOTA-SWM,108.0,130.0,58.0,6.2,126.2,9.6,23,2,1.0,1.057,0,130.0,0,9.6,47.35
SEC-MTJ-AGC,54.0,120.0,45.0,4.2,30.0,12.8,6,1,1.0,1.089,1,30.0,0,12.8,129.59
SEC-GGC-BTE,120.0,110.0,98.0,9.4,60.0,14.7,9,6,1.0,1.247,1,60.0,0,14.7,156.98
SEC-BTE-MTJ,35.0,100.0,48.0,4.8,95.5,13.5,15,1,1.057,1.028,0,100.0,0,13.5,19.95
SEC-NDLS-KOTA,465.0,130.0,275.0,14.5,110.2,34.1,22,2,1.0,1.043,0,130.0,0,34.1,294.93
SEC-MTJ-AGC,54.0,120.0,45.0,4.2,105.2,2.3,23,0,1.0,1.13,0,120.0,0,2.3,41.33
SEC-BTE-MTJ,35.0,100.0,48.0,4.8,94.2,3.4,7,4,1.0,1.194,0,100.0,0,3.4,26.15
SEC-NDLS-KOTA,465.0,130.0,275.0,14.5,102.8,27.2,8,2,1.068,1.446,0,130.0,0,27.2,382.07
SEC-MTJ-AGC,54.0,120.0,45.0,4.2,96.5,17.0,11,1,1.0,1.402,0,120.0,0,17.0,37.45
SEC-BTE-MTJ,35.0,100.0,48.0,4.8,92.3,9.6,3,1,1.0,1.136,0,100.0,0,9.6,21.22
SEC-MTJ-AGC,54.0,120.0,45.0,4.2,118.4,8.4,21,1,1.0,1.339,0,120.0,0,8.4,47.91
SEC-KOTA-SWM,108.0,130.0,58.0,6.2,107.6,4.0,4,2,1.098,1.057,0,130.0,1,4.0,90.33
SEC-SWM-GGC,64.0,120.0,48.0,5.1,30.0,9.4,6,5,1.098,1.257,1,30.0,0,9.4,184.19
SEC-NDLS-KOTA,465.0,130.0,275.0,14.5,121.3,5.3,12,0,1.0,1.058,0,130.0,0,5.3,236.79
SEC-GGC-BTE,120.0,110.0,98.0,9.4,107.6,1.2,22,0,1.0,1.061,0,110.0,0,1.2,78.38
SEC-BTE-MTJ,35.0,100.0,48.0,4.8,30.0,2.8,8,5,1.185,1.159,1,30.0,0,2.8,104.75
SEC-MTJ-AGC,54.0,120.0,45.0,4.2,106.5,5.1,21,2,1.249,1.383,0,120.0,1,5.1,66.49
SEC-KOTA-SWM,108.0,130.0,58.0,6.2,45.0,2.7,11,6,1.0,1.202,1,45.0,0,2.7,194.6
SEC-NDLS-KOTA,465.0,130.0,275.0,14.5,126.2,15.9,15,6,1.0,1.076,0,130.0,0,15.9,224.39
SEC-SWM-GGC,64.0,120.0,48.0,5.1,113.5,5.4,0,2,1.0,1.07,0,120.0,0,5.4,39.78
SEC-SWM-GGC,64.0,120.0,48.0,5.1,90.3,7.9,2,4,1.0,1.037,0,120.0,0,7.9,47.17
SEC-SWM-GGC,64.0,120.0,48.0,5.1,92.1,9.4,11,3,1.257,1.209,0,120.0,0,9.4,55.56
SEC-KOTA-SWM,108.0,130.0,58.0,6.2,98.4,0.9,16,5,1.0,1.134,0,130.0,0,0.9,74.76
SEC-GGC-BTE,120.0,110.0,98.0,9.4,83.9,6.5,3,5,1.0,1.193,0,110.0,1,6.5,106.89
SEC-BTE-MTJ,35.0,100.0,48.0,4.8,77.0,5.7,21,2,1.083,1.408,0,100.0,0,5.7,44.28
SEC-NDLS-KOTA,465.0,130.0,275.0,14.5,119.6,2.7,14,3,1.216,1.081,0,130.0,0,2.7,305.33
SEC-BTE-MTJ,35.0,100.0,48.0,4.8,86.3,14.4,17,5,1.0,1.345,0,100.0,0,14.4,33.34
SEC-GGC-BTE,120.0,110.0,98.0,9.4,90.6,8.2,14,0,1.0,1.093,0,110.0,0,8.2,87.38
SEC-BTE-MTJ,35.0,100.0,48.0,4.8,30.0,10.3,1,5,1.073,1.133,1,30.0,1,10.3,105.44
SEC-GGC-BTE,120.0,110.0,98.0,9.4,108.7,19.7,23,0,1.145,1.093,0,110.0,0,19.7,91.86
SEC-BTE-MTJ,35.0,100.0,48.0,4.8,92.1,8.0,17,0,1.0,1.399,0,100.0,0,8.0,29.69
SEC-GGC-BTE,120.0,110.0,98.0,9.4,97.4,14.7,21,0,1.0,1.102,0,110.0,0,14.7,79.53
SEC-BTE-MTJ,35.0,100.0,48.0,4.8,99.9,7.4,15,5,1.0,1.084,0,100.0,0,7.4,20.58
SEC-GGC-BTE,120.0,110.0,98.0,9.4,88.0,24.6,19,0,1.253,1.175,0,110.0,0,24.6,109.3
SEC-BTE-MTJ,35.0,100.0,48.0,4.8,89.4,5.9,17,6,1.0,1.255,0,100.0,0,5.9,35.6
SEC-KOTA-SWM,108.0,130.0,58.0,6.2,60.0,3.2,22,3,1.0,1.095,1,60.0,0,3.2,146.81
SEC-MTJ-AGC,54.0,120.0,45.0,4.2,116.5,1.6,9,3,1.0,1.277,0,120.0,0,1.6,34.87
SEC-NDLS-KOTA,465.0,130.0,275.0,14.5,119.1,24.4,14,4,1.0,1.118,0,130.0,0,24.4,271.37
SEC-GGC-BTE,120.0,110.0,98.0,9.4,83.0,1.4,19,3,1.27,1.17,0,110.0,0,1.4,133.64
SEC-BTE-MTJ,35.0,100.0,48.0,4.8,77.2,0.3,11,0,1.0,1.252,0,100.0,0,0.3,40.65
SEC-GGC-BTE,120.0,110.0,98.0,9.4,95.7,11.0,14,0,1.0,1.084,0,110.0,0,11.0,96.75
SEC-GGC-BTE,120.0,110.0,98.0,9.4,87.4,5.6,16,4,1.0,1.25,0,110.0,1,5.6,102.99
SEC-GGC-BTE,120.0,110.0,98.0,9.4,92.6,1.9,3,0,1.0,1.078,0,110.0,1,1.9,107.3
SEC-SWM-GGC,64.0,120.0,48.0,5.1,97.6,1.5,12,1,1.198,1.019,0,120.0,0,1.5,42.35
SEC-MTJ-AGC,54.0,120.0,45.0,4.2,91.4,9.3,20,3,1.0,1.121,0,120.0,1,9.3,71.16
SEC-SWM-GGC,64.0,120.0,48.0,5.1,116.9,6.7,16,6,1.163,1.048,0,120.0,0,6.7,42.11
SEC-GGC-BTE,120.0,110.0,98.0,9.4,101.5,21.4,22,3,1.0,1.109,0,110.0,0,21.4,71.14
SEC-BTE-MTJ,35.0,100.0,48.0,4.8,45.0,24.3,15,0,1.0,1.171,1,45.0,0,24.3,66.76
SEC-KOTA-SWM,108.0,130.0,58.0,6.2,113.7,3.6,0,6,1.0,1.028,0,130.0,1,3.6,69.08
SEC-SWM-GGC,64.0,120.0,48.0,5.1,45.0,19.3,10,2,1.0,1.269,1,45.0,0,19.3,113.26
SEC-MTJ-AGC,54.0,120.0,45.0,4.2,107.5,9.7,23,0,1.0,1.118,0,120.0,0,9.7,33.56
SEC-GGC-BTE,120.0,110.0,98.0,9.4,101.1,5.0,12,5,1.0,1.058,0,110.0,0,5.0,75.31
SEC-NDLS-KOTA,465.0,130.0,275.0,14.5,126.6,4.8,12,1,1.0,1.075,0,130.0,0,4.8,214.02
SEC-KOTA-SWM,108.0,130.0,58.0,6.2,113.1,14.3,21,0,1.0,1.296,0,130.0,0,14.3,85.76
SEC-BTE-MTJ,35.0,100.0,48.0,4.8,77.4,1.4,9,4,1.158,1.289,0,100.0,0,1.4,33.82
SEC-SWM-GGC,64.0,120.0,48.0,5.1,91.4,30.5,3,3,1.159,1.1,0,120.0,0,30.5,64.84
SEC-GGC-BTE,120.0,110.0,98.0,9.4,101.5,8.5,4,4,1.0,1.048,0,110.0,0,8.5,69.38
SEC-GGC-BTE,120.0,110.0,98.0,9.4,86.1,19.9,5,1,1.0,1.044,0,110.0,0,19.9,85.48
SEC-KOTA-SWM,108.0,130.0,58.0,6.2,120.5,12.0,7,0,1.0,1.035,0,130.0,0,12.0,52.86
SEC-MTJ-AGC,54.0,120.0,45.0,4.2,107.9,11.2,14,3,1.085,1.089,0,120.0,0,11.2,37.2
SEC-MTJ-AGC,54.0,120.0,45.0,4.2,45.0,50.5,11,4,1.0,1.288,1,45.0,0,50.5,100.47
SEC-BTE-MTJ,35.0,100.0,48.0,4.8,87.2,1.3,0,2,1.0,1.081,0,100.0,1,1.3,52.07
SEC-NDLS-KOTA,465.0,130.0,275.0,14.5,129.4,3.4,5,1,1.0,1.096,0,130.0,0,3.4,203.88
SEC-GGC-BTE,120.0,110.0,98.0,9.4,88.1,13.8,20,4,1.0,1.256,0,110.0,0,13.8,107.33
SEC-SWM-GGC,64.0,120.0,48.0,5.1,116.5,12.0,4,3,1.0,1.086,0,120.0,0,12.0,30.4
SEC-SWM-GGC,64.0,120.0,48.0,5.1,45.0,27.2,9,2,1.0,1.376,1,45.0,0,27.2,121.04
SEC-GGC-BTE,120.0,110.0,98.0,9.4,83.8,0.7,6,5,1.0,1.088,0,110.0,0,0.7,87.37
SEC-SWM-GGC,64.0,120.0,48.0,5.1,111.1,11.0,1,1,1.224,1.042,0,120.0,0,11.0,44.02
SEC-NDLS-KOTA,465.0,130.0,275.0,14.5,124.4,34.2,22,1,1.0,1.038,0,130.0,0,34.2,257.21
SEC-NDLS-KOTA,465.0,130.0,275.0,14.5,119.1,7.4,19,6,1.0,1.197,0,130.0,1,7.4,290.94
SEC-SWM-GGC,64.0,120.0,48.0,5.1,95.7,1.2,14,6,1.08,1.01,0,120.0,0,1.2,50.75
SEC-NDLS-KOTA,465.0,130.0,275.0,14.5,45.0,13.0,18,6,1.134,1.115,1,45.0,0,13.0,753.82
SEC-MTJ-AGC,54.0,120.0,45.0,4.2,90.9,43.8,21,4,1.0,1.136,0,120.0,0,43.8,33.25
SEC-KOTA-SWM,108.0,130.0,58.0,6.2,121.0,9.4,9,0,1.29,1.182,0,130.0,1,9.4,94.06
SEC-NDLS-KOTA,465.0,130.0,275.0,14.5,117.1,27.5,16,0,1.0,1.135,0,130.0,0,27.5,287.05
SEC-SWM-GGC,64.0,120.0,48.0,5.1,60.0,10.2,2,5,1.0,1.049,1,60.0,0,10.2,70.81
SEC-MTJ-AGC,54.0,120.0,45.0,4.2,45.0,55.1,0,2,1.0,1.092,1,45.0,0,55.1,89.68
SEC-NDLS-KOTA,465.0,130.0,275.0,14.5,104.2,9.3,12,3,1.0,1.086,0,130.0,0,9.3,290.77
SEC-NDLS-KOTA,465.0,130.0,275.0,14.5,123.2,33.5,0,1,1.0,1.037,0,130.0,0,33.5,223.98
SEC-GGC-BTE,120.0,110.0,98.0,9.4,86.0,3.6,4,6,1.0,1.067,0,110.0,0,3.6,95.25
SEC-NDLS-KOTA,465.0,130.0,275.0,14.5,99.4,18.5,14,5,1.0,1.07,0,130.0,0,18.5,329.59
SEC-BTE-MTJ,35.0,100.0,48.0,4.8,91.8,4.5,20,4,1.0,1.316,0,100.0,0,4.5,24.05
SEC-KOTA-SWM,108.0,130.0,58.0,6.2,125.3,1.1,7,4,1.0,1.049,0,130.0,0,1.1,55.62
SEC-SWM-GGC,64.0,120.0,48.0,5.1,100.4,24.4,2,1,1.052,1.132,0,120.0,0,24.4,43.91
SEC-KOTA-SWM,108.0,130.0,58.0,6.2,111.6,11.0,5,3,1.116,1.119,0,130.0,0,11.0,66.4
SEC-MTJ-AGC,54.0,120.0,45.0,4.2,106.1,7.1,17,0,1.0,1.168,0,120.0,0,7.1,42.23
SEC-NDLS-KOTA,465.0,130.0,275.0,14.5,118.2,0.7,2,0,1.271,1.063,0,130.0,0,0.7,299.49
SEC-NDLS-KOTA,465.0,130.0,275.0,14.5,45.0,7.4,5,2,1.0,1.114,1,45.0,1,7.4,697.74
SEC-SWM-GGC,64.0,120.0,48.0,5.1,97.0,9.7,16,3,1.0,1.089,0,120.0,0,9.7,45.07
SEC-MTJ-AGC,54.0,120.0,45.0,4.2,118.3,5.4,18,6,1.0,1.373,0,120.0,0,5.4,42.25
SEC-NDLS-KOTA,465.0,130.0,275.0,14.5,30.0,5.7,20,1,1.0,1.151,1,30.0,0,5.7,1059.35
SEC-GGC-BTE,120.0,110.0,98.0,9.4,93.8,4.6,0,6,1.0,1.217,0,110.0,0,4.6,77.48
SEC-MTJ-AGC,54.0,120.0,45.0,4.2,94.6,9.6,15,2,1.0,1.222,0,120.0,0,9.6,50.83
SEC-NDLS-KOTA,465.0,130.0,275.0,14.5,116.6,2.7,14,4,1.0,1.094,0,130.0,1,2.7,284.98
SEC-MTJ-AGC,54.0,120.0,45.0,4.2,60.0,3.3,13,6,1.0,1.039,1,60.0,1,3.3,74.59
SEC-SWM-GGC,64.0,120.0,48.0,5.1,113.3,32.2,9,2,1.0,1.25,0,120.0,0,32.2,53.01
SEC-SWM-GGC,64.0,120.0,48.0,5.1,94.2,13.5,7,1,1.0,1.061,0,120.0,0,13.5,46.84
SEC-GGC-BTE,120.0,110.0,98.0,9.4,60.0,5.6,22,2,1.0,1.036,1,60.0,0,5.6,152.12
SEC-MTJ-AGC,54.0,120.0,45.0,4.2,111.5,6.5,0,6,1.0,1.119,0,120.0,0,6.5,58.12
SEC-NDLS-KOTA,465.0,130.0,275.0,14.5,97.7,12.5,9,4,1.0,1.341,0,130.0,0,12.5,369.6
SEC-SWM-GGC,64.0,120.0,48.0,5.1,60.0,12.5,6,5,1.0,1.019,1,60.0,0,12.5,70.78
SEC-GGC-BTE,120.0,110.0,98.0,9.4,94.9,2.0,7,0,1.283,1.144,0,110.0,0,2.0,105.53
SEC-GGC-BTE,120.0,110.0,98.0,9.4,92.6,9.4,22,1,1.0,1.246,0,110.0,0,9.4,80.47
SEC-KOTA-SWM,108.0,130.0,58.0,6.2,119.6,9.5,23,6,1.0,1.169,0,130.0,0,9.5,58.74
SEC-MTJ-AGC,54.0,120.0,45.0,4.2,114.8,3.8,7,6,1.0,1.225,0,120.0,0,3.8,25.65
SEC-GGC-BTE,120.0,110.0,98.0,9.4,30.0,2.3,21,0,1.0,1.395,1,30.0,0,2.3,329.53
SEC-NDLS-KOTA,465.0,130.0,275.0,14.5,128.9,38.8,15,4,1.0,1.014,0,130.0,0,38.8,219.38
SEC-NDLS-KOTA,465.0,130.0,275.0,14.5,122.2,2.4,15,6,1.0,1.032,0,130.0,0,2.4,220.55
SEC-MTJ-AGC,54.0,120.0,45.0,4.2,60.0,8.3,3,3,1.0,1.037,1,60.0,0,8.3,55.88
SEC-KOTA-SWM,108.0,130.0,58.0,6.2,115.5,8.5,11,6,1.0,1.181,0,130.0,0,8.5,61.21
SEC-MTJ-AGC,54.0,120.0,45.0,4.2,97.8,5.4,19,3,1.0,1.215,0,120.0,0,5.4,42.26
SEC-SWM-GGC,64.0,120.0,48.0,5.1,102.3,4.4,11,3,1.0,1.495,0,120.0,0,4.4,48.9
SEC-MTJ-AGC,54.0,120.0,45.0,4.2,102.1,4.1,4,3,1.0,1.128,0,120.0,0,4.1,41.24
SEC-GGC-BTE,120.0,110.0,98.0,9.4,108.6,31.5,23,4,1.25,1.192,0,110.0,0,31.5,90.78
SEC-SWM-GGC,64.0,120.0,48.0,5.1,114.8,1.1,0,4,1.179,1.101,0,120.0,1,1.1,66.32
SEC-NDLS-KOTA,465.0,130.0,275.0,14.5,45.0,1.9,3,5,1.058,1.137,1,45.0,0,1.9,726.86
SEC-BTE-MTJ,35.0,100.0,48.0,4.8,84.0,6.1,14,1,1.0,1.044,0,100.0,0,6.1,26.48
SEC-MTJ-AGC,54.0,120.0,45.0,4.2,30.0,10.6,16,0,1.0,1.049,1,30.0,1,10.6,143.43
SEC-BTE-MTJ,35.0,100.0,48.0,4.8,77.4,1.0,16,1,1.0,1.062,0,100.0,0,1.0,24.14
SEC-GGC-BTE,120.0,110.0,98.0,9.4,96.9,13.9,18,4,1.0,1.155,0,110.0,0,13.9,86.17
SEC-BTE-MTJ,35.0,100.0,48.0,4.8,80.4,2.3,12,3,1.0,1.068,0,100.0,0,2.3,37.49
SEC-MTJ-AGC,54.0,120.0,45.0,4.2,102.8,4.3,8,4,1.0,1.15,0,120.0,0,4.3,38.14
SEC-MTJ-AGC,54.0,120.0,45.0,4.2,117.6,4.5,7,5,1.155,1.133,0,120.0,0,4.5,43.12
SEC-MTJ-AGC,54.0,120.0,45.0,4.2,30.0,8.1,13,0,1.0,1.148,1,30.0,0,8.1,140.5
SEC-KOTA-SWM,108.0,130.0,58.0,6.2,117.1,5.8,4,0,1.0,1.085,0,130.0,0,5.8,54.66
SEC-SWM-GGC,64.0,120.0,48.0,5.1,95.2,16.6,3,3,1.0,1.077,0,120.0,0,16.6,51.78
SEC-KOTA-SWM,108.0,130.0,58.0,6.2,60.0,4.0,6,3,1.0,1.063,1,60.0,0,4.0,120.31
SEC-BTE-MTJ,35.0,100.0,48.0,4.8,77.5,25.1,6,2,1.208,1.089,0,100.0,1,25.1,57.8
SEC-NDLS-KOTA,465.0,130.0,275.0,14.5,120.7,1.9,7,1,1.0,1.023,0,130.0,1,1.9,254.25
SEC-KOTA-SWM,108.0,130.0,58.0,6.2,60.0,10.8,21,1,1.278,1.131,1,60.0,0,10.8,160.1
SEC-GGC-BTE,120.0,110.0,98.0,9.4,103.1,8.4,14,0,1.0,1.185,0,110.0,0,8.4,91.8
SEC-BTE-MTJ,35.0,100.0,48.0,4.8,77.8,21.3,19,4,1.0,1.232,0,100.0,0,21.3,31.15
SEC-GGC-BTE,120.0,110.0,98.0,9.4,85.4,5.2,8,2,1.0,1.315,0,110.0,0,5.2,88.67
SEC-MTJ-AGC,54.0,120.0,45.0,4.2,109.9,0.7,20,3,1.091,1.079,0,120.0,0,0.7,42.78
SEC-NDLS-KOTA,465.0,130.0,275.0,14.5,121.8,5.2,2,2,1.135,1.069,0,130.0,1,5.2,277.73
SEC-BTE-MTJ,35.0,100.0,48.0,4.8,85.2,21.3,22,4,1.0,1.066,0,100.0,0,21.3,20.12
SEC-SWM-GGC,64.0,120.0,48.0,5.1,119.1,4.3,19,5,1.0,1.146,0,120.0,0,4.3,35.04
SEC-MTJ-AGC,54.0,120.0,45.0,4.2,119.8,2.4,5,6,1.0,1.047,0,120.0,0,2.4,33.28
SEC-SWM-GGC,64.0,120.0,48.0,5.1,60.0,10.0,18,0,1.0,1.332,1,60.0,0,10.0,90.24
SEC-KOTA-SWM,108.0,130.0,58.0,6.2,60.0,4.7,14,1,1.0,1.054,1,60.0,0,4.7,131.69
SEC-NDLS-KOTA,465.0,130.0,275.0,14.5,121.3,0.4,6,1,1.0,1.011,0,130.0,1,0.4,243.19
SEC-KOTA-SWM,108.0,130.0,58.0,6.2,98.5,2.0,19,2,1.0,1.327,0,130.0,0,2.0,79.17
SEC-KOTA-SWM,108.0,130.0,58.0,6.2,100.2,1.4,23,3,1.162,1.153,0,130.0,0,1.4,73.93
SEC-GGC-BTE,120.0,110.0,98.0,9.4,60.0,17.7,18,2,1.088,1.156,1,60.0,0,17.7,170.2
SEC-MTJ-AGC,54.0,120.0,45.0,4.2,92.9,3.3,2,0,1.0,1.046,0,120.0,0,3.3,46.72
SEC-GGC-BTE,120.0,110.0,98.0,9.4,97.6,3.5,0,1,1.0,1.092,0,110.0,0,3.5,98.8
SEC-MTJ-AGC,54.0,120.0,45.0,4.2,45.0,1.6,14,6,1.0,1.164,1,45.0,0,1.6,105.62
SEC-KOTA-SWM,108.0,130.0,58.0,6.2,30.0,12.4,6,1,1.0,1.109,1,30.0,0,12.4,251.21
SEC-NDLS-KOTA,465.0,130.0,275.0,14.5,99.1,1.7,23,4,1.0,1.149,0,130.0,0,1.7,297.14
SEC-MTJ-AGC,54.0,120.0,45.0,4.2,98.0,15.9,17,1,1.0,1.183,0,120.0,0,15.9,39.72
SEC-NDLS-KOTA,465.0,130.0,275.0,14.5,112.1,7.4,15,5,1.0,1.066,0,130.0,1,7.4,285.05
SEC-KOTA-SWM,108.0,130.0,58.0,6.2,102.4,3.2,22,3,1.249,1.086,0,130.0,0,3.2,80.1
SEC-KOTA-SWM,108.0,130.0,58.0,6.2,45.0,17.3,0,3,1.0,1.008,1,45.0,0,17.3,166.1
SEC-GGC-BTE,120.0,110.0,98.0,9.4,95.3,6.0,8,6,1.0,1.15,0,110.0,0,6.0,83.91
SEC-MTJ-AGC,54.0,120.0,45.0,4.2,119.0,0.6,13,6,1.096,1.036,0,120.0,0,0.6,35.06
SEC-MTJ-AGC,54.0,120.0,45.0,4.2,60.0,9.4,23,2,1.0,1.202,1,60.0,1,9.4,76.11
SEC-NDLS-KOTA,465.0,130.0,275.0,14.5,108.8,11.1,1,4,1.0,1.162,0,130.0,0,11.1,304.22
SEC-KOTA-SWM,108.0,130.0,58.0,6.2,125.4,5.0,4,3,1.138,1.018,0,130.0,1,5.0,80.67
SEC-NDLS-KOTA,465.0,130.0,275.0,14.5,129.5,2.4,14,1,1.0,1.121,0,130.0,0,2.4,210.31
SEC-KOTA-SWM,108.0,130.0,58.0,6.2,127.7,6.6,0,5,1.172,1.107,0,130.0,0,6.6,58.76
SEC-MTJ-AGC,54.0,120.0,45.0,4.2,102.2,4.0,8,1,1.232,1.239,0,120.0,0,4.0,53.48
SEC-GGC-BTE,120.0,110.0,98.0,9.4,104.1,19.3,18,1,1.102,1.083,0,110.0,0,19.3,90.89
SEC-GGC-BTE,120.0,110.0,98.0,9.4,101.7,2.2,7,0,1.0,1.063,0,110.0,0,2.2,72.94
SEC-BTE-MTJ,35.0,100.0,48.0,4.8,30.0,3.7,15,5,1.0,1.071,1,30.0,0,3.7,88.26
SEC-SWM-GGC,64.0,120.0,48.0,5.1,116.2,8.0,8,0,1.15,1.254,0,120.0,0,8.0,32.24
SEC-GGC-BTE,120.0,110.0,98.0,9.4,89.5,7.6,0,0,1.0,1.076,0,110.0,0,7.6,93.15
SEC-NDLS-KOTA,465.0,130.0,275.0,14.5,45.0,8.2,3,2,1.0,1.137,1,45.0,0,8.2,699.19
SEC-GGC-BTE,120.0,110.0,98.0,9.4,90.9,31.0,22,1,1.0,1.097,0,110.0,0,31.0,94.88
SEC-NDLS-KOTA,465.0,130.0,275.0,14.5,122.0,0.8,20,4,1.213,1.155,0,130.0,0,0.8,302.14
SEC-NDLS-KOTA,465.0,130.0,275.0,14.5,30.0,43.2,23,5,1.088,1.071,1,30.0,0,43.2,1100.61
SEC-MTJ-AGC,54.0,120.0,45.0,4.2,113.9,12.3,5,1,1.0,1.105,0,120.0,0,12.3,26.02
SEC-BTE-MTJ,35.0,100.0,48.0,4.8,75.0,1.1,6,3,1.0,1.078,0,100.0,0,1.1,22.5
SEC-MTJ-AGC,54.0,120.0,45.0,4.2,95.4,22.5,1,5,1.073,1.031,0,120.0,0,22.5,47.72
SEC-MTJ-AGC,54.0,120.0,45.0,4.2,112.9,1.8,6,4,1.0,1.071,0,120.0,1,1.8,40.27
SEC-KOTA-SWM,108.0,130.0,58.0,6.2,122.4,2.8,10,2,1.0,1.242,0,130.0,0,2.8,70.49
SEC-BTE-MTJ,35.0,100.0,48.0,4.8,30.0,17.3,17,4,1.0,1.321,1,30.0,0,17.3,111.09
SEC-KOTA-SWM,108.0,130.0,58.0,6.2,106.8,0.4,0,2,1.2,1.123,0,130.0,0,0.4,88.39
SEC-BTE-MTJ,35.0,100.0,48.0,4.8,77.3,19.1,0,5,1.073,1.032,0,100.0,0,19.1,37.92
SEC-SWM-GGC,64.0,120.0,48.0,5.1,110.3,1.4,4,1,1.0,1.129,0,120.0,0,1.4,33.78
SEC-MTJ-AGC,54.0,120.0,45.0,4.2,96.2,1.1,9,5,1.0,1.291,0,120.0,0,1.1,47.48
SEC-SWM-GGC,64.0,120.0,48.0,5.1,100.1,43.3,18,3,1.0,1.425,0,120.0,0,43.3,48.97
SEC-MTJ-AGC,54.0,120.0,45.0,4.2,98.6,1.8,6,6,1.0,1.091,0,120.0,0,1.8,36.06
SEC-SWM-GGC,64.0,120.0,48.0,5.1,45.0,13.5,10,3,1.0,1.132,1,45.0,0,13.5,114.9
SEC-NDLS-KOTA,465.0,130.0,275.0,14.5,121.4,7.3,2,3,1.0,1.049,0,130.0,0,7.3,249.46
SEC-BTE-MTJ,35.0,100.0,48.0,4.8,30.0,9.9,18,3,1.161,1.27,1,30.0,0,9.9,108.67
SEC-KOTA-SWM,108.0,130.0,58.0,6.2,100.1,3.9,5,0,1.136,1.182,0,130.0,0,3.9,85.38
SEC-GGC-BTE,120.0,110.0,98.0,9.4,104.1,21.6,1,0,1.286,1.056,0,110.0,0,21.6,86.68
SEC-MTJ-AGC,54.0,120.0,45.0,4.2,114.9,11.2,16,5,1.0,1.071,0,120.0,0,11.2,30.5
SEC-MTJ-AGC,54.0,120.0,45.0,4.2,30.0,9.6,15,2,1.0,1.136,1,30.0,0,9.6,148.83
SEC-BTE-MTJ,35.0,100.0,48.0,4.8,93.7,5.4,19,6,1.0,1.131,0,100.0,0,5.4,24.15
SEC-GGC-BTE,120.0,110.0,98.0,9.4,92.2,8.6,3,5,1.291,1.106,0,110.0,0,8.6,106.69
SEC-KOTA-SWM,108.0,130.0,58.0,6.2,116.3,0.1,6,4,1.0,1.082,0,130.0,0,0.1,47.35
SEC-KOTA-SWM,108.0,130.0,58.0,6.2,103.0,6.0,16,2,1.0,1.093,0,130.0,0,6.0,63.64
SEC-GGC-BTE,120.0,110.0,98.0,9.4,97.8,5.1,16,5,1.0,1.025,0,110.0,0,5.1,86.5
SEC-BTE-MTJ,35.0,100.0,48.0,4.8,60.0,6.2,14,3,1.0,1.013,1,60.0,1,6.2,49.06
SEC-KOTA-SWM,108.0,130.0,58.0,6.2,116.8,12.9,15,4,1.0,1.097,0,130.0,0,12.9,49.58
SEC-MTJ-AGC,54.0,120.0,45.0,4.2,103.4,2.7,20,6,1.0,1.386,0,120.0,0,2.7,42.52
SEC-MTJ-AGC,54.0,120.0,45.0,4.2,100.1,5.0,8,6,1.062,1.389,0,120.0,0,5.0,39.53
SEC-GGC-BTE,120.0,110.0,98.0,9.4,97.5,0.8,18,6,1.0,1.289,0,110.0,0,0.8,86.74
SEC-SWM-GGC,64.0,120.0,48.0,5.1,100.6,5.1,9,5,1.0,1.249,0,120.0,0,5.1,45.7
SEC-NDLS-KOTA,465.0,130.0,275.0,14.5,98.2,12.4,22,3,1.0,1.099,0,130.0,0,12.4,282.9
SEC-MTJ-AGC,54.0,120.0,45.0,4.2,91.1,3.4,16,1,1.155,1.036,0,120.0,0,3.4,46.19
SEC-BTE-MTJ,35.0,100.0,48.0,4.8,92.8,3.8,23,0,1.0,1.02,0,100.0,0,3.8,19.95
SEC-SWM-GGC,64.0,120.0,48.0,5.1,115.2,1.2,16,6,1.0,1.021,0,120.0,0,1.2,35.87
SEC-SWM-GGC,64.0,120.0,48.0,5.1,94.4,7.6,13,5,1.25,1.051,0,120.0,0,7.6,53.56
SEC-KOTA-SWM,108.0,130.0,58.0,6.2,118.0,2.8,9,5,1.0,1.467,0,130.0,0,2.8,92.57
SEC-GGC-BTE,120.0,110.0,98.0,9.4,101.8,25.8,20,5,1.0,1.033,0,110.0,0,25.8,82.92
SEC-MTJ-AGC,54.0,120.0,45.0,4.2,94.9,50.6,20,6,1.0,1.076,0,120.0,0,50.6,50.28
SEC-KOTA-SWM,108.0,130.0,58.0,6.2,105.6,7.6,12,4,1.0,1.092,0,130.0,0,7.6,55.98
SEC-SWM-GGC,64.0,120.0,48.0,5.1,107.2,7.3,0,1,1.153,1.193,0,120.0,0,7.3,53.6
SEC-BTE-MTJ,35.0,100.0,48.0,4.8,78.0,2.7,10,5,1.083,1.198,0,100.0,0,2.7,27.93
SEC-KOTA-SWM,108.0,130.0,58.0,6.2,111.3,6.8,21,6,1.0,1.475,0,130.0,0,6.8,79.65
SEC-MTJ-AGC,54.0,120.0,45.0,4.2,99.5,0.6,22,2,1.137,1.112,0,120.0,0,0.6,42.47
SEC-MTJ-AGC,54.0,120.0,45.0,4.2,45.0,3.4,1,1,1.0,1.187,1,45.0,0,3.4,90.16
SEC-GGC-BTE,120.0,110.0,98.0,9.4,109.6,7.2,19,2,1.141,1.108,0,110.0,0,7.2,86.89
SEC-SWM-GGC,64.0,120.0,48.0,5.1,30.0,0.9,22,3,1.274,1.082,1,30.0,1,0.9,205.04
SEC-GGC-BTE,120.0,110.0,98.0,9.4,89.7,3.7,8,0,1.0,1.317,0,110.0,0,3.7,88.19
SEC-SWM-GGC,64.0,120.0,48.0,5.1,93.7,3.4,18,2,1.072,1.178,0,120.0,0,3.4,58.2
SEC-BTE-MTJ,35.0,100.0,48.0,4.8,91.4,0.4,18,1,1.234,1.095,0,100.0,0,0.4,35.0
SEC-MTJ-AGC,54.0,120.0,45.0,4.2,101.8,17.7,23,6,1.134,1.064,0,120.0,0,17.7,41.36
SEC-KOTA-SWM,108.0,130.0,58.0,6.2,128.2,3.1,5,6,1.0,1.03,0,130.0,0,3.1,52.63
SEC-MTJ-AGC,54.0,120.0,45.0,4.2,93.2,2.8,0,2,1.0,1.121,0,120.0,0,2.8,36.18
SEC-MTJ-AGC,54.0,120.0,45.0,4.2,117.4,2.8,0,2,1.0,1.111,0,120.0,0,2.8,31.32
SEC-NDLS-KOTA,465.0,130.0,275.0,14.5,113.1,5.6,4,3,1.0,1.157,0,130.0,1,5.6,281.62
SEC-BTE-MTJ,35.0,100.0,48.0,4.8,99.7,16.7,19,6,1.0,1.338,0,100.0,0,16.7,21.42
SEC-KOTA-SWM,108.0,130.0,58.0,6.2,118.3,5.1,18,5,1.0,1.284,0,130.0,0,5.1,74.47
SEC-BTE-MTJ,35.0,100.0,48.0,4.8,96.1,3.0,5,5,1.0,1.046,0,100.0,0,3.0,26.14
SEC-KOTA-SWM,108.0,130.0,58.0,6.2,110.3,9.6,13,4,1.0,1.013,0,130.0,0,9.6,68.17
SEC-GGC-BTE,120.0,110.0,98.0,9.4,93.6,9.1,11,2,1.0,1.077,0,110.0,0,9.1,76.65
SEC-GGC-BTE,120.0,110.0,98.0,9.4,96.4,4.3,20,3,1.0,1.214,0,110.0,0,4.3,81.49
SEC-KOTA-SWM,108.0,130.0,58.0,6.2,99.0,9.7,1,0,1.0,1.073,0,130.0,0,9.7,70.59
SEC-GGC-BTE,120.0,110.0,98.0,9.4,30.0,14.2,13,4,1.0,1.088,1,30.0,0,14.2,274.18
SEC-BTE-MTJ,35.0,100.0,48.0,4.8,90.6,0.2,20,1,1.0,1.051,0,100.0,0,0.2,30.07
SEC-MTJ-AGC,54.0,120.0,45.0,4.2,97.5,36.8,2,5,1.0,1.077,0,120.0,0,36.8,36.18
SEC-NDLS-KOTA,465.0,130.0,275.0,14.5,30.0,1.4,10,1,1.0,1.167,1,30.0,0,1.4,1094.5
SEC-NDLS-KOTA,465.0,130.0,275.0,14.5,107.8,26.1,17,1,1.119,1.281,0,130.0,0,26.1,364.48
SEC-GGC-BTE,120.0,110.0,98.0,9.4,86.4,0.5,1,2,1.0,1.131,0,110.0,0,0.5,104.27
SEC-GGC-BTE,120.0,110.0,98.0,9.4,30.0,2.8,5,4,1.19,1.099,1,30.0,0,2.8,323.59
SEC-BTE-MTJ,35.0,100.0,48.0,4.8,92.7,4.9,22,5,1.0,1.092,0,100.0,0,4.9,28.84
SEC-BTE-MTJ,35.0,100.0,48.0,4.8,87.1,2.4,17,0,1.233,1.224,0,100.0,0,2.4,36.65
SEC-BTE-MTJ,35.0,100.0,48.0,4.8,87.3,4.8,10,1,1.0,1.25,0,100.0,0,4.8,28.39
SEC-GGC-BTE,120.0,110.0,98.0,9.4,96.3,14.6,22,6,1.0,1.235,0,110.0,0,14.6,97.75
SEC-KOTA-SWM,108.0,130.0,58.0,6.2,101.7,6.1,22,5,1.0,1.182,0,130.0,0,6.1,53.46
SEC-KOTA-SWM,108.0,130.0,58.0,6.2,111.8,0.5,14,4,1.0,1.043,0,130.0,0,0.5,60.31
SEC-SWM-GGC,64.0,120.0,48.0,5.1,101.7,6.7,0,3,1.0,1.156,0,120.0,0,6.7,44.02
SEC-GGC-BTE,120.0,110.0,98.0,9.4,45.0,0.4,14,3,1.107,1.093,1,45.0,1,0.4,229.31
SEC-BTE-MTJ,35.0,100.0,48.0,4.8,76.5,14.1,16,4,1.0,1.124,0,100.0,0,14.1,31.82
SEC-BTE-MTJ,35.0,100.0,48.0,4.8,78.9,10.5,1,6,1.0,1.058,0,100.0,0,10.5,33.52
SEC-MTJ-AGC,54.0,120.0,45.0,4.2,106.8,13.9,23,0,1.0,1.198,0,120.0,0,13.9,25.65
SEC-NDLS-KOTA,465.0,130.0,275.0,14.5,60.0,3.7,10,1,1.134,1.111,1,60.0,0,3.7,586.28
SEC-GGC-BTE,120.0,110.0,98.0,9.4,83.5,3.9,23,5,1.0,1.164,0,110.0,0,3.9,100.22
SEC-MTJ-AGC,54.0,120.0,45.0,4.2,94.4,3.7,12,3,1.0,1.019,0,120.0,0,3.7,37.07
SEC-MTJ-AGC,54.0,120.0,45.0,4.2,105.9,2.5,2,1,1.0,1.047,0,120.0,0,2.5,33.24
SEC-SWM-GGC,64.0,120.0,48.0,5.1,109.3,1.3,4,4,1.0,1.13,0,120.0,0,1.3,48.05
SEC-NDLS-KOTA,465.0,130.0,275.0,14.5,128.1,1.3,12,6,1.0,1.172,0,130.0,1,1.3,268.41
SEC-MTJ-AGC,54.0,120.0,45.0,4.2,112.6,7.0,8,4,1.0,1.32,0,120.0,0,7.0,33.5
SEC-NDLS-KOTA,465.0,130.0,275.0,14.5,102.4,0.2,22,4,1.07,1.018,0,130.0,0,0.2,308.67
SEC-SWM-GGC,64.0,120.0,48.0,5.1,102.9,1.9,5,0,1.0,1.025,0,120.0,0,1.9,35.26
SEC-SWM-GGC,64.0,120.0,48.0,5.1,112.1,4.4,1,2,1.0,1.227,0,120.0,0,4.4,30.4
SEC-GGC-BTE,120.0,110.0,98.0,9.4,45.0,5.7,19,3,1.0,1.12,1,45.0,0,5.7,165.16
SEC-SWM-GGC,64.0,120.0,48.0,5.1,101.1,5.1,2,0,1.0,1.1,0,120.0,0,5.1,51.72
SEC-GGC-BTE,120.0,110.0,98.0,9.4,96.5,4.1,1,6,1.0,1.143,0,110.0,0,4.1,78.04
SEC-NDLS-KOTA,465.0,130.0,275.0,14.5,114.6,1.2,11,0,1.0,1.323,0,130.0,0,1.2,331.54
SEC-MTJ-AGC,54.0,120.0,45.0,4.2,30.0,13.7,7,5,1.0,1.072,1,30.0,1,13.7,148.76
SEC-BTE-MTJ,35.0,100.0,48.0,4.8,98.8,6.5,15,2,1.241,1.122,0,100.0,0,6.5,25.9
SEC-MTJ-AGC,54.0,120.0,45.0,4.2,90.7,11.0,22,5,1.0,1.057,0,120.0,0,11.0,27.42
SEC-GGC-BTE,120.0,110.0,98.0,9.4,92.7,2.8,10,4,1.075,1.195,0,110.0,0,2.8,101.95
SEC-KOTA-SWM,108.0,130.0,58.0,6.2,104.4,1.4,11,1,1.0,1.108,0,130.0,0,1.4,55.34
SEC-MTJ-AGC,54.0,120.0,45.0,4.2,45.0,11.0,20,1,1.0,1.174,1,45.0,0,11.0,89.25
SEC-KOTA-SWM,108.0,130.0,58.0,6.2,98.8,11.1,14,2,1.0,1.124,0,130.0,0,11.1,66.78
SEC-KOTA-SWM,108.0,130.0,58.0,6.2,123.8,5.1,7,3,1.176,1.167,0,130.0,0,5.1,65.61
SEC-GGC-BTE,120.0,110.0,98.0,9.4,106.6,1.0,12,5,1.0,1.029,0,110.0,0,1.0,62.18
SEC-NDLS-KOTA,465.0,130.0,275.0,14.5,98.5,4.2,23,5,1.211,1.036,0,130.0,1,4.2,354.43
SEC-SWM-GGC,64.0,120.0,48.0,5.1,105.6,1.3,15,6,1.0,1.049,0,120.0,0,1.3,36.93
SEC-SWM-GGC,64.0,120.0,48.0,5.1,93.1,15.6,16,2,1.0,1.104,0,120.0,0,15.6,52.93
SEC-NDLS-KOTA,465.0,130.0,275.0,14.5,111.1,6.7,16,0,1.0,1.07,0,130.0,0,6.7,286.1
SEC-SWM-GGC,64.0,120.0,48.0,5.1,113.0,2.7,23,0,1.0,1.049,0,120.0,0,2.7,44.82
SEC-BTE-MTJ,35.0,100.0,48.0,4.8,82.3,45.6,18,4,1.0,1.398,0,100.0,0,45.6,46.4
SEC-GGC-BTE,120.0,110.0,98.0,9.4,105.9,0.4,23,4,1.0,1.025,0,110.0,1,0.4,84.92
SEC-MTJ-AGC,54.0,120.0,45.0,4.2,117.1,7.7,16,2,1.123,1.106,0,120.0,0,7.7,33.95
SEC-MTJ-AGC,54.0,120.0,45.0,4.2,110.5,19.6,13,4,1.0,1.068,0,120.0,0,19.6,31.71
SEC-NDLS-KOTA,465.0,130.0,275.0,14.5,112.4,6.5,7,2,1.055,1.131,0,130.0,0,6.5,278.78
SEC-MTJ-AGC,54.0,120.0,45.0,4.2,115.4,15.1,14,5,1.0,1.038,0,120.0,0,15.1,37.46
SEC-NDLS-KOTA,465.0,130.0,275.0,14.5,127.2,2.4,4,1,1.0,1.148,0,130.0,0,2.4,253.01
SEC-GGC-BTE,120.0,110.0,98.0,9.4,85.0,0.4,21,1,1.0,1.33,0,110.0,0,0.4,104.36
SEC-BTE-MTJ,35.0,100.0,48.0,4.8,91.1,4.3,16,6,1.115,1.074,0,100.0,0,4.3,29.7
SEC-MTJ-AGC,54.0,120.0,45.0,4.2,113.5,2.0,19,1,1.188,1.293,0,120.0,0,2.0,51.89
SEC-MTJ-AGC,54.0,120.0,45.0,4.2,114.7,12.2,8,4,1.0,1.173,0,120.0,0,12.2,33.58
SEC-KOTA-SWM,108.0,130.0,58.0,6.2,112.4,4.6,18,1,1.211,1.198,0,130.0,0,4.6,79.26
SEC-SWM-GGC,64.0,120.0,48.0,5.1,96.1,17.5,21,3,1.217,1.137,0,120.0,1,17.5,73.07
SEC-GGC-BTE,120.0,110.0,98.0,9.4,89.8,25.2,10,4,1.0,1.341,0,110.0,0,25.2,93.5
SEC-GGC-BTE,120.0,110.0,98.0,9.4,84.8,0.5,14,6,1.278,1.1,0,110.0,0,0.5,137.99
SEC-BTE-MTJ,35.0,100.0,48.0,4.8,90.9,31.4,14,4,1.231,1.196,0,100.0,0,31.4,36.96
SEC-BTE-MTJ,35.0,100.0,48.0,4.8,93.2,2.5,8,3,1.145,1.247,0,100.0,0,2.5,33.67
SEC-BTE-MTJ,35.0,100.0,48.0,4.8,87.1,9.8,4,5,1.179,1.095,0,100.0,0,9.8,27.57
SEC-NDLS-KOTA,465.0,130.0,275.0,14.5,122.5,11.5,22,2,1.205,1.101,0,130.0,0,11.5,308.13
SEC-NDLS-KOTA,465.0,130.0,275.0,14.5,114.0,6.1,22,4,1.0,1.068,0,130.0,0,6.1,249.28
SEC-NDLS-KOTA,465.0,130.0,275.0,14.5,108.1,11.0,4,6,1.0,1.101,0,130.0,0,11.0,293.82
SEC-BTE-MTJ,35.0,100.0,48.0,4.8,99.4,2.7,7,3,1.0,1.066,0,100.0,0,2.7,23.97
SEC-NDLS-KOTA,465.0,130.0,275.0,14.5,110.8,2.0,11,3,1.0,1.378,0,130.0,0,2.0,329.7
SEC-KOTA-SWM,108.0,130.0,58.0,6.2,100.5,17.0,1,6,1.0,1.093,0,130.0,0,17.0,71.1
SEC-SWM-GGC,64.0,120.0,48.0,5.1,30.0,15.0,7,0,1.0,1.053,1,30.0,0,15.0,153.93
SEC-NDLS-KOTA,465.0,130.0,275.0,14.5,100.9,6.1,6,6,1.0,1.28,0,130.0,0,6.1,367.24
SEC-MTJ-AGC,54.0,120.0,45.0,4.2,119.1,39.1,15,0,1.0,1.018,0,120.0,0,39.1,25.65
SEC-SWM-GGC,64.0,120.0,48.0,5.1,96.9,3.3,13,1,1.086,1.076,0,120.0,0,3.3,43.47
SEC-KOTA-SWM,108.0,130.0,58.0,6.2,119.6,1.7,17,5,1.0,1.101,0,130.0,0,1.7,55.39
SEC-BTE-MTJ,35.0,100.0,48.0,4.8,88.4,12.1,1,3,1.0,1.116,0,100.0,0,12.1,26.35
SEC-BTE-MTJ,35.0,100.0,48.0,4.8,91.7,11.8,10,4,1.0,1.37,0,100.0,0,11.8,21.64
SEC-SWM-GGC,64.0,120.0,48.0,5.1,60.0,8.9,2,4,1.249,1.008,1,60.0,0,8.9,84.16
SEC-KOTA-SWM,108.0,130.0,58.0,6.2,104.2,1.1,2,1,1.193,1.054,0,130.0,0,1.1,72.51
SEC-NDLS-KOTA,465.0,130.0,275.0,14.5,128.4,16.9,10,6,1.202,1.384,0,130.0,0,16.9,332.02
SEC-SWM-GGC,64.0,120.0,48.0,5.1,60.0,7.3,5,4,1.0,1.078,1,60.0,0,7.3,74.18
SEC-GGC-BTE,120.0,110.0,98.0,9.4,105.4,37.7,1,2,1.0,1.179,0,110.0,0,37.7,78.16
SEC-BTE-MTJ,35.0,100.0,48.0,4.8,95.4,4.0,17,4,1.135,1.281,0,100.0,0,4.0,35.09
SEC-KOTA-SWM,108.0,130.0,58.0,6.2,45.0,14.9,6,5,1.0,1.167,1,45.0,0,14.9,174.68
SEC-SWM-GGC,64.0,120.0,48.0,5.1,92.5,23.9,4,6,1.0,1.06,0,120.0,0,23.9,44.8
SEC-BTE-MTJ,35.0,100.0,48.0,4.8,87.2,1.1,22,5,1.145,1.037,0,100.0,0,1.1,27.63
SEC-GGC-BTE,120.0,110.0,98.0,9.4,45.0,17.4,0,5,1.0,1.163,1,45.0,0,17.4,209.35
SEC-NDLS-KOTA,465.0,130.0,275.0,14.5,102.7,56.2,23,0,1.0,1.137,0,130.0,0,56.2,302.88
SEC-SWM-GGC,64.0,120.0,48.0,5.1,114.3,1.4,20,5,1.0,1.253,0,120.0,0,1.4,35.14
SEC-MTJ-AGC,54.0,120.0,45.0,4.2,114.8,9.3,4,6,1.061,1.098,0,120.0,0,9.3,32.24
SEC-NDLS-KOTA,465.0,130.0,275.0,14.5,127.7,6.6,1,2,1.0,1.064,0,130.0,0,6.6,257.13
SEC-KOTA-SWM,108.0,130.0,58.0,6.2,103.2,26.6,1,1,1.065,1.103,0,130.0,0,26.6,75.89
SEC-SWM-GGC,64.0,120.0,48.0,5.1,45.0,20.2,14,0,1.0,1.092,1,45.0,1,20.2,108.16
SEC-SWM-GGC,64.0,120.0,48.0,5.1,117.6,21.0,10,2,1.171,1.203,0,120.0,0,21.0,44.97
SEC-BTE-MTJ,35.0,100.0,48.0,4.8,80.9,1.7,14,3,1.0,1.108,0,100.0,0,1.7,32.58
SEC-BTE-MTJ,35.0,100.0,48.0,4.8,82.8,5.7,17,6,1.227,1.213,0,100.0,0,5.7,38.7
SEC-SWM-GGC,64.0,120.0,48.0,5.1,113.4,2.2,12,6,1.0,1.013,0,120.0,0,2.2,35.48
SEC-SWM-GGC,64.0,120.0,48.0,5.1,102.5,5.4,12,4,1.0,1.117,0,120.0,0,5.4,43.37
SEC-SWM-GGC,64.0,120.0,48.0,5.1,101.9,3.5,23,5,1.0,1.206,0,120.0,0,3.5,40.19
SEC-BTE-MTJ,35.0,100.0,48.0,4.8,88.6,20.7,2,5,1.0,1.134,0,100.0,0,20.7,32.39
SEC-GGC-BTE,120.0,110.0,98.0,9.4,108.2,2.3,0,0,1.0,1.139,0,110.0,0,2.3,86.82
SEC-SWM-GGC,64.0,120.0,48.0,5.1,98.7,3.4,10,4,1.128,1.307,0,120.0,0,3.4,59.04
SEC-SWM-GGC,64.0,120.0,48.0,5.1,104.5,16.3,1,3,1.0,1.071,0,120.0,0,16.3,51.51
SEC-MTJ-AGC,54.0,120.0,45.0,4.2,119.7,19.2,1,1,1.127,1.149,0,120.0,0,19.2,28.44
SEC-BTE-MTJ,35.0,100.0,48.0,4.8,91.2,3.1,15,0,1.143,1.061,0,100.0,0,3.1,19.95
SEC-GGC-BTE,120.0,110.0,98.0,9.4,87.0,12.5,17,4,1.0,1.324,0,110.0,0,12.5,98.78
SEC-NDLS-KOTA,465.0,130.0,275.0,14.5,30.0,1.6,17,5,1.0,1.23,1,30.0,0,1.6,1116.89
SEC-KOTA-SWM,108.0,130.0,58.0,6.2,60.0,9.3,10,3,1.0,1.136,1,60.0,0,9.3,131.28
SEC-GGC-BTE,120.0,110.0,98.0,9.4,98.5,14.8,2,2,1.169,1.167,0,110.0,0,14.8,119.33
SEC-GGC-BTE,120.0,110.0,98.0,9.4,108.6,23.8,22,4,1.0,1.031,0,110.0,0,23.8,92.04
SEC-BTE-MTJ,35.0,100.0,48.0,4.8,88.2,2.1,11,2,1.0,1.353,0,100.0,0,2.1,37.15
SEC-MTJ-AGC,54.0,120.0,45.0,4.2,114.4,3.2,12,1,1.0,1.024,0,120.0,0,3.2,25.65
SEC-SWM-GGC,64.0,120.0,48.0,5.1,99.7,22.7,9,0,1.0,1.181,0,120.0,0,22.7,54.55
SEC-MTJ-AGC,54.0,120.0,45.0,4.2,45.0,1.4,11,1,1.105,1.293,1,45.0,0,1.4,112.01
SEC-MTJ-AGC,54.0,120.0,45.0,4.2,60.0,9.9,16,1,1.125,1.099,1,60.0,0,9.9,69.94
SEC-BTE-MTJ,35.0,100.0,48.0,4.8,98.3,6.3,20,5,1.0,1.213,0,100.0,0,6.3,25.8
SEC-MTJ-AGC,54.0,120.0,45.0,4.2,103.5,9.7,9,2,1.0,1.325,0,120.0,1,9.7,51.13
SEC-KOTA-SWM,108.0,130.0,58.0,6.2,106.1,9.0,15,5,1.0,1.073,0,130.0,0,9.0,62.43
SEC-BTE-MTJ,35.0,100.0,48.0,4.8,89.7,2.5,23,6,1.0,1.15,0,100.0,1,2.5,35.79
SEC-SWM-GGC,64.0,120.0,48.0,5.1,109.6,13.1,21,6,1.0,1.485,0,120.0,1,13.1,55.44
SEC-SWM-GGC,64.0,120.0,48.0,5.1,30.0,1.8,9,0,1.0,1.29,1,30.0,0,1.8,181.6
SEC-SWM-GGC,64.0,120.0,48.0,5.1,45.0,2.8,20,6,1.052,1.206,1,45.0,1,2.8,130.51
SEC-NDLS-KOTA,465.0,130.0,275.0,14.5,97.7,6.1,17,0,1.0,1.412,0,130.0,0,6.1,402.28
SEC-SWM-GGC,64.0,120.0,48.0,5.1,45.0,17.3,18,4,1.0,1.094,1,45.0,0,17.3,118.57
SEC-MTJ-AGC,54.0,120.0,45.0,4.2,105.3,5.4,7,1,1.0,1.101,0,120.0,1,5.4,46.22
SEC-NDLS-KOTA,465.0,130.0,275.0,14.5,101.9,2.6,3,1,1.112,1.163,0,130.0,0,2.6,351.13
SEC-BTE-MTJ,35.0,100.0,48.0,4.8,77.6,41.7,22,2,1.0,1.042,0,100.0,0,41.7,28.13
SEC-KOTA-SWM,108.0,130.0,58.0,6.2,45.0,20.7,14,3,1.0,1.054,1,45.0,0,20.7,160.08
SEC-NDLS-KOTA,465.0,130.0,275.0,14.5,104.2,13.3,4,0,1.081,1.053,0,130.0,0,13.3,309.86
SEC-BTE-MTJ,35.0,100.0,48.0,4.8,76.3,31.0,2,1,1.0,1.121,0,100.0,0,31.0,35.05
SEC-BTE-MTJ,35.0,100.0,48.0,4.8,94.7,1.2,19,0,1.0,1.281,0,100.0,0,1.2,27.71
SEC-MTJ-AGC,54.0,120.0,45.0,4.2,30.0,3.1,13,2,1.144,1.006,1,30.0,0,3.1,145.42
SEC-BTE-MTJ,35.0,100.0,48.0,4.8,30.0,15.8,18,0,1.0,1.34,1,30.0,0,15.8,107.73
SEC-MTJ-AGC,54.0,120.0,45.0,4.2,45.0,8.7,6,0,1.0,1.071,1,45.0,0,8.7,82.68
SEC-GGC-BTE,120.0,110.0,98.0,9.4,90.1,16.8,1,2,1.252,1.135,0,110.0,0,16.8,108.68
SEC-NDLS-KOTA,465.0,130.0,275.0,14.5,124.4,1.2,20,1,1.0,1.23,0,130.0,1,1.2,281.99
SEC-BTE-MTJ,35.0,100.0,48.0,4.8,78.4,18.1,15,2,1.0,1.086,0,100.0,1,18.1,62.07
SEC-KOTA-SWM,108.0,130.0,58.0,6.2,115.6,4.9,0,6,1.054,1.086,0,130.0,0,4.9,61.21
SEC-SWM-GGC,64.0,120.0,48.0,5.1,60.0,6.8,13,0,1.166,1.13,1,60.0,0,6.8,86.65
SEC-NDLS-KOTA,465.0,130.0,275.0,14.5,110.3,8.8,22,3,1.0,1.116,0,130.0,0,8.8,289.29
SEC-MTJ-AGC,54.0,120.0,45.0,4.2,119.1,22.3,14,1,1.0,1.046,0,120.0,0,22.3,46.04
SEC-KOTA-SWM,108.0,130.0,58.0,6.2,118.7,8.8,21,3,1.26,1.119,0,130.0,1,8.8,98.76
SEC-MTJ-AGC,54.0,120.0,45.0,4.2,112.9,0.6,23,6,1.0,1.101,0,120.0,0,0.6,28.53
SEC-NDLS-KOTA,465.0,130.0,275.0,14.5,116.4,2.5,6,6,1.129,1.116,0,130.0,0,2.5,278.7
SEC-GGC-BTE,120.0,110.0,98.0,9.4,60.0,4.7,12,6,1.0,1.152,1,60.0,0,4.7,143.14
SEC-BTE-MTJ,35.0,100.0,48.0,4.8,77.8,7.0,12,3,1.0,1.191,0,100.0,0,7.0,38.2
SEC-KOTA-SWM,108.0,130.0,58.0,6.2,30.0,7.1,6,5,1.0,1.044,1,30.0,0,7.1,240.61
SEC-NDLS-KOTA,465.0,130.0,275.0,14.5,123.6,14.5,0,4,1.0,1.051,0,130.0,0,14.5,257.67
SEC-GGC-BTE,120.0,110.0,98.0,9.4,97.2,3.7,6,1,1.0,1.149,0,110.0,0,3.7,88.84
SEC-GGC-BTE,120.0,110.0,98.0,9.4,108.5,5.2,10,4,1.085,1.214,0,110.0,0,5.2,99.1
SEC-BTE-MTJ,35.0,100.0,48.0,4.8,92.9,4.7,17,1,1.0,1.2,0,100.0,0,4.7,29.48
SEC-MTJ-AGC,54.0,120.0,45.0,4.2,106.0,4.5,0,6,1.0,1.058,0,120.0,0,4.5,30.54
SEC-BTE-MTJ,35.0,100.0,48.0,4.8,78.1,1.5,22,1,1.0,1.065,0,100.0,0,1.5,26.32
SEC-SWM-GGC,64.0,120.0,48.0,5.1,60.0,3.3,3,1,1.0,1.115,1,60.0,0,3.3,79.33
SEC-KOTA-SWM,108.0,130.0,58.0,6.2,127.4,14.4,9,4,1.146,1.2,0,130.0,0,14.4,63.89
SEC-BTE-MTJ,35.0,100.0,48.0,4.8,90.9,3.7,6,4,1.0,1.006,0,100.0,0,3.7,35.51
SEC-KOTA-SWM,108.0,130.0,58.0,6.2,60.0,14.8,4,1,1.0,1.174,1,60.0,0,14.8,134.31
SEC-SWM-GGC,64.0,120.0,48.0,5.1,92.6,5.5,16,2,1.0,1.019,0,120.0,0,5.5,45.99
SEC-GGC-BTE,120.0,110.0,98.0,9.4,84.8,6.6,22,2,1.0,1.18,0,110.0,0,6.6,93.34
SEC-GGC-BTE,120.0,110.0,98.0,9.4,89.2,9.1,7,0,1.0,1.165,0,110.0,0,9.1,91.99
SEC-GGC-BTE,120.0,110.0,98.0,9.4,103.4,2.3,1,0,1.0,1.053,0,110.0,1,2.3,115.73
SEC-MTJ-AGC,54.0,120.0,45.0,4.2,115.5,2.6,8,2,1.095,1.115,0,120.0,0,2.6,42.7
SEC-SWM-GGC,64.0,120.0,48.0,5.1,93.1,10.1,22,1,1.0,1.092,0,120.0,1,10.1,55.98
SEC-NDLS-KOTA,465.0,130.0,275.0,14.5,30.0,6.0,3,2,1.0,1.085,1,30.0,0,6.0,1008.76
SEC-BTE-MTJ,35.0,100.0,48.0,4.8,98.3,19.0,19,1,1.0,1.157,0,100.0,0,19.0,32.16
SEC-SWM-GGC,64.0,120.0,48.0,5.1,45.0,0.5,12,2,1.159,1.075,1,45.0,0,0.5,119.7
SEC-BTE-MTJ,35.0,100.0,48.0,4.8,91.4,17.0,8,6,1.227,1.235,0,100.0,0,17.0,47.05
SEC-SWM-GGC,64.0,120.0,48.0,5.1,117.9,20.7,0,1,1.0,1.061,0,120.0,0,20.7,42.56
SEC-SWM-GGC,64.0,120.0,48.0,5.1,103.9,0.8,18,2,1.0,1.086,0,120.0,1,0.8,65.35
SEC-NDLS-KOTA,465.0,130.0,275.0,14.5,126.4,3.0,2,0,1.0,1.009,0,130.0,0,3.0,221.59
SEC-KOTA-SWM,108.0,130.0,58.0,6.2,115.9,6.8,7,4,1.0,1.024,0,130.0,0,6.8,48.86
SEC-MTJ-AGC,54.0,120.0,45.0,4.2,102.9,7.7,3,5,1.101,1.124,0,120.0,0,7.7,38.47
SEC-KOTA-SWM,108.0,130.0,58.0,6.2,117.0,14.0,12,6,1.0,1.027,0,130.0,0,14.0,53.6
SEC-BTE-MTJ,35.0,100.0,48.0,4.8,88.1,2.3,10,6,1.0,1.183,0,100.0,0,2.3,32.75
SEC-SWM-GGC,64.0,120.0,48.0,5.1,90.1,6.5,0,6,1.0,1.027,0,120.0,0,6.5,39.87
SEC-SWM-GGC,64.0,120.0,48.0,5.1,110.1,10.1,1,4,1.0,1.182,0,120.0,0,10.1,40.57
SEC-NDLS-KOTA,465.0,130.0,275.0,14.5,114.6,5.2,7,2,1.128,1.127,0,130.0,0,5.2,291.33
SEC-MTJ-AGC,54.0,120.0,45.0,4.2,45.0,6.0,15,6,1.0,1.067,1,45.0,0,6.0,87.37
SEC-BTE-MTJ,35.0,100.0,48.0,4.8,86.7,14.8,10,5,1.0,1.182,0,100.0,0,14.8,26.61
SEC-KOTA-SWM,108.0,130.0,58.0,6.2,118.8,16.5,19,2,1.0,1.162,0,130.0,0,16.5,56.74
SEC-NDLS-KOTA,465.0,130.0,275.0,14.5,118.0,8.0,23,6,1.0,1.037,0,130.0,0,8.0,226.06
SEC-GGC-BTE,120.0,110.0,98.0,9.4,97.6,0.5,4,3,1.0,1.052,0,110.0,0,0.5,87.64
SEC-MTJ-AGC,54.0,120.0,45.0,4.2,108.6,1.8,22,6,1.0,1.035,0,120.0,0,1.8,36.1
SEC-BTE-MTJ,35.0,100.0,48.0,4.8,77.2,12.5,21,6,1.0,1.142,0,100.0,0,12.5,27.42
SEC-MTJ-AGC,54.0,120.0,45.0,4.2,100.5,0.1,3,6,1.0,1.029,0,120.0,0,0.1,35.73
SEC-SWM-GGC,64.0,120.0,48.0,5.1,101.1,11.5,23,4,1.0,1.092,0,120.0,0,11.5,40.7
SEC-NDLS-KOTA,465.0,130.0,275.0,14.5,100.1,0.0,1,0,1.0,1.094,0,130.0,0,0.0,335.71
SEC-MTJ-AGC,54.0,120.0,45.0,4.2,119.0,28.7,22,4,1.0,1.103,0,120.0,0,28.7,25.65
SEC-KOTA-SWM,108.0,130.0,58.0,6.2,105.2,0.3,1,6,1.0,1.171,0,130.0,0,0.3,70.51
SEC-BTE-MTJ,35.0,100.0,48.0,4.8,92.5,40.5,9,0,1.0,1.127,0,100.0,0,40.5,19.95
SEC-KOTA-SWM,108.0,130.0,58.0,6.2,60.0,2.3,10,5,1.0,1.464,1,60.0,0,2.3,168.46
SEC-KOTA-SWM,108.0,130.0,58.0,6.2,118.4,6.3,21,4,1.095,1.137,0,130.0,0,6.3,64.09
SEC-BTE-MTJ,35.0,100.0,48.0,4.8,30.0,10.6,17,0,1.0,1.177,1,30.0,0,10.6,89.02
SEC-SWM-GGC,64.0,120.0,48.0,5.1,111.7,27.5,20,3,1.22,1.046,0,120.0,0,27.5,49.41
SEC-MTJ-AGC,54.0,120.0,45.0,4.2,96.8,9.2,23,0,1.082,1.083,0,120.0,0,9.2,36.05
SEC-MTJ-AGC,54.0,120.0,45.0,4.2,60.0,3.4,16,6,1.0,1.027,1,60.0,0,3.4,63.69
SEC-BTE-MTJ,35.0,100.0,48.0,4.8,45.0,43.4,3,0,1.246,1.185,1,45.0,0,43.4,80.99
SEC-MTJ-AGC,54.0,120.0,45.0,4.2,115.3,11.4,2,0,1.169,1.053,0,120.0,0,11.4,29.64
SEC-GGC-BTE,120.0,110.0,98.0,9.4,106.8,7.8,11,6,1.0,1.106,0,110.0,0,7.8,85.72
SEC-KOTA-SWM,108.0,130.0,58.0,6.2,108.9,4.4,23,6,1.147,1.122,0,130.0,0,4.4,68.46
SEC-SWM-GGC,64.0,120.0,48.0,5.1,115.0,0.6,22,1,1.0,1.01,0,120.0,0,0.6,30.4
SEC-BTE-MTJ,35.0,100.0,48.0,4.8,86.9,5.1,21,6,1.3,1.309,0,100.0,1,5.1,51.02
SEC-BTE-MTJ,35.0,100.0,48.0,4.8,90.2,5.9,3,5,1.0,1.05,0,100.0,0,5.9,28.63
SEC-NDLS-KOTA,465.0,130.0,275.0,14.5,111.9,27.9,20,5,1.143,1.343,0,130.0,0,27.9,389.66
SEC-GGC-BTE,120.0,110.0,98.0,9.4,90.2,6.9,18,4,1.0,1.385,0,110.0,0,6.9,95.7
SEC-KOTA-SWM,108.0,130.0,58.0,6.2,109.5,18.5,17,3,1.0,1.296,0,130.0,0,18.5,77.3
SEC-MTJ-AGC,54.0,120.0,45.0,4.2,102.5,17.1,11,3,1.0,1.207,0,120.0,0,17.1,45.07
SEC-NDLS-KOTA,465.0,130.0,275.0,14.5,107.4,9.2,22,0,1.098,1.054,0,130.0,0,9.2,292.21
SEC-MTJ-AGC,54.0,120.0,45.0,4.2,101.4,1.7,18,6,1.279,1.308,0,120.0,0,1.7,47.82
SEC-NDLS-KOTA,465.0,130.0,275.0,14.5,98.1,13.7,16,5,1.0,1.071,0,130.0,0,13.7,317.81
SEC-GGC-BTE,120.0,110.0,98.0,9.4,109.3,26.8,18,1,1.0,1.187,0,110.0,0,26.8,79.16
SEC-BTE-MTJ,35.0,100.0,48.0,4.8,90.7,9.9,7,2,1.0,1.131,0,100.0,0,9.9,32.93
SEC-GGC-BTE,120.0,110.0,98.0,9.4,97.6,2.4,23,2,1.0,1.143,0,110.0,0,2.4,86.72
SEC-GGC-BTE,120.0,110.0,98.0,9.4,89.1,21.5,11,0,1.053,1.435,0,110.0,0,21.5,118.74
SEC-SWM-GGC,64.0,120.0,48.0,5.1,95.7,9.7,14,1,1.0,1.066,0,120.0,0,9.7,41.12
SEC-BTE-MTJ,35.0,100.0,48.0,4.8,79.7,8.4,16,1,1.0,1.083,0,100.0,0,8.4,26.84
SEC-BTE-MTJ,35.0,100.0,48.0,4.8,85.8,28.0,11,0,1.13,1.19,0,100.0,0,28.0,37.85
SEC-KOTA-SWM,108.0,130.0,58.0,6.2,60.0,5.6,1,1,1.0,1.153,1,60.0,0,5.6,138.64
SEC-KOTA-SWM,108.0,130.0,58.0,6.2,128.6,6.7,4,6,1.0,1.085,0,130.0,0,6.7,58.31
SEC-SWM-GGC,64.0,120.0,48.0,5.1,105.4,9.5,14,1,1.0,1.132,0,120.0,0,9.5,47.23
SEC-GGC-BTE,120.0,110.0,98.0,9.4,100.7,13.2,8,6,1.1,1.237,0,110.0,0,13.2,95.55
SEC-BTE-MTJ,35.0,100.0,48.0,4.8,92.1,3.7,10,1,1.0,1.379,0,100.0,0,3.7,27.47
SEC-NDLS-KOTA,465.0,130.0,275.0,14.5,127.9,15.4,4,2,1.0,1.126,0,130.0,0,15.4,243.72
SEC-NDLS-KOTA,465.0,130.0,275.0,14.5,103.7,14.2,23,6,1.0,1.156,0,130.0,0,14.2,307.29
SEC-GGC-BTE,120.0,110.0,98.0,9.4,90.1,4.8,19,1,1.0,1.241,0,110.0,0,4.8,82.39
SEC-KOTA-SWM,108.0,130.0,58.0,6.2,120.0,0.1,4,4,1.294,1.169,0,130.0,0,0.1,96.87
SEC-BTE-MTJ,35.0,100.0,48.0,4.8,80.3,0.6,7,3,1.0,1.054,0,100.0,0,0.6,24.76
SEC-MTJ-AGC,54.0,120.0,45.0,4.2,95.4,23.9,5,1,1.0,1.059,0,120.0,0,23.9,44.28
SEC-GGC-BTE,120.0,110.0,98.0,9.4,60.0,3.3,23,5,1.0,1.128,1,60.0,0,3.3,155.87
SEC-MTJ-AGC,54.0,120.0,45.0,4.2,60.0,1.5,6,2,1.285,1.155,1,60.0,0,1.5,79.75
SEC-KOTA-SWM,108.0,130.0,58.0,6.2,60.0,4.2,7,6,1.0,1.03,1,60.0,0,4.2,133.95
SEC-KOTA-SWM,108.0,130.0,58.0,6.2,98.6,6.8,17,2,1.0,1.18,0,130.0,0,6.8,82.28
SEC-MTJ-AGC,54.0,120.0,45.0,4.2,45.0,1.4,15,4,1.0,1.183,1,45.0,0,1.4,89.12
SEC-BTE-MTJ,35.0,100.0,48.0,4.8,83.3,2.7,22,5,1.0,1.102,0,100.0,0,2.7,38.22
SEC-GGC-BTE,120.0,110.0,98.0,9.4,60.0,3.4,18,5,1.0,1.382,1,60.0,0,3.4,181.1
SEC-MTJ-AGC,54.0,120.0,45.0,4.2,93.5,1.9,11,2,1.0,1.265,0,120.0,0,1.9,45.13
SEC-MTJ-AGC,54.0,120.0,45.0,4.2,111.1,27.4,22,4,1.095,1.024,0,120.0,0,27.4,31.56
SEC-KOTA-SWM,108.0,130.0,58.0,6.2,108.8,18.5,22,1,1.0,1.191,0,130.0,0,18.5,68.93
SEC-BTE-MTJ,35.0,100.0,48.0,4.8,95.2,24.9,16,2,1.0,1.041,0,100.0,0,24.9,22.52
SEC-MTJ-AGC,54.0,120.0,45.0,4.2,97.5,0.2,18,0,1.0,1.244,0,120.0,0,0.2,34.47
SEC-MTJ-AGC,54.0,120.0,45.0,4.2,93.3,0.3,21,4,1.145,1.188,0,120.0,1,0.3,51.55
SEC-KOTA-SWM,108.0,130.0,58.0,6.2,109.8,2.6,5,0,1.0,1.105,0,130.0,0,2.6,60.05
SEC-SWM-GGC,64.0,120.0,48.0,5.1,118.1,15.5,11,6,1.0,1.496,0,120.0,1,15.5,65.62
SEC-GGC-BTE,120.0,110.0,98.0,9.4,95.7,8.6,23,5,1.0,1.041,0,110.0,0,8.6,70.09
SEC-GGC-BTE,120.0,110.0,98.0,9.4,103.4,8.6,7,2,1.0,1.162,0,110.0,0,8.6,73.11
SEC-BTE-MTJ,35.0,100.0,48.0,4.8,60.0,3.0,21,4,1.0,1.196,1,60.0,0,3.0,40.06
SEC-MTJ-AGC,54.0,120.0,45.0,4.2,103.7,9.3,0,1,1.0,1.11,0,120.0,0,9.3,34.96
SEC-KOTA-SWM,108.0,130.0,58.0,6.2,127.0,6.8,4,0,1.0,1.034,0,130.0,0,6.8,54.25
SEC-GGC-BTE,120.0,110.0,98.0,9.4,96.0,4.5,9,1,1.0,1.188,0,110.0,0,4.5,83.58
SEC-BTE-MTJ,35.0,100.0,48.0,4.8,76.2,19.1,10,4,1.0,1.34,0,100.0,0,19.1,33.88
SEC-GGC-BTE,120.0,110.0,98.0,9.4,92.9,13.9,11,3,1.118,1.09,0,110.0,0,13.9,104.76
SEC-BTE-MTJ,35.0,100.0,48.0,4.8,30.0,3.5,15,1,1.0,1.071,1,30.0,1,3.5,100.34
SEC-GGC-BTE,120.0,110.0,98.0,9.4,103.1,16.0,6,3,1.0,1.091,0,110.0,0,16.0,67.77
SEC-MTJ-AGC,54.0,120.0,45.0,4.2,118.2,1.6,14,1,1.0,1.214,0,120.0,0,1.6,31.43
SEC-SWM-GGC,64.0,120.0,48.0,5.1,116.6,10.4,16,3,1.0,1.163,0,120.0,0,10.4,45.94
SEC-GGC-BTE,120.0,110.0,98.0,9.4,60.0,18.3,0,6,1.0,1.124,1,60.0,1,18.3,163.83
SEC-MTJ-AGC,54.0,120.0,45.0,4.2,107.2,1.6,23,0,1.0,1.155,0,120.0,0,1.6,32.63
SEC-SWM-GGC,64.0,120.0,48.0,5.1,119.1,15.7,9,6,1.0,1.179,0,120.0,0,15.7,54.81
SEC-GGC-BTE,120.0,110.0,98.0,9.4,96.9,0.9,16,2,1.0,1.213,0,110.0,0,0.9,84.21
SEC-GGC-BTE,120.0,110.0,98.0,9.4,84.0,10.4,1,6,1.149,1.047,0,110.0,0,10.4,107.28
SEC-GGC-BTE,120.0,110.0,98.0,9.4,106.9,13.3,9,6,1.0,1.203,0,110.0,0,13.3,75.41
SEC-NDLS-KOTA,465.0,130.0,275.0,14.5,100.9,2.2,9,2,1.066,1.36,0,130.0,0,2.2,386.04
SEC-BTE-MTJ,35.0,100.0,48.0,4.8,93.3,2.9,9,2,1.184,1.224,0,100.0,0,2.9,36.23
SEC-BTE-MTJ,35.0,100.0,48.0,4.8,60.0,28.6,14,6,1.0,1.042,1,60.0,0,28.6,38.79
SEC-MTJ-AGC,54.0,120.0,45.0,4.2,112.8,4.4,10,3,1.0,1.31,0,120.0,1,4.4,49.19
SEC-BTE-MTJ,35.0,100.0,48.0,4.8,60.0,2.3,9,5,1.0,1.206,1,60.0,0,2.3,47.56
SEC-KOTA-SWM,108.0,130.0,58.0,6.2,98.1,11.4,14,2,1.0,1.037,0,130.0,1,11.4,64.66
SEC-BTE-MTJ,35.0,100.0,48.0,4.8,30.0,4.3,10,4,1.0,1.189,1,30.0,0,4.3,98.65
SEC-KOTA-SWM,108.0,130.0,58.0,6.2,109.5,2.7,1,4,1.139,1.07,0,130.0,0,2.7,79.85
SEC-GGC-BTE,120.0,110.0,98.0,9.4,90.6,0.8,19,5,1.0,1.373,0,110.0,0,0.8,92.56
SEC-SWM-GGC,64.0,120.0,48.0,5.1,110.4,0.3,8,4,1.0,1.055,0,120.0,0,0.3,32.53
SEC-NDLS-KOTA,465.0,130.0,275.0,14.5,111.8,7.3,21,2,1.0,1.369,0,130.0,0,7.3,334.43
SEC-BTE-MTJ,35.0,100.0,48.0,4.8,92.3,100.5,17,0,1.0,1.166,0,100.0,0,100.5,37.82
SEC-SWM-GGC,64.0,120.0,48.0,5.1,119.3,2.4,18,6,1.0,1.233,0,120.0,0,2.4,39.77
SEC-GGC-BTE,120.0,110.0,98.0,9.4,87.1,34.2,23,4,1.0,1.034,0,110.0,1,34.2,103.34
SEC-SWM-GGC,64.0,120.0,48.0,5.1,109.3,5.4,1,6,1.0,1.268,0,120.0,0,5.4,47.24
SEC-SWM-GGC,64.0,120.0,48.0,5.1,97.1,21.8,17,6,1.0,1.334,0,120.0,0,21.8,55.74
SEC-MTJ-AGC,54.0,120.0,45.0,4.2,118.5,6.7,1,0,1.128,1.036,0,120.0,0,6.7,30.69
SEC-KOTA-SWM,108.0,130.0,58.0,6.2,113.2,35.8,6,2,1.0,1.058,0,130.0,0,35.8,64.31
SEC-KOTA-SWM,108.0,130.0,58.0,6.2,30.0,7.1,16,2,1.0,1.104,1,30.0,0,7.1,250.56
SEC-GGC-BTE,120.0,110.0,98.0,9.4,30.0,2.9,6,6,1.0,1.083,1,30.0,1,2.9,297.24
SEC-SWM-GGC,64.0,120.0,48.0,5.1,45.0,10.4,14,0,1.195,1.036,1,45.0,0,10.4,114.3
SEC-MTJ-AGC,54.0,120.0,45.0,4.2,104.1,10.1,2,4,1.0,1.195,0,120.0,0,10.1,40.0
SEC-GGC-BTE,120.0,110.0,98.0,9.4,45.0,14.3,20,6,1.0,1.187,1,45.0,0,14.3,186.53
SEC-MTJ-AGC,54.0,120.0,45.0,4.2,90.7,7.5,23,6,1.0,1.184,0,120.0,0,7.5,34.91
SEC-NDLS-KOTA,465.0,130.0,275.0,14.5,128.9,3.8,16,3,1.115,1.049,0,130.0,0,3.8,266.86
SEC-MTJ-AGC,54.0,120.0,45.0,4.2,117.4,1.0,9,4,1.275,1.252,0,120.0,0,1.0,47.08
SEC-BTE-MTJ,35.0,100.0,48.0,4.8,95.7,11.8,22,6,1.134,1.037,0,100.0,1,11.8,29.73
SEC-MTJ-AGC,54.0,120.0,45.0,4.2,60.0,0.4,3,4,1.0,1.176,1,60.0,0,0.4,74.55
SEC-NDLS-KOTA,465.0,130.0,275.0,14.5,30.0,23.9,6,2,1.0,1.178,1,30.0,1,23.9,1092.84
SEC-SWM-GGC,64.0,120.0,48.0,5.1,93.2,4.6,1,5,1.0,1.023,0,120.0,0,4.6,53.55
SEC-NDLS-KOTA,465.0,130.0,275.0,14.5,127.2,2.7,15,3,1.0,1.103,0,130.0,0,2.7,248.84
SEC-SWM-GGC,64.0,120.0,48.0,5.1,60.0,4.3,17,0,1.0,1.116,1,60.0,0,4.3,75.52
SEC-KOTA-SWM,108.0,130.0,58.0,6.2,30.0,15.6,13,6,1.25,1.291,1,30.0,0,15.6,358.61
SEC-BTE-MTJ,35.0,100.0,48.0,4.8,88.6,1.4,11,0,1.0,1.296,0,100.0,1,1.4,58.71
SEC-BTE-MTJ,35.0,100.0,48.0,4.8,30.0,1.0,13,0,1.087,1.048,1,30.0,0,1.0,90.37
SEC-KOTA-SWM,108.0,130.0,58.0,6.2,103.8,1.7,21,5,1.0,1.342,0,130.0,0,1.7,77.37
SEC-KOTA-SWM,108.0,130.0,58.0,6.2,101.2,1.1,6,0,1.0,1.104,0,130.0,0,1.1,67.86
SEC-GGC-BTE,120.0,110.0,98.0,9.4,30.0,4.0,18,5,1.22,1.339,1,30.0,0,4.0,396.76
SEC-MTJ-AGC,54.0,120.0,45.0,4.2,114.7,4.0,10,4,1.0,1.39,0,120.0,0,4.0,41.75
SEC-NDLS-KOTA,465.0,130.0,275.0,14.5,126.5,1.1,0,4,1.0,1.108,0,130.0,0,1.1,257.22
SEC-BTE-MTJ,35.0,100.0,48.0,4.8,76.8,11.3,1,2,1.0,1.123,0,100.0,1,11.3,39.99
SEC-NDLS-KOTA,465.0,130.0,275.0,14.5,103.3,10.6,6,6,1.0,1.158,0,130.0,0,10.6,312.92
SEC-NDLS-KOTA,465.0,130.0,275.0,14.5,101.3,3.6,22,4,1.13,1.039,0,130.0,0,3.6,311.73
SEC-NDLS-KOTA,465.0,130.0,275.0,14.5,117.8,5.1,17,5,1.0,1.236,0,130.0,0,5.1,274.07
SEC-BTE-MTJ,35.0,100.0,48.0,4.8,93.5,3.9,7,2,1.0,1.095,0,100.0,0,3.9,29.48
SEC-NDLS-KOTA,465.0,130.0,275.0,14.5,100.7,14.3,12,0,1.0,1.108,0,130.0,0,14.3,270.05
SEC-BTE-MTJ,35.0,100.0,48.0,4.8,76.0,10.3,1,3,1.13,1.18,0,100.0,0,10.3,31.98
SEC-GGC-BTE,120.0,110.0,98.0,9.4,92.6,0.6,19,4,1.0,1.244,0,110.0,0,0.6,97.78
SEC-BTE-MTJ,35.0,100.0,48.0,4.8,45.0,10.1,20,0,1.0,1.283,1,45.0,1,10.1,81.62
SEC-BTE-MTJ,35.0,100.0,48.0,4.8,85.7,6.5,21,0,1.0,1.428,0,100.0,0,6.5,28.52
SEC-GGC-BTE,120.0,110.0,98.0,9.4,93.8,6.8,13,1,1.0,1.095,0,110.0,0,6.8,80.92
SEC-GGC-BTE,120.0,110.0,98.0,9.4,60.0,3.0,12,6,1.0,1.131,1,60.0,0,3.0,161.73
SEC-NDLS-KOTA,465.0,130.0,275.0,14.5,119.2,1.0,12,6,1.203,1.052,0,130.0,0,1.0,285.25
SEC-NDLS-KOTA,465.0,130.0,275.0,14.5,101.3,23.4,15,2,1.0,1.106,0,130.0,0,23.4,287.32
SEC-MTJ-AGC,54.0,120.0,45.0,4.2,107.2,11.1,12,1,1.0,1.214,0,120.0,0,11.1,39.66
SEC-GGC-BTE,120.0,110.0,98.0,9.4,88.5,2.5,12,1,1.088,1.126,0,110.0,0,2.5,107.0
SEC-SWM-GGC,64.0,120.0,48.0,5.1,98.1,32.8,19,4,1.0,1.268,0,120.0,0,32.8,42.52
SEC-MTJ-AGC,54.0,120.0,45.0,4.2,45.0,5.7,13,3,1.0,1.063,1,45.0,0,5.7,88.3
SEC-MTJ-AGC,54.0,120.0,45.0,4.2,30.0,0.3,15,6,1.0,1.066,1,30.0,0,0.3,131.4
SEC-GGC-BTE,120.0,110.0,98.0,9.4,97.5,8.3,4,1,1.0,1.085,0,110.0,0,8.3,85.53
SEC-KOTA-SWM,108.0,130.0,58.0,6.2,109.9,28.8,10,1,1.0,1.241,0,130.0,0,28.8,72.99
SEC-BTE-MTJ,35.0,100.0,48.0,4.8,79.7,0.8,19,2,1.0,1.217,0,100.0,0,0.8,32.62
SEC-NDLS-KOTA,465.0,130.0,275.0,14.5,128.3,4.1,10,6,1.0,1.416,0,130.0,0,4.1,307.79
SEC-SWM-GGC,64.0,120.0,48.0,5.1,96.7,1.0,6,6,1.0,1.311,0,120.0,0,1.0,49.63
SEC-GGC-BTE,120.0,110.0,98.0,9.4,100.1,2.3,0,2,1.0,1.115,0,110.0,0,2.3,82.31
SEC-KOTA-SWM,108.0,130.0,58.0,6.2,102.2,16.7,4,1,1.0,1.096,0,130.0,1,16.7,104.92
SEC-BTE-MTJ,35.0,100.0,48.0,4.8,83.8,4.8,8,2,1.054,1.139,0,100.0,0,4.8,24.8
SEC-MTJ-AGC,54.0,120.0,45.0,4.2,94.0,2.1,20,6,1.0,1.209,0,120.0,0,2.1,43.25
SEC-GGC-BTE,120.0,110.0,98.0,9.4,92.4,1.2,16,1,1.0,1.017,0,110.0,0,1.2,86.87
SEC-MTJ-AGC,54.0,120.0,45.0,4.2,119.7,8.5,14,6,1.0,1.042,0,120.0,0,8.5,29.28
SEC-NDLS-KOTA,465.0,130.0,275.0,14.5,126.5,9.5,4,0,1.23,1.057,0,130.0,0,9.5,288.66
SEC-KOTA-SWM,108.0,130.0,58.0,6.2,115.5,9.8,15,4,1.209,1.062,0,130.0,0,9.8,73.06
SEC-BTE-MTJ,35.0,100.0,48.0,4.8,60.0,0.7,3,5,1.0,1.033,1,60.0,0,0.7,40.77
SEC-SWM-GGC,64.0,120.0,48.0,5.1,107.4,0.2,5,3,1.0,1.034,0,120.0,0,0.2,34.3
SEC-GGC-BTE,120.0,110.0,98.0,9.4,85.5,5.0,6,5,1.0,1.07,0,110.0,0,5.0,82.71
SEC-SWM-GGC,64.0,120.0,48.0,5.1,106.0,3.3,4,3,1.0,1.054,0,120.0,0,3.3,35.75
SEC-KOTA-SWM,108.0,130.0,58.0,6.2,125.6,1.0,6,5,1.078,1.088,0,130.0,0,1.0,72.8
SEC-SWM-GGC,64.0,120.0,48.0,5.1,119.6,4.0,23,1,1.0,1.073,0,120.0,0,4.0,32.64
SEC-GGC-BTE,120.0,110.0,98.0,9.4,89.1,5.7,16,5,1.0,1.165,0,110.0,1,5.7,120.12
SEC-KOTA-SWM,108.0,130.0,58.0,6.2,113.6,4.4,8,2,1.0,1.214,0,130.0,0,4.4,60.5
SEC-GGC-BTE,120.0,110.0,98.0,9.4,100.1,1.3,5,0,1.265,1.073,0,110.0,0,1.3,114.21
SEC-GGC-BTE,120.0,110.0,98.0,9.4,91.6,23.4,22,0,1.0,1.218,0,110.0,0,23.4,102.9
SEC-BTE-MTJ,35.0,100.0,48.0,4.8,60.0,20.0,14,0,1.0,1.178,1,60.0,0,20.0,48.95
SEC-KOTA-SWM,108.0,130.0,58.0,6.2,128.5,1.7,22,3,1.0,1.068,0,130.0,0,1.7,54.98
SEC-MTJ-AGC,54.0,120.0,45.0,4.2,113.3,11.3,4,3,1.0,1.228,0,120.0,1,11.3,52.95
SEC-MTJ-AGC,54.0,120.0,45.0,4.2,94.5,23.4,2,2,1.051,1.07,0,120.0,1,23.4,69.58
SEC-GGC-BTE,120.0,110.0,98.0,9.4,107.6,2.3,2,2,1.203,1.103,0,110.0,0,2.3,83.61
SEC-GGC-BTE,120.0,110.0,98.0,9.4,97.3,8.4,9,2,1.0,1.163,0,110.0,0,8.4,86.63
SEC-BTE-MTJ,35.0,100.0,48.0,4.8,84.1,6.9,19,6,1.0,1.189,0,100.0,0,6.9,22.28
SEC-KOTA-SWM,108.0,130.0,58.0,6.2,126.4,51.8,7,2,1.111,1.031,0,130.0,0,51.8,66.23
SEC-NDLS-KOTA,465.0,130.0,275.0,14.5,122.3,1.9,2,0,1.113,1.027,0,130.0,0,1.9,249.34
SEC-SWM-GGC,64.0,120.0,48.0,5.1,95.8,10.0,9,4,1.0,1.186,0,120.0,0,10.0,49.74
SEC-BTE-MTJ,35.0,100.0,48.0,4.8,83.7,1.6,22,3,1.0,1.057,0,100.0,0,1.6,21.77
SEC-GGC-BTE,120.0,110.0,98.0,9.4,90.4,8.1,16,3,1.0,1.04,0,110.0,0,8.1,86.97
SEC-NDLS-KOTA,465.0,130.0,275.0,14.5,124.0,2.1,11,4,1.0,1.306,0,130.0,0,2.1,293.01
SEC-KOTA-SWM,108.0,130.0,58.0,6.2,110.9,58.8,16,1,1.0,1.111,0,130.0,0,58.8,68.08
SEC-NDLS-KOTA,465.0,130.0,275.0,14.5,116.1,1.8,5,1,1.0,1.041,0,130.0,0,1.8,267.78
SEC-GGC-BTE,120.0,110.0,98.0,9.4,109.2,3.0,0,2,1.0,1.153,0,110.0,0,3.0,83.03
SEC-MTJ-AGC,54.0,120.0,45.0,4.2,110.0,30.3,16,1,1.078,1.121,0,120.0,0,30.3,35.75
SEC-SWM-GGC,64.0,120.0,48.0,5.1,119.9,2.8,0,3,1.0,1.106,0,120.0,0,2.8,38.47
SEC-SWM-GGC,64.0,120.0,48.0,5.1,90.4,2.8,12,0,1.0,1.066,0,120.0,0,2.8,48.26
SEC-KOTA-SWM,108.0,130.0,58.0,6.2,116.0,1.5,17,6,1.0,1.314,0,130.0,0,1.5,59.21
SEC-BTE-MTJ,35.0,100.0,48.0,4.8,87.9,27.1,4,0,1.0,1.016,0,100.0,0,27.1,26.68
SEC-BTE-MTJ,35.0,100.0,48.0,4.8,78.0,2.5,5,3,1.0,1.009,0,100.0,0,2.5,31.2
SEC-MTJ-AGC,54.0,120.0,45.0,4.2,101.8,17.2,6,4,1.0,1.12,0,120.0,0,17.2,40.11
SEC-BTE-MTJ,35.0,100.0,48.0,4.8,94.8,21.7,13,4,1.0,1.053,0,100.0,0,21.7,24.56
SEC-NDLS-KOTA,465.0,130.0,275.0,14.5,113.6,44.0,8,4,1.0,1.366,0,130.0,0,44.0,339.18
SEC-KOTA-SWM,108.0,130.0,58.0,6.2,123.3,0.9,10,4,1.097,1.151,0,130.0,0,0.9,67.63
SEC-NDLS-KOTA,465.0,130.0,275.0,14.5,123.4,42.3,16,5,1.0,1.035,0,130.0,0,42.3,226.7
SEC-KOTA-SWM,108.0,130.0,58.0,6.2,101.8,31.2,3,0,1.15,1.043,0,130.0,0,31.2,65.44
SEC-MTJ-AGC,54.0,120.0,45.0,4.2,112.6,20.8,0,2,1.0,1.118,0,120.0,0,20.8,44.3
SEC-BTE-MTJ,35.0,100.0,48.0,4.8,76.0,7.1,3,0,1.0,1.166,0,100.0,0,7.1,32.72
SEC-MTJ-AGC,54.0,120.0,45.0,4.2,96.6,25.0,17,6,1.0,1.309,0,120.0,0,25.0,48.15
SEC-GGC-BTE,120.0,110.0,98.0,9.4,45.0,5.2,18,6,1.0,1.285,1,45.0,0,5.2,197.79
SEC-SWM-GGC,64.0,120.0,48.0,5.1,109.9,5.7,18,3,1.0,1.267,0,120.0,0,5.7,46.18
SEC-GGC-BTE,120.0,110.0,98.0,9.4,104.1,3.6,11,4,1.0,1.15,0,110.0,0,3.6,90.24
SEC-SWM-GGC,64.0,120.0,48.0,5.1,90.5,35.1,2,3,1.0,1.158,0,120.0,0,35.1,65.78
SEC-BTE-MTJ,35.0,100.0,48.0,4.8,83.1,4.1,0,4,1.0,1.19,0,100.0,0,4.1,32.18
SEC-KOTA-SWM,108.0,130.0,58.0,6.2,45.0,4.4,6,1,1.0,1.063,1,45.0,0,4.4,169.17
SEC-NDLS-KOTA,465.0,130.0,275.0,14.5,99.3,5.5,1,0,1.0,1.049,0,130.0,0,5.5,306.93
SEC-NDLS-KOTA,465.0,130.0,275.0,14.5,107.7,2.5,9,2,1.0,1.323,0,130.0,0,2.5,317.61
SEC-KOTA-SWM,108.0,130.0,58.0,6.2,125.4,1.2,2,2,1.203,1.154,0,130.0,1,1.2,72.92
SEC-BTE-MTJ,35.0,100.0,48.0,4.8,95.2,9.5,12,0,1.11,1.058,0,100.0,0,9.5,22.9
SEC-GGC-BTE,120.0,110.0,98.0,9.4,98.7,12.0,22,4,1.0,1.081,0,110.0,0,12.0,89.88
SEC-BTE-MTJ,35.0,100.0,48.0,4.8,81.7,9.0,2,2,1.28,1.003,0,100.0,0,9.0,30.6
SEC-GGC-BTE,120.0,110.0,98.0,9.4,109.8,6.3,14,4,1.181,1.081,0,110.0,0,6.3,81.89
SEC-KOTA-SWM,108.0,130.0,58.0,6.2,30.0,4.2,1,4,1.0,1.052,1,30.0,0,4.2,246.4
SEC-GGC-BTE,120.0,110.0,98.0,9.4,60.0,1.9,9,1,1.0,1.447,1,60.0,0,1.9,177.24
SEC-GGC-BTE,120.0,110.0,98.0,9.4,90.2,5.3,5,2,1.253,1.121,0,110.0,0,5.3,125.43
SEC-MTJ-AGC,54.0,120.0,45.0,4.2,117.2,10.6,11,2,1.182,1.257,0,120.0,0,10.6,29.96
SEC-GGC-BTE,120.0,110.0,98.0,9.4,87.4,2.5,14,0,1.0,1.082,0,110.0,0,2.5,82.44
SEC-GGC-BTE,120.0,110.0,98.0,9.4,86.4,23.6,21,3,1.0,1.168,0,110.0,0,23.6,90.12
SEC-BTE-MTJ,35.0,100.0,48.0,4.8,80.4,26.8,13,4,1.0,1.064,0,100.0,0,26.8,27.83
SEC-GGC-BTE,120.0,110.0,98.0,9.4,98.5,10.5,2,0,1.252,1.118,0,110.0,0,10.5,98.89
SEC-SWM-GGC,64.0,120.0,48.0,5.1,98.1,11.9,16,3,1.184,1.139,0,120.0,0,11.9,46.96
SEC-BTE-MTJ,35.0,100.0,48.0,4.8,75.8,7.0,9,6,1.0,1.273,0,100.0,0,7.0,42.95
SEC-SWM-GGC,64.0,120.0,48.0,5.1,104.6,16.3,8,3,1.0,1.303,0,120.0,0,16.3,41.27
SEC-GGC-BTE,120.0,110.0,98.0,9.4,98.2,4.5,11,4,1.0,1.472,0,110.0,0,4.5,98.05
SEC-GGC-BTE,120.0,110.0,98.0,9.4,97.3,24.6,20,5,1.0,1.35,0,110.0,0,24.6,105.53
SEC-MTJ-AGC,54.0,120.0,45.0,4.2,95.8,4.4,2,2,1.0,1.118,0,120.0,0,4.4,40.84
SEC-GGC-BTE,120.0,110.0,98.0,9.4,60.0,10.7,8,6,1.0,1.39,1,60.0,0,10.7,177.87
SEC-SWM-GGC,64.0,120.0,48.0,5.1,103.9,1.5,7,3,1.0,1.044,0,120.0,1,1.5,47.82
SEC-MTJ-AGC,54.0,120.0,45.0,4.2,109.4,6.5,23,4,1.0,1.061,0,120.0,0,6.5,25.93
SEC-SWM-GGC,64.0,120.0,48.0,5.1,91.1,47.5,0,1,1.0,1.016,0,120.0,0,47.5,41.13
SEC-GGC-BTE,120.0,110.0,98.0,9.4,84.3,2.1,16,0,1.0,1.026,0,110.0,0,2.1,97.16
SEC-GGC-BTE,120.0,110.0,98.0,9.4,90.2,11.0,18,1,1.0,1.432,0,110.0,0,11.0,111.92
SEC-SWM-GGC,64.0,120.0,48.0,5.1,90.6,7.0,23,4,1.0,1.104,0,120.0,0,7.0,54.76
SEC-KOTA-SWM,108.0,130.0,58.0,6.2,123.6,0.2,14,1,1.0,1.122,0,130.0,0,0.2,61.58
SEC-MTJ-AGC,54.0,120.0,45.0,4.2,111.6,2.9,12,1,1.0,1.134,0,120.0,0,2.9,36.99
SEC-NDLS-KOTA,465.0,130.0,275.0,14.5,45.0,25.8,1,6,1.0,1.131,1,45.0,0,25.8,709.57
SEC-BTE-MTJ,35.0,100.0,48.0,4.8,89.3,3.4,13,1,1.0,1.027,0,100.0,0,3.4,19.95
SEC-GGC-BTE,120.0,110.0,98.0,9.4,87.8,2.6,8,5,1.229,1.154,0,110.0,0,2.6,115.99
SEC-MTJ-AGC,54.0,120.0,45.0,4.2,117.6,0.6,1,1,1.0,1.059,0,120.0,0,0.6,30.23
SEC-BTE-MTJ,35.0,100.0,48.0,4.8,75.0,9.5,19,3,1.0,1.175,0,100.0,0,9.5,33.52
SEC-BTE-MTJ,35.0,100.0,48.0,4.8,30.0,4.4,9,6,1.129,1.33,1,30.0,1,4.4,124.14
SEC-GGC-BTE,120.0,110.0,98.0,9.4,60.0,19.7,1,3,1.094,1.166,1,60.0,0,19.7,173.74
SEC-SWM-GGC,64.0,120.0,48.0,5.1,105.3,0.8,18,3,1.0,1.276,0,120.0,0,0.8,37.82
SEC-KOTA-SWM,108.0,130.0,58.0,6.2,110.4,5.8,0,3,1.0,1.118,0,130.0,0,5.8,62.77
SEC-MTJ-AGC,54.0,120.0,45.0,4.2,92.1,2.1,11,2,1.0,1.342,0,120.0,0,2.1,38.0
SEC-NDLS-KOTA,465.0,130.0,275.0,14.5,101.5,1.3,11,5,1.145,1.114,0,130.0,0,1.3,364.39
SEC-GGC-BTE,120.0,110.0,98.0,9.4,96.8,7.3,0,5,1.0,1.059,0,110.0,0,7.3,87.38
SEC-NDLS-KOTA,465.0,130.0,275.0,14.5,124.2,6.3,15,0,1.0,1.067,0,130.0,0,6.3,225.35
SEC-KOTA-SWM,108.0,130.0,58.0,6.2,123.1,3.9,19,1,1.0,1.398,0,130.0,0,3.9,72.03
SEC-BTE-MTJ,35.0,100.0,48.0,4.8,86.5,6.8,3,1,1.0,1.024,0,100.0,0,6.8,19.95
SEC-BTE-MTJ,35.0,100.0,48.0,4.8,99.8,3.2,9,5,1.0,1.221,0,100.0,0,3.2,26.01
SEC-GGC-BTE,120.0,110.0,98.0,9.4,86.4,0.2,13,4,1.0,1.058,0,110.0,0,0.2,72.27
SEC-NDLS-KOTA,465.0,130.0,275.0,14.5,45.0,1.8,15,4,1.0,1.039,1,45.0,0,1.8,643.76
SEC-NDLS-KOTA,465.0,130.0,275.0,14.5,45.0,6.3,13,2,1.0,1.046,1,45.0,0,6.3,653.52
SEC-MTJ-AGC,54.0,120.0,45.0,4.2,112.5,2.5,20,2,1.0,1.153,0,120.0,0,2.5,32.1
SEC-NDLS-KOTA,465.0,130.0,275.0,14.5,106.1,13.0,7,2,1.0,1.127,0,130.0,0,13.0,286.82
SEC-SWM-GGC,64.0,120.0,48.0,5.1,45.0,3.3,21,2,1.0,1.34,1,45.0,0,3.3,125.56
SEC-GGC-BTE,120.0,110.0,98.0,9.4,30.0,34.0,5,4,1.0,1.073,1,30.0,0,34.0,271.58
SEC-KOTA-SWM,108.0,130.0,58.0,6.2,124.4,24.2,21,6,1.0,1.128,0,130.0,0,24.2,67.52
SEC-MTJ-AGC,54.0,120.0,45.0,4.2,103.3,4.6,16,2,1.0,1.1,0,120.0,0,4.6,31.33
SEC-SWM-GGC,64.0,120.0,48.0,5.1,115.3,2.7,1,4,1.0,1.207,0,120.0,0,2.7,37.16
SEC-KOTA-SWM,108.0,130.0,58.0,6.2,103.0,37.3,0,1,1.203,1.106,0,130.0,1,37.3,99.88
SEC-NDLS-KOTA,465.0,130.0,275.0,14.5,109.3,9.9,22,6,1.0,1.025,0,130.0,0,9.9,290.2
SEC-MTJ-AGC,54.0,120.0,45.0,4.2,90.4,14.0,11,1,1.0,1.403,0,120.0,1,14.0,53.12
SEC-BTE-MTJ,35.0,100.0,48.0,4.8,83.6,1.0,21,4,1.0,1.378,0,100.0,1,1.0,45.64
SEC-KOTA-SWM,108.0,130.0,58.0,6.2,110.3,25.7,7,2,1.095,1.091,0,130.0,0,25.7,95.88
SEC-GGC-BTE,120.0,110.0,98.0,9.4,106.2,10.9,19,5,1.0,1.037,0,110.0,0,10.9,65.21
SEC-NDLS-KOTA,465.0,130.0,275.0,14.5,102.7,16.1,5,5,1.0,1.14,0,130.0,1,16.1,328.68
SEC-BTE-MTJ,35.0,100.0,48.0,4.8,77.7,1.0,11,1,1.0,1.172,0,100.0,0,1.0,28.33
SEC-KOTA-SWM,108.0,130.0,58.0,6.2,111.2,3.6,6,0,1.0,1.103,0,130.0,0,3.6,63.89
SEC-MTJ-AGC,54.0,120.0,45.0,4.2,106.3,10.8,12,4,1.0,1.117,0,120.0,0,10.8,26.99
SEC-MTJ-AGC,54.0,120.0,45.0,4.2,101.0,12.0,1,4,1.0,1.056,0,120.0,0,12.0,38.56
SEC-BTE-MTJ,35.0,100.0,48.0,4.8,82.2,1.8,9,5,1.0,1.207,0,100.0,0,1.8,32.68
SEC-GGC-BTE,120.0,110.0,98.0,9.4,95.5,21.3,19,3,1.134,1.303,0,110.0,0,21.3,95.26
SEC-MTJ-AGC,54.0,120.0,45.0,4.2,93.9,1.9,10,5,1.0,1.373,0,120.0,0,1.9,42.24
SEC-NDLS-KOTA,465.0,130.0,275.0,14.5,127.1,5.1,17,1,1.0,1.275,0,130.0,0,5.1,259.27
SEC-KOTA-SWM,108.0,130.0,58.0,6.2,129.0,14.3,13,2,1.131,1.105,0,130.0,0,14.3,73.31
SEC-SWM-GGC,64.0,120.0,48.0,5.1,110.0,4.3,5,6,1.0,1.033,0,120.0,0,4.3,46.76
SEC-BTE-MTJ,35.0,100.0,48.0,4.8,83.9,26.4,21,5,1.0,1.322,0,100.0,0,26.4,42.11
SEC-NDLS-KOTA,465.0,130.0,275.0,14.5,123.1,4.6,18,3,1.0,1.415,0,130.0,0,4.6,309.66
SEC-SWM-GGC,64.0,120.0,48.0,5.1,45.0,21.2,23,4,1.0,1.27,1,45.0,1,21.2,137.94
SEC-BTE-MTJ,35.0,100.0,48.0,4.8,79.8,10.4,9,4,1.0,1.435,0,100.0,0,10.4,34.92
SEC-BTE-MTJ,35.0,100.0,48.0,4.8,81.1,12.1,18,1,1.0,1.164,0,100.0,0,12.1,33.59
SEC-SWM-GGC,64.0,120.0,48.0,5.1,119.6,12.6,0,3,1.16,1.113,0,120.0,0,12.6,44.2
SEC-SWM-GGC,64.0,120.0,48.0,5.1,117.1,12.1,19,5,1.089,1.274,0,120.0,0,12.1,42.19
SEC-BTE-MTJ,35.0,100.0,48.0,4.8,93.7,7.7,2,6,1.0,1.088,0,100.0,0,7.7,19.95
SEC-GGC-BTE,120.0,110.0,98.0,9.4,87.0,17.7,10,2,1.0,1.323,0,110.0,0,17.7,82.53
SEC-BTE-MTJ,35.0,100.0,48.0,4.8,77.6,27.4,5,2,1.0,1.229,0,100.0,0,27.4,40.87
SEC-SWM-GGC,64.0,120.0,48.0,5.1,115.6,17.1,23,4,1.052,1.074,0,120.0,0,17.1,40.43
SEC-NDLS-KOTA,465.0,130.0,275.0,14.5,122.4,15.4,22,2,1.1,1.062,0,130.0,0,15.4,269.64
SEC-BTE-MTJ,35.0,100.0,48.0,4.8,81.9,13.9,22,5,1.0,1.034,0,100.0,0,13.9,26.13
SEC-NDLS-KOTA,465.0,130.0,275.0,14.5,104.5,4.0,13,3,1.0,1.168,0,130.0,0,4.0,267.64
SEC-GGC-BTE,120.0,110.0,98.0,9.4,103.8,10.8,3,1,1.0,1.004,0,110.0,0,10.8,96.44
SEC-KOTA-SWM,108.0,130.0,58.0,6.2,115.4,42.1,14,3,1.0,1.04,0,130.0,0,42.1,70.36
SEC-KOTA-SWM,108.0,130.0,58.0,6.2,129.0,11.1,4,3,1.0,1.101,0,130.0,0,11.1,55.29
SEC-SWM-GGC,64.0,120.0,48.0,5.1,111.8,4.1,11,0,1.0,1.248,0,120.0,0,4.1,30.4
SEC-MTJ-AGC,54.0,120.0,45.0,4.2,90.5,21.9,1,0,1.0,1.027,0,120.0,0,21.9,48.33
SEC-SWM-GGC,64.0,120.0,48.0,5.1,97.7,1.4,19,2,1.135,1.325,0,120.0,0,1.4,66.49
SEC-NDLS-KOTA,465.0,130.0,275.0,14.5,107.7,2.9,13,4,1.198,1.066,0,130.0,0,2.9,338.92
SEC-MTJ-AGC,54.0,120.0,45.0,4.2,99.4,12.2,15,5,1.248,1.078,0,120.0,0,12.2,32.62
SEC-BTE-MTJ,35.0,100.0,48.0,4.8,79.2,6.4,11,6,1.0,1.223,0,100.0,0,6.4,36.03
SEC-BTE-MTJ,35.0,100.0,48.0,4.8,85.1,0.9,13,6,1.0,1.014,0,100.0,1,0.9,30.56
SEC-SWM-GGC,64.0,120.0,48.0,5.1,97.1,5.7,21,3,1.0,1.327,0,120.0,1,5.7,59.13
SEC-GGC-BTE,120.0,110.0,98.0,9.4,84.4,0.2,18,1,1.0,1.276,0,110.0,0,0.2,118.49
SEC-BTE-MTJ,35.0,100.0,48.0,4.8,98.0,4.2,21,1,1.078,1.405,0,100.0,0,4.2,27.88
SEC-BTE-MTJ,35.0,100.0,48.0,4.8,99.7,0.4,16,4,1.0,1.105,0,100.0,0,0.4,22.93
SEC-SWM-GGC,64.0,120.0,48.0,5.1,45.0,1.7,17,1,1.0,1.378,1,45.0,0,1.7,119.82
SEC-KOTA-SWM,108.0,130.0,58.0,6.2,110.8,9.0,12,2,1.0,1.031,0,130.0,0,9.0,61.95
SEC-KOTA-SWM,108.0,130.0,58.0,6.2,103.0,13.6,22,1,1.252,1.043,0,130.0,0,13.6,98.65
SEC-NDLS-KOTA,465.0,130.0,275.0,14.5,106.0,7.3,21,5,1.073,1.251,0,130.0,0,7.3,335.66
SEC-MTJ-AGC,54.0,120.0,45.0,4.2,97.7,0.3,2,4,1.0,1.078,0,120.0,0,0.3,28.21
SEC-GGC-BTE,120.0,110.0,98.0,9.4,91.3,7.2,16,0,1.119,1.166,0,110.0,0,7.2,98.0
SEC-MTJ-AGC,54.0,120.0,45.0,4.2,98.1,0.0,8,6,1.091,1.17,0,120.0,0,0.0,38.97
SEC-MTJ-AGC,54.0,120.0,45.0,4.2,93.1,2.8,2,1,1.0,1.056,0,120.0,0,2.8,31.86
SEC-SWM-GGC,64.0,120.0,48.0,5.1,91.6,6.3,4,5,1.145,1.138,0,120.0,0,6.3,46.93
SEC-MTJ-AGC,54.0,120.0,45.0,4.2,107.6,1.2,17,1,1.108,1.374,0,120.0,0,1.2,40.86
SEC-GGC-BTE,120.0,110.0,98.0,9.4,93.3,25.5,13,1,1.0,1.089,0,110.0,0,25.5,97.65
SEC-GGC-BTE,120.0,110.0,98.0,9.4,87.3,10.0,14,6,1.064,1.079,0,110.0,0,10.0,91.16
SEC-BTE-MTJ,35.0,100.0,48.0,4.8,80.2,2.2,14,5,1.0,1.055,0,100.0,0,2.2,29.61
SEC-KOTA-SWM,108.0,130.0,58.0,6.2,103.0,0.9,18,4,1.0,1.152,0,130.0,0,0.9,79.32
SEC-GGC-BTE,120.0,110.0,98.0,9.4,105.4,6.4,12,2,1.0,1.061,0,110.0,0,6.4,65.17
SEC-MTJ-AGC,54.0,120.0,45.0,4.2,119.8,12.4,12,6,1.096,1.198,0,120.0,0,12.4,33.95
SEC-GGC-BTE,120.0,110.0,98.0,9.4,94.1,7.3,8,6,1.211,1.039,0,110.0,0,7.3,108.7
SEC-BTE-MTJ,35.0,100.0,48.0,4.8,87.0,20.4,2,0,1.0,1.083,0,100.0,0,20.4,20.36
SEC-KOTA-SWM,108.0,130.0,58.0,6.2,110.5,0.0,21,6,1.0,1.167,0,130.0,0,0.0,62.07
SEC-BTE-MTJ,35.0,100.0,48.0,4.8,45.0,14.1,15,1,1.0,1.045,1,45.0,0,14.1,46.47
SEC-BTE-MTJ,35.0,100.0,48.0,4.8,87.5,12.8,8,0,1.275,1.282,0,100.0,1,12.8,49.95
SEC-GGC-BTE,120.0,110.0,98.0,9.4,107.1,0.4,9,5,1.053,1.183,0,110.0,0,0.4,101.84
SEC-NDLS-KOTA,465.0,130.0,275.0,14.5,124.5,13.2,8,6,1.0,1.176,0,130.0,0,13.2,221.2
SEC-SWM-GGC,64.0,120.0,48.0,5.1,116.5,10.7,21,6,1.0,1.289,0,120.0,0,10.7,44.82
SEC-SWM-GGC,64.0,120.0,48.0,5.1,94.3,1.6,14,4,1.0,1.047,0,120.0,1,1.6,65.81
SEC-NDLS-KOTA,465.0,130.0,275.0,14.5,117.1,9.6,23,1,1.191,1.041,0,130.0,0,9.6,284.26
SEC-MTJ-AGC,54.0,120.0,45.0,4.2,116.3,15.5,8,4,1.0,1.404,0,120.0,0,15.5,52.23
SEC-GGC-BTE,120.0,110.0,98.0,9.4,107.2,9.1,3,2,1.215,1.251,0,110.0,0,9.1,104.06
SEC-KOTA-SWM,108.0,130.0,58.0,6.2,60.0,11.8,1,0,1.0,1.074,1,60.0,0,11.8,125.54
SEC-GGC-BTE,120.0,110.0,98.0,9.4,30.0,4.3,22,0,1.131,1.109,1,30.0,0,4.3,298.32
SEC-NDLS-KOTA,465.0,130.0,275.0,14.5,110.7,8.2,18,4,1.0,1.355,0,130.0,1,8.2,316.69
SEC-SWM-GGC,64.0,120.0,48.0,5.1,98.9,10.5,20,0,1.0,1.13,0,120.0,0,10.5,35.52
SEC-BTE-MTJ,35.0,100.0,48.0,4.8,94.2,5.7,2,5,1.0,1.052,0,100.0,0,5.7,19.97
SEC-BTE-MTJ,35.0,100.0,48.0,4.8,89.7,14.1,16,6,1.269,1.023,0,100.0,0,14.1,27.94
SEC-KOTA-SWM,108.0,130.0,58.0,6.2,101.2,10.7,15,5,1.0,1.064,0,130.0,0,10.7,73.11
SEC-KOTA-SWM,108.0,130.0,58.0,6.2,60.0,5.7,17,0,1.0,1.376,1,60.0,0,5.7,161.34
SEC-NDLS-KOTA,465.0,130.0,275.0,14.5,30.0,5.5,23,6,1.0,1.165,1,30.0,0,5.5,1062.07
SEC-SWM-GGC,64.0,120.0,48.0,5.1,92.6,20.2,11,3,1.182,1.162,0,120.0,0,20.2,64.21
SEC-GGC-BTE,120.0,110.0,98.0,9.4,99.0,4.4,11,4,1.0,1.099,0,110.0,0,4.4,86.25
SEC-KOTA-SWM,108.0,130.0,58.0,6.2,30.0,6.0,11,4,1.0,1.125,1,30.0,0,6.0,256.44
SEC-BTE-MTJ,35.0,100.0,48.0,4.8,76.4,2.9,6,0,1.0,1.088,0,100.0,0,2.9,25.63
SEC-MTJ-AGC,54.0,120.0,45.0,4.2,30.0,2.3,23,2,1.0,1.261,1,30.0,1,2.3,165.62
SEC-KOTA-SWM,108.0,130.0,58.0,6.2,105.5,15.8,3,3,1.0,1.016,0,130.0,0,15.8,60.54
SEC-NDLS-KOTA,465.0,130.0,275.0,14.5,104.6,11.2,9,3,1.0,1.092,0,130.0,1,11.2,302.26
SEC-BTE-MTJ,35.0,100.0,48.0,4.8,76.8,6.3,4,3,1.0,1.118,0,100.0,0,6.3,24.61
SEC-SWM-GGC,64.0,120.0,48.0,5.1,112.2,1.4,12,6,1.0,1.166,0,120.0,0,1.4,49.94
SEC-SWM-GGC,64.0,120.0,48.0,5.1,95.8,0.5,10,4,1.0,1.188,0,120.0,0,0.5,47.91
SEC-SWM-GGC,64.0,120.0,48.0,5.1,30.0,8.0,4,3,1.0,1.1,1,30.0,0,8.0,156.16
SEC-GGC-BTE,120.0,110.0,98.0,9.4,95.4,15.1,23,0,1.0,1.094,0,110.0,0,15.1,85.71
SEC-MTJ-AGC,54.0,120.0,45.0,4.2,60.0,10.0,21,3,1.0,1.284,1,60.0,1,10.0,79.06
SEC-NDLS-KOTA,465.0,130.0,275.0,14.5,99.7,5.2,2,1,1.0,1.062,0,130.0,0,5.2,291.8
SEC-MTJ-AGC,54.0,120.0,45.0,4.2,92.0,5.0,19,1,1.066,1.449,0,120.0,0,5.0,54.12
SEC-BTE-MTJ,35.0,100.0,48.0,4.8,82.7,7.6,7,6,1.0,1.157,0,100.0,0,7.6,24.48
SEC-BTE-MTJ,35.0,100.0,48.0,4.8,96.4,24.6,9,5,1.0,1.427,0,100.0,1,24.6,48.6
SEC-NDLS-KOTA,465.0,130.0,275.0,14.5,30.0,0.0,14,4,1.0,1.149,1,30.0,0,0.0,1063.35
SEC-KOTA-SWM,108.0,130.0,58.0,6.2,102.9,5.1,8,1,1.0,1.316,0,130.0,0,5.1,60.24
SEC-MTJ-AGC,54.0,120.0,45.0,4.2,116.1,6.2,21,2,1.0,1.101,0,120.0,0,6.2,25.65
SEC-NDLS-KOTA,465.0,130.0,275.0,14.5,123.0,2.9,20,0,1.0,1.132,0,130.0,0,2.9,245.39
SEC-NDLS-KOTA,465.0,130.0,275.0,14.5,108.7,10.9,1,4,1.0,1.16,0,130.0,0,10.9,306.09
SEC-KOTA-SWM,108.0,130.0,58.0,6.2,45.0,8.3,13,1,1.107,1.116,1,45.0,0,8.3,188.25
SEC-SWM-GGC,64.0,120.0,48.0,5.1,60.0,10.4,6,3,1.0,1.115,1,60.0,0,10.4,87.94
SEC-NDLS-KOTA,465.0,130.0,275.0,14.5,129.8,1.1,12,6,1.292,1.151,0,130.0,0,1.1,328.73
SEC-MTJ-AGC,54.0,120.0,45.0,4.2,60.0,5.1,4,0,1.121,1.047,1,60.0,0,5.1,70.7
SEC-KOTA-SWM,108.0,130.0,58.0,6.2,116.7,4.0,10,5,1.0,1.375,0,130.0,0,4.0,67.23
SEC-KOTA-SWM,108.0,130.0,58.0,6.2,120.6,24.8,6,5,1.12,1.184,0,130.0,1,24.8,94.79
SEC-SWM-GGC,64.0,120.0,48.0,5.1,108.8,7.2,12,4,1.0,1.124,0,120.0,0,7.2,44.38
SEC-BTE-MTJ,35.0,100.0,48.0,4.8,78.4,7.6,3,3,1.255,1.144,0,100.0,0,7.6,35.67
SEC-NDLS-KOTA,465.0,130.0,275.0,14.5,111.4,9.3,22,0,1.205,1.081,0,130.0,0,9.3,319.33
SEC-BTE-MTJ,35.0,100.0,48.0,4.8,75.0,25.4,2,6,1.0,1.017,0,100.0,0,25.4,25.44
SEC-BTE-MTJ,35.0,100.0,48.0,4.8,77.7,3.5,6,3,1.0,1.03,0,100.0,0,3.5,37.32
SEC-SWM-GGC,64.0,120.0,48.0,5.1,95.5,6.6,23,2,1.0,1.103,0,120.0,0,6.6,38.77
SEC-SWM-GGC,64.0,120.0,48.0,5.1,111.5,21.9,4,5,1.0,1.075,0,120.0,0,21.9,39.2
SEC-GGC-BTE,120.0,110.0,98.0,9.4,99.3,12.9,11,0,1.0,1.126,0,110.0,0,12.9,77.65
SEC-MTJ-AGC,54.0,120.0,45.0,4.2,92.5,2.2,10,3,1.0,1.38,0,120.0,0,2.2,41.69
SEC-MTJ-AGC,54.0,120.0,45.0,4.2,60.0,9.5,5,3,1.0,1.131,1,60.0,0,9.5,61.18
SEC-NDLS-KOTA,465.0,130.0,275.0,14.5,110.8,3.9,3,4,1.0,1.163,0,130.0,1,3.9,271.44
SEC-BTE-MTJ,35.0,100.0,48.0,4.8,97.5,1.1,7,3,1.146,1.16,0,100.0,1,1.1,54.49
SEC-BTE-MTJ,35.0,100.0,48.0,4.8,79.5,11.7,0,6,1.0,1.153,0,100.0,1,11.7,48.62
SEC-KOTA-SWM,108.0,130.0,58.0,6.2,30.0,2.0,15,5,1.0,1.016,1,30.0,0,2.0,234.23
SEC-MTJ-AGC,54.0,120.0,45.0,4.2,97.8,11.0,21,5,1.0,1.078,0,120.0,0,11.0,34.21
SEC-NDLS-KOTA,465.0,130.0,275.0,14.5,125.7,13.9,2,2,1.0,1.043,0,130.0,0,13.9,231.64
SEC-NDLS-KOTA,465.0,130.0,275.0,14.5,111.4,24.0,3,4,1.0,1.206,0,130.0,0,24.0,283.16
SEC-GGC-BTE,120.0,110.0,98.0,9.4,99.3,6.4,0,3,1.0,1.067,0,110.0,0,6.4,73.58
SEC-MTJ-AGC,54.0,120.0,45.0,4.2,100.6,2.9,18,5,1.0,1.354,0,120.0,0,2.9,33.52
SEC-NDLS-KOTA,465.0,130.0,275.0,14.5,127.5,12.8,6,2,1.0,1.101,0,130.0,0,12.8,246.88
SEC-MTJ-AGC,54.0,120.0,45.0,4.2,99.6,11.7,21,3,1.073,1.139,0,120.0,0,11.7,44.08
SEC-SWM-GGC,64.0,120.0,48.0,5.1,45.0,0.4,1,0,1.0,1.046,1,45.0,0,0.4,108.09
SEC-MTJ-AGC,54.0,120.0,45.0,4.2,93.0,8.3,16,3,1.0,1.016,0,120.0,0,8.3,42.12
SEC-MTJ-AGC,54.0,120.0,45.0,4.2,106.5,1.9,3,3,1.0,1.092,0,120.0,0,1.9,42.63
SEC-GGC-BTE,120.0,110.0,98.0,9.4,82.5,16.8,14,4,1.0,1.084,0,110.0,0,16.8,90.74
SEC-SWM-GGC,64.0,120.0,48.0,5.1,96.4,3.8,20,4,1.0,1.301,0,120.0,0,3.8,50.45
SEC-BTE-MTJ,35.0,100.0,48.0,4.8,98.2,17.2,15,6,1.0,1.101,0,100.0,0,17.2,23.79
SEC-NDLS-KOTA,465.0,130.0,275.0,14.5,119.2,7.8,22,3,1.101,1.027,0,130.0,0,7.8,264.96
SEC-GGC-BTE,120.0,110.0,98.0,9.4,96.1,8.0,3,4,1.0,1.157,0,110.0,0,8.0,71.67
SEC-SWM-GGC,64.0,120.0,48.0,5.1,91.2,27.3,7,5,1.0,1.15,0,120.0,0,27.3,46.4
SEC-NDLS-KOTA,465.0,130.0,275.0,14.5,60.0,5.2,10,5,1.0,1.336,1,60.0,0,5.2,610.99
SEC-KOTA-SWM,108.0,130.0,58.0,6.2,60.0,14.2,7,2,1.09,1.21,1,60.0,0,14.2,154.83
SEC-MTJ-AGC,54.0,120.0,45.0,4.2,96.2,6.6,8,6,1.0,1.232,0,120.0,0,6.6,33.53
SEC-KOTA-SWM,108.0,130.0,58.0,6.2,127.3,8.4,17,1,1.0,1.386,0,130.0,0,8.4,68.01
SEC-SWM-GGC,64.0,120.0,48.0,5.1,108.8,5.4,3,3,1.0,1.029,0,120.0,0,5.4,44.72
SEC-KOTA-SWM,108.0,130.0,58.0,6.2,115.0,9.1,2,3,1.0,1.132,0,130.0,0,9.1,62.45
SEC-KOTA-SWM,108.0,130.0,58.0,6.2,113.0,7.0,18,5,1.0,1.316,0,130.0,0,7.0,59.2
SEC-MTJ-AGC,54.0,120.0,45.0,4.2,107.3,7.9,20,0,1.0,1.304,0,120.0,0,7.9,44.73
SEC-GGC-BTE,120.0,110.0,98.0,9.4,83.6,5.7,18,0,1.0,1.436,0,110.0,0,5.7,108.96
SEC-KOTA-SWM,108.0,130.0,58.0,6.2,100.0,0.3,9,5,1.0,1.205,0,130.0,0,0.3,67.15
SEC-NDLS-KOTA,465.0,130.0,275.0,14.5,60.0,2.2,22,2,1.0,1.115,1,60.0,0,2.2,562.61
SEC-KOTA-SWM,108.0,130.0,58.0,6.2,30.0,21.7,1,4,1.0,1.113,1,30.0,0,21.7,260.87
SEC-MTJ-AGC,54.0,120.0,45.0,4.2,100.0,7.3,11,3,1.0,1.379,0,120.0,0,7.3,47.39
SEC-GGC-BTE,120.0,110.0,98.0,9.4,93.3,14.0,17,3,1.075,1.215,0,110.0,0,14.0,91.18
SEC-BTE-MTJ,35.0,100.0,48.0,4.8,78.3,1.1,10,2,1.0,1.307,0,100.0,0,1.1,30.57
SEC-BTE-MTJ,35.0,100.0,48.0,4.8,60.0,10.6,20,2,1.0,1.198,1,60.0,1,10.6,60.98
SEC-GGC-BTE,120.0,110.0,98.0,9.4,89.3,5.9,23,4,1.0,1.163,0,110.0,0,5.9,92.7
SEC-KOTA-SWM,108.0,130.0,58.0,6.2,104.8,8.5,3,0,1.0,1.209,0,130.0,1,8.5,92.41
SEC-MTJ-AGC,54.0,120.0,45.0,4.2,108.0,18.3,19,3,1.0,1.222,0,120.0,0,18.3,43.53
SEC-MTJ-AGC,54.0,120.0,45.0,4.2,96.4,11.0,18,1,1.0,1.195,0,120.0,0,11.0,37.95
SEC-BTE-MTJ,35.0,100.0,48.0,4.8,78.5,6.3,20,0,1.0,1.203,0,100.0,0,6.3,35.97
SEC-SWM-GGC,64.0,120.0,48.0,5.1,96.8,9.7,14,2,1.0,1.261,0,120.0,0,9.7,52.39
SEC-SWM-GGC,64.0,120.0,48.0,5.1,93.2,9.0,21,1,1.0,1.126,0,120.0,0,9.0,41.15
SEC-SWM-GGC,64.0,120.0,48.0,5.1,30.0,13.8,13,1,1.0,1.225,1,30.0,0,13.8,174.38
SEC-SWM-GGC,64.0,120.0,48.0,5.1,60.0,11.0,12,4,1.0,1.069,1,60.0,0,11.0,74.39
SEC-GGC-BTE,120.0,110.0,98.0,9.4,106.7,3.2,2,6,1.0,1.043,0,110.0,0,3.2,79.02
SEC-NDLS-KOTA,465.0,130.0,275.0,14.5,120.3,11.4,19,2,1.095,1.221,0,130.0,0,11.4,343.07
SEC-NDLS-KOTA,465.0,130.0,275.0,14.5,105.9,11.7,13,0,1.089,1.11,0,130.0,0,11.7,320.62
SEC-NDLS-KOTA,465.0,130.0,275.0,14.5,108.3,4.8,1,3,1.0,1.052,0,130.0,0,4.8,277.41
SEC-KOTA-SWM,108.0,130.0,58.0,6.2,98.9,29.4,2,2,1.0,1.098,0,130.0,0,29.4,71.31
SEC-SWM-GGC,64.0,120.0,48.0,5.1,100.5,28.6,20,0,1.0,1.168,0,120.0,0,28.6,55.77
SEC-GGC-BTE,120.0,110.0,98.0,9.4,106.4,1.6,8,5,1.115,1.309,0,110.0,0,1.6,81.76
SEC-NDLS-KOTA,465.0,130.0,275.0,14.5,128.4,12.1,6,1,1.0,1.186,0,130.0,0,12.1,209.78
SEC-KOTA-SWM,108.0,130.0,58.0,6.2,119.3,2.4,16,2,1.174,1.028,0,130.0,0,2.4,65.4
SEC-GGC-BTE,120.0,110.0,98.0,9.4,97.6,29.2,22,6,1.134,1.071,0,110.0,0,29.2,81.72
SEC-MTJ-AGC,54.0,120.0,45.0,4.2,45.0,2.3,15,4,1.0,1.08,1,45.0,0,2.3,90.9
SEC-BTE-MTJ,35.0,100.0,48.0,4.8,84.0,9.2,5,1,1.0,1.05,0,100.0,0,9.2,25.61
SEC-MTJ-AGC,54.0,120.0,45.0,4.2,100.6,7.2,9,1,1.0,1.244,0,120.0,0,7.2,37.79
SEC-NDLS-KOTA,465.0,130.0,275.0,14.5,105.3,5.5,9,0,1.146,1.244,0,130.0,0,5.5,359.3
SEC-MTJ-AGC,54.0,120.0,45.0,4.2,106.8,21.8,12,4,1.0,1.021,0,120.0,0,21.8,44.14
SEC-NDLS-KOTA,465.0,130.0,275.0,14.5,105.1,3.3,3,6,1.0,1.121,0,130.0,0,3.3,288.76
SEC-NDLS-KOTA,465.0,130.0,275.0,14.5,120.1,4.1,4,0,1.0,1.135,0,130.0,0,4.1,249.46
SEC-BTE-MTJ,35.0,100.0,48.0,4.8,90.0,10.8,16,4,1.188,1.087,0,100.0,0,10.8,31.14
SEC-NDLS-KOTA,465.0,130.0,275.0,14.5,125.8,2.0,22,4,1.0,1.056,0,130.0,0,2.0,235.97
SEC-MTJ-AGC,54.0,120.0,45.0,4.2,92.5,5.4,12,3,1.143,1.059,0,120.0,0,5.4,44.71
SEC-GGC-BTE,120.0,110.0,98.0,9.4,90.9,0.5,9,2,1.0,1.212,0,110.0,0,0.5,96.4
SEC-KOTA-SWM,108.0,130.0,58.0,6.2,119.8,10.2,4,5,1.0,1.118,0,130.0,0,10.2,59.78
SEC-NDLS-KOTA,465.0,130.0,275.0,14.5,107.1,18.0,16,2,1.107,1.062,0,130.0,0,18.0,260.13
SEC-KOTA-SWM,108.0,130.0,58.0,6.2,105.2,32.9,7,2,1.0,1.06,0,130.0,0,32.9,89.58
SEC-MTJ-AGC,54.0,120.0,45.0,4.2,119.8,6.7,23,2,1.0,1.047,0,120.0,0,6.7,31.37
SEC-KOTA-SWM,108.0,130.0,58.0,6.2,127.8,7.2,5,0,1.252,1.071,0,130.0,0,7.2,73.52
SEC-SWM-GGC,64.0,120.0,48.0,5.1,99.2,13.5,5,1,1.0,1.002,0,120.0,1,13.5,48.3
SEC-GGC-BTE,120.0,110.0,98.0,9.4,86.6,2.0,0,2,1.146,1.146,0,110.0,0,2.0,116.5
SEC-MTJ-AGC,54.0,120.0,45.0,4.2,103.3,21.2,21,5,1.0,1.252,0,120.0,0,21.2,39.68
SEC-GGC-BTE,120.0,110.0,98.0,9.4,103.5,4.0,15,2,1.0,1.019,0,110.0,0,4.0,62.18
SEC-GGC-BTE,120.0,110.0,98.0,9.4,87.4,8.7,4,0,1.0,1.044,0,110.0,0,8.7,99.97
SEC-MTJ-AGC,54.0,120.0,45.0,4.2,95.1,32.3,1,0,1.0,1.103,0,120.0,1,32.3,53.6
SEC-NDLS-KOTA,465.0,130.0,275.0,14.5,110.7,7.2,22,5,1.106,1.205,0,130.0,0,7.2,328.08
SEC-KOTA-SWM,108.0,130.0,58.0,6.2,108.9,6.6,9,6,1.0,1.124,0,130.0,0,6.6,68.84
SEC-SWM-GGC,64.0,120.0,48.0,5.1,90.7,0.8,9,0,1.0,1.32,0,120.0,0,0.8,52.39
SEC-KOTA-SWM,108.0,130.0,58.0,6.2,108.0,23.3,18,1,1.0,1.222,0,130.0,0,23.3,61.78
SEC-KOTA-SWM,108.0,130.0,58.0,6.2,121.0,5.1,18,4,1.0,1.107,0,130.0,0,5.1,62.19
SEC-BTE-MTJ,35.0,100.0,48.0,4.8,75.2,3.9,5,6,1.223,1.057,0,100.0,0,3.9,23.22
SEC-MTJ-AGC,54.0,120.0,45.0,4.2,107.0,9.0,20,1,1.1,1.483,0,120.0,0,9.0,48.27
SEC-GGC-BTE,120.0,110.0,98.0,9.4,95.1,31.7,23,0,1.0,1.117,0,110.0,0,31.7,80.45
SEC-MTJ-AGC,54.0,120.0,45.0,4.2,94.6,9.0,7,0,1.0,1.09,0,120.0,0,9.0,30.76
SEC-NDLS-KOTA,465.0,130.0,275.0,14.5,99.2,21.7,23,3,1.0,1.134,0,130.0,0,21.7,301.81
SEC-SWM-GGC,64.0,120.0,48.0,5.1,114.3,0.2,22,3,1.0,1.128,0,120.0,0,0.2,42.94
SEC-MTJ-AGC,54.0,120.0,45.0,4.2,60.0,11.9,0,3,1.0,1.056,1,60.0,0,11.9,75.82
SEC-SWM-GGC,64.0,120.0,48.0,5.1,93.3,0.4,18,2,1.0,1.191,0,120.0,0,0.4,44.19
SEC-SWM-GGC,64.0,120.0,48.0,5.1,99.4,12.8,14,3,1.0,1.084,0,120.0,0,12.8,37.67
SEC-KOTA-SWM,108.0,130.0,58.0,6.2,102.4,1.2,17,0,1.067,1.394,0,130.0,0,1.2,88.73
SEC-SWM-GGC,64.0,120.0,48.0,5.1,111.2,8.6,17,2,1.0,1.098,0,120.0,0,8.6,35.0
SEC-BTE-MTJ,35.0,100.0,48.0,4.8,81.2,19.0,10,2,1.0,1.331,0,100.0,0,19.0,23.3
SEC-BTE-MTJ,35.0,100.0,48.0,4.8,92.8,26.2,2,2,1.0,1.093,0,100.0,0,26.2,30.68
SEC-MTJ-AGC,54.0,120.0,45.0,4.2,102.3,1.3,22,0,1.0,1.028,0,120.0,0,1.3,29.13
SEC-KOTA-SWM,108.0,130.0,58.0,6.2,105.8,7.4,13,1,1.0,1.083,0,130.0,0,7.4,74.58
SEC-SWM-GGC,64.0,120.0,48.0,5.1,112.1,2.1,23,0,1.0,1.05,0,120.0,0,2.1,33.57
SEC-KOTA-SWM,108.0,130.0,58.0,6.2,118.9,24.0,4,1,1.0,1.233,0,130.0,0,24.0,69.01
SEC-GGC-BTE,120.0,110.0,98.0,9.4,107.2,8.1,1,5,1.0,1.04,0,110.0,0,8.1,62.18
SEC-BTE-MTJ,35.0,100.0,48.0,4.8,92.3,7.5,3,1,1.0,1.139,0,100.0,0,7.5,26.32
SEC-BTE-MTJ,35.0,100.0,48.0,4.8,91.7,9.0,20,5,1.0,1.114,0,100.0,0,9.0,28.48
SEC-GGC-BTE,120.0,110.0,98.0,9.4,100.3,7.2,23,5,1.137,1.074,0,110.0,0,7.2,95.07
SEC-NDLS-KOTA,465.0,130.0,275.0,14.5,98.4,25.2,5,3,1.0,1.045,0,130.0,0,25.2,298.83
SEC-KOTA-SWM,108.0,130.0,58.0,6.2,105.7,0.6,2,0,1.0,1.087,0,130.0,0,0.6,64.68
SEC-NDLS-KOTA,465.0,130.0,275.0,14.5,30.0,0.7,0,4,1.0,1.056,1,30.0,1,0.7,1004.1
SEC-SWM-GGC,64.0,120.0,48.0,5.1,30.0,21.7,18,2,1.0,1.302,1,30.0,0,21.7,181.01
SEC-NDLS-KOTA,465.0,130.0,275.0,14.5,104.3,7.1,7,5,1.0,1.221,0,130.0,0,7.1,317.94
SEC-NDLS-KOTA,465.0,130.0,275.0,14.5,30.0,2.0,1,1,1.0,1.194,1,30.0,0,2.0,1098.25
SEC-NDLS-KOTA,465.0,130.0,275.0,14.5,115.6,3.9,14,0,1.0,1.159,0,130.0,0,3.9,278.36
SEC-BTE-MTJ,35.0,100.0,48.0,4.8,81.2,4.7,15,4,1.0,1.029,0,100.0,0,4.7,24.81
SEC-SWM-GGC,64.0,120.0,48.0,5.1,90.8,2.5,18,4,1.0,1.211,0,120.0,0,2.5,56.14
SEC-KOTA-SWM,108.0,130.0,58.0,6.2,118.6,8.2,0,2,1.0,1.186,0,130.0,0,8.2,75.98
SEC-KOTA-SWM,108.0,130.0,58.0,6.2,45.0,10.5,9,2,1.0,1.183,1,45.0,1,10.5,208.77
SEC-NDLS-KOTA,465.0,130.0,275.0,14.5,60.0,12.3,9,6,1.0,1.2,1,60.0,0,12.3,583.62
SEC-KOTA-SWM,108.0,130.0,58.0,6.2,128.0,51.0,10,2,1.0,1.173,0,130.0,0,51.0,78.06
SEC-KOTA-SWM,108.0,130.0,58.0,6.2,123.8,10.5,21,5,1.0,1.292,0,130.0,0,10.5,72.08
SEC-MTJ-AGC,54.0,120.0,45.0,4.2,93.1,1.2,14,1,1.0,1.123,0,120.0,0,1.2,39.69
SEC-BTE-MTJ,35.0,100.0,48.0,4.8,88.1,14.3,19,6,1.0,1.133,0,100.0,0,14.3,26.49
SEC-GGC-BTE,120.0,110.0,98.0,9.4,97.1,3.5,15,3,1.0,1.109,0,110.0,0,3.5,70.47
SEC-BTE-MTJ,35.0,100.0,48.0,4.8,30.0,4.9,15,3,1.0,1.07,1,30.0,0,4.9,78.87
SEC-BTE-MTJ,35.0,100.0,48.0,4.8,81.3,1.9,7,4,1.0,1.209,0,100.0,0,1.9,26.99
SEC-GGC-BTE,120.0,110.0,98.0,9.4,45.0,11.0,7,0,1.0,1.087,1,45.0,0,11.0,206.25
SEC-GGC-BTE,120.0,110.0,98.0,9.4,94.7,5.3,16,6,1.141,1.073,0,110.0,0,5.3,110.93
SEC-KOTA-SWM,108.0,130.0,58.0,6.2,126.4,7.9,8,0,1.0,1.123,0,130.0,1,7.9,74.08
SEC-BTE-MTJ,35.0,100.0,48.0,4.8,91.0,26.2,21,3,1.114,1.255,0,100.0,1,26.2,41.01
SEC-SWM-GGC,64.0,120.0,48.0,5.1,111.4,13.7,15,6,1.0,1.061,0,120.0,0,13.7,40.57
SEC-BTE-MTJ,35.0,100.0,48.0,4.8,85.7,0.7,20,2,1.0,1.239,0,100.0,0,0.7,38.02
SEC-SWM-GGC,64.0,120.0,48.0,5.1,96.0,2.0,9,4,1.0,1.353,0,120.0,0,2.0,53.26
SEC-BTE-MTJ,35.0,100.0,48.0,4.8,84.4,0.2,10,2,1.0,1.227,0,100.0,0,0.2,21.67
SEC-GGC-BTE,120.0,110.0,98.0,9.4,84.2,10.5,0,1,1.237,1.195,0,110.0,0,10.5,140.2
SEC-SWM-GGC,64.0,120.0,48.0,5.1,111.2,4.2,6,3,1.0,1.087,0,120.0,1,4.2,54.96
SEC-SWM-GGC,64.0,120.0,48.0,5.1,101.4,4.4,21,5,1.0,1.227,0,120.0,0,4.4,57.32
SEC-SWM-GGC,64.0,120.0,48.0,5.1,118.7,5.5,1,3,1.138,1.141,0,120.0,0,5.5,46.25
SEC-GGC-BTE,120.0,110.0,98.0,9.4,106.9,1.9,14,5,1.241,1.051,0,110.0,0,1.9,79.37
SEC-KOTA-SWM,108.0,130.0,58.0,6.2,30.0,8.8,20,5,1.092,1.305,1,30.0,0,8.8,324.45
SEC-NDLS-KOTA,465.0,130.0,275.0,14.5,111.4,34.4,14,6,1.0,1.082,0,130.0,0,34.4,270.81
SEC-SWM-GGC,64.0,120.0,48.0,5.1,93.6,21.0,15,6,1.292,1.042,0,120.0,0,21.0,54.97
SEC-GGC-BTE,120.0,110.0,98.0,9.4,102.8,0.5,11,5,1.0,1.313,0,110.0,0,0.5,95.37
SEC-NDLS-KOTA,465.0,130.0,275.0,14.5,110.0,3.3,22,2,1.0,1.058,0,130.0,1,3.3,314.16
SEC-SWM-GGC,64.0,120.0,48.0,5.1,113.7,0.1,4,3,1.0,1.069,0,120.0,0,0.1,34.79
SEC-NDLS-KOTA,465.0,130.0,275.0,14.5,107.1,6.7,22,2,1.0,1.099,0,130.0,1,6.7,317.14
SEC-NDLS-KOTA,465.0,130.0,275.0,14.5,30.0,11.4,16,3,1.0,1.253,1,30.0,0,11.4,1150.92
SEC-NDLS-KOTA,465.0,130.0,275.0,14.5,114.9,1.3,22,2,1.0,1.119,0,130.0,0,1.3,286.59
SEC-KOTA-SWM,108.0,130.0,58.0,6.2,109.5,27.2,9,6,1.0,1.109,0,130.0,0,27.2,68.93
SEC-MTJ-AGC,54.0,120.0,45.0,4.2,117.0,0.3,8,4,1.056,1.182,0,120.0,0,0.3,34.52
SEC-NDLS-KOTA,465.0,130.0,275.0,14.5,115.4,3.7,8,6,1.26,1.309,0,130.0,0,3.7,396.31
SEC-BTE-MTJ,35.0,100.0,48.0,4.8,96.6,12.2,19,5,1.0,1.319,0,100.0,0,12.2,26.95
SEC-BTE-MTJ,35.0,100.0,48.0,4.8,80.6,2.8,5,2,1.0,1.162,0,100.0,0,2.8,23.73
SEC-MTJ-AGC,54.0,120.0,45.0,4.2,116.2,12.5,6,0,1.0,1.003,0,120.0,0,12.5,27.03
SEC-KOTA-SWM,108.0,130.0,58.0,6.2,118.2,47.6,2,6,1.0,1.099,0,130.0,0,47.6,73.09
SEC-NDLS-KOTA,465.0,130.0,275.0,14.5,45.0,21.6,5,3,1.0,1.147,1,45.0,1,21.6,755.93
SEC-GGC-BTE,120.0,110.0,98.0,9.4,45.0,6.9,8,1,1.0,1.177,1,45.0,0,6.9,189.21
SEC-NDLS-KOTA,465.0,130.0,275.0,14.5,30.0,1.5,22,2,1.0,1.116,1,30.0,0,1.5,1034.2
SEC-KOTA-SWM,108.0,130.0,58.0,6.2,105.4,5.1,3,0,1.139,1.09,0,130.0,0,5.1,84.7
SEC-NDLS-KOTA,465.0,130.0,275.0,14.5,30.0,2.9,20,1,1.0,1.448,1,30.0,0,2.9,1295.06
SEC-BTE-MTJ,35.0,100.0,48.0,4.8,92.7,10.7,6,0,1.051,1.091,0,100.0,0,10.7,45.68
SEC-MTJ-AGC,54.0,120.0,45.0,4.2,105.1,25.2,9,2,1.0,1.204,0,120.0,0,25.2,39.99
SEC-KOTA-SWM,108.0,130.0,58.0,6.2,100.9,41.4,23,6,1.0,1.136,0,130.0,0,41.4,79.36
SEC-NDLS-KOTA,465.0,130.0,275.0,14.5,126.7,24.4,3,6,1.0,1.082,0,130.0,0,24.4,234.72
SEC-BTE-MTJ,35.0,100.0,48.0,4.8,81.9,0.8,9,2,1.0,1.293,0,100.0,0,0.8,32.38
SEC-SWM-GGC,64.0,120.0,48.0,5.1,117.6,7.7,10,1,1.0,1.293,0,120.0,0,7.7,45.83
SEC-KOTA-SWM,108.0,130.0,58.0,6.2,118.6,5.8,12,4,1.0,1.073,0,130.0,0,5.8,53.28
SEC-SWM-GGC,64.0,120.0,48.0,5.1,107.6,3.4,19,4,1.086,1.194,0,120.0,0,3.4,43.37
SEC-KOTA-SWM,108.0,130.0,58.0,6.2,104.6,1.8,4,1,1.0,1.225,0,130.0,0,1.8,84.76
SEC-NDLS-KOTA,465.0,130.0,275.0,14.5,118.3,10.9,22,1,1.186,1.168,0,130.0,0,10.9,310.87
SEC-KOTA-SWM,108.0,130.0,58.0,6.2,45.0,0.8,16,4,1.0,1.149,1,45.0,0,0.8,180.95
SEC-MTJ-AGC,54.0,120.0,45.0,4.2,113.2,6.8,21,4,1.0,1.17,0,120.0,0,6.8,30.75
SEC-KOTA-SWM,108.0,130.0,58.0,6.2,98.8,0.6,11,2,1.12,1.203,0,130.0,0,0.6,89.84
SEC-SWM-GGC,64.0,120.0,48.0,5.1,93.5,6.1,22,5,1.0,1.082,0,120.0,0,6.1,46.38
SEC-SWM-GGC,64.0,120.0,48.0,5.1,106.2,39.7,18,3,1.0,1.151,0,120.0,1,39.7,62.68
SEC-NDLS-KOTA,465.0,130.0,275.0,14.5,122.6,17.3,13,0,1.0,1.115,0,130.0,0,17.3,283.65
SEC-GGC-BTE,120.0,110.0,98.0,9.4,97.5,4.0,4,5,1.0,1.117,0,110.0,0,4.0,77.67
SEC-GGC-BTE,120.0,110.0,98.0,9.4,90.1,18.2,18,1,1.129,1.292,0,110.0,0,18.2,120.83
SEC-MTJ-AGC,54.0,120.0,45.0,4.2,30.0,14.6,12,0,1.0,1.122,1,30.0,0,14.6,145.04
SEC-GGC-BTE,120.0,110.0,98.0,9.4,101.3,3.2,5,6,1.0,1.043,0,110.0,0,3.2,71.0
SEC-GGC-BTE,120.0,110.0,98.0,9.4,60.0,2.7,1,0,1.07,1.113,1,60.0,0,2.7,142.49
SEC-KOTA-SWM,108.0,130.0,58.0,6.2,60.0,0.8,20,5,1.0,1.279,1,60.0,0,0.8,134.87
SEC-SWM-GGC,64.0,120.0,48.0,5.1,109.6,29.5,21,6,1.0,1.261,0,120.0,0,29.5,45.1
SEC-KOTA-SWM,108.0,130.0,58.0,6.2,99.6,3.4,4,2,1.0,1.11,0,130.0,0,3.4,67.24
SEC-BTE-MTJ,35.0,100.0,48.0,4.8,99.1,4.2,9,1,1.0,1.205,0,100.0,0,4.2,27.86
SEC-SWM-GGC,64.0,120.0,48.0,5.1,93.1,10.7,4,3,1.0,1.038,0,120.0,0,10.7,36.5
SEC-NDLS-KOTA,465.0,130.0,275.0,14.5,102.3,11.0,15,4,1.165,1.09,0,130.0,0,11.0,354.39
SEC-SWM-GGC,64.0,120.0,48.0,5.1,110.3,7.9,19,5,1.0,1.108,0,120.0,0,7.9,35.2
SEC-MTJ-AGC,54.0,120.0,45.0,4.2,112.3,25.2,16,0,1.0,1.055,0,120.0,0,25.2,32.45
SEC-MTJ-AGC,54.0,120.0,45.0,4.2,60.0,2.4,23,6,1.0,1.084,1,60.0,0,2.4,68.44
SEC-KOTA-SWM,108.0,130.0,58.0,6.2,60.0,9.2,21,2,1.249,1.283,1,60.0,0,9.2,190.2
SEC-MTJ-AGC,54.0,120.0,45.0,4.2,119.4,0.1,4,3,1.0,1.103,0,120.0,0,0.1,25.86
SEC-NDLS-KOTA,465.0,130.0,275.0,14.5,106.5,6.6,21,2,1.279,1.302,0,130.0,0,6.6,424.23
SEC-SWM-GGC,64.0,120.0,48.0,5.1,119.2,5.7,3,0,1.0,1.118,0,120.0,0,5.7,31.99
SEC-NDLS-KOTA,465.0,130.0,275.0,14.5,115.7,15.0,11,0,1.273,1.424,0,130.0,0,15.0,412.86
SEC-NDLS-KOTA,465.0,130.0,275.0,14.5,112.2,2.6,15,6,1.0,1.069,0,130.0,0,2.6,280.74
SEC-BTE-MTJ,35.0,100.0,48.0,4.8,98.9,12.7,22,1,1.0,1.083,0,100.0,0,12.7,26.16
SEC-SWM-GGC,64.0,120.0,48.0,5.1,93.8,1.4,5,1,1.0,1.07,0,120.0,0,1.4,50.62
SEC-KOTA-SWM,108.0,130.0,58.0,6.2,104.4,6.4,20,3,1.0,1.347,0,130.0,0,6.4,81.17
SEC-KOTA-SWM,108.0,130.0,58.0,6.2,122.7,19.5,19,3,1.092,1.243,0,130.0,1,19.5,94.09
SEC-NDLS-KOTA,465.0,130.0,275.0,14.5,108.2,1.2,4,3,1.0,1.058,0,130.0,0,1.2,284.32
SEC-MTJ-AGC,54.0,120.0,45.0,4.2,103.0,38.0,20,2,1.243,1.244,0,120.0,0,38.0,47.3
SEC-GGC-BTE,120.0,110.0,98.0,9.4,45.0,0.0,10,1,1.086,1.417,1,45.0,0,0.0,273.85
SEC-NDLS-KOTA,465.0,130.0,275.0,14.5,123.0,20.1,11,1,1.0,1.127,0,130.0,0,20.1,273.16
SEC-MTJ-AGC,54.0,120.0,45.0,4.2,114.5,11.8,18,2,1.0,1.226,0,120.0,0,11.8,38.1
SEC-KOTA-SWM,108.0,130.0,58.0,6.2,105.1,20.8,3,1,1.0,1.048,0,130.0,0,20.8,80.7
SEC-SWM-GGC,64.0,120.0,48.0,5.1,115.4,11.9,16,2,1.0,1.088,0,120.0,0,11.9,36.1
SEC-MTJ-AGC,54.0,120.0,45.0,4.2,91.9,4.6,11,4,1.0,1.345,0,120.0,1,4.6,69.63
SEC-BTE-MTJ,35.0,100.0,48.0,4.8,30.0,1.2,22,0,1.0,1.083,1,30.0,0,1.2,90.15
SEC-MTJ-AGC,54.0,120.0,45.0,4.2,95.0,0.7,15,0,1.086,1.19,0,120.0,0,0.7,43.16
SEC-SWM-GGC,64.0,120.0,48.0,5.1,92.0,42.0,11,1,1.0,1.163,0,120.0,0,42.0,35.75
SEC-KOTA-SWM,108.0,130.0,58.0,6.2,106.5,0.7,7,1,1.0,1.188,0,130.0,0,0.7,69.47
SEC-BTE-MTJ,35.0,100.0,48.0,4.8,78.9,20.8,16,5,1.0,1.187,0,100.0,0,20.8,34.91
SEC-KOTA-SWM,108.0,130.0,58.0,6.2,122.6,11.0,5,1,1.0,1.148,0,130.0,0,11.0,69.53
SEC-GGC-BTE,120.0,110.0,98.0,9.4,45.0,2.0,0,4,1.0,1.071,1,45.0,1,2.0,183.72
SEC-MTJ-AGC,54.0,120.0,45.0,4.2,114.8,6.5,8,0,1.249,1.32,0,120.0,1,6.5,62.79
SEC-BTE-MTJ,35.0,100.0,48.0,4.8,97.5,11.4,13,3,1.0,1.105,0,100.0,0,11.4,20.51
SEC-MTJ-AGC,54.0,120.0,45.0,4.2,45.0,1.7,17,2,1.241,1.237,1,45.0,0,1.7,131.63
SEC-SWM-GGC,64.0,120.0,48.0,5.1,100.5,13.3,1,2,1.0,1.041,0,120.0,0,13.3,44.61
SEC-GGC-BTE,120.0,110.0,98.0,9.4,30.0,3.6,19,2,1.0,1.223,1,30.0,0,3.6,282.02
SEC-NDLS-KOTA,465.0,130.0,275.0,14.5,105.2,4.4,17,0,1.0,1.069,0,130.0,1,4.4,285.67
SEC-KOTA-SWM,108.0,130.0,58.0,6.2,128.0,1.2,20,4,1.0,1.375,0,130.0,0,1.2,60.39
SEC-MTJ-AGC,54.0,120.0,45.0,4.2,109.5,7.6,8,3,1.0,1.192,0,120.0,0,7.6,25.65
SEC-SWM-GGC,64.0,120.0,48.0,5.1,113.3,4.7,19,6,1.0,1.248,0,120.0,0,4.7,45.36
SEC-MTJ-AGC,54.0,120.0,45.0,4.2,60.0,12.5,12,3,1.0,1.087,1,60.0,0,12.5,68.75
SEC-MTJ-AGC,54.0,120.0,45.0,4.2,90.0,5.5,13,4,1.0,1.108,0,120.0,0,5.5,34.86
SEC-SWM-GGC,64.0,120.0,48.0,5.1,117.1,0.3,17,2,1.0,1.193,0,120.0,0,0.3,43.82
SEC-GGC-BTE,120.0,110.0,98.0,9.4,96.9,2.5,20,6,1.195,1.434,0,110.0,0,2.5,123.12
SEC-NDLS-KOTA,465.0,130.0,275.0,14.5,107.3,1.4,16,3,1.0,1.032,0,130.0,0,1.4,262.33
SEC-SWM-GGC,64.0,120.0,48.0,5.1,30.0,3.4,6,3,1.0,1.143,1,30.0,0,3.4,164.94
SEC-NDLS-KOTA,465.0,130.0,275.0,14.5,110.5,1.1,13,5,1.0,1.077,0,130.0,0,1.1,279.72
SEC-SWM-GGC,64.0,120.0,48.0,5.1,111.8,11.1,7,3,1.0,1.054,0,120.0,1,11.1,62.44
SEC-MTJ-AGC,54.0,120.0,45.0,4.2,60.0,5.0,18,1,1.0,1.269,1,60.0,0,5.0,72.78
SEC-BTE-MTJ,35.0,100.0,48.0,4.8,78.4,25.3,5,3,1.107,1.07,0,100.0,0,25.3,37.18
SEC-KOTA-SWM,108.0,130.0,58.0,6.2,101.8,1.4,21,5,1.0,1.125,0,130.0,0,1.4,64.99
SEC-NDLS-KOTA,465.0,130.0,275.0,14.5,126.5,0.5,4,2,1.0,1.137,0,130.0,0,0.5,250.6
SEC-KOTA-SWM,108.0,130.0,58.0,6.2,100.0,9.1,0,0,1.0,1.072,0,130.0,0,9.1,60.55
SEC-SWM-GGC,64.0,120.0,48.0,5.1,45.0,5.8,18,0,1.0,1.202,1,45.0,0,5.8,109.69
SEC-GGC-BTE,120.0,110.0,98.0,9.4,95.4,8.3,0,0,1.0,1.052,0,110.0,0,8.3,68.5
SEC-SWM-GGC,64.0,120.0,48.0,5.1,93.4,2.5,15,6,1.0,1.009,0,120.0,0,2.5,46.36
SEC-KOTA-SWM,108.0,130.0,58.0,6.2,101.7,15.5,0,1,1.225,1.059,0,130.0,0,15.5,79.66
SEC-GGC-BTE,120.0,110.0,98.0,9.4,107.0,22.4,10,5,1.0,1.36,0,110.0,0,22.4,99.16
SEC-BTE-MTJ,35.0,100.0,48.0,4.8,95.1,22.2,21,4,1.22,1.283,0,100.0,0,22.2,30.17
SEC-MTJ-AGC,54.0,120.0,45.0,4.2,45.0,13.2,15,6,1.0,1.117,1,45.0,0,13.2,96.37
SEC-SWM-GGC,64.0,120.0,48.0,5.1,30.0,4.1,7,1,1.122,1.12,1,30.0,0,4.1,173.96
SEC-NDLS-KOTA,465.0,130.0,275.0,14.5,101.5,0.3,23,6,1.0,1.118,0,130.0,0,0.3,306.03
SEC-GGC-BTE,120.0,110.0,98.0,9.4,93.4,2.3,17,3,1.0,1.129,0,110.0,0,2.3,93.2
SEC-KOTA-SWM,108.0,130.0,58.0,6.2,113.1,1.2,16,5,1.0,1.02,0,130.0,1,1.2,90.44
SEC-GGC-BTE,120.0,110.0,98.0,9.4,95.2,11.8,22,3,1.134,1.152,0,110.0,0,11.8,71.99
SEC-SWM-GGC,64.0,120.0,48.0,5.1,118.2,0.5,16,3,1.0,1.014,0,120.0,0,0.5,36.38
SEC-GGC-BTE,120.0,110.0,98.0,9.4,89.4,10.8,9,0,1.0,1.281,0,110.0,0,10.8,102.31
SEC-NDLS-KOTA,465.0,130.0,275.0,14.5,102.6,0.7,8,0,1.0,1.32,0,130.0,0,0.7,331.42
SEC-KOTA-SWM,108.0,130.0,58.0,6.2,60.0,4.1,22,2,1.0,1.13,1,60.0,0,4.1,148.68
SEC-KOTA-SWM,108.0,130.0,58.0,6.2,114.3,13.2,18,6,1.0,1.146,0,130.0,0,13.2,70.83
SEC-KOTA-SWM,108.0,130.0,58.0,6.2,45.0,3.9,3,2,1.0,1.162,1,45.0,0,3.9,179.91
SEC-KOTA-SWM,108.0,130.0,58.0,6.2,103.8,13.4,21,5,1.0,1.439,0,130.0,0,13.4,92.32
SEC-SWM-GGC,64.0,120.0,48.0,5.1,105.6,4.3,13,3,1.191,1.106,0,120.0,0,4.3,54.86
SEC-SWM-GGC,64.0,120.0,48.0,5.1,105.2,13.6,3,5,1.298,1.082,0,120.0,0,13.6,61.6
SEC-SWM-GGC,64.0,120.0,48.0,5.1,98.8,9.2,13,4,1.0,1.127,0,120.0,1,9.2,54.26
SEC-MTJ-AGC,54.0,120.0,45.0,4.2,100.0,15.7,23,2,1.0,1.099,0,120.0,0,15.7,30.1
SEC-GGC-BTE,120.0,110.0,98.0,9.4,101.4,4.8,12,2,1.1,1.037,0,110.0,0,4.8,80.72
SEC-GGC-BTE,120.0,110.0,98.0,9.4,60.0,8.0,12,0,1.0,1.055,1,60.0,0,8.0,138.03
SEC-MTJ-AGC,54.0,120.0,45.0,4.2,107.9,20.4,4,4,1.0,1.08,0,120.0,0,20.4,40.92
SEC-NDLS-KOTA,465.0,130.0,275.0,14.5,120.6,83.3,9,4,1.0,1.144,0,130.0,0,83.3,242.75
SEC-KOTA-SWM,108.0,130.0,58.0,6.2,104.4,20.1,14,2,1.0,1.125,0,130.0,0,20.1,73.09
SEC-BTE-MTJ,35.0,100.0,48.0,4.8,79.5,20.7,11,5,1.0,1.109,0,100.0,0,20.7,21.72
SEC-MTJ-AGC,54.0,120.0,45.0,4.2,114.8,0.4,7,5,1.0,1.032,0,120.0,0,0.4,31.12
SEC-GGC-BTE,120.0,110.0,98.0,9.4,87.4,18.6,4,2,1.0,1.191,0,110.0,0,18.6,93.56
SEC-NDLS-KOTA,465.0,130.0,275.0,14.5,60.0,3.4,8,1,1.0,1.369,1,60.0,0,3.4,612.52
SEC-KOTA-SWM,108.0,130.0,58.0,6.2,30.0,12.2,7,6,1.0,1.091,1,30.0,0,12.2,247.02
SEC-MTJ-AGC,54.0,120.0,45.0,4.2,99.3,3.5,0,3,1.0,1.023,0,120.0,0,3.5,25.65
SEC-SWM-GGC,64.0,120.0,48.0,5.1,112.5,21.4,11,1,1.0,1.349,0,120.0,0,21.4,51.01
SEC-KOTA-SWM,108.0,130.0,58.0,6.2,104.4,10.3,13,4,1.0,1.235,0,130.0,0,10.3,72.42
SEC-KOTA-SWM,108.0,130.0,58.0,6.2,98.5,8.2,10,0,1.255,1.178,0,130.0,0,8.2,100.31
SEC-BTE-MTJ,35.0,100.0,48.0,4.8,77.0,25.2,14,5,1.191,1.112,0,100.0,0,25.2,41.73
SEC-BTE-MTJ,35.0,100.0,48.0,4.8,83.9,7.9,13,1,1.0,1.188,0,100.0,0,7.9,24.72
SEC-BTE-MTJ,35.0,100.0,48.0,4.8,91.0,10.7,11,5,1.124,1.526,0,100.0,0,10.7,34.16
SEC-MTJ-AGC,54.0,120.0,45.0,4.2,114.0,47.1,17,1,1.0,1.356,0,120.0,0,47.1,44.65
SEC-MTJ-AGC,54.0,120.0,45.0,4.2,106.1,5.1,18,0,1.064,1.372,0,120.0,0,5.1,38.71
SEC-GGC-BTE,120.0,110.0,98.0,9.4,97.2,1.6,19,2,1.0,1.215,0,110.0,0,1.6,83.89
SEC-GGC-BTE,120.0,110.0,98.0,9.4,103.3,1.1,21,4,1.0,1.279,0,110.0,0,1.1,80.7
SEC-GGC-BTE,120.0,110.0,98.0,9.4,105.8,1.9,18,3,1.0,1.272,0,110.0,0,1.9,85.18
SEC-NDLS-KOTA,465.0,130.0,275.0,14.5,45.0,11.3,2,6,1.134,1.135,1,45.0,0,11.3,791.68
SEC-NDLS-KOTA,465.0,130.0,275.0,14.5,106.3,36.3,21,6,1.287,1.174,0,130.0,0,36.3,387.38
SEC-NDLS-KOTA,465.0,130.0,275.0,14.5,122.5,8.3,6,4,1.222,1.159,0,130.0,0,8.3,323.12
SEC-SWM-GGC,64.0,120.0,48.0,5.1,107.3,2.4,20,0,1.0,1.257,0,120.0,0,2.4,51.06
SEC-GGC-BTE,120.0,110.0,98.0,9.4,104.4,5.7,5,6,1.0,1.152,0,110.0,0,5.7,75.24
SEC-KOTA-SWM,108.0,130.0,58.0,6.2,116.7,32.2,1,0,1.0,1.036,0,130.0,0,32.2,59.3
SEC-MTJ-AGC,54.0,120.0,45.0,4.2,100.7,8.1,11,0,1.0,1.409,0,120.0,0,8.1,50.07
SEC-SWM-GGC,64.0,120.0,48.0,5.1,109.8,16.6,7,5,1.0,1.107,0,120.0,1,16.6,67.52
SEC-SWM-GGC,64.0,120.0,48.0,5.1,92.9,16.7,19,6,1.0,1.125,0,120.0,0,16.7,43.23
SEC-SWM-GGC,64.0,120.0,48.0,5.1,98.7,16.3,16,2,1.0,1.031,0,120.0,1,16.3,71.65
SEC-MTJ-AGC,54.0,120.0,45.0,4.2,99.3,3.3,19,1,1.0,1.356,0,120.0,0,3.3,45.63
SEC-BTE-MTJ,35.0,100.0,48.0,4.8,83.2,9.3,20,4,1.0,1.259,0,100.0,0,9.3,29.63
SEC-SWM-GGC,64.0,120.0,48.0,5.1,99.9,10.4,6,0,1.0,1.163,0,120.0,0,10.4,52.01
SEC-BTE-MTJ,35.0,100.0,48.0,4.8,91.5,2.0,5,1,1.0,1.102,0,100.0,0,2.0,30.8
SEC-GGC-BTE,120.0,110.0,98.0,9.4,102.2,17.2,15,5,1.0,1.053,0,110.0,0,17.2,70.74
SEC-GGC-BTE,120.0,110.0,98.0,9.4,98.6,6.2,4,3,1.0,1.106,0,110.0,0,6.2,82.86
SEC-NDLS-KOTA,465.0,130.0,275.0,14.5,45.0,1.0,9,3,1.184,1.181,1,45.0,0,1.0,886.39
SEC-MTJ-AGC,54.0,120.0,45.0,4.2,105.9,0.5,7,4,1.0,1.016,0,120.0,0,0.5,29.17
SEC-SWM-GGC,64.0,120.0,48.0,5.1,100.2,2.6,5,3,1.0,1.062,0,120.0,0,2.6,43.65
SEC-MTJ-AGC,54.0,120.0,45.0,4.2,112.6,13.0,3,1,1.129,1.096,0,120.0,0,13.0,34.21
SEC-NDLS-KOTA,465.0,130.0,275.0,14.5,112.8,8.2,13,1,1.0,1.096,0,130.0,0,8.2,245.82
SEC-SWM-GGC,64.0,120.0,48.0,5.1,93.4,10.1,16,1,1.134,1.09,0,120.0,0,10.1,68.94
SEC-BTE-MTJ,35.0,100.0,48.0,4.8,79.4,11.4,2,6,1.0,1.032,0,100.0,0,11.4,33.47
SEC-NDLS-KOTA,465.0,130.0,275.0,14.5,118.0,0.3,22,4,1.0,1.15,0,130.0,0,0.3,261.94
SEC-MTJ-AGC,54.0,120.0,45.0,4.2,98.0,14.4,11,2,1.0,1.147,0,120.0,0,14.4,34.59
SEC-NDLS-KOTA,465.0,130.0,275.0,14.5,103.5,7.8,23,0,1.0,1.126,0,130.0,0,7.8,284.58
SEC-MTJ-AGC,54.0,120.0,45.0,4.2,119.5,7.4,12,6,1.0,1.184,0,120.0,0,7.4,35.84
SEC-MTJ-AGC,54.0,120.0,45.0,4.2,114.8,21.4,8,6,1.0,1.15,0,120.0,0,21.4,39.36
SEC-KOTA-SWM,108.0,130.0,58.0,6.2,104.3,0.9,5,5,1.109,1.052,0,130.0,0,0.9,66.06
SEC-KOTA-SWM,108.0,130.0,58.0,6.2,121.9,4.6,5,5,1.075,1.089,0,130.0,1,4.6,70.51
SEC-MTJ-AGC,54.0,120.0,45.0,4.2,95.9,8.8,4,1,1.269,1.064,0,120.0,0,8.8,46.54
SEC-SWM-GGC,64.0,120.0,48.0,5.1,91.7,3.2,5,3,1.0,1.124,0,120.0,0,3.2,45.43
SEC-GGC-BTE,120.0,110.0,98.0,9.4,60.0,3.3,17,2,1.0,1.091,1,60.0,0,3.3,123.95
SEC-SWM-GGC,64.0,120.0,48.0,5.1,96.4,2.2,6,0,1.0,1.164,0,120.0,0,2.2,39.99
SEC-KOTA-SWM,108.0,130.0,58.0,6.2,124.1,3.3,20,1,1.0,1.344,0,130.0,0,3.3,71.77
SEC-GGC-BTE,120.0,110.0,98.0,9.4,104.9,7.1,10,2,1.0,1.207,0,110.0,0,7.1,82.6
SEC-MTJ-AGC,54.0,120.0,45.0,4.2,113.5,8.9,9,3,1.0,1.271,0,120.0,0,8.9,36.65
SEC-KOTA-SWM,108.0,130.0,58.0,6.2,109.7,5.2,7,1,1.0,1.059,0,130.0,0,5.2,66.7
SEC-MTJ-AGC,54.0,120.0,45.0,4.2,90.6,1.5,13,6,1.062,1.189,0,120.0,0,1.5,46.41
SEC-SWM-GGC,64.0,120.0,48.0,5.1,108.2,10.2,23,3,1.0,1.08,0,120.0,0,10.2,30.4
SEC-SWM-GGC,64.0,120.0,48.0,5.1,112.8,3.6,2,6,1.267,1.077,0,120.0,0,3.6,53.23
SEC-GGC-BTE,120.0,110.0,98.0,9.4,101.4,0.5,12,4,1.0,1.063,0,110.0,0,0.5,69.85
SEC-BTE-MTJ,35.0,100.0,48.0,4.8,60.0,9.8,13,2,1.103,1.261,1,60.0,0,9.8,47.53
SEC-KOTA-SWM,108.0,130.0,58.0,6.2,124.3,2.5,22,1,1.0,1.082,0,130.0,0,2.5,59.9
SEC-MTJ-AGC,54.0,120.0,45.0,4.2,30.0,0.7,8,4,1.0,1.325,1,30.0,0,0.7,160.14
SEC-KOTA-SWM,108.0,130.0,58.0,6.2,114.2,12.0,10,0,1.0,1.351,0,130.0,0,12.0,69.29
SEC-SWM-GGC,64.0,120.0,48.0,5.1,45.0,8.4,23,1,1.0,1.141,1,45.0,0,8.4,106.84
SEC-NDLS-KOTA,465.0,130.0,275.0,14.5,99.5,2.5,9,1,1.259,1.368,0,130.0,1,2.5,454.4
SEC-GGC-BTE,120.0,110.0,98.0,9.4,89.0,15.9,1,4,1.0,1.083,0,110.0,0,15.9,99.05
SEC-NDLS-KOTA,465.0,130.0,275.0,14.5,119.1,8.3,19,6,1.0,1.332,0,130.0,0,8.3,322.39
SEC-MTJ-AGC,54.0,120.0,45.0,4.2,118.6,22.9,6,4,1.0,1.12,0,120.0,0,22.9,36.12
SEC-MTJ-AGC,54.0,120.0,45.0,4.2,45.0,1.0,9,4,1.0,1.387,1,45.0,1,1.0,112.15
SEC-MTJ-AGC,54.0,120.0,45.0,4.2,96.2,9.7,20,5,1.0,1.332,0,120.0,0,9.7,55.55
SEC-GGC-BTE,120.0,110.0,98.0,9.4,88.7,4.9,17,1,1.0,1.126,0,110.0,0,4.9,82.1
SEC-MTJ-AGC,54.0,120.0,45.0,4.2,90.8,0.6,19,0,1.0,1.233,0,120.0,0,0.6,52.73
SEC-GGC-BTE,120.0,110.0,98.0,9.4,92.2,9.5,13,3,1.0,1.057,0,110.0,0,9.5,83.29
SEC-MTJ-AGC,54.0,120.0,45.0,4.2,97.1,2.8,0,5,1.181,1.046,0,120.0,0,2.8,29.82
SEC-KOTA-SWM,108.0,130.0,58.0,6.2,113.8,3.0,21,5,1.0,1.164,0,130.0,0,3.0,73.04
SEC-KOTA-SWM,108.0,130.0,58.0,6.2,45.0,3.3,10,6,1.0,1.3,1,45.0,0,3.3,206.12
SEC-BTE-MTJ,35.0,100.0,48.0,4.8,92.7,36.6,4,1,1.103,1.134,0,100.0,0,36.6,30.5
SEC-KOTA-SWM,108.0,130.0,58.0,6.2,115.4,12.8,20,2,1.0,1.119,0,130.0,0,12.8,60.39
SEC-BTE-MTJ,35.0,100.0,48.0,4.8,60.0,1.7,22,1,1.0,1.073,1,60.0,0,1.7,44.69
SEC-MTJ-AGC,54.0,120.0,45.0,4.2,93.2,11.5,21,1,1.0,1.342,0,120.0,0,11.5,52.31
SEC-GGC-BTE,120.0,110.0,98.0,9.4,86.2,2.9,3,0,1.0,1.102,0,110.0,0,2.9,79.02
SEC-GGC-BTE,120.0,110.0,98.0,9.4,86.6,1.1,2,4,1.0,1.107,0,110.0,0,1.1,71.63
SEC-BTE-MTJ,35.0,100.0,48.0,4.8,94.9,7.2,12,6,1.0,1.07,0,100.0,0,7.2,29.75
SEC-BTE-MTJ,35.0,100.0,48.0,4.8,90.9,6.2,5,2,1.177,1.15,0,100.0,0,6.2,40.16
SEC-KOTA-SWM,108.0,130.0,58.0,6.2,121.7,6.9,21,6,1.067,1.147,0,130.0,0,6.9,71.67
SEC-GGC-BTE,120.0,110.0,98.0,9.4,86.5,0.8,19,5,1.0,1.37,0,110.0,0,0.8,128.76
SEC-NDLS-KOTA,465.0,130.0,275.0,14.5,110.6,1.2,17,4,1.0,1.334,0,130.0,0,1.2,325.48
SEC-BTE-MTJ,35.0,100.0,48.0,4.8,75.4,1.1,0,0,1.0,1.031,0,100.0,0,1.1,28.9
SEC-NDLS-KOTA,465.0,130.0,275.0,14.5,117.0,1.1,4,5,1.059,1.107,0,130.0,0,1.1,286.74
SEC-KOTA-SWM,108.0,130.0,58.0,6.2,60.0,7.0,20,4,1.0,1.547,1,60.0,0,7.0,170.35
SEC-NDLS-KOTA,465.0,130.0,275.0,14.5,116.0,2.6,2,3,1.0,1.295,0,130.0,0,2.6,301.89
SEC-MTJ-AGC,54.0,120.0,45.0,4.2,92.3,79.6,4,1,1.0,1.078,0,120.0,0,79.6,43.67
SEC-GGC-BTE,120.0,110.0,98.0,9.4,100.2,4.4,20,6,1.0,1.29,0,110.0,0,4.4,79.67
SEC-BTE-MTJ,35.0,100.0,48.0,4.8,30.0,26.0,5,0,1.0,1.195,1,30.0,0,26.0,92.7
SEC-KOTA-SWM,108.0,130.0,58.0,6.2,100.6,3.5,1,6,1.0,1.098,0,130.0,0,3.5,72.1
SEC-KOTA-SWM,108.0,130.0,58.0,6.2,103.7,2.4,3,5,1.137,1.149,0,130.0,0,2.4,80.5
SEC-MTJ-AGC,54.0,120.0,45.0,4.2,30.0,1.2,22,0,1.0,1.078,1,30.0,0,1.2,133.9
SEC-MTJ-AGC,54.0,120.0,45.0,4.2,99.2,1.9,2,3,1.0,1.182,0,120.0,0,1.9,43.46
SEC-KOTA-SWM,108.0,130.0,58.0,6.2,122.2,14.0,9,6,1.0,1.299,0,130.0,0,14.0,69.4
SEC-BTE-MTJ,35.0,100.0,48.0,4.8,45.0,4.5,15,0,1.0,1.038,1,45.0,0,4.5,46.81
SEC-BTE-MTJ,35.0,100.0,48.0,4.8,96.9,4.3,3,0,1.0,1.138,0,100.0,0,4.3,19.95
SEC-GGC-BTE,120.0,110.0,98.0,9.4,85.4,27.2,0,1,1.0,1.088,0,110.0,0,27.2,93.56
SEC-NDLS-KOTA,465.0,130.0,275.0,14.5,104.3,13.7,19,1,1.0,1.298,0,130.0,0,13.7,331.37
SEC-BTE-MTJ,35.0,100.0,48.0,4.8,97.1,7.2,23,1,1.0,1.05,0,100.0,0,7.2,26.92
SEC-KOTA-SWM,108.0,130.0,58.0,6.2,108.7,9.2,5,0,1.0,1.145,0,130.0,1,9.2,86.52
SEC-MTJ-AGC,54.0,120.0,45.0,4.2,30.0,14.9,6,1,1.0,1.115,1,30.0,0,14.9,134.0
SEC-SWM-GGC,64.0,120.0,48.0,5.1,30.0,0.4,5,5,1.0,1.188,1,30.0,0,0.4,167.79
SEC-KOTA-SWM,108.0,130.0,58.0,6.2,101.6,4.3,2,1,1.0,1.146,0,130.0,0,4.3,82.01
SEC-KOTA-SWM,108.0,130.0,58.0,6.2,125.8,2.3,16,5,1.0,1.06,0,130.0,0,2.3,62.8
SEC-MTJ-AGC,54.0,120.0,45.0,4.2,45.0,44.0,2,3,1.0,1.044,1,45.0,0,44.0,86.02
SEC-BTE-MTJ,35.0,100.0,48.0,4.8,86.5,5.9,13,5,1.0,1.05,0,100.0,0,5.9,37.56
SEC-KOTA-SWM,108.0,130.0,58.0,6.2,115.0,23.1,16,3,1.085,1.087,0,130.0,0,23.1,66.58
SEC-KOTA-SWM,108.0,130.0,58.0,6.2,60.0,6.8,1,4,1.0,1.113,1,60.0,0,6.8,135.14
SEC-KOTA-SWM,108.0,130.0,58.0,6.2,103.5,51.8,20,6,1.0,1.313,0,130.0,1,51.8,98.07
SEC-BTE-MTJ,35.0,100.0,48.0,4.8,98.6,1.3,8,6,1.0,1.295,0,100.0,1,1.3,35.53
SEC-SWM-GGC,64.0,120.0,48.0,5.1,97.7,26.9,0,4,1.0,1.018,0,120.0,0,26.9,37.21
SEC-NDLS-KOTA,465.0,130.0,275.0,14.5,120.8,4.1,7,6,1.0,1.047,0,130.0,0,4.1,248.92
SEC-MTJ-AGC,54.0,120.0,45.0,4.2,91.6,4.6,0,4,1.0,1.047,0,120.0,1,4.6,59.06
SEC-SWM-GGC,64.0,120.0,48.0,5.1,98.9,14.1,21,2,1.091,1.094,0,120.0,0,14.1,48.08
SEC-MTJ-AGC,54.0,120.0,45.0,4.2,30.0,3.1,0,0,1.0,1.174,1,30.0,0,3.1,143.49
SEC-GGC-BTE,120.0,110.0,98.0,9.4,85.3,11.3,7,5,1.0,1.147,0,110.0,1,11.3,112.15
SEC-BTE-MTJ,35.0,100.0,48.0,4.8,30.0,15.8,7,1,1.0,1.117,1,30.0,1,15.8,103.48
SEC-KOTA-SWM,108.0,130.0,58.0,6.2,116.5,1.3,12,4,1.0,1.044,0,130.0,0,1.3,48.69
SEC-KOTA-SWM,108.0,130.0,58.0,6.2,60.0,3.4,9,0,1.0,1.274,1,60.0,0,3.4,134.84
SEC-SWM-GGC,64.0,120.0,48.0,5.1,30.0,8.6,15,6,1.0,1.107,1,30.0,0,8.6,151.05
SEC-SWM-GGC,64.0,120.0,48.0,5.1,100.7,3.4,14,4,1.0,1.19,0,120.0,0,3.4,60.16
SEC-MTJ-AGC,54.0,120.0,45.0,4.2,115.9,5.1,2,1,1.069,1.09,0,120.0,0,5.1,34.21
SEC-MTJ-AGC,54.0,120.0,45.0,4.2,105.3,33.4,21,4,1.0,1.074,0,120.0,0,33.4,25.71
SEC-MTJ-AGC,54.0,120.0,45.0,4.2,92.1,1.5,16,0,1.0,1.1,0,120.0,1,1.5,54.24
SEC-SWM-GGC,64.0,120.0,48.0,5.1,110.1,0.2,10,5,1.0,1.351,0,120.0,0,0.2,46.5
SEC-NDLS-KOTA,465.0,130.0,275.0,14.5,116.6,13.0,18,6,1.0,1.053,0,130.0,0,13.0,254.25
SEC-GGC-BTE,120.0,110.0,98.0,9.4,45.0,21.8,1,4,1.0,1.022,1,45.0,0,21.8,206.39
SEC-GGC-BTE,120.0,110.0,98.0,9.4,92.4,14.6,1,1,1.149,1.039,0,110.0,0,14.6,72.02
SEC-SWM-GGC,64.0,120.0,48.0,5.1,99.7,5.6,7,2,1.0,1.111,0,120.0,0,5.6,39.35
SEC-SWM-GGC,64.0,120.0,48.0,5.1,102.9,1.9,6,5,1.0,1.1,0,120.0,0,1.9,38.17
SEC-MTJ-AGC,54.0,120.0,45.0,4.2,106.8,7.4,5,4,1.0,1.015,0,120.0,0,7.4,26.4
SEC-MTJ-AGC,54.0,120.0,45.0,4.2,95.8,13.0,16,3,1.0,1.04,0,120.0,0,13.0,32.06
SEC-KOTA-SWM,108.0,130.0,58.0,6.2,106.9,15.0,6,5,1.0,1.185,0,130.0,0,15.0,70.42
SEC-KOTA-SWM,108.0,130.0,58.0,6.2,128.3,3.9,22,2,1.0,1.079,0,130.0,0,3.9,48.12
SEC-MTJ-AGC,54.0,120.0,45.0,4.2,115.9,6.9,13,1,1.0,1.16,0,120.0,0,6.9,37.18
SEC-BTE-MTJ,35.0,100.0,48.0,4.8,82.9,10.7,9,2,1.0,1.319,0,100.0,0,10.7,44.21
SEC-MTJ-AGC,54.0,120.0,45.0,4.2,30.0,2.2,12,6,1.0,1.174,1,30.0,0,2.2,142.28
SEC-BTE-MTJ,35.0,100.0,48.0,4.8,30.0,15.3,13,5,1.0,1.03,1,30.0,0,15.3,100.1
SEC-KOTA-SWM,108.0,130.0,58.0,6.2,45.0,0.9,7,6,1.0,1.071,1,45.0,0,0.9,159.46
SEC-NDLS-KOTA,465.0,130.0,275.0,14.5,101.4,37.7,13,3,1.0,1.261,0,130.0,1,37.7,342.16
SEC-NDLS-KOTA,465.0,130.0,275.0,14.5,100.5,17.6,11,3,1.0,1.234,0,130.0,0,17.6,346.18
SEC-GGC-BTE,120.0,110.0,98.0,9.4,83.0,4.6,6,3,1.0,1.116,0,110.0,0,4.6,86.69
SEC-KOTA-SWM,108.0,130.0,58.0,6.2,102.1,3.9,6,2,1.0,1.085,0,130.0,0,3.9,69.57
SEC-MTJ-AGC,54.0,120.0,45.0,4.2,110.1,4.3,3,5,1.24,1.104,0,120.0,0,4.3,39.76
SEC-SWM-GGC,64.0,120.0,48.0,5.1,90.3,7.3,4,0,1.0,1.044,0,120.0,0,7.3,44.43
SEC-SWM-GGC,64.0,120.0,48.0,5.1,119.2,4.9,18,2,1.0,1.216,0,120.0,0,4.9,46.18
SEC-BTE-MTJ,35.0,100.0,48.0,4.8,81.6,3.0,17,5,1.0,1.254,0,100.0,0,3.0,32.99
SEC-BTE-MTJ,35.0,100.0,48.0,4.8,92.2,3.4,3,2,1.0,1.061,0,100.0,0,3.4,21.05
SEC-SWM-GGC,64.0,120.0,48.0,5.1,109.0,37.7,15,5,1.0,1.154,0,120.0,0,37.7,52.97
SEC-BTE-MTJ,35.0,100.0,48.0,4.8,91.7,8.3,14,1,1.0,1.101,0,100.0,0,8.3,19.95
SEC-BTE-MTJ,35.0,100.0,48.0,4.8,88.0,3.8,19,4,1.051,1.38,0,100.0,0,3.8,30.7
SEC-SWM-GGC,64.0,120.0,48.0,5.1,94.4,22.7,7,6,1.0,1.088,0,120.0,0,22.7,56.48
SEC-MTJ-AGC,54.0,120.0,45.0,4.2,106.4,5.9,2,6,1.0,1.115,0,120.0,0,5.9,31.68
SEC-MTJ-AGC,54.0,120.0,45.0,4.2,117.2,11.3,7,0,1.0,1.06,0,120.0,0,11.3,27.05
SEC-SWM-GGC,64.0,120.0,48.0,5.1,60.0,0.7,23,1,1.279,1.183,1,60.0,1,0.7,123.01
SEC-SWM-GGC,64.0,120.0,48.0,5.1,98.5,2.2,7,5,1.0,1.154,0,120.0,0,2.2,54.39
SEC-KOTA-SWM,108.0,130.0,58.0,6.2,108.8,8.2,9,1,1.0,1.373,0,130.0,0,8.2,79.45
SEC-MTJ-AGC,54.0,120.0,45.0,4.2,104.4,8.3,13,0,1.0,1.087,0,120.0,0,8.3,34.08
SEC-NDLS-KOTA,465.0,130.0,275.0,14.5,103.6,5.4,12,6,1.085,1.052,0,130.0,0,5.4,310.33
SEC-SWM-GGC,64.0,120.0,48.0,5.1,30.0,9.6,19,0,1.149,1.318,1,30.0,0,9.6,201.9
SEC-MTJ-AGC,54.0,120.0,45.0,4.2,30.0,13.9,20,0,1.0,1.268,1,30.0,0,13.9,144.03
SEC-NDLS-KOTA,465.0,130.0,275.0,14.5,30.0,3.2,11,4,1.0,1.299,1,30.0,0,3.2,1185.91
SEC-KOTA-SWM,108.0,130.0,58.0,6.2,116.8,20.3,2,3,1.0,1.061,0,130.0,0,20.3,54.79
SEC-KOTA-SWM,108.0,130.0,58.0,6.2,105.7,40.3,17,6,1.0,1.133,0,130.0,0,40.3,64.5
SEC-MTJ-AGC,54.0,120.0,45.0,4.2,45.0,13.8,4,0,1.173,1.11,1,45.0,0,13.8,105.6
SEC-MTJ-AGC,54.0,120.0,45.0,4.2,92.5,18.5,19,4,1.0,1.303,0,120.0,0,18.5,46.81
SEC-BTE-MTJ,35.0,100.0,48.0,4.8,79.7,6.4,19,6,1.0,1.13,0,100.0,0,6.4,27.46
SEC-NDLS-KOTA,465.0,130.0,275.0,14.5,45.0,39.2,1,5,1.0,1.107,1,45.0,0,39.2,685.26
SEC-KOTA-SWM,108.0,130.0,58.0,6.2,109.7,2.3,15,1,1.0,1.019,0,130.0,0,2.3,55.92
SEC-SWM-GGC,64.0,120.0,48.0,5.1,114.4,9.4,18,2,1.0,1.454,0,120.0,0,9.4,47.17
SEC-MTJ-AGC,54.0,120.0,45.0,4.2,104.0,11.9,19,2,1.0,1.191,0,120.0,0,11.9,31.67
SEC-GGC-BTE,120.0,110.0,98.0,9.4,30.0,3.4,22,6,1.0,1.075,1,30.0,1,3.4,276.81
SEC-GGC-BTE,120.0,110.0,98.0,9.4,99.6,17.9,18,3,1.0,1.282,0,110.0,0,17.9,88.65
SEC-GGC-BTE,120.0,110.0,98.0,9.4,90.6,3.7,0,3,1.0,1.168,0,110.0,1,3.7,112.78
SEC-BTE-MTJ,35.0,100.0,48.0,4.8,30.0,19.3,8,5,1.0,1.383,1,30.0,0,19.3,107.97
SEC-NDLS-KOTA,465.0,130.0,275.0,14.5,111.2,0.5,7,2,1.226,1.186,0,130.0,1,0.5,393.75
SEC-SWM-GGC,64.0,120.0,48.0,5.1,94.1,0.4,17,5,1.0,1.509,0,120.0,0,0.4,65.54
SEC-BTE-MTJ,35.0,100.0,48.0,4.8,95.2,0.9,13,1,1.0,1.059,0,100.0,0,0.9,25.76
SEC-GGC-BTE,120.0,110.0,98.0,9.4,30.0,2.8,10,6,1.0,1.187,1,30.0,1,2.8,275.17
SEC-GGC-BTE,120.0,110.0,98.0,9.4,93.4,18.5,5,5,1.0,1.113,0,110.0,0,18.5,82.24
SEC-KOTA-SWM,108.0,130.0,58.0,6.2,45.0,2.6,8,2,1.0,1.202,1,45.0,0,2.6,179.91
SEC-KOTA-SWM,108.0,130.0,58.0,6.2,118.3,3.2,10,3,1.0,1.242,0,130.0,0,3.2,69.2
SEC-GGC-BTE,120.0,110.0,98.0,9.4,96.8,0.7,14,6,1.0,1.122,0,110.0,1,0.7,95.69
SEC-GGC-BTE,120.0,110.0,98.0,9.4,91.5,9.8,21,2,1.081,1.342,0,110.0,0,9.8,107.37
SEC-SWM-GGC,64.0,120.0,48.0,5.1,97.9,0.1,17,6,1.0,1.159,0,120.0,0,0.1,45.34
SEC-SWM-GGC,64.0,120.0,48.0,5.1,117.8,4.6,2,1,1.0,1.184,0,120.0,0,4.6,40.0
SEC-SWM-GGC,64.0,120.0,48.0,5.1,107.0,3.1,13,3,1.104,1.187,0,120.0,1,3.1,43.52
SEC-SWM-GGC,64.0,120.0,48.0,5.1,117.6,2.7,5,6,1.0,1.191,0,120.0,0,2.7,45.86
SEC-BTE-MTJ,35.0,100.0,48.0,4.8,95.1,11.2,8,4,1.0,1.09,0,100.0,0,11.2,25.02
SEC-KOTA-SWM,108.0,130.0,58.0,6.2,115.6,0.3,19,3,1.0,1.377,0,130.0,0,0.3,84.45
SEC-BTE-MTJ,35.0,100.0,48.0,4.8,80.4,38.2,1,1,1.0,1.18,0,100.0,0,38.2,35.92
SEC-NDLS-KOTA,465.0,130.0,275.0,14.5,106.6,4.2,17,2,1.123,1.406,0,130.0,0,4.2,384.34
SEC-SWM-GGC,64.0,120.0,48.0,5.1,118.9,24.8,4,3,1.0,1.097,0,120.0,0,24.8,52.18
SEC-SWM-GGC,64.0,120.0,48.0,5.1,109.4,11.7,2,5,1.17,1.13,0,120.0,0,11.7,48.07
SEC-MTJ-AGC,54.0,120.0,45.0,4.2,112.5,3.9,7,2,1.0,1.193,0,120.0,1,3.9,64.69
SEC-GGC-BTE,120.0,110.0,98.0,9.4,45.0,54.1,23,1,1.0,1.158,1,45.0,0,54.1,224.53
SEC-SWM-GGC,64.0,120.0,48.0,5.1,110.7,3.4,13,0,1.0,1.114,0,120.0,0,3.4,36.48
SEC-KOTA-SWM,108.0,130.0,58.0,6.2,108.0,16.8,16,1,1.0,1.111,0,130.0,0,16.8,72.98
SEC-KOTA-SWM,108.0,130.0,58.0,6.2,60.0,0.8,22,4,1.0,1.136,1,60.0,1,0.8,161.23
SEC-GGC-BTE,120.0,110.0,98.0,9.4,99.9,8.7,1,1,1.0,1.137,0,110.0,0,8.7,79.5
SEC-BTE-MTJ,35.0,100.0,48.0,4.8,76.2,9.3,11,2,1.0,1.493,0,100.0,0,9.3,39.79
SEC-GGC-BTE,120.0,110.0,98.0,9.4,60.0,4.3,1,5,1.0,1.04,1,60.0,0,4.3,132.24
SEC-GGC-BTE,120.0,110.0,98.0,9.4,30.0,0.3,17,4,1.0,1.544,1,30.0,1,0.3,369.28
SEC-GGC-BTE,120.0,110.0,98.0,9.4,93.9,20.0,15,5,1.29,1.077,0,110.0,0,20.0,98.94
SEC-KOTA-SWM,108.0,130.0,58.0,6.2,99.1,25.0,13,2,1.062,1.004,0,130.0,0,25.0,88.83
SEC-NDLS-KOTA,465.0,130.0,275.0,14.5,109.7,5.9,6,2,1.119,1.172,0,130.0,0,5.9,295.09
SEC-MTJ-AGC,54.0,120.0,45.0,4.2,108.8,6.9,8,1,1.0,1.336,0,120.0,0,6.9,34.13
SEC-KOTA-SWM,108.0,130.0,58.0,6.2,119.6,7.4,12,4,1.0,1.101,0,130.0,0,7.4,60.36
SEC-BTE-MTJ,35.0,100.0,48.0,4.8,99.7,7.3,19,5,1.145,1.224,0,100.0,0,7.3,36.83
SEC-NDLS-KOTA,465.0,130.0,275.0,14.5,124.4,5.0,6,2,1.0,1.173,0,130.0,0,5.0,227.28
SEC-SWM-GGC,64.0,120.0,48.0,5.1,108.8,17.9,10,5,1.05,1.387,0,120.0,0,17.9,58.41
SEC-GGC-BTE,120.0,110.0,98.0,9.4,88.0,15.4,0,3,1.0,1.174,0,110.0,0,15.4,107.77
SEC-SWM-GGC,64.0,120.0,48.0,5.1,96.4,3.0,9,6,1.0,1.284,0,120.0,0,3.0,51.05
SEC-GGC-BTE,120.0,110.0,98.0,9.4,107.0,2.5,9,4,1.209,1.133,0,110.0,0,2.5,115.17
SEC-MTJ-AGC,54.0,120.0,45.0,4.2,45.0,4.1,18,3,1.0,1.314,1,45.0,1,4.1,109.39
SEC-GGC-BTE,120.0,110.0,98.0,9.4,30.0,0.9,5,2,1.0,1.133,1,30.0,0,0.9,292.48
SEC-SWM-GGC,64.0,120.0,48.0,5.1,103.0,4.4,16,4,1.0,1.099,0,120.0,0,4.4,37.9
SEC-KOTA-SWM,108.0,130.0,58.0,6.2,108.9,0.2,17,2,1.0,1.289,0,130.0,0,0.2,71.45
SEC-MTJ-AGC,54.0,120.0,45.0,4.2,93.1,0.4,22,4,1.196,1.156,0,120.0,0,0.4,57.09
SEC-GGC-BTE,120.0,110.0,98.0,9.4,102.1,9.3,21,5,1.0,1.218,0,110.0,0,9.3,69.12
SEC-SWM-GGC,64.0,120.0,48.0,5.1,97.9,18.4,10,6,1.086,1.257,0,120.0,0,18.4,60.26
SEC-SWM-GGC,64.0,120.0,48.0,5.1,45.0,18.9,4,1,1.111,1.038,1,45.0,1,18.9,141.1
SEC-KOTA-SWM,108.0,130.0,58.0,6.2,114.8,17.3,23,4,1.0,1.043,0,130.0,0,17.3,57.01
SEC-NDLS-KOTA,465.0,130.0,275.0,14.5,104.7,21.5,16,4,1.0,1.139,0,130.0,0,21.5,287.93
SEC-MTJ-AGC,54.0,120.0,45.0,4.2,60.0,22.0,9,3,1.0,1.261,1,60.0,0,22.0,80.37
SEC-MTJ-AGC,54.0,120.0,45.0,4.2,95.9,11.6,10,0,1.0,1.385,0,120.0,0,11.6,39.72
SEC-MTJ-AGC,54.0,120.0,45.0,4.2,107.0,24.3,9,5,1.0,1.076,0,120.0,0,24.3,36.57
SEC-SWM-GGC,64.0,120.0,48.0,5.1,103.4,4.7,22,6,1.0,1.012,0,120.0,0,4.7,42.27
SEC-MTJ-AGC,54.0,120.0,45.0,4.2,110.9,14.3,9,0,1.0,1.139,0,120.0,0,14.3,27.09
SEC-NDLS-KOTA,465.0,130.0,275.0,14.5,115.5,6.0,12,2,1.0,1.044,0,130.0,0,6.0,264.23
SEC-MTJ-AGC,54.0,120.0,45.0,4.2,92.4,15.8,5,5,1.0,1.146,0,120.0,0,15.8,37.19
SEC-GGC-BTE,120.0,110.0,98.0,9.4,91.2,4.2,15,5,1.061,1.018,0,110.0,1,4.2,96.07
SEC-NDLS-KOTA,465.0,130.0,275.0,14.5,125.7,15.1,13,3,1.0,1.242,0,130.0,0,15.1,272.75
SEC-SWM-GGC,64.0,120.0,48.0,5.1,113.5,4.9,11,6,1.0,1.304,0,120.0,0,4.9,43.01
SEC-BTE-MTJ,35.0,100.0,48.0,4.8,90.6,2.5,9,0,1.0,1.286,0,100.0,0,2.5,23.19
SEC-GGC-BTE,120.0,110.0,98.0,9.4,86.6,17.3,20,0,1.0,1.267,0,110.0,0,17.3,94.34
SEC-NDLS-KOTA,465.0,130.0,275.0,14.5,99.0,24.5,7,1,1.0,1.037,0,130.0,0,24.5,287.48
SEC-NDLS-KOTA,465.0,130.0,275.0,14.5,112.0,0.7,16,1,1.0,1.048,0,130.0,1,0.7,246.9
SEC-KOTA-SWM,108.0,130.0,58.0,6.2,129.4,18.7,20,5,1.0,1.206,0,130.0,0,18.7,65.54
SEC-MTJ-AGC,54.0,120.0,45.0,4.2,116.4,24.4,12,4,1.0,1.082,0,120.0,0,24.4,25.65
SEC-BTE-MTJ,35.0,100.0,48.0,4.8,76.8,10.1,13,5,1.0,1.179,0,100.0,0,10.1,31.14
SEC-KOTA-SWM,108.0,130.0,58.0,6.2,115.3,6.1,15,5,1.0,1.099,0,130.0,0,6.1,47.35
SEC-KOTA-SWM,108.0,130.0,58.0,6.2,114.3,2.7,5,6,1.0,1.166,0,130.0,1,2.7,70.12
SEC-KOTA-SWM,108.0,130.0,58.0,6.2,98.6,21.5,0,0,1.0,1.011,0,130.0,0,21.5,76.73
SEC-GGC-BTE,120.0,110.0,98.0,9.4,107.8,5.6,12,1,1.174,1.152,0,110.0,1,5.6,107.24
SEC-GGC-BTE,120.0,110.0,98.0,9.4,94.6,37.7,7,3,1.18,1.032,0,110.0,0,37.7,97.69
SEC-GGC-BTE,120.0,110.0,98.0,9.4,30.0,13.8,0,3,1.081,1.014,1,30.0,0,13.8,291.69
SEC-GGC-BTE,120.0,110.0,98.0,9.4,82.8,9.3,6,5,1.0,1.053,0,110.0,0,9.3,101.84
SEC-SWM-GGC,64.0,120.0,48.0,5.1,108.4,12.6,5,6,1.0,1.128,0,120.0,1,12.6,57.7
SEC-NDLS-KOTA,465.0,130.0,275.0,14.5,111.6,47.5,22,0,1.0,1.063,0,130.0,0,47.5,268.74
SEC-SWM-GGC,64.0,120.0,48.0,5.1,101.5,0.4,16,1,1.0,1.034,0,120.0,0,0.4,35.05
SEC-MTJ-AGC,54.0,120.0,45.0,4.2,114.6,13.0,10,1,1.0,1.265,0,120.0,0,13.0,26.24
SEC-NDLS-KOTA,465.0,130.0,275.0,14.5,30.0,1.8,17,4,1.0,1.292,1,30.0,0,1.8,1171.1
SEC-MTJ-AGC,54.0,120.0,45.0,4.2,115.4,14.9,13,6,1.053,1.055,0,120.0,0,14.9,25.65
SEC-GGC-BTE,120.0,110.0,98.0,9.4,85.6,6.5,4,5,1.0,1.1,0,110.0,0,6.5,97.16
SEC-NDLS-KOTA,465.0,130.0,275.0,14.5,126.7,5.9,22,0,1.0,1.185,0,130.0,0,5.9,251.66
SEC-GGC-BTE,120.0,110.0,98.0,9.4,91.6,5.7,19,0,1.129,1.166,0,110.0,0,5.7,88.69
SEC-KOTA-SWM,108.0,130.0,58.0,6.2,104.0,1.6,12,5,1.0,1.018,0,130.0,0,1.6,71.35
SEC-MTJ-AGC,54.0,120.0,45.0,4.2,113.8,10.7,7,1,1.0,1.027,0,120.0,0,10.7,25.65
SEC-NDLS-KOTA,465.0,130.0,275.0,14.5,98.3,16.4,6,1,1.29,1.127,0,130.0,1,16.4,452.22
SEC-SWM-GGC,64.0,120.0,48.0,5.1,101.7,11.8,0,6,1.0,1.02,0,120.0,0,11.8,35.82
SEC-MTJ-AGC,54.0,120.0,45.0,4.2,45.0,8.2,23,0,1.0,1.071,1,45.0,0,8.2,80.76
SEC-MTJ-AGC,54.0,120.0,45.0,4.2,109.2,0.3,14,5,1.0,1.103,0,120.0,1,0.3,43.57
SEC-NDLS-KOTA,465.0,130.0,275.0,14.5,100.6,0.3,23,1,1.0,1.046,0,130.0,0,0.3,298.16
SEC-NDLS-KOTA,465.0,130.0,275.0,14.5,97.5,4.7,4,5,1.149,1.091,0,130.0,0,4.7,361.02
SEC-BTE-MTJ,35.0,100.0,48.0,4.8,45.0,6.3,9,6,1.0,1.196,1,45.0,0,6.3,66.36
SEC-BTE-MTJ,35.0,100.0,48.0,4.8,30.0,14.5,7,4,1.0,1.106,1,30.0,0,14.5,98.46
SEC-NDLS-KOTA,465.0,130.0,275.0,14.5,105.8,1.6,8,4,1.0,1.336,0,130.0,0,1.6,361.65
SEC-GGC-BTE,120.0,110.0,98.0,9.4,106.3,5.9,23,0,1.0,1.06,0,110.0,0,5.9,79.95
SEC-BTE-MTJ,35.0,100.0,48.0,4.8,75.9,34.4,5,1,1.0,1.06,0,100.0,0,34.4,19.95
SEC-MTJ-AGC,54.0,120.0,45.0,4.2,113.8,1.0,8,5,1.157,1.315,0,120.0,1,1.0,59.9
SEC-KOTA-SWM,108.0,130.0,58.0,6.2,98.1,0.0,18,2,1.0,1.171,0,130.0,0,0.0,80.12
SEC-MTJ-AGC,54.0,120.0,45.0,4.2,108.8,5.3,8,5,1.134,1.255,0,120.0,0,5.3,41.67
SEC-GGC-BTE,120.0,110.0,98.0,9.4,103.1,5.5,2,5,1.094,1.116,0,110.0,0,5.5,92.91
SEC-MTJ-AGC,54.0,120.0,45.0,4.2,119.6,11.7,10,0,1.053,1.464,0,120.0,0,11.7,36.61
SEC-BTE-MTJ,35.0,100.0,48.0,4.8,97.5,4.0,2,5,1.0,1.059,0,100.0,0,4.0,28.66
SEC-KOTA-SWM,108.0,130.0,58.0,6.2,105.7,3.4,4,1,1.0,1.081,0,130.0,0,3.4,47.35
SEC-BTE-MTJ,35.0,100.0,48.0,4.8,82.0,9.2,6,3,1.115,1.135,0,100.0,0,9.2,29.65
SEC-KOTA-SWM,108.0,130.0,58.0,6.2,128.6,6.6,20,3,1.0,1.165,0,130.0,0,6.6,56.54
SEC-KOTA-SWM,108.0,130.0,58.0,6.2,111.3,14.4,13,0,1.0,1.08,0,130.0,1,14.4,67.12
SEC-KOTA-SWM,108.0,130.0,58.0,6.2,129.2,29.4,0,5,1.0,1.15,0,130.0,0,29.4,50.77
SEC-BTE-MTJ,35.0,100.0,48.0,4.8,60.0,1.7,17,0,1.181,1.444,1,60.0,0,1.7,62.59
SEC-GGC-BTE,120.0,110.0,98.0,9.4,87.1,24.3,13,1,1.0,1.129,0,110.0,0,24.3,90.09
SEC-SWM-GGC,64.0,120.0,48.0,5.1,118.6,5.8,16,1,1.178,1.019,0,120.0,0,5.8,45.4
SEC-MTJ-AGC,54.0,120.0,45.0,4.2,45.0,15.6,3,4,1.0,1.182,1,45.0,0,15.6,94.94
SEC-KOTA-SWM,108.0,130.0,58.0,6.2,45.0,13.5,18,3,1.0,1.191,1,45.0,0,13.5,189.55
SEC-BTE-MTJ,35.0,100.0,48.0,4.8,79.1,11.1,7,0,1.0,1.175,0,100.0,1,11.1,41.45
SEC-SWM-GGC,64.0,120.0,48.0,5.1,114.0,2.7,8,3,1.108,1.14,0,120.0,0,2.7,48.26
SEC-MTJ-AGC,54.0,120.0,45.0,4.2,102.1,8.8,21,0,1.076,1.249,0,120.0,0,8.8,40.44
SEC-NDLS-KOTA,465.0,130.0,275.0,14.5,60.0,13.8,5,2,1.0,1.038,1,60.0,0,13.8,462.81
SEC-GGC-BTE,120.0,110.0,98.0,9.4,83.5,23.2,4,2,1.0,1.191,0,110.0,0,23.2,101.57
SEC-SWM-GGC,64.0,120.0,48.0,5.1,98.1,11.8,16,0,1.0,1.095,0,120.0,0,11.8,45.49
SEC-SWM-GGC,64.0,120.0,48.0,5.1,90.2,7.7,19,6,1.0,1.087,0,120.0,1,7.7,64.37
SEC-BTE-MTJ,35.0,100.0,48.0,4.8,92.6,4.6,21,0,1.209,1.234,0,100.0,0,4.6,36.69
SEC-SWM-GGC,64.0,120.0,48.0,5.1,115.0,14.4,8,3,1.0,1.19,0,120.0,0,14.4,40.84
SEC-GGC-BTE,120.0,110.0,98.0,9.4,101.6,3.3,9,1,1.08,1.462,0,110.0,0,3.3,104.06
SEC-NDLS-KOTA,465.0,130.0,275.0,14.5,116.0,4.5,17,4,1.0,1.379,0,130.0,0,4.5,304.3
SEC-BTE-MTJ,35.0,100.0,48.0,4.8,77.9,1.9,12,3,1.0,1.039,0,100.0,0,1.9,21.98
SEC-SWM-GGC,64.0,120.0,48.0,5.1,101.1,11.9,9,1,1.155,1.226,0,120.0,0,11.9,41.55
SEC-KOTA-SWM,108.0,130.0,58.0,6.2,60.0,7.9,11,5,1.0,1.152,1,60.0,0,7.9,134.13
SEC-SWM-GGC,64.0,120.0,48.0,5.1,45.0,6.5,19,2,1.056,1.241,1,45.0,0,6.5,123.41
SEC-NDLS-KOTA,465.0,130.0,275.0,14.5,127.5,6.5,5,2,1.0,1.241,0,130.0,0,6.5,282.94
SEC-MTJ-AGC,54.0,120.0,45.0,4.2,60.0,1.2,21,1,1.132,1.214,1,60.0,0,1.2,83.6
SEC-GGC-BTE,120.0,110.0,98.0,9.4,60.0,32.4,14,3,1.146,1.117,1,60.0,0,32.4,169.5
SEC-BTE-MTJ,35.0,100.0,48.0,4.8,87.8,1.9,10,6,1.0,1.111,0,100.0,0,1.9,22.66
SEC-MTJ-AGC,54.0,120.0,45.0,4.2,92.5,5.5,6,4,1.0,1.119,0,120.0,0,5.5,40.0
SEC-SWM-GGC,64.0,120.0,48.0,5.1,101.0,6.0,9,5,1.0,1.479,0,120.0,0,6.0,54.03
SEC-GGC-BTE,120.0,110.0,98.0,9.4,102.6,49.1,7,1,1.0,1.088,0,110.0,0,49.1,69.19
SEC-GGC-BTE,120.0,110.0,98.0,9.4,95.6,7.1,22,0,1.0,1.135,0,110.0,0,7.1,87.49
SEC-NDLS-KOTA,465.0,130.0,275.0,14.5,121.7,10.1,15,0,1.0,1.063,0,130.0,1,10.1,254.23
SEC-KOTA-SWM,108.0,130.0,58.0,6.2,45.0,56.2,7,6,1.146,1.074,1,45.0,0,56.2,211.37
SEC-GGC-BTE,120.0,110.0,98.0,9.4,30.0,5.7,12,6,1.0,1.288,1,30.0,0,5.7,312.12
SEC-MTJ-AGC,54.0,120.0,45.0,4.2,106.7,5.9,17,4,1.0,1.134,0,120.0,0,5.9,34.83
SEC-KOTA-SWM,108.0,130.0,58.0,6.2,102.7,3.0,16,3,1.0,1.129,0,130.0,1,3.0,79.79
SEC-KOTA-SWM,108.0,130.0,58.0,6.2,102.5,19.7,7,5,1.139,1.153,0,130.0,1,19.7,99.01
SEC-NDLS-KOTA,465.0,130.0,275.0,14.5,99.1,4.3,19,6,1.0,1.255,0,130.0,0,4.3,358.55
SEC-KOTA-SWM,108.0,130.0,58.0,6.2,111.3,8.0,12,2,1.0,1.22,0,130.0,1,8.0,88.8
SEC-SWM-GGC,64.0,120.0,48.0,5.1,113.9,7.2,18,6,1.0,1.154,0,120.0,0,7.2,48.36
SEC-MTJ-AGC,54.0,120.0,45.0,4.2,91.4,9.5,9,2,1.0,1.133,0,120.0,0,9.5,46.46
SEC-SWM-GGC,64.0,120.0,48.0,5.1,105.1,17.6,9,5,1.122,1.321,0,120.0,0,17.6,53.51
SEC-MTJ-AGC,54.0,120.0,45.0,4.2,116.5,2.1,13,5,1.065,1.137,0,120.0,0,2.1,30.83
SEC-BTE-MTJ,35.0,100.0,48.0,4.8,30.0,14.1,11,0,1.092,1.324,1,30.0,0,14.1,101.82
SEC-KOTA-SWM,108.0,130.0,58.0,6.2,45.0,11.4,7,4,1.148,1.223,1,45.0,0,11.4,217.36
SEC-GGC-BTE,120.0,110.0,98.0,9.4,106.5,15.7,1,5,1.0,1.027,0,110.0,0,15.7,84.65
SEC-BTE-MTJ,35.0,100.0,48.0,4.8,94.9,7.2,17,1,1.0,1.399,0,100.0,1,7.2,54.34
SEC-SWM-GGC,64.0,120.0,48.0,5.1,45.0,3.3,13,2,1.0,1.142,1,45.0,0,3.3,110.65
SEC-NDLS-KOTA,465.0,130.0,275.0,14.5,98.7,1.9,7,5,1.0,1.131,0,130.0,0,1.9,312.82
SEC-KOTA-SWM,108.0,130.0,58.0,6.2,45.0,22.3,6,6,1.0,1.103,1,45.0,0,22.3,184.31
SEC-SWM-GGC,64.0,120.0,48.0,5.1,91.5,56.4,14,0,1.0,1.058,0,120.0,0,56.4,57.22
SEC-BTE-MTJ,35.0,100.0,48.0,4.8,93.8,5.7,20,1,1.0,1.343,0,100.0,1,5.7,49.27
SEC-KOTA-SWM,108.0,130.0,58.0,6.2,110.9,4.9,8,5,1.0,1.165,0,130.0,0,4.9,65.08
SEC-MTJ-AGC,54.0,120.0,45.0,4.2,109.4,12.3,16,5,1.0,1.031,0,120.0,0,12.3,32.38
SEC-MTJ-AGC,54.0,120.0,45.0,4.2,115.2,4.9,12,4,1.159,1.051,0,120.0,0,4.9,33.62
SEC-KOTA-SWM,108.0,130.0,58.0,6.2,102.3,6.3,6,5,1.0,1.037,0,130.0,0,6.3,61.2
SEC-SWM-GGC,64.0,120.0,48.0,5.1,115.8,3.4,15,4,1.055,1.069,0,120.0,0,3.4,42.53
SEC-NDLS-KOTA,465.0,130.0,275.0,14.5,60.0,8.1,18,6,1.0,1.073,1,60.0,0,8.1,506.54
SEC-SWM-GGC,64.0,120.0,48.0,5.1,116.4,2.1,2,6,1.056,1.176,0,120.0,0,2.1,38.8
SEC-KOTA-SWM,108.0,130.0,58.0,6.2,126.1,0.1,16,6,1.0,1.097,0,130.0,0,0.1,59.3
SEC-KOTA-SWM,108.0,130.0,58.0,6.2,117.2,10.2,11,1,1.0,1.39,0,130.0,0,10.2,51.68
SEC-SWM-GGC,64.0,120.0,48.0,5.1,60.0,27.1,8,2,1.0,1.237,1,60.0,0,27.1,90.85
SEC-KOTA-SWM,108.0,130.0,58.0,6.2,30.0,1.2,2,2,1.064,1.123,1,30.0,0,1.2,259.68
SEC-KOTA-SWM,108.0,130.0,58.0,6.2,111.7,33.1,5,4,1.0,1.095,0,130.0,0,33.1,67.24
SEC-SWM-GGC,64.0,120.0,48.0,5.1,105.5,14.1,14,4,1.128,1.117,0,120.0,0,14.1,34.66
SEC-GGC-BTE,120.0,110.0,98.0,9.4,98.1,39.0,16,4,1.0,1.053,0,110.0,1,39.0,109.49
SEC-SWM-GGC,64.0,120.0,48.0,5.1,111.4,29.3,1,4,1.0,1.068,0,120.0,0,29.3,31.6
SEC-MTJ-AGC,54.0,120.0,45.0,4.2,60.0,0.6,6,2,1.0,1.086,1,60.0,0,0.6,69.55
SEC-BTE-MTJ,35.0,100.0,48.0,4.8,45.0,1.8,5,1,1.0,1.028,1,45.0,0,1.8,51.48
SEC-BTE-MTJ,35.0,100.0,48.0,4.8,87.4,1.7,20,5,1.0,1.293,0,100.0,0,1.7,25.43
SEC-KOTA-SWM,108.0,130.0,58.0,6.2,60.0,10.4,2,3,1.0,1.055,1,60.0,0,10.4,127.29
SEC-GGC-BTE,120.0,110.0,98.0,9.4,93.3,0.2,5,5,1.0,1.179,0,110.0,0,0.2,100.5
SEC-KOTA-SWM,108.0,130.0,58.0,6.2,45.0,1.0,22,3,1.0,1.246,1,45.0,0,1.0,180.6
SEC-SWM-GGC,64.0,120.0,48.0,5.1,104.2,6.7,18,0,1.0,1.201,0,120.0,0,6.7,46.39
SEC-MTJ-AGC,54.0,120.0,45.0,4.2,92.0,0.0,22,1,1.142,1.053,0,120.0,0,0.0,55.93
SEC-MTJ-AGC,54.0,120.0,45.0,4.2,90.4,4.8,22,0,1.0,1.03,0,120.0,0,4.8,43.46
SEC-KOTA-SWM,108.0,130.0,58.0,6.2,108.3,8.1,16,2,1.0,1.136,0,130.0,1,8.1,90.44
SEC-BTE-MTJ,35.0,100.0,48.0,4.8,81.1,0.9,20,2,1.0,1.126,0,100.0,0,0.9,27.35
SEC-KOTA-SWM,108.0,130.0,58.0,6.2,114.0,7.4,18,2,1.0,1.267,0,130.0,0,7.4,73.88
SEC-BTE-MTJ,35.0,100.0,48.0,4.8,86.9,12.0,13,0,1.0,1.083,0,100.0,0,12.0,32.94
SEC-MTJ-AGC,54.0,120.0,45.0,4.2,113.6,40.4,21,6,1.0,1.317,0,120.0,0,40.4,46.8
SEC-MTJ-AGC,54.0,120.0,45.0,4.2,111.4,4.2,3,3,1.0,1.157,0,120.0,0,4.2,28.97
SEC-BTE-MTJ,35.0,100.0,48.0,4.8,82.8,19.7,3,6,1.0,1.047,0,100.0,0,19.7,47.55
SEC-NDLS-KOTA,465.0,130.0,275.0,14.5,111.4,6.5,13,3,1.0,1.07,0,130.0,0,6.5,230.37
SEC-KOTA-SWM,108.0,130.0,58.0,6.2,30.0,14.2,4,0,1.0,1.014,1,30.0,0,14.2,226.78
SEC-KOTA-SWM,108.0,130.0,58.0,6.2,119.3,8.5,16,4,1.0,1.09,0,130.0,0,8.5,52.06
SEC-GGC-BTE,120.0,110.0,98.0,9.4,92.7,4.8,2,6,1.0,1.026,0,110.0,0,4.8,74.36
SEC-BTE-MTJ,35.0,100.0,48.0,4.8,85.5,2.4,16,2,1.0,1.043,0,100.0,0,2.4,29.36
SEC-MTJ-AGC,54.0,120.0,45.0,4.2,97.8,0.9,23,0,1.062,1.074,0,120.0,1,0.9,51.82
SEC-KOTA-SWM,108.0,130.0,58.0,6.2,30.0,0.1,7,5,1.0,1.055,1,30.0,0,0.1,237.1
SEC-SWM-GGC,64.0,120.0,48.0,5.1,60.0,9.8,11,2,1.0,1.199,1,60.0,0,9.8,80.49
SEC-MTJ-AGC,54.0,120.0,45.0,4.2,99.3,2.9,5,2,1.05,1.072,0,120.0,0,2.9,40.41
SEC-KOTA-SWM,108.0,130.0,58.0,6.2,60.0,1.2,16,5,1.218,1.044,1,60.0,0,1.2,143.97
SEC-MTJ-AGC,54.0,120.0,45.0,4.2,108.3,5.0,11,1,1.0,1.122,0,120.0,0,5.0,40.24
SEC-KOTA-SWM,108.0,130.0,58.0,6.2,105.5,0.6,13,4,1.0,1.082,0,130.0,1,0.6,84.57
SEC-NDLS-KOTA,465.0,130.0,275.0,14.5,124.8,8.0,15,5,1.0,1.208,0,130.0,0,8.0,256.78
SEC-NDLS-KOTA,465.0,130.0,275.0,14.5,60.0,5.8,7,4,1.0,1.082,1,60.0,0,5.8,489.47
SEC-MTJ-AGC,54.0,120.0,45.0,4.2,110.9,2.9,5,3,1.0,1.028,0,120.0,0,2.9,27.61
SEC-BTE-MTJ,35.0,100.0,48.0,4.8,77.4,14.7,7,4,1.201,1.074,0,100.0,0,14.7,37.25
SEC-MTJ-AGC,54.0,120.0,45.0,4.2,93.9,29.2,7,3,1.0,1.163,0,120.0,0,29.2,31.87
SEC-MTJ-AGC,54.0,120.0,45.0,4.2,98.2,3.3,17,6,1.0,1.434,0,120.0,0,3.3,47.21
SEC-BTE-MTJ,35.0,100.0,48.0,4.8,60.0,51.0,13,5,1.0,1.041,1,60.0,0,51.0,61.1
SEC-MTJ-AGC,54.0,120.0,45.0,4.2,30.0,12.5,1,4,1.0,1.059,1,30.0,0,12.5,136.69
SEC-MTJ-AGC,54.0,120.0,45.0,4.2,60.0,2.7,16,6,1.0,1.024,1,60.0,1,2.7,67.26
SEC-BTE-MTJ,35.0,100.0,48.0,4.8,30.0,0.4,4,1,1.0,1.067,1,30.0,0,0.4,84.95
SEC-SWM-GGC,64.0,120.0,48.0,5.1,96.4,0.5,8,3,1.0,1.177,0,120.0,0,0.5,45.38
SEC-NDLS-KOTA,465.0,130.0,275.0,14.5,30.0,4.0,15,2,1.067,1.169,1,30.0,0,4.0,1117.92
SEC-BTE-MTJ,35.0,100.0,48.0,4.8,86.4,18.9,21,4,1.0,1.256,0,100.0,0,18.9,36.1
SEC-KOTA-SWM,108.0,130.0,58.0,6.2,119.9,9.9,15,2,1.105,1.11,0,130.0,0,9.9,75.54
SEC-GGC-BTE,120.0,110.0,98.0,9.4,102.0,10.3,4,1,1.0,1.04,0,110.0,0,10.3,81.98
SEC-GGC-BTE,120.0,110.0,98.0,9.4,107.4,5.8,8,0,1.0,1.284,0,110.0,0,5.8,93.5
SEC-BTE-MTJ,35.0,100.0,48.0,4.8,30.0,1.2,19,1,1.0,1.072,1,30.0,0,1.2,93.34
SEC-BTE-MTJ,35.0,100.0,48.0,4.8,93.1,15.4,20,2,1.0,1.372,0,100.0,0,15.4,38.32
SEC-KOTA-SWM,108.0,130.0,58.0,6.2,110.7,8.6,12,4,1.115,1.006,0,130.0,0,8.6,67.08
SEC-MTJ-AGC,54.0,120.0,45.0,4.2,109.9,4.9,13,3,1.0,1.112,0,120.0,0,4.9,40.44
SEC-MTJ-AGC,54.0,120.0,45.0,4.2,114.9,7.3,3,3,1.0,1.047,0,120.0,1,7.3,42.76
SEC-SWM-GGC,64.0,120.0,48.0,5.1,113.1,2.8,20,4,1.0,1.196,0,120.0,0,2.8,44.75
SEC-KOTA-SWM,108.0,130.0,58.0,6.2,116.4,1.8,19,6,1.07,1.416,0,130.0,0,1.8,78.53
SEC-KOTA-SWM,108.0,130.0,58.0,6.2,109.4,0.8,19,6,1.181,1.298,0,130.0,0,0.8,94.11
SEC-GGC-BTE,120.0,110.0,98.0,9.4,104.9,1.7,1,4,1.0,1.211,0,110.0,0,1.7,95.61
SEC-BTE-MTJ,35.0,100.0,48.0,4.8,76.4,4.7,14,1,1.0,1.07,0,100.0,1,4.7,41.83
SEC-BTE-MTJ,35.0,100.0,48.0,4.8,99.7,1.4,15,6,1.0,1.078,0,100.0,0,1.4,23.95
SEC-KOTA-SWM,108.0,130.0,58.0,6.2,119.7,7.6,21,6,1.0,1.213,0,130.0,1,7.6,81.72
SEC-BTE-MTJ,35.0,100.0,48.0,4.8,90.5,24.4,1,4,1.238,1.167,0,100.0,1,24.4,47.71
SEC-GGC-BTE,120.0,110.0,98.0,9.4,90.0,4.6,10,4,1.0,1.188,0,110.0,0,4.6,106.77
SEC-NDLS-KOTA,465.0,130.0,275.0,14.5,128.2,0.3,21,1,1.1,1.424,0,130.0,0,0.3,308.98
SEC-GGC-BTE,120.0,110.0,98.0,9.4,30.0,23.4,17,6,1.0,1.161,1,30.0,0,23.4,281.68
SEC-NDLS-KOTA,465.0,130.0,275.0,14.5,109.0,3.8,22,5,1.0,1.126,0,130.0,0,3.8,287.99
SEC-KOTA-SWM,108.0,130.0,58.0,6.2,107.4,11.0,1,3,1.134,1.063,0,130.0,0,11.0,75.04
SEC-BTE-MTJ,35.0,100.0,48.0,4.8,92.5,19.9,21,6,1.0,1.188,0,100.0,0,19.9,22.82
SEC-BTE-MTJ,35.0,100.0,48.0,4.8,81.7,21.7,18,0,1.0,1.305,0,100.0,0,21.7,30.17
SEC-NDLS-KOTA,465.0,130.0,275.0,14.5,127.4,12.2,3,0,1.0,1.088,0,130.0,0,12.2,218.72
SEC-MTJ-AGC,54.0,120.0,45.0,4.2,30.0,7.4,13,3,1.221,1.098,1,30.0,0,7.4,154.3
SEC-MTJ-AGC,54.0,120.0,45.0,4.2,116.8,2.3,5,4,1.126,1.104,0,120.0,0,2.3,26.64
SEC-NDLS-KOTA,465.0,130.0,275.0,14.5,122.5,0.9,5,6,1.0,1.115,0,130.0,0,0.9,219.62
SEC-SWM-GGC,64.0,120.0,48.0,5.1,117.7,16.5,20,1,1.0,1.217,0,120.0,0,16.5,35.24
SEC-MTJ-AGC,54.0,120.0,45.0,4.2,98.5,0.6,16,2,1.0,1.106,0,120.0,0,0.6,35.85
SEC-SWM-GGC,64.0,120.0,48.0,5.1,90.8,19.8,11,1,1.0,1.226,0,120.0,0,19.8,66.42
SEC-GGC-BTE,120.0,110.0,98.0,9.4,95.8,19.5,6,0,1.0,1.131,0,110.0,0,19.5,81.15
SEC-NDLS-KOTA,465.0,130.0,275.0,14.5,108.4,17.4,13,6,1.0,1.104,0,130.0,0,17.4,308.52
SEC-MTJ-AGC,54.0,120.0,45.0,4.2,94.0,30.0,9,0,1.0,1.136,0,120.0,0,30.0,33.63
SEC-NDLS-KOTA,465.0,130.0,275.0,14.5,123.9,8.2,4,1,1.056,1.045,0,130.0,1,8.2,261.81
SEC-NDLS-KOTA,465.0,130.0,275.0,14.5,113.1,3.3,14,6,1.241,1.155,0,130.0,0,3.3,354.84
SEC-KOTA-SWM,108.0,130.0,58.0,6.2,107.9,8.6,5,5,1.0,1.051,0,130.0,0,8.6,59.44
SEC-KOTA-SWM,108.0,130.0,58.0,6.2,122.0,24.6,14,1,1.0,1.135,0,130.0,0,24.6,52.41
SEC-BTE-MTJ,35.0,100.0,48.0,4.8,94.9,36.3,4,6,1.0,1.087,0,100.0,0,36.3,19.95
SEC-GGC-BTE,120.0,110.0,98.0,9.4,90.1,16.7,13,5,1.063,1.171,0,110.0,0,16.7,86.97
SEC-GGC-BTE,120.0,110.0,98.0,9.4,108.3,2.0,17,5,1.257,1.288,0,110.0,0,2.0,107.35
SEC-GGC-BTE,120.0,110.0,98.0,9.4,88.5,0.4,2,0,1.102,1.087,0,110.0,0,0.4,86.15
SEC-KOTA-SWM,108.0,130.0,58.0,6.2,45.0,31.4,11,5,1.0,1.41,1,45.0,0,31.4,209.81
SEC-SWM-GGC,64.0,120.0,48.0,5.1,109.1,3.5,6,5,1.0,1.222,0,120.0,0,3.5,30.4
SEC-KOTA-SWM,108.0,130.0,58.0,6.2,123.2,0.7,22,0,1.0,1.088,0,130.0,0,0.7,59.39
SEC-NDLS-KOTA,465.0,130.0,275.0,14.5,101.4,30.8,1,2,1.0,1.097,0,130.0,0,30.8,307.26
SEC-SWM-GGC,64.0,120.0,48.0,5.1,30.0,1.6,4,3,1.094,1.105,1,30.0,0,1.6,160.27
SEC-BTE-MTJ,35.0,100.0,48.0,4.8,45.0,5.3,22,5,1.0,1.154,1,45.0,0,5.3,63.03
SEC-NDLS-KOTA,465.0,130.0,275.0,14.5,123.9,14.1,13,6,1.093,1.015,0,130.0,0,14.1,246.95
SEC-BTE-MTJ,35.0,100.0,48.0,4.8,86.2,21.8,23,4,1.28,1.095,0,100.0,0,21.8,35.17
SEC-MTJ-AGC,54.0,120.0,45.0,4.2,106.5,33.2,13,3,1.0,1.062,0,120.0,0,33.2,43.35
SEC-MTJ-AGC,54.0,120.0,45.0,4.2,60.0,18.0,11,2,1.0,1.464,1,60.0,0,18.0,95.91
SEC-BTE-MTJ,35.0,100.0,48.0,4.8,91.2,9.0,9,3,1.0,1.207,0,100.0,0,9.0,47.34
SEC-SWM-GGC,64.0,120.0,48.0,5.1,113.2,7.2,12,6,1.0,1.013,0,120.0,0,7.2,31.53
SEC-MTJ-AGC,54.0,120.0,45.0,4.2,105.8,7.0,6,3,1.0,1.078,0,120.0,0,7.0,34.72
SEC-MTJ-AGC,54.0,120.0,45.0,4.2,90.6,12.3,11,0,1.0,1.073,0,120.0,0,12.3,40.32
SEC-NDLS-KOTA,465.0,130.0,275.0,14.5,111.5,4.4,22,4,1.137,1.09,0,130.0,1,4.4,306.88
SEC-MTJ-AGC,54.0,120.0,45.0,4.2,114.8,1.0,1,6,1.103,1.04,0,120.0,0,1.0,33.06
SEC-SWM-GGC,64.0,120.0,48.0,5.1,114.6,1.5,9,5,1.0,1.165,0,120.0,0,1.5,42.93
SEC-MTJ-AGC,54.0,120.0,45.0,4.2,99.4,24.7,20,0,1.0,1.292,0,120.0,0,24.7,60.1
SEC-KOTA-SWM,108.0,130.0,58.0,6.2,60.0,1.6,16,5,1.0,1.146,1,60.0,0,1.6,115.25
SEC-NDLS-KOTA,465.0,130.0,275.0,14.5,123.1,4.8,7,4,1.0,1.053,0,130.0,0,4.8,258.83
SEC-GGC-BTE,120.0,110.0,98.0,9.4,102.1,10.4,14,6,1.0,1.218,0,110.0,0,10.4,79.56
SEC-SWM-GGC,64.0,120.0,48.0,5.1,116.3,26.2,10,6,1.0,1.096,0,120.0,0,26.2,66.7
SEC-MTJ-AGC,54.0,120.0,45.0,4.2,94.7,2.4,11,5,1.0,1.21,0,120.0,0,2.4,25.65
SEC-BTE-MTJ,35.0,100.0,48.0,4.8,87.0,18.2,11,0,1.0,1.178,0,100.0,0,18.2,36.3
SEC-KOTA-SWM,108.0,130.0,58.0,6.2,128.2,32.2,10,5,1.0,1.071,0,130.0,0,32.2,48.71
SEC-KOTA-SWM,108.0,130.0,58.0,6.2,45.0,11.6,10,4,1.0,1.2,1,45.0,0,11.6,175.16
SEC-NDLS-KOTA,465.0,130.0,275.0,14.5,106.9,1.5,12,5,1.0,1.143,0,130.0,1,1.5,316.4
SEC-BTE-MTJ,35.0,100.0,48.0,4.8,60.0,5.7,14,5,1.172,1.011,1,60.0,0,5.7,40.76
SEC-SWM-GGC,64.0,120.0,48.0,5.1,104.2,34.7,18,2,1.0,1.297,0,120.0,0,34.7,38.75
SEC-SWM-GGC,64.0,120.0,48.0,5.1,111.6,2.4,10,4,1.0,1.364,0,120.0,0,2.4,40.71
SEC-MTJ-AGC,54.0,120.0,45.0,4.2,108.7,4.7,5,0,1.0,1.142,0,120.0,0,4.7,26.54
SEC-MTJ-AGC,54.0,120.0,45.0,4.2,114.6,4.9,12,0,1.0,1.056,0,120.0,0,4.9,29.19
SEC-SWM-GGC,64.0,120.0,48.0,5.1,60.0,0.5,7,1,1.103,1.154,1,60.0,0,0.5,88.16
SEC-GGC-BTE,120.0,110.0,98.0,9.4,30.0,14.5,1,5,1.0,1.046,1,30.0,0,14.5,264.5
SEC-NDLS-KOTA,465.0,130.0,275.0,14.5,60.0,11.8,5,4,1.0,1.17,1,60.0,0,11.8,546.01
SEC-BTE-MTJ,35.0,100.0,48.0,4.8,76.6,8.2,19,5,1.0,1.112,0,100.0,0,8.2,37.0
SEC-MTJ-AGC,54.0,120.0,45.0,4.2,108.8,15.8,20,5,1.15,1.088,0,120.0,0,15.8,37.45
SEC-GGC-BTE,120.0,110.0,98.0,9.4,30.0,33.5,19,1,1.0,1.187,1,30.0,0,33.5,304.47
SEC-NDLS-KOTA,465.0,130.0,275.0,14.5,103.8,13.4,10,6,1.0,1.257,0,130.0,1,13.4,329.5
SEC-NDLS-KOTA,465.0,130.0,275.0,14.5,128.3,19.1,6,1,1.0,1.022,0,130.0,0,19.1,270.67
SEC-NDLS-KOTA,465.0,130.0,275.0,14.5,126.3,2.1,22,5,1.094,1.019,0,130.0,0,2.1,257.6
SEC-SWM-GGC,64.0,120.0,48.0,5.1,115.7,10.7,20,4,1.0,1.304,0,120.0,0,10.7,43.91
SEC-NDLS-KOTA,465.0,130.0,275.0,14.5,103.0,15.3,20,1,1.154,1.393,0,130.0,0,15.3,425.34
SEC-BTE-MTJ,35.0,100.0,48.0,4.8,60.0,17.3,9,3,1.0,1.154,1,60.0,1,17.3,59.58
SEC-GGC-BTE,120.0,110.0,98.0,9.4,82.9,3.8,14,6,1.0,1.05,0,110.0,0,3.8,74.42
SEC-MTJ-AGC,54.0,120.0,45.0,4.2,111.4,0.9,23,5,1.0,1.069,0,120.0,0,0.9,32.01
SEC-NDLS-KOTA,465.0,130.0,275.0,14.5,124.2,13.5,14,6,1.113,1.171,0,130.0,0,13.5,295.3
SEC-SWM-GGC,64.0,120.0,48.0,5.1,99.8,0.3,18,5,1.0,1.485,0,120.0,0,0.3,61.67
SEC-BTE-MTJ,35.0,100.0,48.0,4.8,45.0,8.2,4,0,1.0,1.134,1,45.0,0,8.2,63.69
SEC-MTJ-AGC,54.0,120.0,45.0,4.2,103.9,2.0,11,3,1.0,1.255,0,120.0,0,2.0,42.03
SEC-GGC-BTE,120.0,110.0,98.0,9.4,60.0,3.4,16,5,1.0,1.086,1,60.0,0,3.4,111.87
SEC-SWM-GGC,64.0,120.0,48.0,5.1,119.0,28.8,7,4,1.0,1.054,0,120.0,0,28.8,35.67
SEC-NDLS-KOTA,465.0,130.0,275.0,14.5,118.9,41.8,16,3,1.0,1.04,0,130.0,0,41.8,230.26
SEC-KOTA-SWM,108.0,130.0,58.0,6.2,99.5,4.4,4,6,1.0,1.101,0,130.0,0,4.4,73.29
SEC-MTJ-AGC,54.0,120.0,45.0,4.2,30.0,4.0,17,3,1.0,1.194,1,30.0,0,4.0,140.6
SEC-MTJ-AGC,54.0,120.0,45.0,4.2,115.9,1.4,18,2,1.089,1.149,0,120.0,0,1.4,34.16
SEC-BTE-MTJ,35.0,100.0,48.0,4.8,45.0,8.0,12,0,1.0,1.093,1,45.0,0,8.0,58.09
SEC-KOTA-SWM,108.0,130.0,58.0,6.2,126.6,0.2,9,0,1.0,1.265,0,130.0,0,0.2,71.68
SEC-KOTA-SWM,108.0,130.0,58.0,6.2,117.7,10.4,21,5,1.0,1.243,0,130.0,0,10.4,61.99
SEC-NDLS-KOTA,465.0,130.0,275.0,14.5,126.7,10.7,18,1,1.0,1.353,0,130.0,0,10.7,263.61
SEC-KOTA-SWM,108.0,130.0,58.0,6.2,102.2,6.4,11,5,1.21,1.28,0,130.0,0,6.4,85.58
SEC-MTJ-AGC,54.0,120.0,45.0,4.2,95.8,0.3,5,1,1.0,1.058,0,120.0,1,0.3,51.18
SEC-SWM-GGC,64.0,120.0,48.0,5.1,115.2,6.8,7,2,1.0,1.093,0,120.0,0,6.8,34.54
SEC-SWM-GGC,64.0,120.0,48.0,5.1,104.0,6.4,10,5,1.177,1.219,0,120.0,0,6.4,61.62
SEC-NDLS-KOTA,465.0,130.0,275.0,14.5,111.9,13.9,5,6,1.274,1.09,0,130.0,0,13.9,337.23
SEC-NDLS-KOTA,465.0,130.0,275.0,14.5,129.5,8.9,14,3,1.0,1.177,0,130.0,0,8.9,246.1
SEC-SWM-GGC,64.0,120.0,48.0,5.1,112.9,3.2,0,1,1.0,1.113,0,120.0,0,3.2,41.61
SEC-KOTA-SWM,108.0,130.0,58.0,6.2,60.0,19.9,11,5,1.0,1.126,1,60.0,0,19.9,143.23
SEC-MTJ-AGC,54.0,120.0,45.0,4.2,95.1,3.3,6,1,1.152,1.03,0,120.0,0,3.3,38.68
SEC-MTJ-AGC,54.0,120.0,45.0,4.2,114.5,4.5,23,3,1.155,1.203,0,120.0,0,4.5,30.26
SEC-GGC-BTE,120.0,110.0,98.0,9.4,88.7,9.1,20,3,1.253,1.198,0,110.0,0,9.1,112.38
SEC-NDLS-KOTA,465.0,130.0,275.0,14.5,108.7,6.3,22,0,1.0,1.045,0,130.0,0,6.3,291.19
SEC-BTE-MTJ,35.0,100.0,48.0,4.8,92.3,2.9,8,1,1.0,1.246,0,100.0,0,2.9,27.59
SEC-NDLS-KOTA,465.0,130.0,275.0,14.5,129.4,15.6,20,4,1.0,1.373,0,130.0,0,15.6,281.35
SEC-KOTA-SWM,108.0,130.0,58.0,6.2,122.1,3.2,23,2,1.0,1.064,0,130.0,0,3.2,47.35
SEC-KOTA-SWM,108.0,130.0,58.0,6.2,121.8,3.9,4,2,1.0,1.066,0,130.0,0,3.9,51.86
SEC-KOTA-SWM,108.0,130.0,58.0,6.2,107.7,0.3,14,3,1.0,1.113,0,130.0,0,0.3,86.73
SEC-NDLS-KOTA,465.0,130.0,275.0,14.5,119.3,16.1,21,6,1.0,1.144,0,130.0,0,16.1,246.19
SEC-BTE-MTJ,35.0,100.0,48.0,4.8,87.8,21.6,9,3,1.198,1.181,0,100.0,0,21.6,32.9
SEC-GGC-BTE,120.0,110.0,98.0,9.4,85.9,15.9,22,6,1.0,1.177,0,110.0,0,15.9,118.74
SEC-NDLS-KOTA,465.0,130.0,275.0,14.5,124.8,4.2,23,6,1.0,1.086,0,130.0,0,4.2,250.02
SEC-BTE-MTJ,35.0,100.0,48.0,4.8,94.4,0.5,17,1,1.0,1.218,0,100.0,0,0.5,22.39
SEC-GGC-BTE,120.0,110.0,98.0,9.4,90.2,16.6,1,3,1.0,1.079,0,110.0,0,16.6,84.89
SEC-SWM-GGC,64.0,120.0,48.0,5.1,45.0,10.5,7,1,1.0,1.114,1,45.0,0,10.5,107.61
SEC-GGC-BTE,120.0,110.0,98.0,9.4,90.4,18.3,22,5,1.0,1.318,0,110.0,0,18.3,109.31
SEC-MTJ-AGC,54.0,120.0,45.0,4.2,60.0,24.9,14,4,1.0,1.072,1,60.0,0,24.9,57.07
SEC-MTJ-AGC,54.0,120.0,45.0,4.2,98.3,12.2,2,6,1.0,1.047,0,120.0,0,12.2,32.82
SEC-MTJ-AGC,54.0,120.0,45.0,4.2,91.4,4.2,10,6,1.0,1.239,0,120.0,1,4.2,47.23
SEC-SWM-GGC,64.0,120.0,48.0,5.1,118.2,18.9,23,3,1.0,1.016,0,120.0,0,18.9,36.3
SEC-SWM-GGC,64.0,120.0,48.0,5.1,109.7,3.8,14,1,1.0,1.252,0,120.0,0,3.8,43.82
SEC-BTE-MTJ,35.0,100.0,48.0,4.8,76.7,1.6,18,3,1.116,1.464,0,100.0,0,1.6,52.19
SEC-BTE-MTJ,35.0,100.0,48.0,4.8,45.0,1.6,15,5,1.0,1.091,1,45.0,0,1.6,58.04
SEC-KOTA-SWM,108.0,130.0,58.0,6.2,128.6,2.3,0,0,1.0,1.097,0,130.0,1,2.3,73.99
SEC-MTJ-AGC,54.0,120.0,45.0,4.2,119.9,3.6,8,1,1.0,1.196,0,120.0,0,3.6,45.6
SEC-KOTA-SWM,108.0,130.0,58.0,6.2,112.2,11.0,10,0,1.0,1.23,0,130.0,0,11.0,66.34
SEC-BTE-MTJ,35.0,100.0,48.0,4.8,86.8,2.4,1,4,1.0,1.179,0,100.0,0,2.4,28.38
SEC-NDLS-KOTA,465.0,130.0,275.0,14.5,111.2,1.6,21,4,1.0,1.137,0,130.0,0,1.6,293.18
SEC-MTJ-AGC,54.0,120.0,45.0,4.2,91.0,16.3,15,1,1.0,1.044,0,120.0,0,16.3,37.4
SEC-MTJ-AGC,54.0,120.0,45.0,4.2,116.9,7.2,22,4,1.273,1.137,0,120.0,0,7.2,49.2
SEC-SWM-GGC,64.0,120.0,48.0,5.1,93.9,30.7,16,1,1.059,1.074,0,120.0,0,30.7,45.97
SEC-KOTA-SWM,108.0,130.0,58.0,6.2,111.5,0.3,23,2,1.0,1.099,0,130.0,0,0.3,57.87
SEC-KOTA-SWM,108.0,130.0,58.0,6.2,103.0,14.7,10,1,1.289,1.228,0,130.0,0,14.7,94.74
SEC-GGC-BTE,120.0,110.0,98.0,9.4,106.3,0.8,14,1,1.0,1.079,0,110.0,0,0.8,74.96
SEC-SWM-GGC,64.0,120.0,48.0,5.1,60.0,30.1,17,6,1.0,1.372,1,60.0,1,30.1,123.29
SEC-GGC-BTE,120.0,110.0,98.0,9.4,99.2,3.8,19,0,1.0,1.307,0,110.0,0,3.8,92.04
SEC-MTJ-AGC,54.0,120.0,45.0,4.2,45.0,7.2,20,1,1.069,1.362,1,45.0,1,7.2,126.81
SEC-BTE-MTJ,35.0,100.0,48.0,4.8,79.8,10.4,19,0,1.0,1.456,0,100.0,0,10.4,34.18
SEC-GGC-BTE,120.0,110.0,98.0,9.4,84.1,14.2,19,6,1.0,1.203,0,110.0,0,14.2,103.86
SEC-MTJ-AGC,54.0,120.0,45.0,4.2,119.5,19.0,2,3,1.0,1.112,0,120.0,0,19.0,39.89
SEC-BTE-MTJ,35.0,100.0,48.0,4.8,87.7,3.5,21,6,1.0,1.245,0,100.0,1,3.5,36.51
SEC-KOTA-SWM,108.0,130.0,58.0,6.2,127.1,6.1,12,6,1.296,1.147,0,130.0,0,6.1,79.58
SEC-BTE-MTJ,35.0,100.0,48.0,4.8,88.6,18.3,14,5,1.0,1.054,0,100.0,0,18.3,24.4
SEC-BTE-MTJ,35.0,100.0,48.0,4.8,90.9,13.8,2,5,1.0,1.127,0,100.0,0,13.8,32.0
SEC-BTE-MTJ,35.0,100.0,48.0,4.8,90.8,1.6,9,6,1.0,1.391,0,100.0,0,1.6,33.11
SEC-MTJ-AGC,54.0,120.0,45.0,4.2,60.0,2.3,2,1,1.0,1.071,1,60.0,0,2.3,52.53
SEC-KOTA-SWM,108.0,130.0,58.0,6.2,110.4,2.8,21,3,1.0,1.151,0,130.0,0,2.8,64.16
SEC-GGC-BTE,120.0,110.0,98.0,9.4,105.5,8.2,10,3,1.0,1.209,0,110.0,0,8.2,83.86
SEC-BTE-MTJ,35.0,100.0,48.0,4.8,88.1,0.1,10,0,1.0,1.335,0,100.0,0,0.1,28.7
SEC-KOTA-SWM,108.0,130.0,58.0,6.2,125.2,1.0,0,0,1.0,1.062,0,130.0,0,1.0,54.13
SEC-NDLS-KOTA,465.0,130.0,275.0,14.5,114.0,3.2,11,5,1.0,1.198,0,130.0,0,3.2,289.66
SEC-MTJ-AGC,54.0,120.0,45.0,4.2,105.2,2.9,22,6,1.0,1.045,0,120.0,0,2.9,25.65
SEC-NDLS-KOTA,465.0,130.0,275.0,14.5,126.3,16.7,6,5,1.0,1.083,0,130.0,0,16.7,266.94
SEC-MTJ-AGC,54.0,120.0,45.0,4.2,118.6,1.6,15,5,1.0,1.041,0,120.0,0,1.6,25.65
SEC-KOTA-SWM,108.0,130.0,58.0,6.2,109.0,2.0,15,5,1.087,1.131,0,130.0,0,2.0,70.06
SEC-BTE-MTJ,35.0,100.0,48.0,4.8,75.9,10.3,12,3,1.0,1.109,0,100.0,0,10.3,24.6
SEC-BTE-MTJ,35.0,100.0,48.0,4.8,85.1,11.2,18,5,1.06,1.314,0,100.0,0,11.2,28.6
SEC-BTE-MTJ,35.0,100.0,48.0,4.8,92.2,15.6,12,4,1.131,1.086,0,100.0,0,15.6,35.93
SEC-GGC-BTE,120.0,110.0,98.0,9.4,96.3,16.2,0,0,1.0,1.149,0,110.0,0,16.2,62.18
SEC-KOTA-SWM,108.0,130.0,58.0,6.2,106.2,12.7,12,4,1.0,1.091,0,130.0,0,12.7,73.06
SEC-NDLS-KOTA,465.0,130.0,275.0,14.5,100.5,0.0,7,3,1.064,1.18,0,130.0,0,0.0,312.41
SEC-GGC-BTE,120.0,110.0,98.0,9.4,82.8,9.9,2,5,1.0,1.125,0,110.0,1,9.9,109.51
SEC-MTJ-AGC,54.0,120.0,45.0,4.2,115.8,10.8,20,5,1.0,1.141,0,120.0,0,10.8,25.65
SEC-NDLS-KOTA,465.0,130.0,275.0,14.5,116.1,17.5,15,3,1.0,1.066,0,130.0,0,17.5,269.53
SEC-MTJ-AGC,54.0,120.0,45.0,4.2,108.8,31.3,11,2,1.104,1.367,0,120.0,0,31.3,49.86
SEC-GGC-BTE,120.0,110.0,98.0,9.4,30.0,16.2,6,0,1.118,1.179,1,30.0,0,16.2,315.56
SEC-KOTA-SWM,108.0,130.0,58.0,6.2,100.1,2.3,7,2,1.159,1.05,0,130.0,0,2.3,93.88
SEC-NDLS-KOTA,465.0,130.0,275.0,14.5,111.6,10.1,11,5,1.053,1.495,0,130.0,0,10.1,364.68
SEC-SWM-GGC,64.0,120.0,48.0,5.1,114.8,9.0,15,1,1.0,1.043,0,120.0,0,9.0,30.4
SEC-GGC-BTE,120.0,110.0,98.0,9.4,60.0,9.1,8,5,1.0,1.235,1,60.0,0,9.1,155.08
SEC-NDLS-KOTA,465.0,130.0,275.0,14.5,98.2,16.6,0,0,1.174,1.183,0,130.0,0,16.6,380.14
SEC-BTE-MTJ,35.0,100.0,48.0,4.8,97.3,13.0,15,2,1.0,1.138,0,100.0,0,13.0,22.26
SEC-NDLS-KOTA,465.0,130.0,275.0,14.5,30.0,4.4,23,5,1.0,1.127,1,30.0,0,4.4,1037.72
SEC-NDLS-KOTA,465.0,130.0,275.0,14.5,125.0,9.5,17,5,1.0,1.278,0,130.0,0,9.5,242.73
SEC-SWM-GGC,64.0,120.0,48.0,5.1,114.4,4.1,8,3,1.0,1.298,0,120.0,0,4.1,44.1
SEC-MTJ-AGC,54.0,120.0,45.0,4.2,111.7,18.9,17,3,1.0,1.128,0,120.0,0,18.9,45.04
SEC-KOTA-SWM,108.0,130.0,58.0,6.2,111.6,0.1,7,1,1.0,1.114,0,130.0,0,0.1,62.64
SEC-KOTA-SWM,108.0,130.0,58.0,6.2,100.8,12.8,6,3,1.0,1.249,0,130.0,0,12.8,84.62
SEC-MTJ-AGC,54.0,120.0,45.0,4.2,94.9,18.8,13,1,1.0,1.125,0,120.0,1,18.8,55.22
SEC-SWM-GGC,64.0,120.0,48.0,5.1,103.2,0.2,6,4,1.12,1.104,0,120.0,0,0.2,51.88
SEC-SWM-GGC,64.0,120.0,48.0,5.1,60.0,3.2,5,0,1.0,1.066,1,60.0,1,3.2,92.36
SEC-GGC-BTE,120.0,110.0,98.0,9.4,105.5,4.4,0,4,1.0,1.091,0,110.0,0,4.4,84.91
SEC-NDLS-KOTA,465.0,130.0,275.0,14.5,121.8,15.5,8,2,1.2,1.105,0,130.0,0,15.5,276.3
SEC-BTE-MTJ,35.0,100.0,48.0,4.8,92.4,1.5,17,6,1.0,1.19,0,100.0,0,1.5,22.6
SEC-GGC-BTE,120.0,110.0,98.0,9.4,88.6,21.5,9,3,1.237,1.242,0,110.0,0,21.5,118.87
SEC-BTE-MTJ,35.0,100.0,48.0,4.8,97.3,1.0,16,2,1.0,1.156,0,100.0,0,1.0,22.21
SEC-MTJ-AGC,54.0,120.0,45.0,4.2,91.8,0.9,11,5,1.11,1.147,0,120.0,0,0.9,44.37
SEC-BTE-MTJ,35.0,100.0,48.0,4.8,95.5,11.2,17,2,1.158,1.185,0,100.0,0,11.2,26.54
SEC-GGC-BTE,120.0,110.0,98.0,9.4,100.6,11.3,2,3,1.0,1.016,0,110.0,0,11.3,84.17
SEC-GGC-BTE,120.0,110.0,98.0,9.4,101.0,0.7,15,3,1.0,1.048,0,110.0,0,0.7,73.92
SEC-BTE-MTJ,35.0,100.0,48.0,4.8,98.7,1.7,8,4,1.0,1.4,0,100.0,0,1.7,24.03
SEC-BTE-MTJ,35.0,100.0,48.0,4.8,90.5,4.8,2,4,1.067,1.083,0,100.0,0,4.8,30.4
SEC-BTE-MTJ,35.0,100.0,48.0,4.8,98.1,0.6,21,4,1.107,1.381,0,100.0,0,0.6,32.58
SEC-NDLS-KOTA,465.0,130.0,275.0,14.5,60.0,16.9,20,6,1.0,1.204,1,60.0,1,16.9,607.59
SEC-GGC-BTE,120.0,110.0,98.0,9.4,93.4,18.0,7,3,1.0,1.106,0,110.0,1,18.0,111.62
SEC-KOTA-SWM,108.0,130.0,58.0,6.2,125.4,0.9,8,2,1.204,1.162,0,130.0,0,0.9,63.23
SEC-GGC-BTE,120.0,110.0,98.0,9.4,101.7,0.9,3,1,1.0,1.125,0,110.0,0,0.9,66.31
SEC-GGC-BTE,120.0,110.0,98.0,9.4,106.2,5.5,10,1,1.0,1.199,0,110.0,0,5.5,73.66
SEC-BTE-MTJ,35.0,100.0,48.0,4.8,100.0,12.1,15,2,1.186,1.109,0,100.0,0,12.1,40.79
SEC-GGC-BTE,120.0,110.0,98.0,9.4,84.8,18.6,5,4,1.0,1.087,0,110.0,0,18.6,90.43
SEC-BTE-MTJ,35.0,100.0,48.0,4.8,85.6,8.7,15,6,1.0,1.063,0,100.0,0,8.7,32.34
SEC-KOTA-SWM,108.0,130.0,58.0,6.2,100.0,0.0,22,6,1.0,1.112,0,130.0,0,0.0,76.55
SEC-NDLS-KOTA,465.0,130.0,275.0,14.5,129.8,9.1,18,3,1.0,1.438,0,130.0,0,9.1,261.58
SEC-GGC-BTE,120.0,110.0,98.0,9.4,107.3,9.7,12,3,1.0,1.166,0,110.0,0,9.7,81.48
SEC-SWM-GGC,64.0,120.0,48.0,5.1,117.8,0.7,10,0,1.082,1.163,0,120.0,0,0.7,41.54
SEC-SWM-GGC,64.0,120.0,48.0,5.1,45.0,8.4,21,0,1.0,1.313,1,45.0,0,8.4,126.73
SEC-MTJ-AGC,54.0,120.0,45.0,4.2,45.0,11.4,23,0,1.0,1.177,1,45.0,0,11.4,89.34
SEC-MTJ-AGC,54.0,120.0,45.0,4.2,92.3,17.7,4,3,1.0,1.037,0,120.0,0,17.7,43.4
SEC-SWM-GGC,64.0,120.0,48.0,5.1,115.0,20.6,19,2,1.0,1.199,0,120.0,0,20.6,37.81
SEC-SWM-GGC,64.0,120.0,48.0,5.1,111.4,5.2,6,4,1.0,1.032,0,120.0,0,5.2,30.4
SEC-KOTA-SWM,108.0,130.0,58.0,6.2,117.4,11.1,8,6,1.0,1.35,0,130.0,0,11.1,59.71
SEC-BTE-MTJ,35.0,100.0,48.0,4.8,81.2,2.7,14,5,1.0,1.125,0,100.0,0,2.7,31.59
SEC-SWM-GGC,64.0,120.0,48.0,5.1,115.9,0.4,22,2,1.057,1.232,0,120.0,0,0.4,49.18
SEC-MTJ-AGC,54.0,120.0,45.0,4.2,106.5,7.7,12,2,1.0,1.09,0,120.0,0,7.7,35.63
SEC-BTE-MTJ,35.0,100.0,48.0,4.8,99.1,8.7,11,0,1.063,1.121,0,100.0,0,8.7,22.12
SEC-KOTA-SWM,108.0,130.0,58.0,6.2,121.4,19.3,1,3,1.0,1.064,0,130.0,1,19.3,78.23
SEC-GGC-BTE,120.0,110.0,98.0,9.4,82.7,3.4,17,1,1.0,1.285,0,110.0,0,3.4,104.15
SEC-BTE-MTJ,35.0,100.0,48.0,4.8,91.2,1.2,10,1,1.0,1.47,0,100.0,0,1.2,31.51
SEC-SWM-GGC,64.0,120.0,48.0,5.1,45.0,4.0,23,4,1.0,1.069,1,45.0,0,4.0,104.43
SEC-GGC-BTE,120.0,110.0,98.0,9.4,104.4,0.7,22,1,1.0,1.181,0,110.0,0,0.7,76.02
SEC-NDLS-KOTA,465.0,130.0,275.0,14.5,109.3,17.1,13,4,1.0,1.028,0,130.0,0,17.1,252.92
SEC-BTE-MTJ,35.0,100.0,48.0,4.8,97.6,3.3,3,3,1.0,1.254,0,100.0,0,3.3,23.44
SEC-GGC-BTE,120.0,110.0,98.0,9.4,86.1,8.0,1,3,1.0,1.159,0,110.0,0,8.0,86.79
SEC-GGC-BTE,120.0,110.0,98.0,9.4,87.3,8.3,7,5,1.254,1.164,0,110.0,0,8.3,119.15
SEC-SWM-GGC,64.0,120.0,48.0,5.1,103.8,22.4,23,6,1.0,1.075,0,120.0,0,22.4,45.16
SEC-NDLS-KOTA,465.0,130.0,275.0,14.5,114.9,0.7,9,0,1.0,1.27,0,130.0,0,0.7,266.7
SEC-BTE-MTJ,35.0,100.0,48.0,4.8,60.0,0.1,23,4,1.0,1.057,1,60.0,0,0.1,48.46
SEC-BTE-MTJ,35.0,100.0,48.0,4.8,97.8,2.7,14,1,1.0,1.022,0,100.0,0,2.7,19.95
SEC-GGC-BTE,120.0,110.0,98.0,9.4,45.0,7.3,20,1,1.0,1.295,1,45.0,0,7.3,229.17
SEC-SWM-GGC,64.0,120.0,48.0,5.1,100.1,13.0,2,2,1.0,1.041,0,120.0,0,13.0,45.32
SEC-BTE-MTJ,35.0,100.0,48.0,4.8,60.0,2.2,7,0,1.0,1.12,1,60.0,0,2.2,36.02
SEC-NDLS-KOTA,465.0,130.0,275.0,14.5,128.6,9.8,2,2,1.0,1.055,0,130.0,0,9.8,219.54
SEC-MTJ-AGC,54.0,120.0,45.0,4.2,95.6,0.4,9,0,1.0,1.227,0,120.0,0,0.4,39.69
SEC-NDLS-KOTA,465.0,130.0,275.0,14.5,60.0,10.8,9,2,1.0,1.298,1,60.0,0,10.8,585.63
SEC-MTJ-AGC,54.0,120.0,45.0,4.2,104.1,4.0,15,0,1.0,1.047,0,120.0,0,4.0,35.82
SEC-MTJ-AGC,54.0,120.0,45.0,4.2,101.0,2.1,12,2,1.0,1.065,0,120.0,0,2.1,38.65
SEC-SWM-GGC,64.0,120.0,48.0,5.1,105.0,9.6,23,5,1.084,1.025,0,120.0,0,9.6,46.22
SEC-MTJ-AGC,54.0,120.0,45.0,4.2,117.4,22.7,7,6,1.0,1.113,0,120.0,0,22.7,25.65
SEC-KOTA-SWM,108.0,130.0,58.0,6.2,121.7,19.0,9,2,1.0,1.265,0,130.0,0,19.0,56.38
SEC-KOTA-SWM,108.0,130.0,58.0,6.2,114.7,14.4,7,2,1.0,1.127,0,130.0,0,14.4,57.06
SEC-KOTA-SWM,108.0,130.0,58.0,6.2,122.9,1.2,8,2,1.0,1.07,0,130.0,0,1.2,50.71
SEC-GGC-BTE,120.0,110.0,98.0,9.4,106.7,1.7,12,5,1.0,1.081,0,110.0,0,1.7,64.69
SEC-SWM-GGC,64.0,120.0,48.0,5.1,95.7,1.8,11,1,1.0,1.295,0,120.0,0,1.8,64.42
SEC-MTJ-AGC,54.0,120.0,45.0,4.2,107.2,0.7,17,6,1.055,1.201,0,120.0,0,0.7,37.81
SEC-SWM-GGC,64.0,120.0,48.0,5.1,119.6,7.5,3,2,1.0,1.139,0,120.0,0,7.5,40.85
SEC-BTE-MTJ,35.0,100.0,48.0,4.8,87.9,10.1,18,4,1.169,1.096,0,100.0,0,10.1,31.38
SEC-BTE-MTJ,35.0,100.0,48.0,4.8,78.5,11.2,16,0,1.149,1.133,0,100.0,0,11.2,36.03
SEC-NDLS-KOTA,465.0,130.0,275.0,14.5,113.3,3.7,7,0,1.0,1.106,0,130.0,0,3.7,262.95
SEC-MTJ-AGC,54.0,120.0,45.0,4.2,45.0,26.8,5,4,1.0,1.028,1,45.0,0,26.8,89.72
SEC-KOTA-SWM,108.0,130.0,58.0,6.2,45.0,29.8,11,3,1.0,1.398,1,45.0,0,29.8,214.1
SEC-BTE-MTJ,35.0,100.0,48.0,4.8,81.5,8.7,16,3,1.0,1.107,0,100.0,0,8.7,29.78
SEC-BTE-MTJ,35.0,100.0,48.0,4.8,84.5,6.9,11,3,1.06,1.381,0,100.0,0,6.9,33.83
SEC-SWM-GGC,64.0,120.0,48.0,5.1,90.8,4.1,1,4,1.0,1.204,0,120.0,0,4.1,31.99
SEC-NDLS-KOTA,465.0,130.0,275.0,14.5,45.0,10.2,14,1,1.0,1.091,1,45.0,0,10.2,701.5
SEC-GGC-BTE,120.0,110.0,98.0,9.4,101.9,37.7,1,2,1.0,1.035,0,110.0,0,37.7,72.04
SEC-SWM-GGC,64.0,120.0,48.0,5.1,108.1,8.2,14,0,1.127,1.045,0,120.0,0,8.2,43.9
SEC-NDLS-KOTA,465.0,130.0,275.0,14.5,126.0,1.9,11,1,1.0,1.285,0,130.0,0,1.9,257.94
SEC-MTJ-AGC,54.0,120.0,45.0,4.2,115.3,12.2,20,1,1.0,1.33,0,120.0,0,12.2,26.12
SEC-SWM-GGC,64.0,120.0,48.0,5.1,103.4,4.6,8,0,1.0,1.325,0,120.0,0,4.6,56.47
SEC-KOTA-SWM,108.0,130.0,58.0,6.2,60.0,4.9,23,6,1.0,1.131,1,60.0,0,4.9,126.87
SEC-KOTA-SWM,108.0,130.0,58.0,6.2,115.8,2.7,0,4,1.0,1.043,0,130.0,0,2.7,58.01
SEC-GGC-BTE,120.0,110.0,98.0,9.4,98.7,24.7,10,5,1.0,1.315,0,110.0,0,24.7,97.13
SEC-GGC-BTE,120.0,110.0,98.0,9.4,104.6,16.1,9,5,1.0,1.242,0,110.0,0,16.1,72.46
SEC-KOTA-SWM,108.0,130.0,58.0,6.2,122.6,23.8,13,5,1.0,1.066,0,130.0,0,23.8,53.78
SEC-NDLS-KOTA,465.0,130.0,275.0,14.5,114.7,13.2,17,1,1.0,1.325,0,130.0,0,13.2,306.7
SEC-KOTA-SWM,108.0,130.0,58.0,6.2,107.1,12.6,17,2,1.183,1.276,0,130.0,0,12.6,93.36
SEC-NDLS-KOTA,465.0,130.0,275.0,14.5,117.8,16.6,18,5,1.0,1.17,0,130.0,0,16.6,263.31
SEC-GGC-BTE,120.0,110.0,98.0,9.4,97.2,14.9,10,0,1.0,1.202,0,110.0,0,14.9,96.85
SEC-SWM-GGC,64.0,120.0,48.0,5.1,115.0,0.4,20,4,1.212,1.259,0,120.0,0,0.4,49.79
SEC-KOTA-SWM,108.0,130.0,58.0,6.2,60.0,1.6,12,1,1.0,1.109,1,60.0,0,1.6,133.44
SEC-GGC-BTE,120.0,110.0,98.0,9.4,92.8,1.7,16,0,1.0,1.164,0,110.0,0,1.7,103.08
SEC-KOTA-SWM,108.0,130.0,58.0,6.2,45.0,3.8,7,1,1.095,1.139,1,45.0,0,3.8,194.06
SEC-SWM-GGC,64.0,120.0,48.0,5.1,103.9,1.6,13,4,1.0,1.096,0,120.0,0,1.6,50.82
SEC-MTJ-AGC,54.0,120.0,45.0,4.2,99.3,9.2,9,6,1.0,1.218,0,120.0,0,9.2,40.82
SEC-SWM-GGC,64.0,120.0,48.0,5.1,92.9,6.3,18,5,1.0,1.284,0,120.0,0,6.3,44.3
SEC-NDLS-KOTA,465.0,130.0,275.0,14.5,127.6,3.6,6,3,1.0,1.106,0,130.0,0,3.6,227.61
SEC-MTJ-AGC,54.0,120.0,45.0,4.2,90.5,8.3,12,3,1.0,1.027,0,120.0,0,8.3,33.52
SEC-MTJ-AGC,54.0,120.0,45.0,4.2,111.7,7.5,10,1,1.0,1.396,0,120.0,0,7.5,47.78
SEC-KOTA-SWM,108.0,130.0,58.0,6.2,60.0,3.0,1,1,1.0,1.081,1,60.0,0,3.0,133.3
SEC-NDLS-KOTA,465.0,130.0,275.0,14.5,109.5,1.8,15,3,1.0,1.148,0,130.0,0,1.8,302.6
SEC-BTE-MTJ,35.0,100.0,48.0,4.8,75.4,24.0,21,4,1.0,1.232,0,100.0,0,24.0,24.55
SEC-MTJ-AGC,54.0,120.0,45.0,4.2,92.8,32.0,3,4,1.0,1.064,0,120.0,0,32.0,37.83
SEC-GGC-BTE,120.0,110.0,98.0,9.4,60.0,3.6,4,4,1.0,1.1,1,60.0,0,3.6,151.65
SEC-MTJ-AGC,54.0,120.0,45.0,4.2,109.9,24.3,23,4,1.0,1.094,0,120.0,0,24.3,44.35
SEC-MTJ-AGC,54.0,120.0,45.0,4.2,105.4,11.6,7,4,1.0,1.044,0,120.0,0,11.6,37.85
SEC-NDLS-KOTA,465.0,130.0,275.0,14.5,45.0,23.4,10,4,1.121,1.11,1,45.0,0,23.4,790.9
SEC-KOTA-SWM,108.0,130.0,58.0,6.2,45.0,7.5,7,5,1.0,1.019,1,45.0,1,7.5,183.21
SEC-MTJ-AGC,54.0,120.0,45.0,4.2,118.4,10.1,5,6,1.0,1.162,0,120.0,0,10.1,33.38
SEC-KOTA-SWM,108.0,130.0,58.0,6.2,124.6,22.6,4,2,1.0,1.139,0,130.0,0,22.6,51.86
SEC-GGC-BTE,120.0,110.0,98.0,9.4,86.4,5.7,20,0,1.293,1.095,0,110.0,0,5.7,138.41
SEC-KOTA-SWM,108.0,130.0,58.0,6.2,45.0,4.3,2,0,1.0,1.235,1,45.0,0,4.3,196.66
SEC-BTE-MTJ,35.0,100.0,48.0,4.8,60.0,5.1,15,5,1.0,1.11,1,60.0,0,5.1,40.04
SEC-BTE-MTJ,35.0,100.0,48.0,4.8,79.8,33.0,19,3,1.0,1.161,0,100.0,0,33.0,29.23
SEC-SWM-GGC,64.0,120.0,48.0,5.1,95.8,19.1,1,4,1.0,1.221,0,120.0,0,19.1,32.91
SEC-KOTA-SWM,108.0,130.0,58.0,6.2,122.1,36.3,3,2,1.0,1.069,0,130.0,0,36.3,70.36
SEC-GGC-BTE,120.0,110.0,98.0,9.4,99.3,13.1,2,2,1.052,1.008,0,110.0,0,13.1,82.72
SEC-KOTA-SWM,108.0,130.0,58.0,6.2,109.4,15.3,0,0,1.0,1.173,0,130.0,0,15.3,63.06
SEC-GGC-BTE,120.0,110.0,98.0,9.4,105.4,17.0,0,5,1.0,1.039,0,110.0,0,17.0,80.27
SEC-MTJ-AGC,54.0,120.0,45.0,4.2,114.9,3.1,14,4,1.0,1.237,0,120.0,0,3.1,28.97
SEC-KOTA-SWM,108.0,130.0,58.0,6.2,45.0,5.5,5,3,1.0,1.122,1,45.0,0,5.5,175.87
SEC-KOTA-SWM,108.0,130.0,58.0,6.2,118.7,3.9,5,1,1.0,1.044,0,130.0,0,3.9,57.17
SEC-SWM-GGC,64.0,120.0,48.0,5.1,113.4,12.0,1,0,1.0,1.045,0,120.0,0,12.0,33.05
SEC-SWM-GGC,64.0,120.0,48.0,5.1,115.2,7.1,15,6,1.057,1.144,0,120.0,0,7.1,44.13
SEC-GGC-BTE,120.0,110.0,98.0,9.4,101.4,4.8,9,2,1.0,1.265,0,110.0,1,4.8,90.35
SEC-MTJ-AGC,54.0,120.0,45.0,4.2,106.3,1.5,18,1,1.0,1.235,0,120.0,0,1.5,37.16
SEC-BTE-MTJ,35.0,100.0,48.0,4.8,85.5,4.5,16,1,1.0,1.108,0,100.0,0,4.5,24.52
SEC-MTJ-AGC,54.0,120.0,45.0,4.2,113.0,4.5,0,2,1.127,1.074,0,120.0,0,4.5,43.52
SEC-NDLS-KOTA,465.0,130.0,275.0,14.5,110.7,6.4,0,6,1.0,1.052,0,130.0,0,6.4,258.54
SEC-NDLS-KOTA,465.0,130.0,275.0,14.5,106.6,3.0,23,1,1.0,1.133,0,130.0,1,3.0,290.51
SEC-KOTA-SWM,108.0,130.0,58.0,6.2,30.0,3.1,11,4,1.0,1.213,1,30.0,0,3.1,277.4
SEC-SWM-GGC,64.0,120.0,48.0,5.1,110.3,1.1,21,3,1.0,1.327,0,120.0,0,1.1,39.78
SEC-GGC-BTE,120.0,110.0,98.0,9.4,82.8,7.5,0,0,1.06,1.072,0,110.0,0,7.5,93.96
SEC-SWM-GGC,64.0,120.0,48.0,5.1,116.6,31.3,5,0,1.117,1.211,0,120.0,0,31.3,44.93
SEC-MTJ-AGC,54.0,120.0,45.0,4.2,105.1,7.0,18,1,1.0,1.241,0,120.0,0,7.0,41.94
SEC-GGC-BTE,120.0,110.0,98.0,9.4,30.0,9.7,7,1,1.0,1.05,1,30.0,0,9.7,261.6
SEC-KOTA-SWM,108.0,130.0,58.0,6.2,45.0,7.8,3,0,1.0,1.084,1,45.0,0,7.8,177.1
SEC-SWM-GGC,64.0,120.0,48.0,5.1,95.2,19.1,10,3,1.186,1.359,0,120.0,0,19.1,71.46
SEC-BTE-MTJ,35.0,100.0,48.0,4.8,89.9,19.6,11,0,1.0,1.329,0,100.0,0,19.6,45.5
SEC-SWM-GGC,64.0,120.0,48.0,5.1,91.0,9.4,13,6,1.0,1.123,0,120.0,0,9.4,52.74
SEC-GGC-BTE,120.0,110.0,98.0,9.4,45.0,0.4,7,2,1.0,1.12,1,45.0,0,0.4,187.8
SEC-NDLS-KOTA,465.0,130.0,275.0,14.5,30.0,32.7,7,5,1.294,1.029,1,30.0,0,32.7,1269.16
SEC-GGC-BTE,120.0,110.0,98.0,9.4,92.1,2.2,15,0,1.0,1.046,0,110.0,0,2.2,90.06
SEC-SWM-GGC,64.0,120.0,48.0,5.1,116.4,6.4,18,1,1.224,1.351,0,120.0,0,6.4,46.26
SEC-NDLS-KOTA,465.0,130.0,275.0,14.5,101.4,23.5,21,2,1.0,1.352,0,130.0,1,23.5,381.19
SEC-MTJ-AGC,54.0,120.0,45.0,4.2,111.5,1.7,15,6,1.0,1.021,0,120.0,0,1.7,35.12
SEC-MTJ-AGC,54.0,120.0,45.0,4.2,60.0,12.4,11,1,1.0,1.073,1,60.0,0,12.4,72.13
SEC-BTE-MTJ,35.0,100.0,48.0,4.8,90.3,0.6,22,6,1.177,1.141,0,100.0,0,0.6,26.8
SEC-MTJ-AGC,54.0,120.0,45.0,4.2,106.4,13.5,17,6,1.0,1.102,0,120.0,0,13.5,37.81
SEC-NDLS-KOTA,465.0,130.0,275.0,14.5,110.2,5.3,2,0,1.0,1.189,0,130.0,0,5.3,278.16
SEC-BTE-MTJ,35.0,100.0,48.0,4.8,99.9,11.4,9,2,1.054,1.305,0,100.0,0,11.4,36.91
SEC-MTJ-AGC,54.0,120.0,45.0,4.2,102.0,4.4,6,3,1.0,1.253,0,120.0,0,4.4,40.43
SEC-SWM-GGC,64.0,120.0,48.0,5.1,45.0,3.8,2,4,1.087,1.017,1,45.0,0,3.8,105.34
SEC-SWM-GGC,64.0,120.0,48.0,5.1,105.6,8.4,20,0,1.0,1.157,0,120.0,0,8.4,41.8
SEC-NDLS-KOTA,465.0,130.0,275.0,14.5,45.0,0.3,3,5,1.163,1.186,1,45.0,0,0.3,837.91
SEC-GGC-BTE,120.0,110.0,98.0,9.4,87.8,4.1,0,3,1.0,1.104,0,110.0,1,4.1,93.27
SEC-KOTA-SWM,108.0,130.0,58.0,6.2,102.0,4.4,14,1,1.0,1.073,0,130.0,0,4.4,66.27
SEC-MTJ-AGC,54.0,120.0,45.0,4.2,91.9,6.5,2,3,1.0,1.037,0,120.0,0,6.5,32.98
SEC-GGC-BTE,120.0,110.0,98.0,9.4,30.0,3.6,11,6,1.0,1.24,1,30.0,0,3.6,316.73
SEC-MTJ-AGC,54.0,120.0,45.0,4.2,45.0,10.5,23,2,1.0,1.06,1,45.0,0,10.5,86.07
SEC-GGC-BTE,120.0,110.0,98.0,9.4,97.2,1.3,17,6,1.271,1.133,0,110.0,1,1.3,118.05
SEC-SWM-GGC,64.0,120.0,48.0,5.1,60.0,6.9,6,2,1.092,1.214,1,60.0,0,6.9,78.87
SEC-NDLS-KOTA,465.0,130.0,275.0,14.5,108.3,6.3,8,3,1.0,1.108,0,130.0,0,6.3,248.03
SEC-SWM-GGC,64.0,120.0,48.0,5.1,115.6,4.4,16,1,1.0,1.058,0,120.0,1,4.4,41.86
SEC-SWM-GGC,64.0,120.0,48.0,5.1,60.0,6.0,4,5,1.0,1.073,1,60.0,0,6.0,70.95
SEC-BTE-MTJ,35.0,100.0,48.0,4.8,79.7,38.4,19,6,1.0,1.15,0,100.0,0,38.4,38.94
SEC-MTJ-AGC,54.0,120.0,45.0,4.2,45.0,19.6,13,3,1.0,1.128,1,45.0,0,19.6,97.92
SEC-KOTA-SWM,108.0,130.0,58.0,6.2,115.5,3.2,3,3,1.135,1.062,0,130.0,0,3.2,77.93
SEC-NDLS-KOTA,465.0,130.0,275.0,14.5,60.0,19.3,10,5,1.125,1.203,1,60.0,0,19.3,613.49
SEC-MTJ-AGC,54.0,120.0,45.0,4.2,101.3,6.0,3,1,1.0,1.033,0,120.0,0,6.0,29.58
SEC-KOTA-SWM,108.0,130.0,58.0,6.2,45.0,26.3,20,0,1.119,1.161,1,45.0,0,26.3,209.59
SEC-GGC-BTE,120.0,110.0,98.0,9.4,83.5,25.4,17,3,1.0,1.262,0,110.0,0,25.4,117.78
SEC-BTE-MTJ,35.0,100.0,48.0,4.8,89.4,2.2,16,1,1.273,1.087,0,100.0,0,2.2,28.4
SEC-SWM-GGC,64.0,120.0,48.0,5.1,92.3,8.1,20,2,1.0,1.149,0,120.0,0,8.1,44.82
SEC-KOTA-SWM,108.0,130.0,58.0,6.2,99.1,8.8,11,5,1.091,1.187,0,130.0,0,8.8,78.47
SEC-BTE-MTJ,35.0,100.0,48.0,4.8,99.5,5.3,15,0,1.0,1.084,0,100.0,0,5.3,31.14
SEC-SWM-GGC,64.0,120.0,48.0,5.1,108.6,0.8,7,0,1.0,1.101,0,120.0,0,0.8,39.77
SEC-NDLS-KOTA,465.0,130.0,275.0,14.5,121.1,19.8,8,0,1.141,1.168,0,130.0,1,19.8,325.97
SEC-SWM-GGC,64.0,120.0,48.0,5.1,112.9,11.6,19,3,1.0,1.281,0,120.0,0,11.6,48.73
SEC-BTE-MTJ,35.0,100.0,48.0,4.8,93.1,1.7,11,1,1.0,1.165,0,100.0,0,1.7,29.24
SEC-NDLS-KOTA,465.0,130.0,275.0,14.5,106.8,10.1,19,2,1.0,1.16,0,130.0,0,10.1,296.25
SEC-GGC-BTE,120.0,110.0,98.0,9.4,101.8,1.7,23,1,1.0,1.033,0,110.0,0,1.7,65.53
SEC-BTE-MTJ,35.0,100.0,48.0,4.8,90.6,2.2,19,5,1.131,1.472,0,100.0,0,2.2,31.08
SEC-NDLS-KOTA,465.0,130.0,275.0,14.5,60.0,64.7,19,2,1.076,1.451,1,60.0,0,64.7,683.11
SEC-GGC-BTE,120.0,110.0,98.0,9.4,109.7,6.1,5,5,1.0,1.041,0,110.0,0,6.1,80.04
SEC-BTE-MTJ,35.0,100.0,48.0,4.8,98.7,3.5,23,5,1.0,1.051,0,100.0,0,3.5,19.95
SEC-NDLS-KOTA,465.0,130.0,275.0,14.5,106.0,9.5,4,5,1.093,1.146,0,130.0,0,9.5,341.72
SEC-BTE-MTJ,35.0,100.0,48.0,4.8,30.0,8.3,4,6,1.097,1.015,1,30.0,0,8.3,96.81
SEC-GGC-BTE,120.0,110.0,98.0,9.4,60.0,5.3,15,3,1.0,1.095,1,60.0,0,5.3,158.02
SEC-SWM-GGC,64.0,120.0,48.0,5.1,110.1,14.0,13,0,1.0,1.06,0,120.0,0,14.0,33.87
SEC-SWM-GGC,64.0,120.0,48.0,5.1,60.0,25.3,2,1,1.0,1.053,1,60.0,0,25.3,93.13
SEC-MTJ-AGC,54.0,120.0,45.0,4.2,98.7,7.7,15,1,1.0,1.104,0,120.0,0,7.7,41.74
SEC-MTJ-AGC,54.0,120.0,45.0,4.2,95.7,6.7,9,5,1.0,1.159,0,120.0,0,6.7,30.56
SEC-KOTA-SWM,108.0,130.0,58.0,6.2,127.5,0.7,15,2,1.0,1.127,0,130.0,0,0.7,63.65
SEC-BTE-MTJ,35.0,100.0,48.0,4.8,93.1,7.4,9,1,1.0,1.349,0,100.0,0,7.4,23.1
SEC-KOTA-SWM,108.0,130.0,58.0,6.2,126.4,23.8,21,6,1.119,1.36,0,130.0,0,23.8,66.07
SEC-BTE-MTJ,35.0,100.0,48.0,4.8,75.2,2.4,11,2,1.0,1.218,0,100.0,0,2.4,31.85
SEC-MTJ-AGC,54.0,120.0,45.0,4.2,94.6,0.7,19,1,1.0,1.245,0,120.0,0,0.7,49.38
SEC-BTE-MTJ,35.0,100.0,48.0,4.8,92.0,7.9,11,3,1.0,1.138,0,100.0,0,7.9,27.69
SEC-MTJ-AGC,54.0,120.0,45.0,4.2,45.0,3.1,2,1,1.0,1.104,1,45.0,0,3.1,91.99
SEC-MTJ-AGC,54.0,120.0,45.0,4.2,30.0,14.2,2,1,1.0,1.067,1,30.0,0,14.2,130.96
SEC-MTJ-AGC,54.0,120.0,45.0,4.2,103.1,1.3,1,1,1.12,1.069,0,120.0,0,1.3,37.44
SEC-SWM-GGC,64.0,120.0,48.0,5.1,30.0,21.8,22,5,1.118,1.113,1,30.0,0,21.8,185.27
SEC-KOTA-SWM,108.0,130.0,58.0,6.2,117.9,14.3,1,4,1.0,1.085,0,130.0,0,14.3,64.17
SEC-GGC-BTE,120.0,110.0,98.0,9.4,89.8,2.1,1,6,1.112,1.059,0,110.0,0,2.1,84.63
SEC-NDLS-KOTA,465.0,130.0,275.0,14.5,98.5,1.9,7,3,1.0,1.034,0,130.0,0,1.9,245.45
SEC-BTE-MTJ,35.0,100.0,48.0,4.8,30.0,0.6,6,3,1.0,1.081,1,30.0,0,0.6,82.01
SEC-BTE-MTJ,35.0,100.0,48.0,4.8,30.0,17.3,5,1,1.0,1.099,1,30.0,0,17.3,94.32
SEC-NDLS-KOTA,465.0,130.0,275.0,14.5,45.0,3.9,11,0,1.0,1.178,1,45.0,0,3.9,742.65
SEC-MTJ-AGC,54.0,120.0,45.0,4.2,100.6,0.0,19,4,1.0,1.234,0,120.0,0,0.0,44.12
SEC-GGC-BTE,120.0,110.0,98.0,9.4,104.0,0.7,20,2,1.293,1.419,0,110.0,0,0.7,125.34
SEC-NDLS-KOTA,465.0,130.0,275.0,14.5,113.9,12.7,3,1,1.146,1.13,0,130.0,0,12.7,306.68
SEC-GGC-BTE,120.0,110.0,98.0,9.4,85.9,10.5,5,2,1.094,1.033,0,110.0,1,10.5,95.57
SEC-NDLS-KOTA,465.0,130.0,275.0,14.5,107.6,3.7,0,2,1.264,1.11,0,130.0,0,3.7,335.99
SEC-BTE-MTJ,35.0,100.0,48.0,4.8,94.1,16.0,4,6,1.0,1.189,0,100.0,0,16.0,29.9
SEC-NDLS-KOTA,465.0,130.0,275.0,14.5,129.1,3.9,21,4,1.051,1.155,0,130.0,0,3.9,257.66
SEC-SWM-GGC,64.0,120.0,48.0,5.1,98.0,5.1,1,6,1.26,1.072,0,120.0,0,5.1,46.09
SEC-BTE-MTJ,35.0,100.0,48.0,4.8,92.8,9.0,17,6,1.0,1.355,0,100.0,0,9.0,35.74
SEC-GGC-BTE,120.0,110.0,98.0,9.4,89.8,7.8,2,2,1.0,1.044,0,110.0,0,7.8,89.44
SEC-KOTA-SWM,108.0,130.0,58.0,6.2,124.8,6.6,6,5,1.0,1.026,0,130.0,0,6.6,48.53
SEC-GGC-BTE,120.0,110.0,98.0,9.4,89.3,21.9,1,5,1.068,1.049,0,110.0,0,21.9,98.51
SEC-BTE-MTJ,35.0,100.0,48.0,4.8,30.0,1.9,2,5,1.0,1.035,1,30.0,0,1.9,79.26
SEC-SWM-GGC,64.0,120.0,48.0,5.1,97.8,14.4,23,1,1.0,1.142,0,120.0,0,14.4,47.23
SEC-KOTA-SWM,108.0,130.0,58.0,6.2,104.1,4.1,8,5,1.0,1.13,0,130.0,0,4.1,61.28
SEC-NDLS-KOTA,465.0,130.0,275.0,14.5,122.8,35.2,6,3,1.0,1.173,0,130.0,1,35.2,267.74
SEC-KOTA-SWM,108.0,130.0,58.0,6.2,106.9,6.2,1,0,1.0,1.025,0,130.0,0,6.2,65.58
SEC-KOTA-SWM,108.0,130.0,58.0,6.2,109.4,1.5,3,3,1.0,1.177,0,130.0,0,1.5,61.34
SEC-SWM-GGC,64.0,120.0,48.0,5.1,92.5,3.0,13,4,1.0,1.207,0,120.0,0,3.0,46.01
SEC-SWM-GGC,64.0,120.0,48.0,5.1,101.5,3.3,1,6,1.0,1.072,0,120.0,0,3.3,37.65
SEC-NDLS-KOTA,465.0,130.0,275.0,14.5,101.6,38.1,10,5,1.109,1.22,0,130.0,0,38.1,340.49
SEC-KOTA-SWM,108.0,130.0,58.0,6.2,60.0,2.4,0,6,1.0,1.11,1,60.0,0,2.4,135.21
SEC-GGC-BTE,120.0,110.0,98.0,9.4,105.4,18.0,17,6,1.0,1.154,0,110.0,0,18.0,73.45
SEC-SWM-GGC,64.0,120.0,48.0,5.1,100.0,3.5,0,4,1.0,1.15,0,120.0,0,3.5,31.44
SEC-GGC-BTE,120.0,110.0,98.0,9.4,106.3,7.4,17,6,1.06,1.227,0,110.0,0,7.4,67.7
SEC-SWM-GGC,64.0,120.0,48.0,5.1,91.8,1.7,22,3,1.256,1.053,0,120.0,0,1.7,59.29
SEC-MTJ-AGC,54.0,120.0,45.0,4.2,105.8,5.4,14,2,1.0,1.036,0,120.0,0,5.4,29.85
SEC-MTJ-AGC,54.0,120.0,45.0,4.2,117.9,22.1,11,0,1.157,1.253,0,120.0,0,22.1,40.53
SEC-SWM-GGC,64.0,120.0,48.0,5.1,60.0,0.7,0,4,1.128,1.112,1,60.0,0,0.7,76.89
SEC-SWM-GGC,64.0,120.0,48.0,5.1,90.6,8.6,19,5,1.0,1.382,0,120.0,0,8.6,54.71
SEC-KOTA-SWM,108.0,130.0,58.0,6.2,109.2,5.7,8,6,1.0,1.322,0,130.0,1,5.7,87.49
SEC-BTE-MTJ,35.0,100.0,48.0,4.8,30.0,15.6,1,3,1.0,1.044,1,30.0,0,15.6,81.13
SEC-GGC-BTE,120.0,110.0,98.0,9.4,30.0,6.9,11,2,1.0,1.158,1,30.0,1,6.9,307.36
SEC-NDLS-KOTA,465.0,130.0,275.0,14.5,125.3,20.1,0,2,1.0,1.043,0,130.0,0,20.1,204.14
SEC-KOTA-SWM,108.0,130.0,58.0,6.2,125.8,5.9,9,5,1.218,1.274,0,130.0,0,5.9,82.98
SEC-NDLS-KOTA,465.0,130.0,275.0,14.5,45.0,3.8,9,4,1.0,1.25,1,45.0,0,3.8,776.06
SEC-GGC-BTE,120.0,110.0,98.0,9.4,106.8,4.5,13,0,1.0,1.078,0,110.0,1,4.5,93.55
SEC-SWM-GGC,64.0,120.0,48.0,5.1,107.3,1.3,23,0,1.0,1.132,0,120.0,0,1.3,35.89
SEC-GGC-BTE,120.0,110.0,98.0,9.4,82.9,6.7,11,1,1.0,1.156,0,110.0,0,6.7,99.16
SEC-BTE-MTJ,35.0,100.0,48.0,4.8,77.5,2.2,10,4,1.0,1.318,0,100.0,0,2.2,46.1
SEC-NDLS-KOTA,465.0,130.0,275.0,14.5,119.4,7.6,15,2,1.0,1.148,0,130.0,0,7.6,267.82
SEC-GGC-BTE,120.0,110.0,98.0,9.4,86.2,1.5,23,5,1.0,1.101,0,110.0,0,1.5,96.98
SEC-MTJ-AGC,54.0,120.0,45.0,4.2,115.0,1.0,1,5,1.241,1.151,0,120.0,0,1.0,42.11
SEC-NDLS-KOTA,465.0,130.0,275.0,14.5,45.0,0.6,18,3,1.0,1.239,1,45.0,0,0.6,742.79
SEC-GGC-BTE,120.0,110.0,98.0,9.4,91.1,6.7,16,2,1.2,1.029,0,110.0,0,6.7,95.38
SEC-MTJ-AGC,54.0,120.0,45.0,4.2,99.0,2.5,16,4,1.204,1.15,0,120.0,0,2.5,51.0
SEC-MTJ-AGC,54.0,120.0,45.0,4.2,94.7,9.2,17,1,1.0,1.395,0,120.0,1,9.2,65.74
SEC-KOTA-SWM,108.0,130.0,58.0,6.2,125.4,0.6,14,5,1.0,1.161,0,130.0,0,0.6,67.33
SEC-GGC-BTE,120.0,110.0,98.0,9.4,60.0,31.5,22,4,1.076,1.091,1,60.0,0,31.5,144.23
SEC-NDLS-KOTA,465.0,130.0,275.0,14.5,111.0,17.0,22,6,1.0,1.048,0,130.0,0,17.0,269.72
SEC-SWM-GGC,64.0,120.0,48.0,5.1,106.0,1.1,0,0,1.0,1.076,0,120.0,0,1.1,37.78
SEC-BTE-MTJ,35.0,100.0,48.0,4.8,82.6,5.3,8,3,1.0,1.219,0,100.0,0,5.3,36.58
SEC-SWM-GGC,64.0,120.0,48.0,5.1,100.1,17.2,17,5,1.132,1.26,0,120.0,0,17.2,54.6
SEC-KOTA-SWM,108.0,130.0,58.0,6.2,107.8,11.3,15,3,1.0,1.054,0,130.0,0,11.3,73.32
SEC-BTE-MTJ,35.0,100.0,48.0,4.8,30.0,4.8,15,1,1.0,1.048,1,30.0,0,4.8,81.04
SEC-NDLS-KOTA,465.0,130.0,275.0,14.5,98.8,1.3,18,0,1.133,1.165,0,130.0,0,1.3,361.95
SEC-BTE-MTJ,35.0,100.0,48.0,4.8,89.4,13.3,14,2,1.0,1.117,0,100.0,0,13.3,27.86
SEC-GGC-BTE,120.0,110.0,98.0,9.4,103.3,12.1,1,5,1.0,1.163,0,110.0,0,12.1,73.12
SEC-KOTA-SWM,108.0,130.0,58.0,6.2,106.4,17.1,12,6,1.0,1.229,0,130.0,0,17.1,73.33
SEC-GGC-BTE,120.0,110.0,98.0,9.4,95.2,1.8,18,3,1.12,1.168,0,110.0,0,1.8,93.95
SEC-GGC-BTE,120.0,110.0,98.0,9.4,99.0,23.6,10,4,1.0,1.529,0,110.0,0,23.6,111.27
SEC-MTJ-AGC,54.0,120.0,45.0,4.2,109.8,3.4,18,5,1.0,1.116,0,120.0,0,3.4,37.74
SEC-SWM-GGC,64.0,120.0,48.0,5.1,100.1,6.4,14,3,1.232,1.073,0,120.0,0,6.4,53.93
SEC-SWM-GGC,64.0,120.0,48.0,5.1,95.1,1.6,14,6,1.105,1.128,0,120.0,1,1.6,46.54
SEC-MTJ-AGC,54.0,120.0,45.0,4.2,90.1,13.6,0,5,1.0,1.283,0,120.0,0,13.6,29.99
SEC-NDLS-KOTA,465.0,130.0,275.0,14.5,97.6,11.7,20,6,1.117,1.151,0,130.0,0,11.7,372.51
SEC-SWM-GGC,64.0,120.0,48.0,5.1,91.0,6.6,4,2,1.0,1.098,0,120.0,0,6.6,41.43
SEC-SWM-GGC,64.0,120.0,48.0,5.1,103.4,7.5,23,4,1.0,1.059,0,120.0,0,7.5,30.73
SEC-GGC-BTE,120.0,110.0,98.0,9.4,106.2,30.2,12,6,1.247,1.136,0,110.0,0,30.2,111.57
SEC-KOTA-SWM,108.0,130.0,58.0,6.2,103.6,10.5,0,5,1.226,1.238,0,130.0,0,10.5,97.78
SEC-KOTA-SWM,108.0,130.0,58.0,6.2,97.8,1.3,0,5,1.0,1.11,0,130.0,0,1.3,67.13
SEC-MTJ-AGC,54.0,120.0,45.0,4.2,101.6,1.5,22,5,1.15,1.091,0,120.0,0,1.5,41.49
SEC-BTE-MTJ,35.0,100.0,48.0,4.8,94.3,8.3,15,0,1.254,1.139,0,100.0,0,8.3,38.64
SEC-KOTA-SWM,108.0,130.0,58.0,6.2,124.8,10.4,23,5,1.221,1.072,0,130.0,1,10.4,100.8
SEC-GGC-BTE,120.0,110.0,98.0,9.4,94.2,2.7,19,4,1.0,1.309,0,110.0,0,2.7,111.28
SEC-SWM-GGC,64.0,120.0,48.0,5.1,108.1,5.6,8,4,1.0,1.125,0,120.0,0,5.6,38.42
SEC-SWM-GGC,64.0,120.0,48.0,5.1,45.0,20.6,6,5,1.0,1.11,1,45.0,0,20.6,108.87
SEC-SWM-GGC,64.0,120.0,48.0,5.1,115.9,4.1,7,3,1.0,1.15,0,120.0,0,4.1,30.4
SEC-SWM-GGC,64.0,120.0,48.0,5.1,94.5,5.9,15,0,1.0,1.161,0,120.0,0,5.9,48.39
SEC-GGC-BTE,120.0,110.0,98.0,9.4,87.2,1.6,6,5,1.0,1.166,0,110.0,0,1.6,93.56
SEC-KOTA-SWM,108.0,130.0,58.0,6.2,45.0,6.8,10,4,1.0,1.346,1,45.0,0,6.8,205.94
SEC-BTE-MTJ,35.0,100.0,48.0,4.8,80.0,0.0,15,4,1.0,1.147,0,100.0,0,0.0,32.95
SEC-MTJ-AGC,54.0,120.0,45.0,4.2,103.8,5.3,1,0,1.0,1.171,0,120.0,0,5.3,37.63
SEC-MTJ-AGC,54.0,120.0,45.0,4.2,116.6,12.9,18,0,1.0,1.278,0,120.0,0,12.9,28.0
SEC-GGC-BTE,120.0,110.0,98.0,9.4,105.6,9.9,18,6,1.0,1.226,0,110.0,0,9.9,63.92
SEC-BTE-MTJ,35.0,100.0,48.0,4.8,76.8,3.9,0,0,1.0,1.084,0,100.0,0,3.9,21.96
SEC-BTE-MTJ,35.0,100.0,48.0,4.8,45.0,2.0,3,0,1.0,1.007,1,45.0,0,2.0,41.99
SEC-KOTA-SWM,108.0,130.0,58.0,6.2,128.9,2.2,2,0,1.0,1.014,0,130.0,0,2.2,60.31
SEC-SWM-GGC,64.0,120.0,48.0,5.1,30.0,2.1,13,2,1.0,1.092,1,30.0,0,2.1,155.36
SEC-KOTA-SWM,108.0,130.0,58.0,6.2,121.9,4.8,7,4,1.098,1.038,0,130.0,1,4.8,87.64
SEC-GGC-BTE,120.0,110.0,98.0,9.4,104.0,0.3,13,5,1.0,1.05,0,110.0,0,0.3,86.51
SEC-SWM-GGC,64.0,120.0,48.0,5.1,92.7,7.9,6,4,1.0,1.065,0,120.0,0,7.9,52.13
SEC-MTJ-AGC,54.0,120.0,45.0,4.2,95.8,24.6,9,1,1.0,1.302,0,120.0,0,24.6,51.79
SEC-MTJ-AGC,54.0,120.0,45.0,4.2,30.0,11.1,17,5,1.114,1.287,1,30.0,1,11.1,173.07
SEC-KOTA-SWM,108.0,130.0,58.0,6.2,123.8,8.6,14,3,1.137,1.19,0,130.0,1,8.6,83.32
SEC-KOTA-SWM,108.0,130.0,58.0,6.2,45.0,3.9,2,3,1.0,1.137,1,45.0,0,3.9,178.87
SEC-GGC-BTE,120.0,110.0,98.0,9.4,98.6,1.7,19,4,1.0,1.273,0,110.0,0,1.7,72.6
SEC-MTJ-AGC,54.0,120.0,45.0,4.2,60.0,1.7,16,1,1.0,1.113,1,60.0,0,1.7,56.42
SEC-GGC-BTE,120.0,110.0,98.0,9.4,87.9,0.7,18,1,1.0,1.205,0,110.0,0,0.7,109.49
SEC-BTE-MTJ,35.0,100.0,48.0,4.8,79.1,25.2,2,6,1.0,1.104,0,100.0,0,25.2,33.2
SEC-SWM-GGC,64.0,120.0,48.0,5.1,113.9,13.1,15,6,1.0,1.03,0,120.0,1,13.1,48.99
SEC-GGC-BTE,120.0,110.0,98.0,9.4,100.2,5.5,12,5,1.144,1.141,0,110.0,0,5.5,99.55
SEC-GGC-BTE,120.0,110.0,98.0,9.4,98.2,12.4,10,1,1.138,1.051,0,110.0,0,12.4,77.41
SEC-NDLS-KOTA,465.0,130.0,275.0,14.5,30.0,48.9,21,4,1.0,1.389,1,30.0,0,48.9,1218.08
SEC-NDLS-KOTA,465.0,130.0,275.0,14.5,129.0,10.5,18,0,1.0,1.164,0,130.0,0,10.5,252.64
SEC-KOTA-SWM,108.0,130.0,58.0,6.2,121.2,9.8,14,0,1.289,1.148,0,130.0,0,9.8,77.37
SEC-NDLS-KOTA,465.0,130.0,275.0,14.5,121.5,9.6,9,4,1.0,1.33,0,130.0,0,9.6,287.09
SEC-KOTA-SWM,108.0,130.0,58.0,6.2,114.4,12.7,11,1,1.228,1.215,0,130.0,1,12.7,112.14
SEC-SWM-GGC,64.0,120.0,48.0,5.1,104.3,1.9,16,2,1.0,1.086,0,120.0,0,1.9,42.36
SEC-KOTA-SWM,108.0,130.0,58.0,6.2,103.4,2.5,15,0,1.0,1.031,0,130.0,0,2.5,59.14
SEC-MTJ-AGC,54.0,120.0,45.0,4.2,45.0,12.2,14,2,1.0,1.148,1,45.0,0,12.2,86.6
SEC-GGC-BTE,120.0,110.0,98.0,9.4,60.0,59.0,7,0,1.0,1.258,1,60.0,0,59.0,177.01
SEC-GGC-BTE,120.0,110.0,98.0,9.4,90.9,5.0,6,1,1.065,1.078,0,110.0,0,5.0,79.36
SEC-NDLS-KOTA,465.0,130.0,275.0,14.5,117.2,0.7,3,5,1.094,1.027,0,130.0,0,0.7,270.49
SEC-BTE-MTJ,35.0,100.0,48.0,4.8,83.6,4.7,19,6,1.0,1.176,0,100.0,0,4.7,25.95
SEC-SWM-GGC,64.0,120.0,48.0,5.1,101.0,0.1,0,0,1.0,1.126,0,120.0,0,0.1,39.24
SEC-MTJ-AGC,54.0,120.0,45.0,4.2,60.0,5.2,18,3,1.219,1.177,1,60.0,0,5.2,77.54
SEC-SWM-GGC,64.0,120.0,48.0,5.1,45.0,7.8,7,2,1.0,1.048,1,45.0,0,7.8,100.37
SEC-BTE-MTJ,35.0,100.0,48.0,4.8,86.2,52.1,22,6,1.0,1.02,0,100.0,0,52.1,37.37
SEC-SWM-GGC,64.0,120.0,48.0,5.1,118.2,4.2,23,1,1.257,1.07,0,120.0,0,4.2,37.73
SEC-MTJ-AGC,54.0,120.0,45.0,4.2,45.0,2.6,13,0,1.078,1.079,1,45.0,0,2.6,99.87
SEC-MTJ-AGC,54.0,120.0,45.0,4.2,110.0,15.2,8,6,1.251,1.236,0,120.0,0,15.2,39.75
SEC-SWM-GGC,64.0,120.0,48.0,5.1,103.6,0.8,8,4,1.076,1.207,0,120.0,0,0.8,50.01
SEC-NDLS-KOTA,465.0,130.0,275.0,14.5,122.2,8.5,8,1,1.0,1.375,0,130.0,0,8.5,300.63
SEC-BTE-MTJ,35.0,100.0,48.0,4.8,81.3,8.1,8,5,1.0,1.217,0,100.0,0,8.1,31.01
SEC-GGC-BTE,120.0,110.0,98.0,9.4,60.0,3.4,10,6,1.0,1.21,1,60.0,0,3.4,143.35
SEC-NDLS-KOTA,465.0,130.0,275.0,14.5,110.4,9.3,3,2,1.0,1.143,0,130.0,1,9.3,284.03
SEC-BTE-MTJ,35.0,100.0,48.0,4.8,97.9,10.6,0,0,1.0,1.145,0,100.0,0,10.6,19.95
SEC-GGC-BTE,120.0,110.0,98.0,9.4,107.0,0.4,1,4,1.0,1.167,0,110.0,0,0.4,84.44
SEC-SWM-GGC,64.0,120.0,48.0,5.1,111.6,17.1,1,2,1.0,1.077,0,120.0,0,17.1,42.51
SEC-KOTA-SWM,108.0,130.0,58.0,6.2,126.7,7.4,19,2,1.113,1.12,0,130.0,0,7.4,72.28
SEC-BTE-MTJ,35.0,100.0,48.0,4.8,97.6,2.1,17,0,1.0,1.353,0,100.0,1,2.1,38.82
SEC-KOTA-SWM,108.0,130.0,58.0,6.2,100.2,3.6,14,5,1.0,1.103,0,130.0,0,3.6,75.78
SEC-BTE-MTJ,35.0,100.0,48.0,4.8,98.0,25.5,8,4,1.168,1.04,0,100.0,0,25.5,34.71
SEC-BTE-MTJ,35.0,100.0,48.0,4.8,30.0,1.7,21,4,1.0,1.349,1,30.0,0,1.7,102.45
SEC-BTE-MTJ,35.0,100.0,48.0,4.8,60.0,18.9,2,3,1.0,1.156,1,60.0,1,18.9,69.57
SEC-BTE-MTJ,35.0,100.0,48.0,4.8,99.3,3.9,15,1,1.0,1.199,0,100.0,0,3.9,31.01
SEC-GGC-BTE,120.0,110.0,98.0,9.4,45.0,13.1,13,5,1.0,1.023,1,45.0,0,13.1,186.68
SEC-NDLS-KOTA,465.0,130.0,275.0,14.5,100.0,5.1,10,0,1.0,1.177,0,130.0,1,5.1,320.53
SEC-GGC-BTE,120.0,110.0,98.0,9.4,102.4,1.4,11,6,1.246,1.252,0,110.0,0,1.4,95.43
SEC-GGC-BTE,120.0,110.0,98.0,9.4,101.8,0.5,15,4,1.0,1.029,0,110.0,0,0.5,62.18
SEC-GGC-BTE,120.0,110.0,98.0,9.4,103.9,0.6,3,4,1.0,1.171,0,110.0,0,0.6,73.73
SEC-GGC-BTE,120.0,110.0,98.0,9.4,95.3,8.7,15,1,1.0,1.135,0,110.0,0,8.7,105.59
SEC-BTE-MTJ,35.0,100.0,48.0,4.8,30.0,50.8,7,2,1.0,1.098,1,30.0,1,50.8,106.75
SEC-NDLS-KOTA,465.0,130.0,275.0,14.5,45.0,4.7,11,1,1.0,1.244,1,45.0,0,4.7,773.54
SEC-KOTA-SWM,108.0,130.0,58.0,6.2,126.6,35.3,13,6,1.0,1.088,0,130.0,0,35.3,68.83
SEC-BTE-MTJ,35.0,100.0,48.0,4.8,60.0,23.1,3,1,1.0,1.135,1,60.0,0,23.1,50.33
SEC-GGC-BTE,120.0,110.0,98.0,9.4,104.5,2.1,20,6,1.0,1.325,0,110.0,0,2.1,74.88
SEC-NDLS-KOTA,465.0,130.0,275.0,14.5,45.0,10.0,2,1,1.0,1.117,1,45.0,0,10.0,689.61
SEC-KOTA-SWM,108.0,130.0,58.0,6.2,123.9,17.6,13,0,1.0,1.1,0,130.0,0,17.6,54.24
SEC-MTJ-AGC,54.0,120.0,45.0,4.2,112.5,7.7,1,6,1.0,1.079,0,120.0,0,7.7,41.33
SEC-MTJ-AGC,54.0,120.0,45.0,4.2,110.6,1.1,20,3,1.0,1.407,0,120.0,0,1.1,30.58
SEC-SWM-GGC,64.0,120.0,48.0,5.1,113.9,14.2,19,2,1.146,1.387,0,120.0,0,14.2,46.83
SEC-GGC-BTE,120.0,110.0,98.0,9.4,60.0,0.6,2,3,1.0,1.021,1,60.0,0,0.6,143.84
SEC-SWM-GGC,64.0,120.0,48.0,5.1,94.4,10.9,17,6,1.0,1.099,0,120.0,0,10.9,36.58
SEC-NDLS-KOTA,465.0,130.0,275.0,14.5,110.2,1.8,4,6,1.0,1.127,0,130.0,0,1.8,274.29
SEC-KOTA-SWM,108.0,130.0,58.0,6.2,108.4,12.1,1,4,1.0,1.037,0,130.0,0,12.1,59.41
SEC-BTE-MTJ,35.0,100.0,48.0,4.8,45.0,8.1,0,3,1.0,1.074,1,45.0,0,8.1,54.96
SEC-KOTA-SWM,108.0,130.0,58.0,6.2,111.4,7.6,20,6,1.0,1.287,0,130.0,0,7.6,67.31
SEC-KOTA-SWM,108.0,130.0,58.0,6.2,114.2,20.4,20,2,1.11,1.332,0,130.0,0,20.4,86.34
SEC-SWM-GGC,64.0,120.0,48.0,5.1,98.7,16.3,17,2,1.0,1.247,0,120.0,0,16.3,62.8
SEC-BTE-MTJ,35.0,100.0,48.0,4.8,84.2,2.8,7,0,1.103,1.094,0,100.0,1,2.8,34.22
SEC-SWM-GGC,64.0,120.0,48.0,5.1,96.3,6.4,20,5,1.0,1.292,0,120.0,0,6.4,46.77
SEC-MTJ-AGC,54.0,120.0,45.0,4.2,93.7,3.9,15,0,1.0,1.142,0,120.0,0,3.9,28.57
SEC-SWM-GGC,64.0,120.0,48.0,5.1,102.6,1.8,19,6,1.0,1.406,0,120.0,0,1.8,53.48
SEC-MTJ-AGC,54.0,120.0,45.0,4.2,106.3,1.0,10,5,1.0,1.207,0,120.0,0,1.0,41.6
SEC-GGC-BTE,120.0,110.0,98.0,9.4,45.0,9.6,20,4,1.0,1.267,1,45.0,0,9.6,212.69
SEC-KOTA-SWM,108.0,130.0,58.0,6.2,60.0,1.6,0,5,1.183,1.02,1,60.0,0,1.6,140.08
SEC-NDLS-KOTA,465.0,130.0,275.0,14.5,104.4,2.9,19,4,1.197,1.244,0,130.0,0,2.9,408.99
SEC-KOTA-SWM,108.0,130.0,58.0,6.2,125.8,4.8,17,4,1.071,1.275,0,130.0,0,4.8,63.85
SEC-GGC-BTE,120.0,110.0,98.0,9.4,99.1,17.9,5,4,1.0,1.111,0,110.0,1,17.9,85.45
SEC-KOTA-SWM,108.0,130.0,58.0,6.2,98.7,6.2,0,2,1.0,1.105,0,130.0,0,6.2,64.53
SEC-SWM-GGC,64.0,120.0,48.0,5.1,45.0,1.8,1,0,1.0,1.152,1,45.0,1,1.8,112.54
SEC-BTE-MTJ,35.0,100.0,48.0,4.8,78.0,0.2,16,3,1.0,1.1,0,100.0,0,0.2,35.64
SEC-NDLS-KOTA,465.0,130.0,275.0,14.5,127.1,29.4,6,6,1.0,1.056,0,130.0,0,29.4,252.27
SEC-NDLS-KOTA,465.0,130.0,275.0,14.5,115.7,15.7,11,5,1.0,1.383,0,130.0,0,15.7,349.57
SEC-NDLS-KOTA,465.0,130.0,275.0,14.5,45.0,7.0,15,2,1.0,1.098,1,45.0,0,7.0,692.75
SEC-SWM-GGC,64.0,120.0,48.0,5.1,119.2,6.7,13,4,1.0,1.147,0,120.0,0,6.7,36.82
SEC-GGC-BTE,120.0,110.0,98.0,9.4,91.4,4.1,13,5,1.0,1.119,0,110.0,0,4.1,82.82
SEC-BTE-MTJ,35.0,100.0,48.0,4.8,86.5,1.0,8,3,1.0,1.162,0,100.0,0,1.0,50.6
SEC-KOTA-SWM,108.0,130.0,58.0,6.2,110.4,26.8,21,2,1.0,1.399,0,130.0,1,26.8,105.75
SEC-KOTA-SWM,108.0,130.0,58.0,6.2,45.0,1.0,13,6,1.0,1.173,1,45.0,0,1.0,186.06
SEC-KOTA-SWM,108.0,130.0,58.0,6.2,111.5,26.7,15,1,1.0,1.007,0,130.0,1,26.7,76.54
SEC-NDLS-KOTA,465.0,130.0,275.0,14.5,127.6,2.4,18,1,1.105,1.263,0,130.0,0,2.4,279.77
SEC-SWM-GGC,64.0,120.0,48.0,5.1,109.7,5.4,6,3,1.0,1.056,0,120.0,1,5.4,50.3
SEC-MTJ-AGC,54.0,120.0,45.0,4.2,111.2,1.7,10,5,1.224,1.374,0,120.0,0,1.7,47.11
SEC-BTE-MTJ,35.0,100.0,48.0,4.8,82.7,1.7,3,2,1.0,1.038,0,100.0,0,1.7,27.32
SEC-SWM-GGC,64.0,120.0,48.0,5.1,113.0,14.0,12,5,1.0,1.12,0,120.0,0,14.0,34.77
SEC-BTE-MTJ,35.0,100.0,48.0,4.8,84.2,6.1,17,4,1.0,1.29,0,100.0,0,6.1,31.19
SEC-NDLS-KOTA,465.0,130.0,275.0,14.5,30.0,21.3,4,1,1.0,1.033,1,30.0,0,21.3,997.89
SEC-MTJ-AGC,54.0,120.0,45.0,4.2,92.7,13.8,7,0,1.0,1.108,0,120.0,0,13.8,39.48
SEC-BTE-MTJ,35.0,100.0,48.0,4.8,97.0,7.1,23,5,1.0,1.083,0,100.0,0,7.1,27.61
SEC-SWM-GGC,64.0,120.0,48.0,5.1,94.9,0.3,7,6,1.135,1.012,0,120.0,0,0.3,44.59
SEC-SWM-GGC,64.0,120.0,48.0,5.1,113.5,14.0,14,0,1.074,1.076,0,120.0,0,14.0,36.97
SEC-GGC-BTE,120.0,110.0,98.0,9.4,105.4,0.4,10,3,1.0,1.231,0,110.0,0,0.4,86.97
SEC-BTE-MTJ,35.0,100.0,48.0,4.8,81.5,20.4,0,2,1.0,1.15,0,100.0,0,20.4,35.51
SEC-BTE-MTJ,35.0,100.0,48.0,4.8,81.0,3.0,4,1,1.0,1.016,0,100.0,0,3.0,23.8
SEC-BTE-MTJ,35.0,100.0,48.0,4.8,95.0,38.7,18,4,1.0,1.133,0,100.0,1,38.7,48.55
SEC-BTE-MTJ,35.0,100.0,48.0,4.8,60.0,1.0,22,3,1.0,1.111,1,60.0,0,1.0,48.66
SEC-MTJ-AGC,54.0,120.0,45.0,4.2,114.6,3.9,13,6,1.0,1.072,0,120.0,0,3.9,25.65
SEC-BTE-MTJ,35.0,100.0,48.0,4.8,80.9,7.1,20,5,1.0,1.409,0,100.0,0,7.1,32.31
SEC-NDLS-KOTA,465.0,130.0,275.0,14.5,114.8,10.2,12,6,1.055,1.115,0,130.0,0,10.2,280.92
SEC-BTE-MTJ,35.0,100.0,48.0,4.8,60.0,5.7,2,1,1.0,1.02,1,60.0,0,5.7,39.93
SEC-BTE-MTJ,35.0,100.0,48.0,4.8,90.8,14.1,21,2,1.0,1.394,0,100.0,1,14.1,49.39
SEC-NDLS-KOTA,465.0,130.0,275.0,14.5,45.0,7.8,21,3,1.0,1.287,1,45.0,0,7.8,763.79
SEC-GGC-BTE,120.0,110.0,98.0,9.4,60.0,3.5,19,3,1.0,1.27,1,60.0,1,3.5,162.38
SEC-BTE-MTJ,35.0,100.0,48.0,4.8,91.7,5.6,23,0,1.0,1.065,0,100.0,0,5.6,21.42
SEC-SWM-GGC,64.0,120.0,48.0,5.1,45.0,5.1,16,3,1.0,1.066,1,45.0,0,5.1,114.26
SEC-KOTA-SWM,108.0,130.0,58.0,6.2,120.4,13.2,8,3,1.247,1.162,0,130.0,0,13.2,80.89
SEC-MTJ-AGC,54.0,120.0,45.0,4.2,105.3,12.3,20,1,1.0,1.224,0,120.0,0,12.3,33.9
SEC-BTE-MTJ,35.0,100.0,48.0,4.8,80.6,6.7,22,0,1.0,1.242,0,100.0,0,6.7,41.88
SEC-SWM-GGC,64.0,120.0,48.0,5.1,104.1,1.8,20,4,1.127,1.139,0,120.0,0,1.8,54.87
SEC-NDLS-KOTA,465.0,130.0,275.0,14.5,60.0,3.3,16,3,1.0,1.016,1,60.0,0,3.3,470.62
SEC-MTJ-AGC,54.0,120.0,45.0,4.2,111.1,10.6,10,5,1.299,1.345,0,120.0,0,10.6,60.84
SEC-BTE-MTJ,35.0,100.0,48.0,4.8,97.2,3.2,16,3,1.0,1.065,0,100.0,1,3.2,42.48
SEC-SWM-GGC,64.0,120.0,48.0,5.1,60.0,7.7,15,4,1.186,1.051,1,60.0,0,7.7,92.12
SEC-NDLS-KOTA,465.0,130.0,275.0,14.5,129.8,13.9,9,6,1.0,1.154,0,130.0,0,13.9,221.45
SEC-GGC-BTE,120.0,110.0,98.0,9.4,94.6,3.1,4,2,1.0,1.199,0,110.0,0,3.1,91.71
SEC-KOTA-SWM,108.0,130.0,58.0,6.2,30.0,22.9,3,3,1.281,1.129,1,30.0,0,22.9,324.44
SEC-BTE-MTJ,35.0,100.0,48.0,4.8,45.0,0.3,15,3,1.0,1.07,1,45.0,0,0.3,55.33
SEC-GGC-BTE,120.0,110.0,98.0,9.4,91.4,1.2,16,2,1.0,1.143,0,110.0,0,1.2,76.3
SEC-SWM-GGC,64.0,120.0,48.0,5.1,99.1,9.3,14,3,1.0,1.077,0,120.0,0,9.3,39.03
SEC-MTJ-AGC,54.0,120.0,45.0,4.2,119.0,1.6,15,4,1.0,1.065,0,120.0,0,1.6,25.65
SEC-SWM-GGC,64.0,120.0,48.0,5.1,92.2,10.5,21,6,1.0,1.318,0,120.0,0,10.5,58.25
SEC-GGC-BTE,120.0,110.0,98.0,9.4,93.1,2.9,5,4,1.0,1.034,0,110.0,0,2.9,81.23
SEC-MTJ-AGC,54.0,120.0,45.0,4.2,60.0,8.5,13,3,1.0,1.099,1,60.0,1,8.5,77.48
SEC-SWM-GGC,64.0,120.0,48.0,5.1,112.8,0.8,3,1,1.0,1.145,0,120.0,0,0.8,36.48
SEC-GGC-BTE,120.0,110.0,98.0,9.4,107.3,1.5,21,4,1.0,1.341,0,110.0,0,1.5,96.16
SEC-BTE-MTJ,35.0,100.0,48.0,4.8,90.3,24.6,21,6,1.0,1.406,0,100.0,0,24.6,34.54
SEC-MTJ-AGC,54.0,120.0,45.0,4.2,113.5,4.0,16,5,1.0,1.178,0,120.0,0,4.0,25.65
SEC-NDLS-KOTA,465.0,130.0,275.0,14.5,120.3,6.8,7,2,1.0,1.101,0,130.0,0,6.8,247.39
SEC-SWM-GGC,64.0,120.0,48.0,5.1,45.0,6.7,6,3,1.0,1.084,1,45.0,0,6.7,95.56
SEC-GGC-BTE,120.0,110.0,98.0,9.4,106.3,1.7,4,3,1.0,1.19,0,110.0,0,1.7,70.49
SEC-MTJ-AGC,54.0,120.0,45.0,4.2,106.2,4.9,2,1,1.082,1.103,0,120.0,0,4.9,28.02
SEC-NDLS-KOTA,465.0,130.0,275.0,14.5,117.7,1.4,18,6,1.0,1.333,0,130.0,0,1.4,322.95
SEC-NDLS-KOTA,465.0,130.0,275.0,14.5,124.0,14.8,0,0,1.0,1.094,0,130.0,0,14.8,259.97
SEC-SWM-GGC,64.0,120.0,48.0,5.1,116.2,5.8,9,2,1.287,1.334,0,120.0,0,5.8,51.32
SEC-GGC-BTE,120.0,110.0,98.0,9.4,91.2,8.3,16,6,1.0,1.091,0,110.0,0,8.3,84.9
SEC-MTJ-AGC,54.0,120.0,45.0,4.2,97.2,5.1,9,6,1.059,1.111,0,120.0,0,5.1,44.74
SEC-MTJ-AGC,54.0,120.0,45.0,4.2,60.0,9.1,10,1,1.105,1.12,1,60.0,0,9.1,78.59
SEC-GGC-BTE,120.0,110.0,98.0,9.4,91.3,21.5,21,6,1.0,1.246,0,110.0,0,21.5,96.68
SEC-GGC-BTE,120.0,110.0,98.0,9.4,104.2,1.6,11,6,1.096,1.305,0,110.0,0,1.6,92.0
SEC-GGC-BTE,120.0,110.0,98.0,9.4,101.6,10.5,1,5,1.0,1.083,0,110.0,0,10.5,78.71
SEC-NDLS-KOTA,465.0,130.0,275.0,14.5,120.8,0.2,15,0,1.0,1.111,0,130.0,1,0.2,275.95
SEC-NDLS-KOTA,465.0,130.0,275.0,14.5,45.0,8.0,0,3,1.0,1.064,1,45.0,0,8.0,672.79
SEC-SWM-GGC,64.0,120.0,48.0,5.1,99.7,12.6,7,2,1.104,1.148,0,120.0,0,12.6,49.49
SEC-KOTA-SWM,108.0,130.0,58.0,6.2,116.7,4.8,13,5,1.0,1.127,0,130.0,0,4.8,63.84
SEC-SWM-GGC,64.0,120.0,48.0,5.1,112.2,12.0,15,3,1.0,1.043,0,120.0,1,12.0,50.1
SEC-KOTA-SWM,108.0,130.0,58.0,6.2,98.8,15.4,16,2,1.0,1.104,0,130.0,0,15.4,72.9
SEC-BTE-MTJ,35.0,100.0,48.0,4.8,95.2,11.7,17,5,1.0,1.104,0,100.0,0,11.7,19.95
SEC-SWM-GGC,64.0,120.0,48.0,5.1,108.8,9.1,18,5,1.0,1.319,0,120.0,1,9.1,62.89
SEC-SWM-GGC,64.0,120.0,48.0,5.1,109.0,0.7,5,6,1.274,1.257,0,120.0,0,0.7,73.32
SEC-KOTA-SWM,108.0,130.0,58.0,6.2,109.5,1.5,1,6,1.057,1.082,0,130.0,0,1.5,76.39
SEC-NDLS-KOTA,465.0,130.0,275.0,14.5,129.3,15.0,21,1,1.0,1.181,0,130.0,0,15.0,266.04
SEC-MTJ-AGC,54.0,120.0,45.0,4.2,93.0,16.8,8,2,1.0,1.302,0,120.0,0,16.8,51.4
SEC-MTJ-AGC,54.0,120.0,45.0,4.2,94.6,27.3,9,2,1.0,1.267,0,120.0,0,27.3,42.15
SEC-MTJ-AGC,54.0,120.0,45.0,4.2,104.8,1.1,9,5,1.0,1.295,0,120.0,0,1.1,29.79
SEC-KOTA-SWM,108.0,130.0,58.0,6.2,113.6,0.4,8,5,1.0,1.236,0,130.0,0,0.4,78.65
SEC-KOTA-SWM,108.0,130.0,58.0,6.2,108.5,2.6,23,6,1.0,1.122,0,130.0,0,2.6,70.33
SEC-NDLS-KOTA,465.0,130.0,275.0,14.5,108.0,8.7,13,3,1.0,1.197,0,130.0,0,8.7,293.07
SEC-BTE-MTJ,35.0,100.0,48.0,4.8,99.7,7.7,18,3,1.0,1.528,0,100.0,0,7.7,30.93
SEC-BTE-MTJ,35.0,100.0,48.0,4.8,96.8,2.3,18,1,1.0,1.364,0,100.0,0,2.3,30.82
SEC-KOTA-SWM,108.0,130.0,58.0,6.2,125.3,33.5,13,2,1.0,1.021,0,130.0,0,33.5,57.99
SEC-KOTA-SWM,108.0,130.0,58.0,6.2,60.0,5.2,9,4,1.0,1.321,1,60.0,0,5.2,159.16
SEC-BTE-MTJ,35.0,100.0,48.0,4.8,85.9,4.4,2,2,1.137,1.051,0,100.0,0,4.4,34.93
SEC-MTJ-AGC,54.0,120.0,45.0,4.2,30.0,24.6,11,3,1.0,1.243,1,30.0,0,24.6,155.56
SEC-SWM-GGC,64.0,120.0,48.0,5.1,94.4,0.9,8,0,1.0,1.238,0,120.0,1,0.9,64.35
SEC-GGC-BTE,120.0,110.0,98.0,9.4,99.1,23.2,20,1,1.0,1.129,0,110.0,0,23.2,99.45
SEC-SWM-GGC,64.0,120.0,48.0,5.1,114.0,7.4,14,4,1.0,1.197,0,120.0,0,7.4,35.51
SEC-NDLS-KOTA,465.0,130.0,275.0,14.5,98.9,21.8,23,3,1.0,1.173,0,130.0,0,21.8,380.95
SEC-MTJ-AGC,54.0,120.0,45.0,4.2,95.8,2.1,3,6,1.0,1.095,0,120.0,0,2.1,39.67
SEC-MTJ-AGC,54.0,120.0,45.0,4.2,113.6,15.9,16,0,1.0,1.094,0,120.0,0,15.9,32.21
SEC-GGC-BTE,120.0,110.0,98.0,9.4,30.0,31.8,20,3,1.0,1.113,1,30.0,0,31.8,276.63
SEC-MTJ-AGC,54.0,120.0,45.0,4.2,60.0,42.9,0,5,1.0,1.096,1,60.0,0,42.9,71.51
SEC-SWM-GGC,64.0,120.0,48.0,5.1,97.1,19.9,22,5,1.125,1.128,0,120.0,0,19.9,57.71
SEC-NDLS-KOTA,465.0,130.0,275.0,14.5,119.9,13.3,15,4,1.0,1.093,0,130.0,0,13.3,246.77
SEC-BTE-MTJ,35.0,100.0,48.0,4.8,80.3,2.1,23,6,1.0,1.096,0,100.0,0,2.1,23.65
SEC-MTJ-AGC,54.0,120.0,45.0,4.2,97.5,16.4,10,1,1.0,1.445,0,120.0,0,16.4,41.97
SEC-KOTA-SWM,108.0,130.0,58.0,6.2,128.7,10.1,12,4,1.123,1.048,0,130.0,0,10.1,61.52
SEC-NDLS-KOTA,465.0,130.0,275.0,14.5,102.7,4.1,21,6,1.0,1.372,0,130.0,0,4.1,356.68
SEC-GGC-BTE,120.0,110.0,98.0,9.4,30.0,2.5,22,4,1.0,1.05,1,30.0,0,2.5,274.56
SEC-GGC-BTE,120.0,110.0,98.0,9.4,108.7,3.6,11,0,1.0,1.052,0,110.0,0,3.6,68.73
SEC-SWM-GGC,64.0,120.0,48.0,5.1,118.6,12.0,14,6,1.094,1.079,0,120.0,0,12.0,30.4
SEC-SWM-GGC,64.0,120.0,48.0,5.1,118.0,20.1,20,2,1.0,1.144,0,120.0,0,20.1,30.74
SEC-KOTA-SWM,108.0,130.0,58.0,6.2,127.3,4.3,2,6,1.0,1.122,0,130.0,0,4.3,60.86
SEC-GGC-BTE,120.0,110.0,98.0,9.4,89.8,16.0,2,4,1.058,1.117,0,110.0,0,16.0,94.73
SEC-KOTA-SWM,108.0,130.0,58.0,6.2,30.0,21.5,3,6,1.0,1.131,1,30.0,0,21.5,257.68
SEC-BTE-MTJ,35.0,100.0,48.0,4.8,93.2,9.1,18,2,1.119,1.228,0,100.0,0,9.1,31.4
SEC-GGC-BTE,120.0,110.0,98.0,9.4,30.0,46.3,1,6,1.0,1.029,1,30.0,0,46.3,271.96
SEC-NDLS-KOTA,465.0,130.0,275.0,14.5,60.0,0.2,20,6,1.0,1.108,1,60.0,1,0.2,524.81
SEC-GGC-BTE,120.0,110.0,98.0,9.4,103.6,13.4,12,4,1.0,1.018,0,110.0,0,13.4,77.47
SEC-MTJ-AGC,54.0,120.0,45.0,4.2,110.5,3.5,5,5,1.055,1.074,0,120.0,0,3.5,32.74
SEC-GGC-BTE,120.0,110.0,98.0,9.4,88.5,1.3,5,1,1.0,1.04,0,110.0,0,1.3,91.64
SEC-NDLS-KOTA,465.0,130.0,275.0,14.5,45.0,12.2,2,5,1.098,1.04,1,45.0,0,12.2,736.07
SEC-GGC-BTE,120.0,110.0,98.0,9.4,100.8,3.5,4,6,1.0,1.074,0,110.0,0,3.5,81.08
SEC-NDLS-KOTA,465.0,130.0,275.0,14.5,111.4,2.6,9,6,1.0,1.201,0,130.0,0,2.6,300.88
SEC-NDLS-KOTA,465.0,130.0,275.0,14.5,99.7,56.7,18,5,1.0,1.307,0,130.0,0,56.7,353.2
SEC-MTJ-AGC,54.0,120.0,45.0,4.2,105.0,1.4,12,1,1.0,1.117,0,120.0,0,1.4,31.65
SEC-BTE-MTJ,35.0,100.0,48.0,4.8,80.3,12.8,22,6,1.0,1.14,0,100.0,0,12.8,35.08
SEC-SWM-GGC,64.0,120.0,48.0,5.1,93.8,8.7,14,6,1.239,1.189,0,120.0,0,8.7,48.48
SEC-MTJ-AGC,54.0,120.0,45.0,4.2,60.0,8.6,14,0,1.0,1.045,1,60.0,0,8.6,68.86
SEC-NDLS-KOTA,465.0,130.0,275.0,14.5,126.6,18.3,0,1,1.0,1.188,0,130.0,0,18.3,243.83
SEC-BTE-MTJ,35.0,100.0,48.0,4.8,89.1,2.5,3,2,1.0,1.132,0,100.0,0,2.5,19.95
SEC-NDLS-KOTA,465.0,130.0,275.0,14.5,129.1,9.9,19,3,1.08,1.172,0,130.0,0,9.9,277.6
SEC-NDLS-KOTA,465.0,130.0,275.0,14.5,97.9,22.7,23,2,1.0,1.062,0,130.0,0,22.7,321.01
SEC-KOTA-SWM,108.0,130.0,58.0,6.2,106.4,7.3,12,5,1.0,1.171,0,130.0,0,7.3,64.76
SEC-GGC-BTE,120.0,110.0,98.0,9.4,98.0,5.1,20,6,1.14,1.229,0,110.0,0,5.1,97.79
SEC-KOTA-SWM,108.0,130.0,58.0,6.2,125.0,1.2,23,1,1.0,1.184,0,130.0,0,1.2,63.4
SEC-NDLS-KOTA,465.0,130.0,275.0,14.5,100.7,5.3,10,0,1.0,1.223,0,130.0,1,5.3,342.04
SEC-MTJ-AGC,54.0,120.0,45.0,4.2,116.1,15.9,4,1,1.0,1.259,0,120.0,0,15.9,25.7
SEC-KOTA-SWM,108.0,130.0,58.0,6.2,112.5,11.5,3,2,1.0,1.179,0,130.0,0,11.5,61.82
SEC-GGC-BTE,120.0,110.0,98.0,9.4,92.1,3.0,10,1,1.141,1.319,0,110.0,0,3.0,120.3
SEC-NDLS-KOTA,465.0,130.0,275.0,14.5,121.5,7.1,10,1,1.054,1.366,0,130.0,0,7.1,308.32
SEC-GGC-BTE,120.0,110.0,98.0,9.4,97.1,48.4,22,4,1.0,1.046,0,110.0,0,48.4,101.36
SEC-BTE-MTJ,35.0,100.0,48.0,4.8,97.3,1.0,20,3,1.0,1.359,0,100.0,0,1.0,22.45
SEC-NDLS-KOTA,465.0,130.0,275.0,14.5,121.8,1.2,13,3,1.0,1.187,0,130.0,0,1.2,265.64
SEC-GGC-BTE,120.0,110.0,98.0,9.4,84.7,13.2,1,2,1.0,1.065,0,110.0,0,13.2,84.02
SEC-BTE-MTJ,35.0,100.0,48.0,4.8,98.5,0.3,20,6,1.0,1.091,0,100.0,0,0.3,25.76
SEC-BTE-MTJ,35.0,100.0,48.0,4.8,60.0,3.3,18,2,1.0,1.332,1,60.0,0,3.3,61.91
SEC-GGC-BTE,120.0,110.0,98.0,9.4,30.0,1.7,8,4,1.0,1.425,1,30.0,0,1.7,338.47
SEC-BTE-MTJ,35.0,100.0,48.0,4.8,84.3,9.3,7,0,1.0,1.056,0,100.0,0,9.3,27.21
SEC-GGC-BTE,120.0,110.0,98.0,9.4,105.7,2.2,14,6,1.0,1.148,0,110.0,0,2.2,84.38
SEC-KOTA-SWM,108.0,130.0,58.0,6.2,116.8,4.9,14,2,1.0,1.037,0,130.0,0,4.9,71.51
SEC-GGC-BTE,120.0,110.0,98.0,9.4,88.7,0.7,5,3,1.269,1.06,0,110.0,0,0.7,112.84
SEC-NDLS-KOTA,465.0,130.0,275.0,14.5,45.0,15.4,1,4,1.0,1.038,1,45.0,0,15.4,673.74
SEC-SWM-GGC,64.0,120.0,48.0,5.1,112.2,14.8,0,0,1.14,1.04,0,120.0,0,14.8,50.11
SEC-GGC-BTE,120.0,110.0,98.0,9.4,96.9,14.7,14,6,1.0,1.114,0,110.0,1,14.7,104.12
SEC-GGC-BTE,120.0,110.0,98.0,9.4,109.5,16.5,23,4,1.246,1.194,0,110.0,0,16.5,90.78
SEC-SWM-GGC,64.0,120.0,48.0,5.1,91.5,3.0,12,2,1.195,1.154,0,120.0,0,3.0,42.49
SEC-NDLS-KOTA,465.0,130.0,275.0,14.5,128.5,5.2,20,1,1.0,1.368,0,130.0,0,5.2,301.0
SEC-MTJ-AGC,54.0,120.0,45.0,4.2,96.8,16.4,20,1,1.0,1.232,0,120.0,0,16.4,52.53
SEC-MTJ-AGC,54.0,120.0,45.0,4.2,30.0,17.2,7,3,1.268,1.241,1,30.0,0,17.2,176.44
SEC-SWM-GGC,64.0,120.0,48.0,5.1,93.7,7.2,3,4,1.0,1.024,0,120.0,0,7.2,55.45
SEC-NDLS-KOTA,465.0,130.0,275.0,14.5,126.5,13.2,0,2,1.281,1.02,0,130.0,0,13.2,287.41
SEC-SWM-GGC,64.0,120.0,48.0,5.1,90.4,14.0,19,2,1.0,1.1,0,120.0,0,14.0,56.46
SEC-NDLS-KOTA,465.0,130.0,275.0,14.5,128.7,1.1,19,6,1.0,1.346,0,130.0,0,1.1,256.18
SEC-NDLS-KOTA,465.0,130.0,275.0,14.5,124.0,6.8,22,5,1.246,1.022,0,130.0,0,6.8,291.9
SEC-BTE-MTJ,35.0,100.0,48.0,4.8,98.7,0.2,19,0,1.0,1.312,0,100.0,0,0.2,24.02
SEC-NDLS-KOTA,465.0,130.0,275.0,14.5,122.5,30.8,20,3,1.115,1.143,0,130.0,0,30.8,270.04
SEC-NDLS-KOTA,465.0,130.0,275.0,14.5,101.5,8.6,13,5,1.0,1.028,0,130.0,1,8.6,301.87
SEC-GGC-BTE,120.0,110.0,98.0,9.4,96.8,10.8,21,1,1.083,1.289,0,110.0,0,10.8,89.76
SEC-GGC-BTE,120.0,110.0,98.0,9.4,94.9,1.9,1,4,1.282,1.126,0,110.0,0,1.9,109.12
SEC-BTE-MTJ,35.0,100.0,48.0,4.8,60.0,1.8,4,2,1.296,1.051,1,60.0,0,1.8,49.7
SEC-MTJ-AGC,54.0,120.0,45.0,4.2,94.5,23.0,18,5,1.0,1.401,0,120.0,0,23.0,56.37
SEC-KOTA-SWM,108.0,130.0,58.0,6.2,117.9,1.2,2,2,1.0,1.111,0,130.0,0,1.2,63.01
SEC-SWM-GGC,64.0,120.0,48.0,5.1,30.0,62.5,18,4,1.0,1.041,1,30.0,0,62.5,143.91
SEC-GGC-BTE,120.0,110.0,98.0,9.4,45.0,22.6,13,2,1.0,1.086,1,45.0,0,22.6,184.9
SEC-KOTA-SWM,108.0,130.0,58.0,6.2,115.4,22.7,5,2,1.0,1.062,0,130.0,1,22.7,75.76
SEC-GGC-BTE,120.0,110.0,98.0,9.4,85.0,34.9,7,1,1.0,1.134,0,110.0,0,34.9,95.09
SEC-GGC-BTE,120.0,110.0,98.0,9.4,107.2,25.1,22,6,1.0,1.069,0,110.0,0,25.1,89.81
SEC-BTE-MTJ,35.0,100.0,48.0,4.8,97.7,9.0,5,1,1.0,1.02,0,100.0,0,9.0,26.18
SEC-MTJ-AGC,54.0,120.0,45.0,4.2,118.2,5.9,8,2,1.0,1.175,0,120.0,0,5.9,29.08
SEC-NDLS-KOTA,465.0,130.0,275.0,14.5,99.0,13.1,3,2,1.0,1.15,0,130.0,0,13.1,302.77
SEC-NDLS-KOTA,465.0,130.0,275.0,14.5,60.0,6.5,21,2,1.088,1.151,1,60.0,0,6.5,557.08
SEC-SWM-GGC,64.0,120.0,48.0,5.1,103.5,11.6,7,1,1.216,1.077,0,120.0,0,11.6,45.78
SEC-KOTA-SWM,108.0,130.0,58.0,6.2,112.2,0.1,19,3,1.0,1.419,0,130.0,0,0.1,69.38
SEC-KOTA-SWM,108.0,130.0,58.0,6.2,97.8,3.6,21,5,1.0,1.211,0,130.0,0,3.6,71.79
SEC-MTJ-AGC,54.0,120.0,45.0,4.2,99.4,14.5,6,4,1.0,1.094,0,120.0,0,14.5,40.38
SEC-SWM-GGC,64.0,120.0,48.0,5.1,115.1,4.0,13,1,1.0,1.079,0,120.0,0,4.0,30.4
SEC-NDLS-KOTA,465.0,130.0,275.0,14.5,113.7,4.4,13,5,1.0,1.126,0,130.0,0,4.4,290.76
SEC-NDLS-KOTA,465.0,130.0,275.0,14.5,120.1,6.0,9,6,1.0,1.252,0,130.0,0,6.0,270.19
SEC-MTJ-AGC,54.0,120.0,45.0,4.2,104.6,0.2,17,1,1.0,1.152,0,120.0,0,0.2,40.08
SEC-MTJ-AGC,54.0,120.0,45.0,4.2,92.6,3.1,5,4,1.0,1.021,0,120.0,0,3.1,38.99
SEC-KOTA-SWM,108.0,130.0,58.0,6.2,108.1,9.0,20,5,1.0,1.133,0,130.0,0,9.0,54.56
SEC-NDLS-KOTA,465.0,130.0,275.0,14.5,119.9,0.6,16,0,1.0,1.176,0,130.0,0,0.6,278.7
SEC-KOTA-SWM,108.0,130.0,58.0,6.2,105.4,0.5,6,5,1.0,1.061,0,130.0,0,0.5,61.48
SEC-NDLS-KOTA,465.0,130.0,275.0,14.5,101.3,7.4,2,0,1.0,1.082,0,130.0,0,7.4,301.59
SEC-NDLS-KOTA,465.0,130.0,275.0,14.5,45.0,0.3,6,6,1.0,1.184,1,45.0,0,0.3,749.24
SEC-SWM-GGC,64.0,120.0,48.0,5.1,116.3,3.6,12,6,1.0,1.097,0,120.0,0,3.6,49.76
SEC-GGC-BTE,120.0,110.0,98.0,9.4,86.2,11.2,2,1,1.211,1.22,0,110.0,0,11.2,114.08
SEC-BTE-MTJ,35.0,100.0,48.0,4.8,86.2,13.6,0,6,1.063,1.142,0,100.0,0,13.6,32.19
SEC-BTE-MTJ,35.0,100.0,48.0,4.8,30.0,19.5,18,4,1.0,1.135,1,30.0,0,19.5,88.68
SEC-MTJ-AGC,54.0,120.0,45.0,4.2,98.1,2.6,19,3,1.116,1.339,0,120.0,0,2.6,43.42
SEC-KOTA-SWM,108.0,130.0,58.0,6.2,121.4,3.1,20,3,1.061,1.159,0,130.0,0,3.1,62.01
SEC-KOTA-SWM,108.0,130.0,58.0,6.2,30.0,13.8,20,2,1.198,1.171,1,30.0,0,13.8,304.14
SEC-MTJ-AGC,54.0,120.0,45.0,4.2,111.0,26.4,6,6,1.0,1.035,0,120.0,0,26.4,50.44
SEC-BTE-MTJ,35.0,100.0,48.0,4.8,60.0,7.6,18,5,1.0,1.211,1,60.0,1,7.6,67.1
SEC-MTJ-AGC,54.0,120.0,45.0,4.2,106.2,37.3,12,0,1.222,1.106,0,120.0,0,37.3,41.49
SEC-SWM-GGC,64.0,120.0,48.0,5.1,119.1,5.0,10,0,1.0,1.301,0,120.0,0,5.0,50.94
SEC-MTJ-AGC,54.0,120.0,45.0,4.2,93.7,0.6,4,4,1.0,1.148,0,120.0,0,0.6,38.01
SEC-MTJ-AGC,54.0,120.0,45.0,4.2,92.2,13.7,12,0,1.0,1.058,0,120.0,0,13.7,42.41
SEC-NDLS-KOTA,465.0,130.0,275.0,14.5,111.9,5.8,1,1,1.0,1.088,0,130.0,1,5.8,293.53
SEC-SWM-GGC,64.0,120.0,48.0,5.1,96.9,2.9,20,5,1.076,1.308,0,120.0,0,2.9,45.26
SEC-BTE-MTJ,35.0,100.0,48.0,4.8,45.0,28.9,12,4,1.0,1.129,1,45.0,0,28.9,56.99
SEC-MTJ-AGC,54.0,120.0,45.0,4.2,98.1,9.4,0,5,1.234,1.043,0,120.0,0,9.4,45.05
SEC-GGC-BTE,120.0,110.0,98.0,9.4,84.9,0.1,0,4,1.0,1.036,0,110.0,1,0.1,74.9
SEC-BTE-MTJ,35.0,100.0,48.0,4.8,77.4,5.2,23,1,1.182,1.032,0,100.0,0,5.2,27.25
SEC-GGC-BTE,120.0,110.0,98.0,9.4,94.1,1.7,16,0,1.0,1.157,0,110.0,0,1.7,83.25
SEC-SWM-GGC,64.0,120.0,48.0,5.1,118.8,0.6,8,1,1.117,1.164,0,120.0,0,0.6,41.37
SEC-KOTA-SWM,108.0,130.0,58.0,6.2,109.2,11.0,13,6,1.076,1.156,0,130.0,0,11.0,74.83
SEC-KOTA-SWM,108.0,130.0,58.0,6.2,122.5,16.4,17,6,1.242,1.234,0,130.0,1,16.4,86.47
SEC-BTE-MTJ,35.0,100.0,48.0,4.8,93.1,7.6,1,6,1.0,1.066,0,100.0,0,7.6,23.36
SEC-BTE-MTJ,35.0,100.0,48.0,4.8,85.5,11.2,15,4,1.196,1.116,0,100.0,0,11.2,39.57
SEC-SWM-GGC,64.0,120.0,48.0,5.1,111.7,17.4,5,0,1.0,1.088,0,120.0,0,17.4,47.78
SEC-MTJ-AGC,54.0,120.0,45.0,4.2,103.8,27.0,15,2,1.0,1.075,0,120.0,0,27.0,34.1
SEC-NDLS-KOTA,465.0,130.0,275.0,14.5,127.6,6.9,5,3,1.0,1.236,0,130.0,0,6.9,275.57
SEC-NDLS-KOTA,465.0,130.0,275.0,14.5,45.0,4.6,4,5,1.0,1.031,1,45.0,0,4.6,647.77
SEC-NDLS-KOTA,465.0,130.0,275.0,14.5,127.9,5.7,9,1,1.0,1.227,0,130.0,0,5.7,290.17
SEC-BTE-MTJ,35.0,100.0,48.0,4.8,76.3,24.4,17,0,1.122,1.192,0,100.0,0,24.4,42.96
SEC-NDLS-KOTA,465.0,130.0,275.0,14.5,45.0,6.2,8,0,1.0,1.487,1,45.0,0,6.2,875.27
SEC-BTE-MTJ,35.0,100.0,48.0,4.8,91.5,2.2,18,0,1.0,1.38,0,100.0,1,2.2,58.0
SEC-NDLS-KOTA,465.0,130.0,275.0,14.5,120.9,5.3,14,4,1.0,1.101,0,130.0,0,5.3,256.73
SEC-MTJ-AGC,54.0,120.0,45.0,4.2,113.2,0.2,5,1,1.0,1.121,0,120.0,1,0.2,39.85
SEC-NDLS-KOTA,465.0,130.0,275.0,14.5,128.4,12.1,5,0,1.107,1.033,0,130.0,0,12.1,263.5
SEC-BTE-MTJ,35.0,100.0,48.0,4.8,75.3,15.1,9,0,1.0,1.281,0,100.0,0,15.1,37.25
SEC-MTJ-AGC,54.0,120.0,45.0,4.2,118.3,2.8,7,6,1.0,1.089,0,120.0,0,2.8,25.65
SEC-KOTA-SWM,108.0,130.0,58.0,6.2,110.9,7.9,1,5,1.0,1.089,0,130.0,0,7.9,64.07
SEC-BTE-MTJ,35.0,100.0,48.0,4.8,99.5,3.1,0,3,1.0,1.16,0,100.0,0,3.1,23.56
SEC-SWM-GGC,64.0,120.0,48.0,5.1,108.6,24.4,7,1,1.204,1.068,0,120.0,0,24.4,44.52
SEC-KOTA-SWM,108.0,130.0,58.0,6.2,111.2,7.3,10,0,1.0,1.243,0,130.0,0,7.3,71.76
SEC-NDLS-KOTA,465.0,130.0,275.0,14.5,113.1,7.6,15,1,1.0,1.025,0,130.0,0,7.6,275.17
SEC-SWM-GGC,64.0,120.0,48.0,5.1,60.0,15.1,3,1,1.0,1.109,1,60.0,0,15.1,86.92
SEC-BTE-MTJ,35.0,100.0,48.0,4.8,79.7,51.7,4,2,1.179,1.213,0,100.0,1,51.7,38.78
SEC-MTJ-AGC,54.0,120.0,45.0,4.2,112.3,3.8,21,3,1.0,1.143,0,120.0,0,3.8,27.16
SEC-GGC-BTE,120.0,110.0,98.0,9.4,87.2,13.9,7,5,1.16,1.183,0,110.0,0,13.9,115.58
SEC-KOTA-SWM,108.0,130.0,58.0,6.2,123.3,2.6,19,0,1.0,1.137,0,130.0,1,2.6,85.72
SEC-BTE-MTJ,35.0,100.0,48.0,4.8,77.3,6.6,9,0,1.0,1.222,0,100.0,0,6.6,35.76
SEC-MTJ-AGC,54.0,120.0,45.0,4.2,117.6,9.8,9,3,1.0,1.321,0,120.0,0,9.8,40.61
SEC-NDLS-KOTA,465.0,130.0,275.0,14.5,119.2,7.1,7,4,1.0,1.123,0,130.0,0,7.1,268.08
SEC-SWM-GGC,64.0,120.0,48.0,5.1,97.4,1.9,16,5,1.0,1.133,0,120.0,0,1.9,52.27
SEC-SWM-GGC,64.0,120.0,48.0,5.1,104.1,10.4,20,1,1.0,1.27,0,120.0,0,10.4,47.19
SEC-NDLS-KOTA,465.0,130.0,275.0,14.5,45.0,7.1,4,1,1.0,1.146,1,45.0,0,7.1,712.78
SEC-BTE-MTJ,35.0,100.0,48.0,4.8,76.5,3.0,0,3,1.0,1.118,0,100.0,0,3.0,36.66
SEC-SWM-GGC,64.0,120.0,48.0,5.1,60.0,3.5,1,3,1.254,1.009,1,60.0,0,3.5,89.94
SEC-GGC-BTE,120.0,110.0,98.0,9.4,45.0,27.4,15,5,1.0,1.087,1,45.0,1,27.4,234.88
SEC-KOTA-SWM,108.0,130.0,58.0,6.2,123.7,5.7,21,5,1.232,1.376,0,130.0,0,5.7,86.78
SEC-BTE-MTJ,35.0,100.0,48.0,4.8,90.7,14.1,21,3,1.0,1.397,0,100.0,0,14.1,36.69
SEC-MTJ-AGC,54.0,120.0,45.0,4.2,30.0,3.7,15,6,1.24,1.135,1,30.0,0,3.7,166.95
SEC-BTE-MTJ,35.0,100.0,48.0,4.8,76.7,4.8,15,0,1.101,1.09,0,100.0,0,4.8,34.88
SEC-KOTA-SWM,108.0,130.0,58.0,6.2,126.2,12.0,9,3,1.0,1.252,0,130.0,0,12.0,47.35
SEC-MTJ-AGC,54.0,120.0,45.0,4.2,60.0,12.6,22,6,1.0,1.047,1,60.0,0,12.6,66.63
SEC-SWM-GGC,64.0,120.0,48.0,5.1,110.9,1.5,6,0,1.135,1.096,0,120.0,0,1.5,53.53
SEC-BTE-MTJ,35.0,100.0,48.0,4.8,95.6,0.9,1,0,1.0,1.067,0,100.0,1,0.9,39.84
SEC-BTE-MTJ,35.0,100.0,48.0,4.8,85.7,3.3,11,2,1.0,1.384,0,100.0,0,3.3,29.74
SEC-KOTA-SWM,108.0,130.0,58.0,6.2,121.6,26.5,14,5,1.0,1.073,0,130.0,0,26.5,61.51
SEC-BTE-MTJ,35.0,100.0,48.0,4.8,45.0,18.9,0,4,1.0,1.073,1,45.0,1,18.9,71.98
SEC-GGC-BTE,120.0,110.0,98.0,9.4,30.0,19.2,21,2,1.0,1.351,1,30.0,0,19.2,312.31
SEC-NDLS-KOTA,465.0,130.0,275.0,14.5,120.0,8.3,13,0,1.0,1.011,0,130.0,0,8.3,248.13
SEC-KOTA-SWM,108.0,130.0,58.0,6.2,128.3,8.3,21,5,1.0,1.158,0,130.0,1,8.3,66.67
SEC-KOTA-SWM,108.0,130.0,58.0,6.2,109.3,9.4,17,0,1.209,1.323,0,130.0,0,9.4,89.85
SEC-SWM-GGC,64.0,120.0,48.0,5.1,98.4,28.1,21,0,1.0,1.211,0,120.0,0,28.1,51.73
SEC-BTE-MTJ,35.0,100.0,48.0,4.8,30.0,3.8,8,4,1.0,1.333,1,30.0,0,3.8,102.66
SEC-BTE-MTJ,35.0,100.0,48.0,4.8,79.4,8.0,23,3,1.0,1.09,0,100.0,1,8.0,32.28
SEC-BTE-MTJ,35.0,100.0,48.0,4.8,94.5,30.3,5,6,1.0,1.057,0,100.0,0,30.3,26.03
SEC-NDLS-KOTA,465.0,130.0,275.0,14.5,102.4,5.3,12,2,1.0,1.07,0,130.0,0,5.3,286.18
SEC-GGC-BTE,120.0,110.0,98.0,9.4,99.7,5.2,8,3,1.0,1.168,0,110.0,0,5.2,65.46
SEC-BTE-MTJ,35.0,100.0,48.0,4.8,76.1,1.7,8,2,1.0,1.156,0,100.0,0,1.7,34.88
SEC-SWM-GGC,64.0,120.0,48.0,5.1,107.0,17.3,7,6,1.282,1.054,0,120.0,0,17.3,49.25
SEC-NDLS-KOTA,465.0,130.0,275.0,14.5,130.0,5.5,18,4,1.092,1.116,0,130.0,0,5.5,249.16
SEC-SWM-GGC,64.0,120.0,48.0,5.1,30.0,13.4,20,2,1.092,1.498,1,30.0,0,13.4,213.04
SEC-SWM-GGC,64.0,120.0,48.0,5.1,94.4,26.7,21,2,1.0,1.267,0,120.0,0,26.7,51.25
SEC-GGC-BTE,120.0,110.0,98.0,9.4,87.9,1.1,10,6,1.0,1.346,0,110.0,0,1.1,103.44
SEC-BTE-MTJ,35.0,100.0,48.0,4.8,88.5,29.0,16,0,1.061,1.101,0,100.0,0,29.0,26.01
SEC-NDLS-KOTA,465.0,130.0,275.0,14.5,125.2,32.4,10,1,1.0,1.274,0,130.0,0,32.4,268.5
SEC-KOTA-SWM,108.0,130.0,58.0,6.2,122.6,2.4,1,1,1.0,1.131,0,130.0,1,2.4,66.44
SEC-MTJ-AGC,54.0,120.0,45.0,4.2,91.0,3.3,15,3,1.084,1.199,0,120.0,0,3.3,54.54
SEC-BTE-MTJ,35.0,100.0,48.0,4.8,75.8,8.6,20,0,1.0,1.157,0,100.0,0,8.6,32.16
SEC-BTE-MTJ,35.0,100.0,48.0,4.8,84.3,25.9,14,0,1.0,1.124,0,100.0,0,25.9,23.39
SEC-MTJ-AGC,54.0,120.0,45.0,4.2,101.5,3.4,8,0,1.095,1.064,0,120.0,0,3.4,42.19
SEC-SWM-GGC,64.0,120.0,48.0,5.1,90.6,29.4,7,4,1.0,1.152,0,120.0,0,29.4,53.31
SEC-MTJ-AGC,54.0,120.0,45.0,4.2,112.2,24.0,20,2,1.0,1.397,0,120.0,0,24.0,42.52
SEC-GGC-BTE,120.0,110.0,98.0,9.4,97.8,0.9,19,1,1.0,1.506,0,110.0,0,0.9,118.55
SEC-GGC-BTE,120.0,110.0,98.0,9.4,88.1,2.4,6,1,1.214,1.112,0,110.0,0,2.4,110.23
SEC-MTJ-AGC,54.0,120.0,45.0,4.2,107.5,2.4,20,4,1.0,1.22,0,120.0,1,2.4,48.66
SEC-SWM-GGC,64.0,120.0,48.0,5.1,94.7,8.0,21,6,1.22,1.265,0,120.0,0,8.0,55.1
SEC-SWM-GGC,64.0,120.0,48.0,5.1,94.8,6.6,6,0,1.083,1.064,0,120.0,0,6.6,49.28
SEC-BTE-MTJ,35.0,100.0,48.0,4.8,91.6,6.6,16,3,1.0,1.077,0,100.0,1,6.6,37.65
SEC-GGC-BTE,120.0,110.0,98.0,9.4,89.3,1.0,1,2,1.129,1.01,0,110.0,0,1.0,88.01
SEC-NDLS-KOTA,465.0,130.0,275.0,14.5,128.5,0.5,5,5,1.0,1.073,0,130.0,0,0.5,234.09
SEC-SWM-GGC,64.0,120.0,48.0,5.1,109.5,4.6,23,5,1.0,1.097,0,120.0,1,4.6,49.3
SEC-NDLS-KOTA,465.0,130.0,275.0,14.5,45.0,25.2,16,2,1.0,1.042,1,45.0,0,25.2,662.77
SEC-GGC-BTE,120.0,110.0,98.0,9.4,30.0,13.1,23,4,1.0,1.129,1,30.0,0,13.1,263.29
SEC-GGC-BTE,120.0,110.0,98.0,9.4,97.2,26.7,5,0,1.0,1.145,0,110.0,0,26.7,95.74
SEC-MTJ-AGC,54.0,120.0,45.0,4.2,118.1,18.3,11,2,1.0,1.077,0,120.0,0,18.3,44.63
SEC-SWM-GGC,64.0,120.0,48.0,5.1,45.0,3.1,14,1,1.0,1.272,1,45.0,0,3.1,122.87
SEC-KOTA-SWM,108.0,130.0,58.0,6.2,124.6,4.6,12,3,1.0,1.159,0,130.0,1,4.6,61.52
SEC-MTJ-AGC,54.0,120.0,45.0,4.2,105.2,0.8,16,4,1.0,1.133,0,120.0,1,0.8,45.21
SEC-MTJ-AGC,54.0,120.0,45.0,4.2,111.8,9.4,11,3,1.0,1.394,0,120.0,0,9.4,42.16
SEC-GGC-BTE,120.0,110.0,98.0,9.4,60.0,8.6,0,4,1.0,1.128,1,60.0,0,8.6,150.76
SEC-NDLS-KOTA,465.0,130.0,275.0,14.5,128.0,2.3,16,5,1.0,1.124,0,130.0,0,2.3,252.82
SEC-GGC-BTE,120.0,110.0,98.0,9.4,103.5,0.3,22,1,1.0,1.139,0,110.0,0,0.3,71.25
SEC-SWM-GGC,64.0,120.0,48.0,5.1,96.0,4.6,22,3,1.0,1.068,0,120.0,0,4.6,45.08
SEC-GGC-BTE,120.0,110.0,98.0,9.4,87.4,24.7,6,0,1.0,1.073,0,110.0,1,24.7,110.85
SEC-KOTA-SWM,108.0,130.0,58.0,6.2,115.6,2.7,4,4,1.0,1.196,0,130.0,0,2.7,75.94
SEC-NDLS-KOTA,465.0,130.0,275.0,14.5,123.8,3.4,20,1,1.0,1.251,0,130.0,0,3.4,286.38
SEC-SWM-GGC,64.0,120.0,48.0,5.1,118.7,10.5,18,0,1.0,1.22,0,120.0,0,10.5,32.35
SEC-KOTA-SWM,108.0,130.0,58.0,6.2,127.8,11.6,23,3,1.0,1.055,0,130.0,0,11.6,59.85
SEC-KOTA-SWM,108.0,130.0,58.0,6.2,60.0,2.8,7,5,1.0,1.085,1,60.0,0,2.8,123.89
SEC-MTJ-AGC,54.0,120.0,45.0,4.2,119.1,3.4,17,0,1.0,1.283,0,120.0,0,3.4,30.13
SEC-KOTA-SWM,108.0,130.0,58.0,6.2,100.3,22.9,11,5,1.0,1.32,0,130.0,0,22.9,75.67
SEC-NDLS-KOTA,465.0,130.0,275.0,14.5,114.1,1.7,13,0,1.0,1.087,0,130.0,0,1.7,248.76
SEC-GGC-BTE,120.0,110.0,98.0,9.4,45.0,0.4,16,3,1.0,1.132,1,45.0,0,0.4,194.74
SEC-GGC-BTE,120.0,110.0,98.0,9.4,108.8,14.7,5,3,1.156,1.048,0,110.0,0,14.7,88.77
SEC-SWM-GGC,64.0,120.0,48.0,5.1,45.0,1.6,22,0,1.0,1.155,1,45.0,0,1.6,111.69
SEC-BTE-MTJ,35.0,100.0,48.0,4.8,92.7,1.0,21,1,1.0,1.249,0,100.0,0,1.0,28.39
SEC-MTJ-AGC,54.0,120.0,45.0,4.2,114.0,9.0,18,1,1.164,1.299,0,120.0,0,9.0,43.44
SEC-KOTA-SWM,108.0,130.0,58.0,6.2,45.0,20.0,14,5,1.188,1.066,1,45.0,0,20.0,213.31
SEC-GGC-BTE,120.0,110.0,98.0,9.4,97.8,9.9,18,4,1.0,1.171,0,110.0,0,9.9,78.68
SEC-GGC-BTE,120.0,110.0,98.0,9.4,101.0,8.4,5,5,1.0,1.102,0,110.0,1,8.4,84.79
SEC-SWM-GGC,64.0,120.0,48.0,5.1,100.9,19.1,13,6,1.144,1.082,0,120.0,0,19.1,58.1
SEC-MTJ-AGC,54.0,120.0,45.0,4.2,60.0,5.2,12,3,1.0,1.114,1,60.0,0,5.2,60.43
SEC-NDLS-KOTA,465.0,130.0,275.0,14.5,119.9,0.9,8,5,1.242,1.439,0,130.0,0,0.9,374.59
SEC-SWM-GGC,64.0,120.0,48.0,5.1,105.5,9.4,9,3,1.0,1.276,0,120.0,0,9.4,57.84
SEC-BTE-MTJ,35.0,100.0,48.0,4.8,96.1,4.1,6,6,1.0,1.068,0,100.0,0,4.1,19.95
SEC-GGC-BTE,120.0,110.0,98.0,9.4,90.0,29.9,5,1,1.082,1.164,0,110.0,0,29.9,95.9
SEC-KOTA-SWM,108.0,130.0,58.0,6.2,106.7,29.6,4,6,1.0,1.235,0,130.0,1,29.6,82.57
SEC-BTE-MTJ,35.0,100.0,48.0,4.8,30.0,2.1,20,5,1.0,1.32,1,30.0,0,2.1,96.57
SEC-BTE-MTJ,35.0,100.0,48.0,4.8,88.9,5.9,1,3,1.0,1.05,0,100.0,1,5.9,33.55
SEC-BTE-MTJ,35.0,100.0,48.0,4.8,86.8,13.8,8,5,1.0,1.096,0,100.0,0,13.8,28.9
SEC-MTJ-AGC,54.0,120.0,45.0,4.2,112.3,14.0,7,3,1.0,1.236,0,120.0,0,14.0,45.81
SEC-BTE-MTJ,35.0,100.0,48.0,4.8,81.0,5.0,8,2,1.0,1.218,0,100.0,0,5.0,19.95
SEC-BTE-MTJ,35.0,100.0,48.0,4.8,94.3,13.3,11,4,1.0,1.193,0,100.0,0,13.3,19.95
SEC-GGC-BTE,120.0,110.0,98.0,9.4,96.6,2.2,2,4,1.193,1.052,0,110.0,0,2.2,85.78
SEC-GGC-BTE,120.0,110.0,98.0,9.4,88.3,21.6,9,2,1.0,1.178,0,110.0,0,21.6,89.42
SEC-GGC-BTE,120.0,110.0,98.0,9.4,105.4,12.5,1,2,1.0,1.235,0,110.0,1,12.5,91.26
SEC-GGC-BTE,120.0,110.0,98.0,9.4,45.0,13.3,15,5,1.0,1.183,1,45.0,0,13.3,205.34
SEC-SWM-GGC,64.0,120.0,48.0,5.1,45.0,8.9,18,4,1.0,1.341,1,45.0,0,8.9,120.22
SEC-KOTA-SWM,108.0,130.0,58.0,6.2,124.1,3.7,14,5,1.0,1.105,0,130.0,0,3.7,50.46
SEC-BTE-MTJ,35.0,100.0,48.0,4.8,98.4,5.1,23,0,1.0,1.039,0,100.0,1,5.1,41.84
SEC-BTE-MTJ,35.0,100.0,48.0,4.8,86.9,1.2,17,0,1.0,1.407,0,100.0,0,1.2,33.89
SEC-BTE-MTJ,35.0,100.0,48.0,4.8,98.7,0.4,13,6,1.124,1.171,0,100.0,0,0.4,31.4
SEC-NDLS-KOTA,465.0,130.0,275.0,14.5,121.6,5.9,15,6,1.0,1.103,0,130.0,0,5.9,248.88
SEC-NDLS-KOTA,465.0,130.0,275.0,14.5,60.0,6.7,7,1,1.0,1.085,1,60.0,0,6.7,520.96
SEC-SWM-GGC,64.0,120.0,48.0,5.1,45.0,9.6,5,2,1.209,1.021,1,45.0,0,9.6,112.7
SEC-SWM-GGC,64.0,120.0,48.0,5.1,99.2,1.8,15,2,1.0,1.197,0,120.0,0,1.8,56.17
SEC-NDLS-KOTA,465.0,130.0,275.0,14.5,103.2,17.5,21,5,1.0,1.323,0,130.0,1,17.5,380.81
SEC-SWM-GGC,64.0,120.0,48.0,5.1,107.3,9.0,10,3,1.0,1.07,0,120.0,0,9.0,44.76
SEC-NDLS-KOTA,465.0,130.0,275.0,14.5,123.4,4.9,1,4,1.0,1.181,0,130.0,0,4.9,250.84
SEC-NDLS-KOTA,465.0,130.0,275.0,14.5,45.0,0.7,13,6,1.0,1.068,1,45.0,0,0.7,675.82
SEC-GGC-BTE,120.0,110.0,98.0,9.4,45.0,8.4,12,0,1.072,1.039,1,45.0,0,8.4,187.2
SEC-GGC-BTE,120.0,110.0,98.0,9.4,30.0,13.1,22,4,1.0,1.161,1,30.0,0,13.1,286.64
SEC-GGC-BTE,120.0,110.0,98.0,9.4,99.5,1.1,19,3,1.0,1.168,0,110.0,0,1.1,62.18
SEC-NDLS-KOTA,465.0,130.0,275.0,14.5,116.3,12.6,12,4,1.0,1.012,0,130.0,0,12.6,226.66
SEC-KOTA-SWM,108.0,130.0,58.0,6.2,60.0,7.9,7,6,1.0,1.058,1,60.0,0,7.9,129.71
SEC-GGC-BTE,120.0,110.0,98.0,9.4,60.0,0.5,18,3,1.0,1.298,1,60.0,0,0.5,162.81
SEC-MTJ-AGC,54.0,120.0,45.0,4.2,91.7,13.4,3,4,1.0,1.21,0,120.0,0,13.4,46.22
SEC-SWM-GGC,64.0,120.0,48.0,5.1,119.1,11.5,20,0,1.0,1.338,0,120.0,0,11.5,36.38
SEC-SWM-GGC,64.0,120.0,48.0,5.1,105.9,3.3,10,0,1.0,1.223,0,120.0,0,3.3,47.23
SEC-KOTA-SWM,108.0,130.0,58.0,6.2,60.0,3.3,14,4,1.0,1.108,1,60.0,0,3.3,123.06
SEC-NDLS-KOTA,465.0,130.0,275.0,14.5,115.8,2.5,19,5,1.0,1.23,0,130.0,0,2.5,282.56
SEC-KOTA-SWM,108.0,130.0,58.0,6.2,116.3,16.3,2,6,1.0,1.116,0,130.0,0,16.3,70.69
SEC-BTE-MTJ,35.0,100.0,48.0,4.8,86.8,3.1,19,0,1.223,1.189,0,100.0,0,3.1,32.34
SEC-BTE-MTJ,35.0,100.0,48.0,4.8,60.0,3.7,15,1,1.219,1.148,1,60.0,0,3.7,50.07
SEC-GGC-BTE,120.0,110.0,98.0,9.4,60.0,13.9,16,1,1.0,1.124,1,60.0,0,13.9,162.8
SEC-NDLS-KOTA,465.0,130.0,275.0,14.5,127.1,2.2,9,0,1.0,1.122,0,130.0,0,2.2,251.29
SEC-GGC-BTE,120.0,110.0,98.0,9.4,101.5,6.6,19,2,1.108,1.453,0,110.0,0,6.6,122.59
SEC-MTJ-AGC,54.0,120.0,45.0,4.2,91.3,3.9,4,2,1.115,1.097,0,120.0,0,3.9,43.98
SEC-GGC-BTE,120.0,110.0,98.0,9.4,103.6,2.2,15,2,1.0,1.05,0,110.0,0,2.2,71.13
SEC-NDLS-KOTA,465.0,130.0,275.0,14.5,119.8,13.3,19,2,1.0,1.385,0,130.0,0,13.3,299.66
SEC-BTE-MTJ,35.0,100.0,48.0,4.8,76.5,26.8,22,2,1.231,1.217,0,100.0,0,26.8,34.94
SEC-BTE-MTJ,35.0,100.0,48.0,4.8,96.8,0.4,14,3,1.0,1.024,0,100.0,0,0.4,22.41
SEC-GGC-BTE,120.0,110.0,98.0,9.4,93.6,13.4,8,6,1.0,1.161,0,110.0,0,13.4,80.4
SEC-GGC-BTE,120.0,110.0,98.0,9.4,101.4,0.8,19,6,1.0,1.272,0,110.0,0,0.8,71.27
SEC-NDLS-KOTA,465.0,130.0,275.0,14.5,126.9,1.2,9,0,1.0,1.354,0,130.0,0,1.2,282.8
SEC-BTE-MTJ,35.0,100.0,48.0,4.8,77.7,7.4,9,4,1.0,1.277,0,100.0,0,7.4,27.19
SEC-KOTA-SWM,108.0,130.0,58.0,6.2,100.8,0.3,14,0,1.0,1.04,0,130.0,0,0.3,75.5
SEC-GGC-BTE,120.0,110.0,98.0,9.4,105.1,0.9,17,3,1.0,1.35,0,110.0,0,0.9,95.17
SEC-KOTA-SWM,108.0,130.0,58.0,6.2,45.0,10.4,17,3,1.0,1.22,1,45.0,0,10.4,184.15
SEC-KOTA-SWM,108.0,130.0,58.0,6.2,120.0,7.0,19,0,1.252,1.376,0,130.0,1,7.0,103.93
SEC-KOTA-SWM,108.0,130.0,58.0,6.2,101.0,18.5,17,0,1.0,1.293,0,130.0,0,18.5,71.45
SEC-NDLS-KOTA,465.0,130.0,275.0,14.5,119.7,14.6,17,5,1.0,1.283,0,130.0,0,14.6,296.14
SEC-MTJ-AGC,54.0,120.0,45.0,4.2,113.1,9.5,15,2,1.0,1.122,0,120.0,0,9.5,25.65
SEC-BTE-MTJ,35.0,100.0,48.0,4.8,77.7,1.2,20,1,1.279,1.213,0,100.0,0,1.2,27.85
SEC-GGC-BTE,120.0,110.0,98.0,9.4,103.3,16.4,22,6,1.0,1.013,0,110.0,0,16.4,71.62
SEC-GGC-BTE,120.0,110.0,98.0,9.4,90.1,10.1,15,0,1.0,1.037,0,110.0,0,10.1,91.52
SEC-BTE-MTJ,35.0,100.0,48.0,4.8,80.4,5.4,13,0,1.0,1.064,0,100.0,0,5.4,26.02
SEC-KOTA-SWM,108.0,130.0,58.0,6.2,111.0,2.6,17,0,1.0,1.179,0,130.0,0,2.6,80.94
SEC-KOTA-SWM,108.0,130.0,58.0,6.2,128.8,1.6,9,5,1.127,1.229,0,130.0,0,1.6,72.93
SEC-GGC-BTE,120.0,110.0,98.0,9.4,104.4,4.8,12,2,1.06,1.2,0,110.0,0,4.8,90.8
SEC-SWM-GGC,64.0,120.0,48.0,5.1,98.9,0.4,7,3,1.0,1.065,0,120.0,0,0.4,43.61
SEC-BTE-MTJ,35.0,100.0,48.0,4.8,60.0,1.6,20,2,1.0,1.202,1,60.0,0,1.6,52.8
SEC-BTE-MTJ,35.0,100.0,48.0,4.8,86.4,7.8,20,0,1.076,1.296,0,100.0,0,7.8,36.33
SEC-SWM-GGC,64.0,120.0,48.0,5.1,95.1,14.1,16,1,1.0,1.072,0,120.0,0,14.1,45.54
SEC-NDLS-KOTA,465.0,130.0,275.0,14.5,107.6,0.1,11,1,1.062,1.398,0,130.0,0,0.1,393.93
SEC-BTE-MTJ,35.0,100.0,48.0,4.8,30.0,5.1,13,4,1.0,1.02,1,30.0,0,5.1,91.64
SEC-KOTA-SWM,108.0,130.0,58.0,6.2,45.0,23.8,2,6,1.286,1.099,1,45.0,1,23.8,258.48
SEC-SWM-GGC,64.0,120.0,48.0,5.1,108.7,2.4,20,3,1.0,1.529,0,120.0,0,2.4,71.42
SEC-GGC-BTE,120.0,110.0,98.0,9.4,30.0,11.9,16,3,1.284,1.147,1,30.0,0,11.9,375.99
SEC-MTJ-AGC,54.0,120.0,45.0,4.2,92.1,3.5,18,5,1.084,1.21,0,120.0,0,3.5,44.15
SEC-GGC-BTE,120.0,110.0,98.0,9.4,60.0,21.1,19,2,1.215,1.346,1,60.0,0,21.1,222.65
SEC-GGC-BTE,120.0,110.0,98.0,9.4,94.8,3.9,2,3,1.087,1.028,0,110.0,0,3.9,79.68
SEC-MTJ-AGC,54.0,120.0,45.0,4.2,104.2,2.9,11,0,1.0,1.087,0,120.0,1,2.9,57.45
SEC-SWM-GGC,64.0,120.0,48.0,5.1,109.6,8.3,2,5,1.0,1.181,0,120.0,0,8.3,41.1
SEC-KOTA-SWM,108.0,130.0,58.0,6.2,45.0,7.9,20,3,1.0,1.084,1,45.0,0,7.9,173.93
SEC-MTJ-AGC,54.0,120.0,45.0,4.2,60.0,10.1,11,2,1.0,1.179,1,60.0,0,10.1,64.18
SEC-BTE-MTJ,35.0,100.0,48.0,4.8,81.8,18.6,8,5,1.151,1.273,0,100.0,0,18.6,45.09
SEC-NDLS-KOTA,465.0,130.0,275.0,14.5,113.8,4.9,19,6,1.137,1.314,0,130.0,0,4.9,355.8
SEC-BTE-MTJ,35.0,100.0,48.0,4.8,86.9,2.8,3,2,1.0,1.074,0,100.0,0,2.8,28.0
SEC-MTJ-AGC,54.0,120.0,45.0,4.2,91.4,21.5,8,6,1.0,1.43,0,120.0,0,21.5,52.46
SEC-BTE-MTJ,35.0,100.0,48.0,4.8,76.8,7.8,21,6,1.0,1.213,0,100.0,1,7.8,53.34
SEC-BTE-MTJ,35.0,100.0,48.0,4.8,99.3,9.9,2,6,1.112,1.207,0,100.0,0,9.9,24.14
SEC-MTJ-AGC,54.0,120.0,45.0,4.2,60.0,6.6,14,6,1.0,1.124,1,60.0,0,6.6,65.89
SEC-GGC-BTE,120.0,110.0,98.0,9.4,93.9,4.1,21,2,1.0,1.118,0,110.0,0,4.1,84.37
SEC-MTJ-AGC,54.0,120.0,45.0,4.2,45.0,0.4,17,1,1.0,1.254,1,45.0,0,0.4,93.72
SEC-SWM-GGC,64.0,120.0,48.0,5.1,45.0,10.6,13,5,1.0,1.116,1,45.0,0,10.6,108.84
SEC-MTJ-AGC,54.0,120.0,45.0,4.2,97.7,48.6,13,0,1.0,1.087,0,120.0,0,48.6,34.96
SEC-MTJ-AGC,54.0,120.0,45.0,4.2,113.0,12.4,14,1,1.0,1.06,0,120.0,0,12.4,29.37
SEC-SWM-GGC,64.0,120.0,48.0,5.1,108.6,1.7,12,2,1.0,1.067,0,120.0,0,1.7,32.62
SEC-KOTA-SWM,108.0,130.0,58.0,6.2,99.8,4.1,17,0,1.0,1.125,0,130.0,1,4.1,80.83
SEC-KOTA-SWM,108.0,130.0,58.0,6.2,113.3,4.7,23,6,1.0,1.009,0,130.0,0,4.7,52.31
SEC-GGC-BTE,120.0,110.0,98.0,9.4,91.3,1.0,17,3,1.0,1.331,0,110.0,0,1.0,101.56
SEC-NDLS-KOTA,465.0,130.0,275.0,14.5,111.4,3.7,1,1,1.146,1.154,0,130.0,0,3.7,333.68
SEC-KOTA-SWM,108.0,130.0,58.0,6.2,103.5,6.0,23,4,1.0,1.021,0,130.0,1,6.0,76.4
SEC-SWM-GGC,64.0,120.0,48.0,5.1,117.8,1.4,22,2,1.0,1.048,0,120.0,0,1.4,30.51
SEC-KOTA-SWM,108.0,130.0,58.0,6.2,104.2,0.2,16,2,1.0,1.133,0,130.0,0,0.2,60.14
SEC-GGC-BTE,120.0,110.0,98.0,9.4,95.1,4.4,17,5,1.0,1.186,0,110.0,0,4.4,93.37
SEC-BTE-MTJ,35.0,100.0,48.0,4.8,88.1,7.0,9,1,1.0,1.149,0,100.0,0,7.0,30.67
SEC-BTE-MTJ,35.0,100.0,48.0,4.8,87.2,5.3,16,2,1.127,1.037,0,100.0,0,5.3,40.0
SEC-BTE-MTJ,35.0,100.0,48.0,4.8,92.1,16.8,0,5,1.101,1.032,0,100.0,0,16.8,19.95
SEC-BTE-MTJ,35.0,100.0,48.0,4.8,94.0,16.8,14,4,1.0,1.209,0,100.0,1,16.8,21.48
SEC-SWM-GGC,64.0,120.0,48.0,5.1,97.4,7.1,20,5,1.0,1.301,0,120.0,0,7.1,47.21
SEC-MTJ-AGC,54.0,120.0,45.0,4.2,100.0,8.4,22,5,1.0,1.092,0,120.0,0,8.4,35.72
SEC-KOTA-SWM,108.0,130.0,58.0,6.2,126.8,6.5,21,2,1.0,1.27,0,130.0,0,6.5,71.25
SEC-KOTA-SWM,108.0,130.0,58.0,6.2,123.8,40.9,14,0,1.28,1.116,0,130.0,0,40.9,88.36
SEC-SWM-GGC,64.0,120.0,48.0,5.1,90.8,6.3,1,6,1.0,1.211,0,120.0,0,6.3,60.25
SEC-SWM-GGC,64.0,120.0,48.0,5.1,105.0,3.8,21,1,1.0,1.314,0,120.0,0,3.8,41.14
SEC-GGC-BTE,120.0,110.0,98.0,9.4,86.7,2.8,9,1,1.0,1.466,0,110.0,0,2.8,131.13
SEC-SWM-GGC,64.0,120.0,48.0,5.1,30.0,0.6,15,3,1.0,1.159,1,30.0,0,0.6,168.22
SEC-SWM-GGC,64.0,120.0,48.0,5.1,99.5,20.5,0,5,1.0,1.099,0,120.0,0,20.5,45.9
SEC-BTE-MTJ,35.0,100.0,48.0,4.8,30.0,9.6,23,5,1.0,1.084,1,30.0,0,9.6,79.75
SEC-GGC-BTE,120.0,110.0,98.0,9.4,104.1,7.4,5,4,1.0,1.092,0,110.0,0,7.4,80.85
SEC-MTJ-AGC,54.0,120.0,45.0,4.2,60.0,4.1,8,1,1.06,1.19,1,60.0,0,4.1,74.97
SEC-MTJ-AGC,54.0,120.0,45.0,4.2,104.8,25.4,13,2,1.0,1.09,0,120.0,0,25.4,34.62
SEC-GGC-BTE,120.0,110.0,98.0,9.4,109.3,25.3,10,3,1.0,1.308,0,110.0,0,25.3,78.22
SEC-MTJ-AGC,54.0,120.0,45.0,4.2,45.0,32.3,6,0,1.0,1.186,1,45.0,1,32.3,114.36
SEC-NDLS-KOTA,465.0,130.0,275.0,14.5,125.3,5.9,10,1,1.194,1.233,0,130.0,1,5.9,324.72
SEC-SWM-GGC,64.0,120.0,48.0,5.1,94.1,28.4,2,6,1.0,1.12,0,120.0,0,28.4,59.96
SEC-BTE-MTJ,35.0,100.0,48.0,4.8,60.0,24.5,12,0,1.061,1.05,1,60.0,0,24.5,41.33
SEC-KOTA-SWM,108.0,130.0,58.0,6.2,108.5,9.8,9,3,1.15,1.406,0,130.0,0,9.8,91.4
SEC-GGC-BTE,120.0,110.0,98.0,9.4,97.6,12.1,1,6,1.0,1.112,0,110.0,0,12.1,82.25
SEC-GGC-BTE,120.0,110.0,98.0,9.4,45.0,6.1,16,4,1.066,1.092,1,45.0,0,6.1,209.18
SEC-NDLS-KOTA,465.0,130.0,275.0,14.5,60.0,12.0,14,1,1.086,1.055,1,60.0,0,12.0,543.44
SEC-BTE-MTJ,35.0,100.0,48.0,4.8,76.6,0.8,23,0,1.0,1.03,0,100.0,0,0.8,19.95
SEC-GGC-BTE,120.0,110.0,98.0,9.4,93.2,0.4,8,3,1.0,1.193,0,110.0,0,0.4,89.88
SEC-SWM-GGC,64.0,120.0,48.0,5.1,95.4,5.2,14,6,1.0,1.079,0,120.0,0,5.2,45.1
SEC-KOTA-SWM,108.0,130.0,58.0,6.2,119.2,6.9,12,5,1.0,1.059,0,130.0,0,6.9,59.73
SEC-SWM-GGC,64.0,120.0,48.0,5.1,101.8,4.2,15,4,1.175,1.089,0,120.0,1,4.2,63.05
SEC-BTE-MTJ,35.0,100.0,48.0,4.8,79.5,11.7,22,4,1.0,1.132,0,100.0,0,11.7,20.18
SEC-BTE-MTJ,35.0,100.0,48.0,4.8,86.3,17.6,9,4,1.0,1.296,0,100.0,0,17.6,40.73
SEC-SWM-GGC,64.0,120.0,48.0,5.1,95.6,6.0,10,6,1.0,1.215,0,120.0,0,6.0,47.91
SEC-BTE-MTJ,35.0,100.0,48.0,4.8,93.3,0.7,5,0,1.132,1.184,0,100.0,1,0.7,41.53
SEC-GGC-BTE,120.0,110.0,98.0,9.4,100.9,11.3,11,2,1.0,1.409,0,110.0,0,11.3,93.61
SEC-GGC-BTE,120.0,110.0,98.0,9.4,85.4,23.7,9,6,1.0,1.239,0,110.0,0,23.7,121.48
SEC-GGC-BTE,120.0,110.0,98.0,9.4,94.7,9.9,4,6,1.152,1.1,0,110.0,0,9.9,91.74
SEC-BTE-MTJ,35.0,100.0,48.0,4.8,93.0,11.1,5,0,1.0,1.115,0,100.0,0,11.1,23.49
SEC-MTJ-AGC,54.0,120.0,45.0,4.2,99.5,0.7,7,6,1.0,1.109,0,120.0,1,0.7,49.05
SEC-SWM-GGC,64.0,120.0,48.0,5.1,92.8,7.8,17,6,1.076,1.46,0,120.0,1,7.8,83.9
SEC-BTE-MTJ,35.0,100.0,48.0,4.8,30.0,0.9,22,3,1.063,1.081,1,30.0,0,0.9,96.48
SEC-SWM-GGC,64.0,120.0,48.0,5.1,45.0,19.1,9,5,1.131,1.353,1,45.0,0,19.1,131.22
SEC-KOTA-SWM,108.0,130.0,58.0,6.2,45.0,1.3,2,0,1.0,1.081,1,45.0,0,1.3,181.71
SEC-BTE-MTJ,35.0,100.0,48.0,4.8,89.4,3.0,3,6,1.0,1.123,0,100.0,0,3.0,24.91
SEC-KOTA-SWM,108.0,130.0,58.0,6.2,45.0,9.6,11,1,1.0,1.2,1,45.0,0,9.6,192.58
SEC-GGC-BTE,120.0,110.0,98.0,9.4,106.7,4.1,3,0,1.0,1.087,0,110.0,0,4.1,71.0
SEC-BTE-MTJ,35.0,100.0,48.0,4.8,97.6,22.2,20,3,1.0,1.291,0,100.0,0,22.2,39.08
SEC-KOTA-SWM,108.0,130.0,58.0,6.2,102.9,8.7,11,6,1.0,1.272,0,130.0,0,8.7,77.0
SEC-MTJ-AGC,54.0,120.0,45.0,4.2,96.0,0.7,14,2,1.196,1.18,0,120.0,0,0.7,43.45
SEC-GGC-BTE,120.0,110.0,98.0,9.4,103.6,1.2,17,4,1.098,1.356,0,110.0,0,1.2,95.23
SEC-KOTA-SWM,108.0,130.0,58.0,6.2,60.0,13.8,21,6,1.0,1.262,1,60.0,0,13.8,144.89
SEC-MTJ-AGC,54.0,120.0,45.0,4.2,108.8,11.3,5,5,1.0,1.035,0,120.0,0,11.3,34.7
SEC-SWM-GGC,64.0,120.0,48.0,5.1,119.3,24.6,21,5,1.0,1.09,0,120.0,0,24.6,42.56
SEC-MTJ-AGC,54.0,120.0,45.0,4.2,106.8,7.9,2,2,1.0,1.207,0,120.0,0,7.9,28.19
SEC-MTJ-AGC,54.0,120.0,45.0,4.2,30.0,4.6,21,5,1.0,1.372,1,30.0,0,4.6,157.62
SEC-GGC-BTE,120.0,110.0,98.0,9.4,94.9,1.3,4,2,1.0,1.07,0,110.0,0,1.3,79.53
SEC-MTJ-AGC,54.0,120.0,45.0,4.2,111.4,2.4,19,5,1.0,1.263,0,120.0,0,2.4,26.44
SEC-BTE-MTJ,35.0,100.0,48.0,4.8,96.2,18.8,9,0,1.0,1.251,0,100.0,0,18.8,28.33
SEC-NDLS-KOTA,465.0,130.0,275.0,14.5,128.3,15.1,13,1,1.0,1.158,0,130.0,1,15.1,244.42
SEC-GGC-BTE,120.0,110.0,98.0,9.4,93.5,17.6,1,5,1.13,1.125,0,110.0,1,17.6,129.39
SEC-SWM-GGC,64.0,120.0,48.0,5.1,106.9,5.4,2,5,1.0,1.131,0,120.0,0,5.4,40.12
SEC-KOTA-SWM,108.0,130.0,58.0,6.2,128.4,9.7,13,1,1.0,1.121,0,130.0,0,9.7,58.49
SEC-GGC-BTE,120.0,110.0,98.0,9.4,83.4,3.0,14,4,1.0,1.142,0,110.0,0,3.0,96.72
SEC-KOTA-SWM,108.0,130.0,58.0,6.2,121.7,23.5,9,5,1.0,1.13,0,130.0,0,23.5,64.19
SEC-GGC-BTE,120.0,110.0,98.0,9.4,88.3,1.4,23,2,1.0,1.159,0,110.0,0,1.4,118.12
SEC-BTE-MTJ,35.0,100.0,48.0,4.8,89.6,5.0,20,1,1.0,1.327,0,100.0,0,5.0,33.88
SEC-NDLS-KOTA,465.0,130.0,275.0,14.5,45.0,1.6,19,5,1.167,1.421,1,45.0,0,1.6,964.55
SEC-BTE-MTJ,35.0,100.0,48.0,4.8,88.4,22.6,22,4,1.0,1.123,0,100.0,0,22.6,31.43
SEC-GGC-BTE,120.0,110.0,98.0,9.4,85.1,10.3,15,1,1.0,1.266,0,110.0,0,10.3,101.99
SEC-KOTA-SWM,108.0,130.0,58.0,6.2,119.8,14.4,21,6,1.291,1.044,0,130.0,0,14.4,74.29
SEC-KOTA-SWM,108.0,130.0,58.0,6.2,45.0,23.7,8,0,1.0,1.366,1,45.0,0,23.7,198.91
SEC-GGC-BTE,120.0,110.0,98.0,9.4,90.2,12.8,13,2,1.0,1.033,0,110.0,0,12.8,87.99
SEC-BTE-MTJ,35.0,100.0,48.0,4.8,92.0,5.8,12,4,1.13,1.052,0,100.0,0,5.8,31.06
SEC-NDLS-KOTA,465.0,130.0,275.0,14.5,45.0,2.0,15,2,1.0,1.153,1,45.0,0,2.0,699.38
SEC-BTE-MTJ,35.0,100.0,48.0,4.8,93.2,0.7,9,2,1.0,1.377,0,100.0,0,0.7,28.28
SEC-NDLS-KOTA,465.0,130.0,275.0,14.5,122.8,22.7,20,0,1.0,1.314,0,130.0,0,22.7,294.0
SEC-NDLS-KOTA,465.0,130.0,275.0,14.5,129.2,6.3,15,3,1.0,1.033,0,130.0,0,6.3,216.33
SEC-BTE-MTJ,35.0,100.0,48.0,4.8,78.5,7.9,21,1,1.0,1.188,0,100.0,1,7.9,39.12
SEC-KOTA-SWM,108.0,130.0,58.0,6.2,123.7,3.4,6,2,1.0,1.108,0,130.0,0,3.4,53.53
SEC-KOTA-SWM,108.0,130.0,58.0,6.2,115.6,0.4,8,2,1.0,1.293,0,130.0,0,0.4,69.97
SEC-NDLS-KOTA,465.0,130.0,275.0,14.5,109.2,3.4,12,6,1.0,1.057,0,130.0,0,3.4,283.03
SEC-NDLS-KOTA,465.0,130.0,275.0,14.5,111.4,0.7,15,3,1.0,1.15,0,130.0,0,0.7,306.57
SEC-NDLS-KOTA,465.0,130.0,275.0,14.5,114.8,8.7,3,5,1.12,1.048,0,130.0,1,8.7,285.03
SEC-MTJ-AGC,54.0,120.0,45.0,4.2,98.7,8.8,14,6,1.0,1.023,0,120.0,0,8.8,44.0
SEC-KOTA-SWM,108.0,130.0,58.0,6.2,99.4,23.9,18,4,1.068,1.155,0,130.0,0,23.9,85.48
SEC-MTJ-AGC,54.0,120.0,45.0,4.2,114.5,8.0,0,5,1.0,1.209,0,120.0,1,8.0,49.36
SEC-GGC-BTE,120.0,110.0,98.0,9.4,101.8,7.4,22,0,1.234,1.107,0,110.0,0,7.4,107.03
SEC-BTE-MTJ,35.0,100.0,48.0,4.8,89.0,14.5,0,6,1.0,1.046,0,100.0,0,14.5,19.95
SEC-SWM-GGC,64.0,120.0,48.0,5.1,91.5,10.6,0,4,1.0,1.089,0,120.0,0,10.6,40.79
SEC-BTE-MTJ,35.0,100.0,48.0,4.8,98.1,12.0,19,5,1.0,1.455,0,100.0,1,12.0,45.34
SEC-NDLS-KOTA,465.0,130.0,275.0,14.5,99.9,1.9,19,4,1.101,1.168,0,130.0,0,1.9,358.1
SEC-MTJ-AGC,54.0,120.0,45.0,4.2,94.2,1.4,18,1,1.0,1.29,0,120.0,0,1.4,46.03
SEC-SWM-GGC,64.0,120.0,48.0,5.1,114.3,18.3,17,3,1.2,1.522,0,120.0,0,18.3,65.53
SEC-SWM-GGC,64.0,120.0,48.0,5.1,30.0,26.8,13,1,1.158,1.046,1,30.0,0,26.8,186.58
SEC-MTJ-AGC,54.0,120.0,45.0,4.2,92.0,6.2,3,6,1.0,1.1,0,120.0,1,6.2,52.74
SEC-NDLS-KOTA,465.0,130.0,275.0,14.5,108.0,0.6,0,2,1.23,1.016,0,130.0,0,0.6,351.1
SEC-BTE-MTJ,35.0,100.0,48.0,4.8,79.5,14.5,23,3,1.0,1.096,0,100.0,0,14.5,35.93
SEC-NDLS-KOTA,465.0,130.0,275.0,14.5,60.0,0.3,6,0,1.0,1.076,1,60.0,1,0.3,506.36
SEC-BTE-MTJ,35.0,100.0,48.0,4.8,96.6,11.9,23,1,1.208,1.083,0,100.0,0,11.9,25.29
SEC-MTJ-AGC,54.0,120.0,45.0,4.2,117.4,0.8,12,1,1.0,1.056,0,120.0,0,0.8,25.65
SEC-NDLS-KOTA,465.0,130.0,275.0,14.5,60.0,10.7,18,4,1.0,1.202,1,60.0,0,10.7,548.47
SEC-KOTA-SWM,108.0,130.0,58.0,6.2,114.8,1.3,19,5,1.0,1.069,0,130.0,0,1.3,58.23
SEC-KOTA-SWM,108.0,130.0,58.0,6.2,121.5,4.5,21,4,1.0,1.425,0,130.0,0,4.5,74.79
SEC-BTE-MTJ,35.0,100.0,48.0,4.8,82.2,5.2,5,5,1.052,1.112,0,100.0,0,5.2,28.08
SEC-BTE-MTJ,35.0,100.0,48.0,4.8,84.1,0.9,15,5,1.0,1.231,0,100.0,0,0.9,21.37
SEC-BTE-MTJ,35.0,100.0,48.0,4.8,78.5,14.3,4,6,1.088,1.013,0,100.0,0,14.3,29.24
SEC-BTE-MTJ,35.0,100.0,48.0,4.8,90.1,3.0,16,2,1.0,1.113,0,100.0,0,3.0,26.82
SEC-SWM-GGC,64.0,120.0,48.0,5.1,110.6,1.1,12,5,1.0,1.12,0,120.0,0,1.1,42.82
SEC-NDLS-KOTA,465.0,130.0,275.0,14.5,108.9,5.9,21,4,1.0,1.25,0,130.0,0,5.9,311.62
SEC-KOTA-SWM,108.0,130.0,58.0,6.2,112.2,10.2,0,5,1.0,1.095,0,130.0,1,10.2,92.17
SEC-BTE-MTJ,35.0,100.0,48.0,4.8,87.3,3.3,21,6,1.0,1.198,0,100.0,0,3.3,38.18
SEC-BTE-MTJ,35.0,100.0,48.0,4.8,85.3,10.3,9,0,1.0,1.319,0,100.0,0,10.3,30.72
SEC-NDLS-KOTA,465.0,130.0,275.0,14.5,123.2,0.9,5,3,1.0,1.048,0,130.0,0,0.9,235.6
SEC-NDLS-KOTA,465.0,130.0,275.0,14.5,108.4,3.7,8,2,1.149,1.134,0,130.0,1,3.7,343.25
SEC-BTE-MTJ,35.0,100.0,48.0,4.8,82.5,5.3,3,3,1.0,1.074,0,100.0,0,5.3,24.86
SEC-BTE-MTJ,35.0,100.0,48.0,4.8,84.0,1.5,23,3,1.0,1.084,0,100.0,0,1.5,24.81
SEC-KOTA-SWM,108.0,130.0,58.0,6.2,104.5,10.7,13,1,1.0,1.069,0,130.0,0,10.7,71.68
SEC-BTE-MTJ,35.0,100.0,48.0,4.8,88.7,22.9,0,3,1.0,1.111,0,100.0,0,22.9,25.42
SEC-SWM-GGC,64.0,120.0,48.0,5.1,118.7,10.5,14,6,1.0,1.072,0,120.0,0,10.5,30.4
SEC-MTJ-AGC,54.0,120.0,45.0,4.2,115.1,24.2,21,2,1.0,1.213,0,120.0,0,24.2,26.29
SEC-MTJ-AGC,54.0,120.0,45.0,4.2,112.2,0.7,11,6,1.0,1.23,0,120.0,0,0.7,26.76
SEC-GGC-BTE,120.0,110.0,98.0,9.4,60.0,26.7,19,5,1.0,1.197,1,60.0,0,26.7,182.17
SEC-GGC-BTE,120.0,110.0,98.0,9.4,89.0,6.6,4,2,1.0,1.068,0,110.0,0,6.6,80.82
SEC-GGC-BTE,120.0,110.0,98.0,9.4,90.4,3.8,21,0,1.0,1.305,0,110.0,0,3.8,102.63
SEC-NDLS-KOTA,465.0,130.0,275.0,14.5,60.0,20.8,12,5,1.0,1.073,1,60.0,0,20.8,527.55
SEC-SWM-GGC,64.0,120.0,48.0,5.1,45.0,11.7,15,5,1.0,1.103,1,45.0,0,11.7,108.23
SEC-GGC-BTE,120.0,110.0,98.0,9.4,93.4,17.2,12,1,1.215,1.056,0,110.0,0,17.2,102.5
SEC-KOTA-SWM,108.0,130.0,58.0,6.2,120.6,5.9,21,4,1.0,1.254,0,130.0,1,5.9,79.47
SEC-NDLS-KOTA,465.0,130.0,275.0,14.5,116.1,18.0,1,5,1.0,1.044,0,130.0,0,18.0,268.93
SEC-MTJ-AGC,54.0,120.0,45.0,4.2,111.7,0.6,2,4,1.0,1.077,0,120.0,0,0.6,27.95
SEC-KOTA-SWM,108.0,130.0,58.0,6.2,115.0,5.1,5,1,1.0,1.041,0,130.0,0,5.1,48.46
SEC-GGC-BTE,120.0,110.0,98.0,9.4,94.1,3.1,7,1,1.224,1.128,0,110.0,0,3.1,106.26
SEC-KOTA-SWM,108.0,130.0,58.0,6.2,97.6,0.5,16,6,1.0,1.066,0,130.0,0,0.5,75.4
SEC-SWM-GGC,64.0,120.0,48.0,5.1,93.1,7.5,4,2,1.0,1.131,0,120.0,0,7.5,45.82
SEC-SWM-GGC,64.0,120.0,48.0,5.1,104.0,6.9,0,5,1.227,1.116,0,120.0,0,6.9,54.54
SEC-GGC-BTE,120.0,110.0,98.0,9.4,103.8,2.1,16,1,1.0,1.068,0,110.0,0,2.1,62.53
SEC-KOTA-SWM,108.0,130.0,58.0,6.2,98.2,2.4,1,0,1.0,1.096,0,130.0,0,2.4,77.51
SEC-SWM-GGC,64.0,120.0,48.0,5.1,103.2,5.2,7,1,1.0,1.125,0,120.0,0,5.2,45.18
SEC-MTJ-AGC,54.0,120.0,45.0,4.2,110.4,0.6,20,4,1.0,1.317,0,120.0,0,0.6,38.8
SEC-MTJ-AGC,54.0,120.0,45.0,4.2,114.1,0.3,9,2,1.0,1.429,0,120.0,0,0.3,25.65
SEC-GGC-BTE,120.0,110.0,98.0,9.4,95.3,8.3,1,3,1.0,1.004,0,110.0,0,8.3,85.86
SEC-NDLS-KOTA,465.0,130.0,275.0,14.5,119.0,0.4,18,3,1.0,1.314,0,130.0,0,0.4,294.72
SEC-SWM-GGC,64.0,120.0,48.0,5.1,115.7,16.1,20,4,1.0,1.373,0,120.0,0,16.1,43.85
SEC-MTJ-AGC,54.0,120.0,45.0,4.2,108.3,5.8,6,1,1.071,1.096,0,120.0,0,5.8,43.9
SEC-BTE-MTJ,35.0,100.0,48.0,4.8,82.7,34.9,14,6,1.15,1.13,0,100.0,1,34.9,45.84
SEC-MTJ-AGC,54.0,120.0,45.0,4.2,90.7,10.9,22,3,1.0,1.181,0,120.0,0,10.9,30.87
SEC-GGC-BTE,120.0,110.0,98.0,9.4,94.3,7.0,1,6,1.0,1.099,0,110.0,1,7.0,110.33
SEC-SWM-GGC,64.0,120.0,48.0,5.1,95.1,0.2,19,1,1.0,1.149,0,120.0,0,0.2,54.27
SEC-SWM-GGC,64.0,120.0,48.0,5.1,96.3,0.8,15,2,1.29,1.191,0,120.0,0,0.8,63.0
SEC-GGC-BTE,120.0,110.0,98.0,9.4,98.3,13.0,22,4,1.0,1.233,0,110.0,0,13.0,95.42
SEC-MTJ-AGC,54.0,120.0,45.0,4.2,102.0,4.8,23,0,1.0,1.017,0,120.0,0,4.8,36.0
SEC-SWM-GGC,64.0,120.0,48.0,5.1,45.0,7.0,23,2,1.0,1.008,1,45.0,0,7.0,102.25
SEC-GGC-BTE,120.0,110.0,98.0,9.4,60.0,5.2,20,2,1.0,1.322,1,60.0,0,5.2,145.88
SEC-NDLS-KOTA,465.0,130.0,275.0,14.5,114.8,1.3,20,6,1.0,1.348,0,130.0,0,1.3,295.4
SEC-GGC-BTE,120.0,110.0,98.0,9.4,88.3,5.7,0,2,1.0,1.177,0,110.0,0,5.7,96.88
SEC-MTJ-AGC,54.0,120.0,45.0,4.2,105.1,21.0,17,6,1.242,1.203,0,120.0,0,21.0,42.44
SEC-GGC-BTE,120.0,110.0,98.0,9.4,103.0,19.9,13,4,1.0,1.105,0,110.0,0,19.9,82.22
SEC-NDLS-KOTA,465.0,130.0,275.0,14.5,105.1,11.0,7,0,1.0,1.113,0,130.0,0,11.0,291.19
SEC-BTE-MTJ,35.0,100.0,48.0,4.8,91.0,19.8,22,5,1.0,1.087,0,100.0,0,19.8,25.26
SEC-MTJ-AGC,54.0,120.0,45.0,4.2,30.0,7.2,8,2,1.0,1.148,1,30.0,0,7.2,145.47
SEC-NDLS-KOTA,465.0,130.0,275.0,14.5,110.3,8.8,23,1,1.0,1.024,0,130.0,0,8.8,250.7
SEC-GGC-BTE,120.0,110.0,98.0,9.4,82.5,6.3,5,6,1.0,1.171,0,110.0,0,6.3,93.02
SEC-SWM-GGC,64.0,120.0,48.0,5.1,91.1,15.0,19,1,1.0,1.117,0,120.0,0,15.0,57.61
SEC-NDLS-KOTA,465.0,130.0,275.0,14.5,108.9,12.0,14,2,1.0,1.041,0,130.0,0,12.0,241.16
SEC-NDLS-KOTA,465.0,130.0,275.0,14.5,111.0,2.3,12,0,1.137,1.252,0,130.0,0,2.3,351.23
SEC-SWM-GGC,64.0,120.0,48.0,5.1,115.5,22.7,6,1,1.0,1.016,0,120.0,0,22.7,31.98
SEC-GGC-BTE,120.0,110.0,98.0,9.4,104.4,27.3,6,1,1.0,1.059,0,110.0,1,27.3,67.21
SEC-BTE-MTJ,35.0,100.0,48.0,4.8,30.0,19.0,21,3,1.0,1.203,1,30.0,1,19.0,92.0
SEC-SWM-GGC,64.0,120.0,48.0,5.1,104.3,33.6,21,5,1.2,1.297,0,120.0,0,33.6,55.27
SEC-MTJ-AGC,54.0,120.0,45.0,4.2,109.4,2.8,6,5,1.0,1.032,0,120.0,1,2.8,40.45
SEC-MTJ-AGC,54.0,120.0,45.0,4.2,114.3,1.1,9,4,1.0,1.433,0,120.0,0,1.1,40.8
SEC-MTJ-AGC,54.0,120.0,45.0,4.2,116.1,1.1,7,2,1.0,1.2,0,120.0,0,1.1,30.12
SEC-SWM-GGC,64.0,120.0,48.0,5.1,108.1,2.5,23,2,1.063,1.133,0,120.0,1,2.5,69.3
SEC-NDLS-KOTA,465.0,130.0,275.0,14.5,45.0,3.7,3,1,1.0,1.212,1,45.0,0,3.7,761.45
SEC-KOTA-SWM,108.0,130.0,58.0,6.2,45.0,11.7,15,2,1.114,1.082,1,45.0,1,11.7,204.2
SEC-SWM-GGC,64.0,120.0,48.0,5.1,105.1,17.5,13,4,1.147,1.056,0,120.0,0,17.5,45.04
SEC-SWM-GGC,64.0,120.0,48.0,5.1,103.3,6.0,12,1,1.0,1.115,0,120.0,1,6.0,60.13
SEC-BTE-MTJ,35.0,100.0,48.0,4.8,97.0,12.3,8,1,1.0,1.096,0,100.0,0,12.3,23.68
SEC-BTE-MTJ,35.0,100.0,48.0,4.8,94.3,0.8,17,0,1.0,1.271,0,100.0,0,0.8,26.76
SEC-KOTA-SWM,108.0,130.0,58.0,6.2,102.4,9.0,6,4,1.0,1.096,0,130.0,0,9.0,71.12
SEC-MTJ-AGC,54.0,120.0,45.0,4.2,110.3,18.1,12,0,1.0,1.181,0,120.0,0,18.1,34.14
SEC-NDLS-KOTA,465.0,130.0,275.0,14.5,45.0,13.4,3,3,1.094,1.073,1,45.0,0,13.4,722.03
SEC-SWM-GGC,64.0,120.0,48.0,5.1,115.7,16.8,16,4,1.109,1.051,0,120.0,0,16.8,31.09
SEC-GGC-BTE,120.0,110.0,98.0,9.4,106.6,2.1,18,3,1.082,1.45,0,110.0,0,2.1,95.56
SEC-KOTA-SWM,108.0,130.0,58.0,6.2,100.0,39.5,9,1,1.0,1.401,0,130.0,1,39.5,120.08
SEC-NDLS-KOTA,465.0,130.0,275.0,14.5,98.3,7.6,1,6,1.0,1.028,0,130.0,0,7.6,324.17
SEC-KOTA-SWM,108.0,130.0,58.0,6.2,109.1,4.3,12,6,1.0,1.125,0,130.0,0,4.3,71.54
SEC-NDLS-KOTA,465.0,130.0,275.0,14.5,30.0,9.5,9,5,1.0,1.216,1,30.0,0,9.5,1135.27
SEC-KOTA-SWM,108.0,130.0,58.0,6.2,99.9,1.9,6,1,1.0,1.065,0,130.0,0,1.9,55.43
SEC-SWM-GGC,64.0,120.0,48.0,5.1,109.4,9.7,0,5,1.134,1.13,0,120.0,0,9.7,58.37
SEC-KOTA-SWM,108.0,130.0,58.0,6.2,30.0,5.8,8,5,1.0,1.243,1,30.0,1,5.8,282.45
SEC-KOTA-SWM,108.0,130.0,58.0,6.2,30.0,6.0,22,0,1.0,1.098,1,30.0,0,6.0,256.25
SEC-KOTA-SWM,108.0,130.0,58.0,6.2,104.1,10.9,17,5,1.0,1.359,0,130.0,0,10.9,81.99
SEC-BTE-MTJ,35.0,100.0,48.0,4.8,81.4,1.7,15,4,1.0,1.175,0,100.0,0,1.7,20.76
SEC-BTE-MTJ,35.0,100.0,48.0,4.8,81.3,10.1,10,3,1.0,1.305,0,100.0,0,10.1,38.08
SEC-SWM-GGC,64.0,120.0,48.0,5.1,106.9,19.7,23,5,1.0,1.08,0,120.0,0,19.7,44.72
SEC-BTE-MTJ,35.0,100.0,48.0,4.8,92.9,0.4,19,6,1.0,1.14,0,100.0,0,0.4,35.35
SEC-SWM-GGC,64.0,120.0,48.0,5.1,118.7,3.1,0,4,1.0,1.17,0,120.0,1,3.1,72.83
SEC-KOTA-SWM,108.0,130.0,58.0,6.2,125.7,3.8,7,3,1.0,1.147,0,130.0,0,3.8,69.38
SEC-SWM-GGC,64.0,120.0,48.0,5.1,30.0,17.5,13,3,1.129,1.088,1,30.0,0,17.5,184.01
SEC-GGC-BTE,120.0,110.0,98.0,9.4,82.8,4.8,5,4,1.0,1.173,0,110.0,0,4.8,100.8
SEC-GGC-BTE,120.0,110.0,98.0,9.4,92.9,19.8,22,3,1.065,1.04,0,110.0,0,19.8,79.54
SEC-BTE-MTJ,35.0,100.0,48.0,4.8,30.0,27.8,4,0,1.0,1.067,1,30.0,0,27.8,91.86
SEC-KOTA-SWM,108.0,130.0,58.0,6.2,60.0,17.2,6,4,1.0,1.014,1,60.0,0,17.2,138.13
SEC-KOTA-SWM,108.0,130.0,58.0,6.2,120.3,1.9,10,4,1.192,1.247,0,130.0,0,1.9,94.24
SEC-BTE-MTJ,35.0,100.0,48.0,4.8,76.3,4.3,22,2,1.265,1.104,0,100.0,1,4.3,45.04
SEC-NDLS-KOTA,465.0,130.0,275.0,14.5,128.8,9.3,8,2,1.0,1.215,0,130.0,0,9.3,261.15
SEC-KOTA-SWM,108.0,130.0,58.0,6.2,120.0,6.9,8,6,1.0,1.198,0,130.0,1,6.9,77.13
SEC-MTJ-AGC,54.0,120.0,45.0,4.2,90.9,8.6,18,1,1.0,1.057,0,120.0,0,8.6,36.13
SEC-NDLS-KOTA,465.0,130.0,275.0,14.5,115.4,4.4,8,3,1.271,1.311,0,130.0,0,4.4,360.61
SEC-MTJ-AGC,54.0,120.0,45.0,4.2,108.3,25.2,14,2,1.0,1.212,0,120.0,0,25.2,30.97
SEC-KOTA-SWM,108.0,130.0,58.0,6.2,111.5,7.8,6,5,1.0,1.1,0,130.0,0,7.8,52.19
SEC-BTE-MTJ,35.0,100.0,48.0,4.8,85.9,9.0,2,5,1.249,1.03,0,100.0,1,9.0,41.71
SEC-NDLS-KOTA,465.0,130.0,275.0,14.5,97.6,41.0,18,5,1.0,1.154,0,130.0,0,41.0,337.97
SEC-MTJ-AGC,54.0,120.0,45.0,4.2,92.7,0.3,5,2,1.107,1.107,0,120.0,0,0.3,45.14
SEC-MTJ-AGC,54.0,120.0,45.0,4.2,45.0,0.4,6,0,1.0,1.014,1,45.0,0,0.4,92.18
SEC-GGC-BTE,120.0,110.0,98.0,9.4,106.1,36.3,19,6,1.0,1.282,0,110.0,0,36.3,86.8
SEC-MTJ-AGC,54.0,120.0,45.0,4.2,60.0,2.9,11,1,1.0,1.335,1,60.0,0,2.9,78.46
SEC-MTJ-AGC,54.0,120.0,45.0,4.2,92.9,1.3,12,6,1.0,1.057,0,120.0,0,1.3,37.75
SEC-MTJ-AGC,54.0,120.0,45.0,4.2,103.4,0.6,4,3,1.134,1.137,0,120.0,0,0.6,36.56
SEC-SWM-GGC,64.0,120.0,48.0,5.1,105.4,31.6,4,5,1.0,1.044,0,120.0,0,31.6,30.4
SEC-NDLS-KOTA,465.0,130.0,275.0,14.5,124.4,5.2,3,5,1.0,1.135,0,130.0,0,5.2,222.22
SEC-GGC-BTE,120.0,110.0,98.0,9.4,45.0,20.0,5,5,1.0,1.063,1,45.0,0,20.0,189.76
SEC-BTE-MTJ,35.0,100.0,48.0,4.8,85.2,7.8,0,6,1.0,1.131,0,100.0,0,7.8,30.85
SEC-SWM-GGC,64.0,120.0,48.0,5.1,30.0,5.0,18,3,1.0,1.452,1,30.0,0,5.0,188.53
SEC-SWM-GGC,64.0,120.0,48.0,5.1,100.7,0.3,10,6,1.0,1.21,0,120.0,1,0.3,60.44
SEC-MTJ-AGC,54.0,120.0,45.0,4.2,110.1,1.9,23,1,1.0,1.065,0,120.0,1,1.9,40.21
SEC-SWM-GGC,64.0,120.0,48.0,5.1,115.8,40.3,1,5,1.0,1.062,0,120.0,0,40.3,33.8
SEC-SWM-GGC,64.0,120.0,48.0,5.1,98.2,12.6,4,6,1.0,1.132,0,120.0,0,12.6,44.8
SEC-SWM-GGC,64.0,120.0,48.0,5.1,109.5,7.8,21,6,1.223,1.145,0,120.0,0,7.8,54.48
SEC-MTJ-AGC,54.0,120.0,45.0,4.2,90.9,0.1,11,1,1.0,1.236,0,120.0,0,0.1,62.55
SEC-SWM-GGC,64.0,120.0,48.0,5.1,111.4,50.7,5,5,1.134,1.066,0,120.0,0,50.7,47.69
SEC-NDLS-KOTA,465.0,130.0,275.0,14.5,114.7,13.4,13,3,1.0,1.067,0,130.0,0,13.4,257.66
SEC-GGC-BTE,120.0,110.0,98.0,9.4,109.0,8.3,20,6,1.0,1.385,0,110.0,0,8.3,81.1
SEC-BTE-MTJ,35.0,100.0,48.0,4.8,30.0,11.6,2,5,1.0,1.104,1,30.0,0,11.6,90.7
SEC-SWM-GGC,64.0,120.0,48.0,5.1,105.0,6.3,16,6,1.0,1.117,0,120.0,0,6.3,33.28
SEC-NDLS-KOTA,465.0,130.0,275.0,14.5,124.2,2.1,3,5,1.0,1.213,0,130.0,0,2.1,250.17
SEC-SWM-GGC,64.0,120.0,48.0,5.1,60.0,0.8,8,4,1.0,1.254,1,60.0,1,0.8,89.72
SEC-KOTA-SWM,108.0,130.0,58.0,6.2,107.6,4.0,22,0,1.0,1.056,0,130.0,0,4.0,72.8
SEC-NDLS-KOTA,465.0,130.0,275.0,14.5,45.0,24.9,9,4,1.0,1.184,1,45.0,0,24.9,738.64
SEC-NDLS-KOTA,465.0,130.0,275.0,14.5,124.5,14.5,1,3,1.0,1.064,0,130.0,0,14.5,214.44
SEC-NDLS-KOTA,465.0,130.0,275.0,14.5,102.7,6.9,11,2,1.057,1.377,0,130.0,0,6.9,337.87
SEC-GGC-BTE,120.0,110.0,98.0,9.4,84.1,41.0,17,2,1.0,1.107,0,110.0,0,41.0,90.48
SEC-MTJ-AGC,54.0,120.0,45.0,4.2,115.5,2.0,3,2,1.0,1.091,0,120.0,0,2.0,34.09
SEC-GGC-BTE,120.0,110.0,98.0,9.4,88.9,12.9,0,4,1.0,1.078,0,110.0,0,12.9,91.0
SEC-NDLS-KOTA,465.0,130.0,275.0,14.5,112.8,9.1,21,1,1.0,1.314,0,130.0,0,9.1,281.3
SEC-SWM-GGC,64.0,120.0,48.0,5.1,119.6,2.3,3,0,1.0,1.16,0,120.0,0,2.3,38.09
SEC-NDLS-KOTA,465.0,130.0,275.0,14.5,116.0,30.8,8,1,1.097,1.26,0,130.0,0,30.8,328.56
SEC-GGC-BTE,120.0,110.0,98.0,9.4,98.0,2.7,10,0,1.0,1.223,0,110.0,0,2.7,94.79
SEC-SWM-GGC,64.0,120.0,48.0,5.1,97.6,3.2,11,1,1.0,1.403,0,120.0,0,3.2,51.71
SEC-NDLS-KOTA,465.0,130.0,275.0,14.5,60.0,3.5,5,1,1.0,1.071,1,60.0,1,3.5,491.0
SEC-SWM-GGC,64.0,120.0,48.0,5.1,30.0,0.8,10,6,1.0,1.244,1,30.0,0,0.8,170.77
SEC-NDLS-KOTA,465.0,130.0,275.0,14.5,112.4,3.5,23,4,1.0,1.041,0,130.0,0,3.5,255.65
SEC-KOTA-SWM,108.0,130.0,58.0,6.2,60.0,1.2,13,0,1.0,1.247,1,60.0,0,1.2,135.56
SEC-KOTA-SWM,108.0,130.0,58.0,6.2,123.6,0.4,2,6,1.105,1.025,0,130.0,0,0.4,50.69
SEC-SWM-GGC,64.0,120.0,48.0,5.1,100.2,4.0,1,0,1.127,1.163,0,120.0,0,4.0,44.3
SEC-MTJ-AGC,54.0,120.0,45.0,4.2,60.0,3.2,19,3,1.155,1.391,1,60.0,0,3.2,89.62
SEC-MTJ-AGC,54.0,120.0,45.0,4.2,102.7,9.0,5,4,1.0,1.06,0,120.0,0,9.0,32.89
SEC-MTJ-AGC,54.0,120.0,45.0,4.2,92.1,9.0,18,6,1.299,1.185,0,120.0,0,9.0,49.27
SEC-KOTA-SWM,108.0,130.0,58.0,6.2,45.0,1.8,9,5,1.0,1.151,1,45.0,0,1.8,186.25
SEC-GGC-BTE,120.0,110.0,98.0,9.4,91.5,22.9,7,4,1.21,1.088,0,110.0,0,22.9,127.2
SEC-SWM-GGC,64.0,120.0,48.0,5.1,30.0,18.3,17,0,1.064,1.36,1,30.0,0,18.3,201.76
SEC-KOTA-SWM,108.0,130.0,58.0,6.2,126.1,27.0,22,3,1.0,1.116,0,130.0,1,27.0,75.83
SEC-BTE-MTJ,35.0,100.0,48.0,4.8,75.6,20.2,16,1,1.0,1.122,0,100.0,0,20.2,34.65
SEC-MTJ-AGC,54.0,120.0,45.0,4.2,117.5,18.5,4,2,1.248,1.198,0,120.0,0,18.5,41.12
SEC-MTJ-AGC,54.0,120.0,45.0,4.2,45.0,27.4,7,1,1.0,1.079,1,45.0,0,27.4,93.07
SEC-MTJ-AGC,54.0,120.0,45.0,4.2,60.0,6.2,7,6,1.0,1.107,1,60.0,0,6.2,67.88
SEC-NDLS-KOTA,465.0,130.0,275.0,14.5,45.0,2.2,14,6,1.198,1.201,1,45.0,0,2.2,859.06
SEC-GGC-BTE,120.0,110.0,98.0,9.4,60.0,32.9,20,6,1.136,1.461,1,60.0,0,32.9,182.82
SEC-GGC-BTE,120.0,110.0,98.0,9.4,45.0,9.4,3,0,1.075,1.069,1,45.0,1,9.4,215.67
SEC-NDLS-KOTA,465.0,130.0,275.0,14.5,119.0,15.2,23,4,1.0,1.2,0,130.0,0,15.2,275.1
SEC-KOTA-SWM,108.0,130.0,58.0,6.2,126.3,28.5,13,0,1.123,1.163,0,130.0,0,28.5,63.23
SEC-BTE-MTJ,35.0,100.0,48.0,4.8,98.7,10.4,20,2,1.0,1.141,0,100.0,0,10.4,20.31
SEC-GGC-BTE,120.0,110.0,98.0,9.4,87.7,4.7,0,6,1.0,1.075,0,110.0,0,4.7,80.07
SEC-NDLS-KOTA,465.0,130.0,275.0,14.5,99.0,0.2,10,6,1.22,1.173,0,130.0,1,0.2,440.95
SEC-GGC-BTE,120.0,110.0,98.0,9.4,60.0,3.0,20,4,1.0,1.417,1,60.0,0,3.0,188.05
SEC-NDLS-KOTA,465.0,130.0,275.0,14.5,125.0,1.1,11,2,1.067,1.304,0,130.0,0,1.1,274.22
SEC-BTE-MTJ,35.0,100.0,48.0,4.8,86.7,22.0,23,2,1.054,1.217,0,100.0,0,22.0,33.33
SEC-SWM-GGC,64.0,120.0,48.0,5.1,96.4,23.6,0,5,1.0,1.163,0,120.0,0,23.6,53.19
SEC-GGC-BTE,120.0,110.0,98.0,9.4,107.4,18.3,2,4,1.0,1.204,0,110.0,0,18.3,69.45
SEC-BTE-MTJ,35.0,100.0,48.0,4.8,80.2,11.0,6,3,1.0,1.139,0,100.0,1,11.0,56.8
SEC-NDLS-KOTA,465.0,130.0,275.0,14.5,115.6,23.8,14,3,1.0,1.112,0,130.0,0,23.8,249.01
SEC-GGC-BTE,120.0,110.0,98.0,9.4,97.4,2.3,14,2,1.0,1.114,0,110.0,0,2.3,96.18
SEC-SWM-GGC,64.0,120.0,48.0,5.1,116.6,1.0,6,6,1.0,1.137,0,120.0,0,1.0,32.58
SEC-SWM-GGC,64.0,120.0,48.0,5.1,117.5,0.6,14,2,1.0,1.063,0,120.0,0,0.6,38.91
SEC-SWM-GGC,64.0,120.0,48.0,5.1,99.3,6.6,1,5,1.0,1.076,0,120.0,0,6.6,49.95
SEC-BTE-MTJ,35.0,100.0,48.0,4.8,83.3,10.0,1,1,1.0,1.14,0,100.0,0,10.0,24.99
SEC-GGC-BTE,120.0,110.0,98.0,9.4,107.0,3.8,15,2,1.12,1.243,0,110.0,0,3.8,92.08
SEC-SWM-GGC,64.0,120.0,48.0,5.1,119.8,8.2,7,2,1.0,1.139,0,120.0,0,8.2,39.72
SEC-KOTA-SWM,108.0,130.0,58.0,6.2,45.0,7.9,15,0,1.0,1.052,1,45.0,0,7.9,171.13
SEC-MTJ-AGC,54.0,120.0,45.0,4.2,30.0,10.1,0,1,1.0,1.106,1,30.0,0,10.1,128.8
SEC-KOTA-SWM,108.0,130.0,58.0,6.2,108.8,10.8,0,4,1.0,1.083,0,130.0,0,10.8,72.22
SEC-GGC-BTE,120.0,110.0,98.0,9.4,45.0,14.1,0,4,1.0,1.041,1,45.0,0,14.1,180.36
SEC-BTE-MTJ,35.0,100.0,48.0,4.8,83.1,0.2,11,0,1.094,1.11,0,100.0,0,0.2,26.67
SEC-GGC-BTE,120.0,110.0,98.0,9.4,97.4,4.8,8,2,1.0,1.339,0,110.0,0,4.8,94.96
SEC-SWM-GGC,64.0,120.0,48.0,5.1,98.8,5.4,23,5,1.0,1.039,0,120.0,0,5.4,30.4
SEC-MTJ-AGC,54.0,120.0,45.0,4.2,118.3,18.2,4,1,1.0,1.212,0,120.0,0,18.2,34.5
SEC-NDLS-KOTA,465.0,130.0,275.0,14.5,102.0,9.2,0,2,1.0,1.08,0,130.0,0,9.2,262.85
SEC-MTJ-AGC,54.0,120.0,45.0,4.2,95.4,16.5,12,0,1.0,1.208,0,120.0,0,16.5,43.44
SEC-MTJ-AGC,54.0,120.0,45.0,4.2,60.0,3.3,10,4,1.0,1.368,1,60.0,0,3.3,75.52
SEC-BTE-MTJ,35.0,100.0,48.0,4.8,88.9,7.3,12,2,1.14,1.056,0,100.0,0,7.3,26.82
SEC-MTJ-AGC,54.0,120.0,45.0,4.2,114.7,4.5,18,3,1.299,1.144,0,120.0,0,4.5,44.36
SEC-BTE-MTJ,35.0,100.0,48.0,4.8,98.7,19.0,1,1,1.0,1.092,0,100.0,0,19.0,31.39
SEC-SWM-GGC,64.0,120.0,48.0,5.1,99.6,0.1,8,1,1.0,1.352,0,120.0,0,0.1,53.35
SEC-KOTA-SWM,108.0,130.0,58.0,6.2,30.0,14.5,12,6,1.0,1.246,1,30.0,0,14.5,279.78
SEC-KOTA-SWM,108.0,130.0,58.0,6.2,113.5,3.4,23,3,1.0,1.085,0,130.0,0,3.4,70.14
SEC-MTJ-AGC,54.0,120.0,45.0,4.2,113.1,32.4,6,5,1.0,1.214,0,120.0,1,32.4,66.31
SEC-KOTA-SWM,108.0,130.0,58.0,6.2,98.6,2.5,20,3,1.0,1.417,0,130.0,0,2.5,87.52
SEC-GGC-BTE,120.0,110.0,98.0,9.4,30.0,0.8,23,5,1.0,1.008,1,30.0,0,0.8,272.1
SEC-GGC-BTE,120.0,110.0,98.0,9.4,94.8,21.7,12,5,1.0,1.086,0,110.0,0,21.7,92.26
SEC-GGC-BTE,120.0,110.0,98.0,9.4,85.9,26.6,10,4,1.145,1.367,0,110.0,0,26.6,134.6
SEC-SWM-GGC,64.0,120.0,48.0,5.1,119.7,0.7,13,2,1.0,1.109,0,120.0,0,0.7,34.41
SEC-SWM-GGC,64.0,120.0,48.0,5.1,115.9,8.8,22,5,1.254,1.03,0,120.0,0,8.8,41.72
SEC-SWM-GGC,64.0,120.0,48.0,5.1,112.0,1.0,0,5,1.0,1.032,0,120.0,0,1.0,37.45
SEC-KOTA-SWM,108.0,130.0,58.0,6.2,105.7,1.1,23,2,1.0,1.09,0,130.0,0,1.1,55.05
SEC-BTE-MTJ,35.0,100.0,48.0,4.8,87.3,7.7,3,2,1.0,1.001,0,100.0,0,7.7,23.19
SEC-MTJ-AGC,54.0,120.0,45.0,4.2,98.0,15.2,12,6,1.0,1.196,0,120.0,0,15.2,44.05
SEC-NDLS-KOTA,465.0,130.0,275.0,14.5,30.0,25.0,11,5,1.184,1.3,1,30.0,0,25.0,1391.46
SEC-BTE-MTJ,35.0,100.0,48.0,4.8,98.4,29.5,1,6,1.0,1.209,0,100.0,0,29.5,28.14
SEC-SWM-GGC,64.0,120.0,48.0,5.1,109.0,1.5,1,4,1.0,1.115,0,120.0,0,1.5,45.21
SEC-SWM-GGC,64.0,120.0,48.0,5.1,110.3,0.8,10,0,1.0,1.267,0,120.0,0,0.8,45.8
SEC-SWM-GGC,64.0,120.0,48.0,5.1,94.3,4.4,11,2,1.125,1.301,0,120.0,0,4.4,56.77
SEC-BTE-MTJ,35.0,100.0,48.0,4.8,92.7,33.0,3,2,1.0,1.103,0,100.0,0,33.0,39.12
SEC-GGC-BTE,120.0,110.0,98.0,9.4,30.0,8.7,9,1,1.0,1.209,1,30.0,0,8.7,302.25
SEC-NDLS-KOTA,465.0,130.0,275.0,14.5,108.3,0.2,20,5,1.085,1.223,0,130.0,0,0.2,343.43
SEC-SWM-GGC,64.0,120.0,48.0,5.1,96.7,3.5,10,0,1.0,1.251,0,120.0,0,3.5,59.84
SEC-MTJ-AGC,54.0,120.0,45.0,4.2,30.0,0.7,20,6,1.0,1.138,1,30.0,0,0.7,140.72
SEC-KOTA-SWM,108.0,130.0,58.0,6.2,107.8,2.4,12,0,1.0,1.098,0,130.0,0,2.4,72.19
SEC-SWM-GGC,64.0,120.0,48.0,5.1,94.2,2.6,2,6,1.0,1.118,0,120.0,0,2.6,36.75
SEC-MTJ-AGC,54.0,120.0,45.0,4.2,98.6,5.5,2,5,1.0,1.213,0,120.0,0,5.5,35.73
SEC-MTJ-AGC,54.0,120.0,45.0,4.2,111.6,2.7,8,5,1.0,1.346,0,120.0,0,2.7,38.82
SEC-KOTA-SWM,108.0,130.0,58.0,6.2,112.2,8.6,22,3,1.0,1.054,0,130.0,0,8.6,73.85
SEC-GGC-BTE,120.0,110.0,98.0,9.4,89.2,24.8,2,2,1.094,1.031,0,110.0,1,24.8,96.95
SEC-BTE-MTJ,35.0,100.0,48.0,4.8,86.1,1.9,12,2,1.0,1.191,0,100.0,1,1.9,40.29
SEC-KOTA-SWM,108.0,130.0,58.0,6.2,116.7,4.8,10,3,1.0,1.167,0,130.0,0,4.8,67.23
SEC-BTE-MTJ,35.0,100.0,48.0,4.8,91.8,7.4,20,3,1.084,1.329,0,100.0,0,7.4,19.95
SEC-BTE-MTJ,35.0,100.0,48.0,4.8,75.9,3.9,15,3,1.0,1.027,0,100.0,1,3.9,45.87
SEC-GGC-BTE,120.0,110.0,98.0,9.4,88.0,20.3,3,2,1.0,1.104,0,110.0,0,20.3,80.27
SEC-KOTA-SWM,108.0,130.0,58.0,6.2,114.4,1.3,17,5,1.086,1.229,0,130.0,0,1.3,69.76
SEC-GGC-BTE,120.0,110.0,98.0,9.4,83.0,18.0,10,1,1.0,1.154,0,110.0,0,18.0,137.0
SEC-SWM-GGC,64.0,120.0,48.0,5.1,115.4,2.4,8,2,1.0,1.255,0,120.0,0,2.4,46.7
SEC-MTJ-AGC,54.0,120.0,45.0,4.2,109.9,0.7,16,6,1.259,1.049,0,120.0,0,0.7,40.99
SEC-SWM-GGC,64.0,120.0,48.0,5.1,96.6,1.7,10,1,1.0,1.432,0,120.0,0,1.7,52.14
SEC-NDLS-KOTA,465.0,130.0,275.0,14.5,112.8,17.4,18,2,1.0,1.157,0,130.0,0,17.4,272.71
SEC-BTE-MTJ,35.0,100.0,48.0,4.8,98.6,25.1,22,5,1.0,1.009,0,100.0,0,25.1,32.93
SEC-BTE-MTJ,35.0,100.0,48.0,4.8,88.3,0.9,23,5,1.0,1.085,0,100.0,0,0.9,25.66
SEC-GGC-BTE,120.0,110.0,98.0,9.4,86.7,8.2,1,2,1.053,1.111,0,110.0,0,8.2,87.97
SEC-BTE-MTJ,35.0,100.0,48.0,4.8,80.8,9.8,14,0,1.127,1.061,0,100.0,0,9.8,29.0
SEC-MTJ-AGC,54.0,120.0,45.0,4.2,60.0,8.4,20,6,1.0,1.374,1,60.0,0,8.4,64.74
SEC-MTJ-AGC,54.0,120.0,45.0,4.2,106.3,16.5,7,4,1.0,1.049,0,120.0,0,16.5,35.73
SEC-BTE-MTJ,35.0,100.0,48.0,4.8,96.2,0.1,8,6,1.096,1.278,0,100.0,0,0.1,27.55
SEC-BTE-MTJ,35.0,100.0,48.0,4.8,99.4,16.5,12,5,1.0,1.003,0,100.0,0,16.5,19.95
SEC-BTE-MTJ,35.0,100.0,48.0,4.8,96.6,2.4,22,3,1.0,1.033,0,100.0,0,2.4,19.95
SEC-KOTA-SWM,108.0,130.0,58.0,6.2,104.3,7.5,15,1,1.0,1.105,0,130.0,0,7.5,71.11
SEC-BTE-MTJ,35.0,100.0,48.0,4.8,88.3,6.5,14,1,1.0,1.091,0,100.0,1,6.5,34.47
SEC-NDLS-KOTA,465.0,130.0,275.0,14.5,111.7,11.9,12,1,1.0,1.161,0,130.0,0,11.9,267.99
SEC-NDLS-KOTA,465.0,130.0,275.0,14.5,128.1,0.3,7,5,1.0,1.068,0,130.0,1,0.3,247.24
SEC-MTJ-AGC,54.0,120.0,45.0,4.2,101.1,5.0,6,0,1.0,1.083,0,120.0,0,5.0,38.05
SEC-MTJ-AGC,54.0,120.0,45.0,4.2,117.8,7.6,3,3,1.0,1.015,0,120.0,0,7.6,25.65
SEC-BTE-MTJ,35.0,100.0,48.0,4.8,93.8,29.2,16,5,1.0,1.042,0,100.0,0,29.2,21.99
SEC-MTJ-AGC,54.0,120.0,45.0,4.2,114.7,17.7,2,4,1.0,1.116,0,120.0,0,17.7,30.41
SEC-SWM-GGC,64.0,120.0,48.0,5.1,111.7,14.7,15,3,1.0,1.27,0,120.0,0,14.7,32.8
SEC-MTJ-AGC,54.0,120.0,45.0,4.2,117.0,11.9,14,0,1.0,1.107,0,120.0,0,11.9,29.93
SEC-BTE-MTJ,35.0,100.0,48.0,4.8,91.8,6.3,11,3,1.0,1.243,0,100.0,0,6.3,29.27
SEC-KOTA-SWM,108.0,130.0,58.0,6.2,30.0,15.0,10,1,1.0,1.157,1,30.0,0,15.0,252.8
SEC-NDLS-KOTA,465.0,130.0,275.0,14.5,127.3,14.2,7,6,1.0,1.102,0,130.0,0,14.2,245.47
SEC-GGC-BTE,120.0,110.0,98.0,9.4,109.4,4.2,3,0,1.0,1.057,0,110.0,0,4.2,77.5
SEC-NDLS-KOTA,465.0,130.0,275.0,14.5,101.5,39.0,17,0,1.096,1.187,0,130.0,0,39.0,357.45
SEC-GGC-BTE,120.0,110.0,98.0,9.4,106.5,0.3,0,3,1.0,1.035,0,110.0,0,0.3,82.03
SEC-NDLS-KOTA,465.0,130.0,275.0,14.5,117.3,11.7,6,0,1.106,1.081,0,130.0,0,11.7,297.37
SEC-BTE-MTJ,35.0,100.0,48.0,4.8,96.0,0.1,6,1,1.0,1.057,0,100.0,0,0.1,19.95
SEC-KOTA-SWM,108.0,130.0,58.0,6.2,128.5,28.6,11,1,1.0,1.445,0,130.0,0,28.6,80.1
SEC-NDLS-KOTA,465.0,130.0,275.0,14.5,128.2,11.5,1,0,1.0,1.086,0,130.0,0,11.5,237.81
SEC-BTE-MTJ,35.0,100.0,48.0,4.8,95.9,13.7,2,2,1.0,1.092,0,100.0,0,13.7,26.97
SEC-GGC-BTE,120.0,110.0,98.0,9.4,94.7,8.2,15,0,1.0,1.04,0,110.0,0,8.2,78.02
SEC-BTE-MTJ,35.0,100.0,48.0,4.8,93.2,16.2,21,5,1.0,1.279,0,100.0,0,16.2,39.35
SEC-KOTA-SWM,108.0,130.0,58.0,6.2,121.2,2.7,10,2,1.0,1.345,0,130.0,0,2.7,62.7
SEC-GGC-BTE,120.0,110.0,98.0,9.4,86.4,12.3,19,4,1.0,1.292,0,110.0,0,12.3,107.75
SEC-GGC-BTE,120.0,110.0,98.0,9.4,86.0,19.8,7,3,1.0,1.123,0,110.0,0,19.8,109.33
SEC-BTE-MTJ,35.0,100.0,48.0,4.8,96.4,6.2,16,0,1.0,1.013,0,100.0,0,6.2,20.37
SEC-GGC-BTE,120.0,110.0,98.0,9.4,30.0,6.8,14,6,1.0,1.008,1,30.0,0,6.8,245.07
SEC-NDLS-KOTA,465.0,130.0,275.0,14.5,112.7,1.1,8,1,1.133,1.401,0,130.0,0,1.1,357.35
SEC-KOTA-SWM,108.0,130.0,58.0,6.2,45.0,2.6,2,0,1.0,1.209,1,45.0,0,2.6,175.22
SEC-MTJ-AGC,54.0,120.0,45.0,4.2,119.5,2.0,10,0,1.0,1.39,0,120.0,0,2.0,43.91
SEC-BTE-MTJ,35.0,100.0,48.0,4.8,85.4,17.5,18,5,1.0,1.098,0,100.0,0,17.5,41.91
SEC-KOTA-SWM,108.0,130.0,58.0,6.2,114.0,26.3,16,1,1.0,1.023,0,130.0,0,26.3,53.89
SEC-NDLS-KOTA,465.0,130.0,275.0,14.5,122.9,9.6,3,2,1.086,1.133,0,130.0,0,9.6,279.72
SEC-SWM-GGC,64.0,120.0,48.0,5.1,113.5,4.3,19,2,1.276,1.24,0,120.0,0,4.3,52.26
SEC-NDLS-KOTA,465.0,130.0,275.0,14.5,110.7,1.4,23,5,1.182,1.206,0,130.0,0,1.4,346.05
SEC-MTJ-AGC,54.0,120.0,45.0,4.2,100.4,2.2,0,0,1.129,1.121,0,120.0,0,2.2,36.47
SEC-GGC-BTE,120.0,110.0,98.0,9.4,102.9,1.2,16,0,1.0,1.027,0,110.0,0,1.2,74.41
SEC-SWM-GGC,64.0,120.0,48.0,5.1,115.4,3.3,6,1,1.0,1.135,0,120.0,0,3.3,38.91
SEC-NDLS-KOTA,465.0,130.0,275.0,14.5,121.9,1.3,23,0,1.0,1.092,0,130.0,0,1.3,236.7
SEC-MTJ-AGC,54.0,120.0,45.0,4.2,30.0,5.7,23,5,1.0,1.073,1,30.0,0,5.7,137.22
SEC-MTJ-AGC,54.0,120.0,45.0,4.2,95.9,6.9,3,4,1.0,1.08,0,120.0,0,6.9,41.37
SEC-NDLS-KOTA,465.0,130.0,275.0,14.5,125.5,1.7,19,6,1.0,1.179,0,130.0,1,1.7,293.85
SEC-SWM-GGC,64.0,120.0,48.0,5.1,106.5,8.1,22,4,1.0,1.059,0,120.0,0,8.1,38.99
SEC-SWM-GGC,64.0,120.0,48.0,5.1,98.3,0.1,17,5,1.0,1.13,0,120.0,0,0.1,49.45
SEC-NDLS-KOTA,465.0,130.0,275.0,14.5,30.0,5.1,13,6,1.0,1.06,1,30.0,0,5.1,975.69
SEC-MTJ-AGC,54.0,120.0,45.0,4.2,120.0,2.3,6,5,1.0,1.046,0,120.0,0,2.3,30.4
SEC-SWM-GGC,64.0,120.0,48.0,5.1,102.7,4.5,20,6,1.254,1.288,0,120.0,0,4.5,50.27
SEC-KOTA-SWM,108.0,130.0,58.0,6.2,106.1,14.0,1,0,1.072,1.04,0,130.0,0,14.0,73.06
SEC-SWM-GGC,64.0,120.0,48.0,5.1,94.9,4.8,6,6,1.0,1.082,0,120.0,1,4.8,71.73
SEC-SWM-GGC,64.0,120.0,48.0,5.1,115.2,2.7,13,5,1.0,1.213,0,120.0,0,2.7,36.97
SEC-MTJ-AGC,54.0,120.0,45.0,4.2,108.8,4.5,17,5,1.281,1.239,0,120.0,0,4.5,52.5
SEC-SWM-GGC,64.0,120.0,48.0,5.1,105.9,6.7,19,3,1.0,1.226,0,120.0,0,6.7,35.22
SEC-SWM-GGC,64.0,120.0,48.0,5.1,96.8,4.4,11,0,1.0,1.187,0,120.0,0,4.4,51.27
SEC-NDLS-KOTA,465.0,130.0,275.0,14.5,120.2,5.3,10,6,1.0,1.29,0,130.0,0,5.3,262.45
SEC-SWM-GGC,64.0,120.0,48.0,5.1,106.5,3.1,3,0,1.247,1.212,0,120.0,0,3.1,44.89
SEC-MTJ-AGC,54.0,120.0,45.0,4.2,95.3,4.1,0,1,1.0,1.151,0,120.0,1,4.1,56.96
SEC-GGC-BTE,120.0,110.0,98.0,9.4,102.8,32.5,15,3,1.0,1.031,0,110.0,0,32.5,95.86
SEC-BTE-MTJ,35.0,100.0,48.0,4.8,92.8,28.8,10,5,1.0,1.125,0,100.0,0,28.8,23.92
SEC-KOTA-SWM,108.0,130.0,58.0,6.2,60.0,0.3,19,2,1.0,1.211,1,60.0,0,0.3,143.64
SEC-KOTA-SWM,108.0,130.0,58.0,6.2,119.6,1.8,10,6,1.244,1.22,0,130.0,0,1.8,87.42
SEC-KOTA-SWM,108.0,130.0,58.0,6.2,104.9,7.1,19,5,1.109,1.205,0,130.0,0,7.1,83.9
SEC-GGC-BTE,120.0,110.0,98.0,9.4,45.0,17.7,15,1,1.132,1.08,1,45.0,0,17.7,211.37
SEC-MTJ-AGC,54.0,120.0,45.0,4.2,102.5,7.4,22,2,1.0,1.071,0,120.0,1,7.4,56.54
SEC-GGC-BTE,120.0,110.0,98.0,9.4,85.9,16.0,17,0,1.107,1.295,0,110.0,1,16.0,122.74
SEC-NDLS-KOTA,465.0,130.0,275.0,14.5,109.2,8.4,8,0,1.0,1.334,0,130.0,0,8.4,315.42
SEC-MTJ-AGC,54.0,120.0,45.0,4.2,30.0,8.2,12,0,1.0,1.144,1,30.0,0,8.2,139.84
SEC-SWM-GGC,64.0,120.0,48.0,5.1,112.0,6.2,9,5,1.0,1.402,0,120.0,0,6.2,38.51
SEC-MTJ-AGC,54.0,120.0,45.0,4.2,104.8,2.7,6,5,1.0,1.092,0,120.0,1,2.7,60.95
SEC-SWM-GGC,64.0,120.0,48.0,5.1,96.4,25.5,21,2,1.0,1.084,0,120.0,0,25.5,57.25
SEC-SWM-GGC,64.0,120.0,48.0,5.1,30.0,10.6,13,0,1.0,1.018,1,30.0,0,10.6,139.22
SEC-MTJ-AGC,54.0,120.0,45.0,4.2,30.0,27.5,23,4,1.0,1.12,1,30.0,0,27.5,137.96
SEC-KOTA-SWM,108.0,130.0,58.0,6.2,99.2,8.7,18,2,1.0,1.486,0,130.0,0,8.7,75.9
SEC-SWM-GGC,64.0,120.0,48.0,5.1,93.0,3.0,16,1,1.0,1.151,0,120.0,1,3.0,56.17
SEC-SWM-GGC,64.0,120.0,48.0,5.1,30.0,32.5,4,5,1.0,1.088,1,30.0,0,32.5,154.14
SEC-BTE-MTJ,35.0,100.0,48.0,4.8,99.0,8.9,9,4,1.0,1.415,0,100.0,0,8.9,32.16
SEC-NDLS-KOTA,465.0,130.0,275.0,14.5,104.6,7.8,5,5,1.0,1.223,0,130.0,1,7.8,336.79
SEC-BTE-MTJ,35.0,100.0,48.0,4.8,88.7,2.1,12,2,1.168,1.183,0,100.0,0,2.1,39.89
SEC-KOTA-SWM,108.0,130.0,58.0,6.2,127.5,3.9,5,1,1.0,1.113,0,130.0,0,3.9,60.33
SEC-BTE-MTJ,35.0,100.0,48.0,4.8,78.5,6.2,9,0,1.0,1.21,0,100.0,0,6.2,28.65
SEC-BTE-MTJ,35.0,100.0,48.0,4.8,93.9,38.6,0,5,1.0,1.072,0,100.0,0,38.6,46.39
SEC-MTJ-AGC,54.0,120.0,45.0,4.2,60.0,16.4,23,4,1.108,1.025,1,60.0,0,16.4,70.34
SEC-MTJ-AGC,54.0,120.0,45.0,4.2,60.0,14.2,8,1,1.0,1.241,1,60.0,0,14.2,85.3
SEC-GGC-BTE,120.0,110.0,98.0,9.4,92.4,17.5,15,1,1.0,1.157,0,110.0,0,17.5,77.26
SEC-NDLS-KOTA,465.0,130.0,275.0,14.5,115.3,2.6,1,6,1.206,1.041,0,130.0,0,2.6,300.36
SEC-MTJ-AGC,54.0,120.0,45.0,4.2,114.8,27.2,14,6,1.0,1.01,0,120.0,0,27.2,34.6
SEC-NDLS-KOTA,465.0,130.0,275.0,14.5,113.0,5.0,17,2,1.0,1.243,0,130.0,0,5.0,324.0
SEC-GGC-BTE,120.0,110.0,98.0,9.4,30.0,2.3,8,1,1.0,1.318,1,30.0,0,2.3,335.65
SEC-SWM-GGC,64.0,120.0,48.0,5.1,105.3,8.3,4,2,1.137,1.08,0,120.0,0,8.3,42.16
SEC-BTE-MTJ,35.0,100.0,48.0,4.8,96.7,11.7,1,5,1.0,1.18,0,100.0,0,11.7,19.95
SEC-GGC-BTE,120.0,110.0,98.0,9.4,60.0,0.6,5,3,1.0,1.067,1,60.0,0,0.6,132.01
SEC-NDLS-KOTA,465.0,130.0,275.0,14.5,121.7,1.7,9,5,1.0,1.117,0,130.0,0,1.7,231.86
SEC-KOTA-SWM,108.0,130.0,58.0,6.2,99.4,5.6,3,2,1.0,1.077,0,130.0,0,5.6,67.97
SEC-KOTA-SWM,108.0,130.0,58.0,6.2,30.0,9.3,1,1,1.0,1.117,1,30.0,0,9.3,256.27
SEC-NDLS-KOTA,465.0,130.0,275.0,14.5,125.7,4.2,6,0,1.0,1.232,0,130.0,0,4.2,267.3
SEC-KOTA-SWM,108.0,130.0,58.0,6.2,102.0,3.3,14,5,1.0,1.163,0,130.0,0,3.3,73.85
SEC-SWM-GGC,64.0,120.0,48.0,5.1,30.0,18.6,10,5,1.294,1.316,1,30.0,0,18.6,222.88
SEC-MTJ-AGC,54.0,120.0,45.0,4.2,105.8,11.3,4,3,1.0,1.045,0,120.0,0,11.3,32.14
SEC-MTJ-AGC,54.0,120.0,45.0,4.2,116.0,19.3,15,4,1.0,1.03,0,120.0,0,19.3,25.65
SEC-MTJ-AGC,54.0,120.0,45.0,4.2,90.1,3.4,18,3,1.0,1.124,0,120.0,1,3.4,50.62
SEC-GGC-BTE,120.0,110.0,98.0,9.4,91.7,17.2,22,3,1.087,1.209,0,110.0,0,17.2,113.34
SEC-GGC-BTE,120.0,110.0,98.0,9.4,105.2,5.2,6,1,1.0,1.208,0,110.0,0,5.2,91.88
SEC-NDLS-KOTA,465.0,130.0,275.0,14.5,112.0,3.2,19,6,1.0,1.163,0,130.0,0,3.2,277.05
SEC-MTJ-AGC,54.0,120.0,45.0,4.2,45.0,9.9,5,1,1.0,1.066,1,45.0,0,9.9,87.22
SEC-MTJ-AGC,54.0,120.0,45.0,4.2,95.6,4.3,9,1,1.0,1.217,0,120.0,0,4.3,34.88
SEC-KOTA-SWM,108.0,130.0,58.0,6.2,106.8,2.3,20,5,1.276,1.189,0,130.0,0,2.3,93.68
SEC-KOTA-SWM,108.0,130.0,58.0,6.2,112.1,3.4,6,0,1.0,1.174,0,130.0,1,3.4,71.81
SEC-MTJ-AGC,54.0,120.0,45.0,4.2,119.3,9.1,19,5,1.0,1.228,0,120.0,0,9.1,36.48
SEC-GGC-BTE,120.0,110.0,98.0,9.4,101.8,11.9,1,3,1.0,1.23,0,110.0,0,11.9,86.03
SEC-SWM-GGC,64.0,120.0,48.0,5.1,114.0,7.3,2,6,1.0,1.005,0,120.0,0,7.3,30.4
SEC-KOTA-SWM,108.0,130.0,58.0,6.2,121.0,12.3,18,0,1.298,1.193,0,130.0,0,12.3,95.16
SEC-BTE-MTJ,35.0,100.0,48.0,4.8,89.3,0.2,12,0,1.0,1.025,0,100.0,0,0.2,22.53
SEC-MTJ-AGC,54.0,120.0,45.0,4.2,105.0,4.3,9,2,1.143,1.182,0,120.0,0,4.3,33.92
SEC-MTJ-AGC,54.0,120.0,45.0,4.2,45.0,11.6,18,6,1.0,1.266,1,45.0,0,11.6,98.81
SEC-SWM-GGC,64.0,120.0,48.0,5.1,113.9,0.5,0,4,1.0,1.152,0,120.0,0,0.5,39.59
SEC-NDLS-KOTA,465.0,130.0,275.0,14.5,111.2,1.3,15,4,1.0,1.065,0,130.0,1,1.3,257.15
SEC-GGC-BTE,120.0,110.0,98.0,9.4,107.6,41.2,8,6,1.0,1.472,0,110.0,0,41.2,87.49
SEC-KOTA-SWM,108.0,130.0,58.0,6.2,45.0,9.4,12,3,1.0,1.166,1,45.0,0,9.4,171.88
SEC-MTJ-AGC,54.0,120.0,45.0,4.2,118.2,10.4,14,0,1.0,1.077,0,120.0,0,10.4,26.63
SEC-MTJ-AGC,54.0,120.0,45.0,4.2,105.0,6.3,15,5,1.0,1.214,0,120.0,0,6.3,38.13
SEC-BTE-MTJ,35.0,100.0,48.0,4.8,89.8,21.6,13,3,1.252,1.085,0,100.0,0,21.6,46.75
SEC-MTJ-AGC,54.0,120.0,45.0,4.2,60.0,1.5,7,5,1.0,1.167,1,60.0,0,1.5,67.01
SEC-NDLS-KOTA,465.0,130.0,275.0,14.5,116.8,23.7,10,3,1.0,1.388,0,130.0,0,23.7,319.63
SEC-MTJ-AGC,54.0,120.0,45.0,4.2,110.8,0.2,20,2,1.0,1.245,0,120.0,0,0.2,33.9
SEC-MTJ-AGC,54.0,120.0,45.0,4.2,45.0,3.9,14,4,1.13,1.157,1,45.0,0,3.9,103.88
SEC-MTJ-AGC,54.0,120.0,45.0,4.2,98.9,13.2,20,2,1.0,1.479,0,120.0,0,13.2,37.67
SEC-KOTA-SWM,108.0,130.0,58.0,6.2,45.0,3.5,3,6,1.248,1.059,1,45.0,0,3.5,215.05
SEC-KOTA-SWM,108.0,130.0,58.0,6.2,110.8,13.0,3,5,1.0,1.177,0,130.0,0,13.0,63.82
SEC-KOTA-SWM,108.0,130.0,58.0,6.2,112.3,0.6,8,0,1.0,1.451,0,130.0,0,0.6,74.95
SEC-SWM-GGC,64.0,120.0,48.0,5.1,114.0,0.4,3,3,1.0,1.092,0,120.0,0,0.4,31.05
SEC-MTJ-AGC,54.0,120.0,45.0,4.2,119.4,2.1,12,2,1.274,1.129,0,120.0,0,2.1,36.0
SEC-SWM-GGC,64.0,120.0,48.0,5.1,117.1,13.3,4,4,1.0,1.039,0,120.0,1,13.3,70.1
SEC-SWM-GGC,64.0,120.0,48.0,5.1,107.8,1.8,2,0,1.0,1.149,0,120.0,0,1.8,30.4
SEC-GGC-BTE,120.0,110.0,98.0,9.4,94.0,4.9,10,1,1.0,1.305,0,110.0,0,4.9,89.24
SEC-SWM-GGC,64.0,120.0,48.0,5.1,109.3,9.6,16,3,1.0,1.057,0,120.0,0,9.6,30.4
SEC-KOTA-SWM,108.0,130.0,58.0,6.2,113.0,9.4,11,0,1.0,1.089,0,130.0,0,9.4,65.29
SEC-BTE-MTJ,35.0,100.0,48.0,4.8,92.6,1.7,10,3,1.0,1.27,0,100.0,0,1.7,20.96
SEC-SWM-GGC,64.0,120.0,48.0,5.1,98.4,4.1,23,0,1.0,1.114,0,120.0,0,4.1,51.81
SEC-MTJ-AGC,54.0,120.0,45.0,4.2,92.8,1.6,3,5,1.0,1.048,0,120.0,0,1.6,30.62
SEC-SWM-GGC,64.0,120.0,48.0,5.1,103.3,0.3,21,2,1.0,1.332,0,120.0,0,0.3,41.43
SEC-NDLS-KOTA,465.0,130.0,275.0,14.5,102.0,3.3,23,0,1.052,1.122,0,130.0,0,3.3,298.18
SEC-BTE-MTJ,35.0,100.0,48.0,4.8,30.0,31.2,12,3,1.0,1.076,1,30.0,0,31.2,93.56
SEC-KOTA-SWM,108.0,130.0,58.0,6.2,124.5,10.5,3,6,1.0,1.062,0,130.0,0,10.5,48.75
SEC-BTE-MTJ,35.0,100.0,48.0,4.8,60.0,20.4,12,3,1.0,1.17,1,60.0,0,20.4,51.0
SEC-KOTA-SWM,108.0,130.0,58.0,6.2,98.8,4.6,2,2,1.0,1.101,0,130.0,0,4.6,84.16
SEC-GGC-BTE,120.0,110.0,98.0,9.4,100.2,17.0,1,2,1.0,1.127,0,110.0,1,17.0,109.99
SEC-KOTA-SWM,108.0,130.0,58.0,6.2,125.4,2.4,17,3,1.0,1.214,0,130.0,0,2.4,48.8
SEC-BTE-MTJ,35.0,100.0,48.0,4.8,89.1,2.4,18,1,1.0,1.356,0,100.0,0,2.4,35.8
SEC-GGC-BTE,120.0,110.0,98.0,9.4,101.5,2.2,1,0,1.0,1.151,0,110.0,0,2.2,70.8
SEC-MTJ-AGC,54.0,120.0,45.0,4.2,108.7,27.4,16,3,1.182,1.069,0,120.0,0,27.4,40.77
SEC-NDLS-KOTA,465.0,130.0,275.0,14.5,60.0,17.3,6,0,1.0,1.133,1,60.0,0,17.3,574.06
SEC-KOTA-SWM,108.0,130.0,58.0,6.2,120.7,22.3,4,1,1.0,1.082,0,130.0,0,22.3,66.89
SEC-GGC-BTE,120.0,110.0,98.0,9.4,100.5,16.8,20,1,1.0,1.23,0,110.0,0,16.8,87.2
SEC-GGC-BTE,120.0,110.0,98.0,9.4,108.4,7.9,1,2,1.108,1.146,0,110.0,0,7.9,80.65
SEC-GGC-BTE,120.0,110.0,98.0,9.4,89.8,4.9,23,5,1.0,1.102,0,110.0,0,4.9,92.86
SEC-KOTA-SWM,108.0,130.0,58.0,6.2,30.0,0.0,21,4,1.0,1.304,1,30.0,0,0.0,285.29
SEC-GGC-BTE,120.0,110.0,98.0,9.4,96.6,0.5,2,5,1.0,1.066,0,110.0,0,0.5,74.7
SEC-MTJ-AGC,54.0,120.0,45.0,4.2,117.2,30.1,12,0,1.0,1.209,0,120.0,0,30.1,29.92
SEC-SWM-GGC,64.0,120.0,48.0,5.1,108.2,13.2,8,2,1.0,1.255,0,120.0,0,13.2,34.28
SEC-GGC-BTE,120.0,110.0,98.0,9.4,87.5,5.4,14,6,1.0,1.128,0,110.0,0,5.4,87.62
SEC-NDLS-KOTA,465.0,130.0,275.0,14.5,105.6,18.6,10,0,1.0,1.323,0,130.0,0,18.6,333.46
SEC-KOTA-SWM,108.0,130.0,58.0,6.2,118.1,6.8,8,3,1.0,1.322,0,130.0,0,6.8,62.73
SEC-NDLS-KOTA,465.0,130.0,275.0,14.5,99.9,5.1,9,4,1.102,1.045,0,130.0,0,5.1,332.11
SEC-BTE-MTJ,35.0,100.0,48.0,4.8,90.8,15.4,1,3,1.0,1.02,0,100.0,0,15.4,19.95
SEC-GGC-BTE,120.0,110.0,98.0,9.4,45.0,6.7,19,0,1.095,1.263,1,45.0,0,6.7,237.25
SEC-SWM-GGC,64.0,120.0,48.0,5.1,111.6,17.4,19,5,1.0,1.158,0,120.0,0,17.4,31.96
SEC-SWM-GGC,64.0,120.0,48.0,5.1,105.8,13.4,4,6,1.0,1.083,0,120.0,0,13.4,33.96
SEC-KOTA-SWM,108.0,130.0,58.0,6.2,121.6,28.0,17,2,1.0,1.352,0,130.0,0,28.0,58.15
SEC-NDLS-KOTA,465.0,130.0,275.0,14.5,102.6,5.0,15,3,1.0,1.195,0,130.0,0,5.0,298.47
SEC-SWM-GGC,64.0,120.0,48.0,5.1,111.8,7.2,16,6,1.0,1.075,0,120.0,0,7.2,41.67
SEC-GGC-BTE,120.0,110.0,98.0,9.4,82.9,17.3,18,4,1.0,1.267,0,110.0,0,17.3,104.44
SEC-KOTA-SWM,108.0,130.0,58.0,6.2,127.5,19.2,15,4,1.0,1.087,0,130.0,0,19.2,58.79
SEC-GGC-BTE,120.0,110.0,98.0,9.4,96.9,5.1,13,4,1.0,1.176,0,110.0,1,5.1,90.36
SEC-GGC-BTE,120.0,110.0,98.0,9.4,106.1,0.3,18,2,1.0,1.066,0,110.0,1,0.3,73.04
SEC-KOTA-SWM,108.0,130.0,58.0,6.2,115.3,14.0,15,2,1.0,1.079,0,130.0,0,14.0,69.41
SEC-SWM-GGC,64.0,120.0,48.0,5.1,30.0,10.3,15,6,1.0,1.183,1,30.0,0,10.3,159.62
SEC-NDLS-KOTA,465.0,130.0,275.0,14.5,99.1,8.2,8,1,1.0,1.351,0,130.0,0,8.2,337.42
SEC-KOTA-SWM,108.0,130.0,58.0,6.2,121.5,1.7,15,6,1.0,1.067,0,130.0,0,1.7,57.78
SEC-MTJ-AGC,54.0,120.0,45.0,4.2,101.9,10.5,22,4,1.0,1.234,0,120.0,0,10.5,35.9
SEC-GGC-BTE,120.0,110.0,98.0,9.4,103.1,8.8,23,1,1.0,1.071,0,110.0,0,8.8,78.22
SEC-MTJ-AGC,54.0,120.0,45.0,4.2,100.4,6.6,18,6,1.262,1.04,0,120.0,0,6.6,41.54
SEC-GGC-BTE,120.0,110.0,98.0,9.4,60.0,1.5,5,6,1.299,1.122,1,60.0,0,1.5,173.04
SEC-NDLS-KOTA,465.0,130.0,275.0,14.5,60.0,3.9,20,5,1.0,1.264,1,60.0,1,3.9,573.37
SEC-NDLS-KOTA,465.0,130.0,275.0,14.5,30.0,9.8,19,4,1.0,1.336,1,30.0,0,9.8,1160.22
SEC-MTJ-AGC,54.0,120.0,45.0,4.2,91.5,3.4,5,3,1.0,1.095,0,120.0,0,3.4,47.21
SEC-KOTA-SWM,108.0,130.0,58.0,6.2,45.0,5.7,15,2,1.0,1.17,1,45.0,0,5.7,203.15
SEC-MTJ-AGC,54.0,120.0,45.0,4.2,90.1,35.0,22,5,1.0,1.031,0,120.0,0,35.0,38.65
SEC-KOTA-SWM,108.0,130.0,58.0,6.2,60.0,0.7,4,2,1.0,1.12,1,60.0,0,0.7,128.83
SEC-KOTA-SWM,108.0,130.0,58.0,6.2,60.0,2.0,18,3,1.0,1.346,1,60.0,0,2.0,151.45
SEC-MTJ-AGC,54.0,120.0,45.0,4.2,92.3,1.0,2,3,1.0,1.158,0,120.0,0,1.0,43.47
SEC-BTE-MTJ,35.0,100.0,48.0,4.8,79.9,11.0,10,0,1.0,1.163,0,100.0,0,11.0,23.66
SEC-MTJ-AGC,54.0,120.0,45.0,4.2,115.7,6.1,10,6,1.0,1.26,0,120.0,0,6.1,37.16
SEC-MTJ-AGC,54.0,120.0,45.0,4.2,98.3,0.4,9,3,1.0,1.221,0,120.0,0,0.4,52.0
SEC-KOTA-SWM,108.0,130.0,58.0,6.2,118.1,1.7,21,0,1.0,1.183,0,130.0,0,1.7,54.77
SEC-NDLS-KOTA,465.0,130.0,275.0,14.5,101.6,4.1,17,2,1.189,1.092,0,130.0,0,4.1,354.53
SEC-GGC-BTE,120.0,110.0,98.0,9.4,93.5,0.8,6,3,1.0,1.14,0,110.0,0,0.8,92.52
SEC-NDLS-KOTA,465.0,130.0,275.0,14.5,126.0,12.7,12,3,1.102,1.08,0,130.0,0,12.7,262.18
SEC-BTE-MTJ,35.0,100.0,48.0,4.8,99.6,3.3,19,6,1.0,1.173,0,100.0,0,3.3,25.44
SEC-GGC-BTE,120.0,110.0,98.0,9.4,99.8,10.6,18,3,1.0,1.235,0,110.0,0,10.6,85.68
SEC-SWM-GGC,64.0,120.0,48.0,5.1,93.1,1.6,18,5,1.0,1.204,0,120.0,0,1.6,56.84
SEC-KOTA-SWM,108.0,130.0,58.0,6.2,118.4,4.0,14,5,1.0,1.278,0,130.0,0,4.0,67.58
SEC-KOTA-SWM,108.0,130.0,58.0,6.2,111.1,3.7,9,4,1.0,1.261,0,130.0,0,3.7,71.31
SEC-GGC-BTE,120.0,110.0,98.0,9.4,107.9,2.5,15,6,1.0,1.054,0,110.0,0,2.5,62.18
SEC-KOTA-SWM,108.0,130.0,58.0,6.2,128.9,7.1,21,2,1.0,1.114,0,130.0,0,7.1,53.72
SEC-GGC-BTE,120.0,110.0,98.0,9.4,94.2,2.0,6,4,1.0,1.023,0,110.0,0,2.0,73.84
SEC-KOTA-SWM,108.0,130.0,58.0,6.2,107.2,4.4,8,3,1.0,1.172,0,130.0,0,4.4,62.19
SEC-BTE-MTJ,35.0,100.0,48.0,4.8,88.4,6.9,11,4,1.0,1.309,0,100.0,1,6.9,40.8
SEC-KOTA-SWM,108.0,130.0,58.0,6.2,111.1,6.0,5,3,1.0,1.167,0,130.0,0,6.0,53.16
SEC-NDLS-KOTA,465.0,130.0,275.0,14.5,112.6,4.2,6,2,1.0,1.105,0,130.0,0,4.2,276.62
SEC-KOTA-SWM,108.0,130.0,58.0,6.2,60.0,9.4,2,5,1.0,1.087,1,60.0,0,9.4,129.15
SEC-GGC-BTE,120.0,110.0,98.0,9.4,106.1,26.4,7,6,1.0,1.013,0,110.0,0,26.4,68.19
SEC-SWM-GGC,64.0,120.0,48.0,5.1,95.5,5.1,6,1,1.251,1.147,0,120.0,0,5.1,47.54
SEC-SWM-GGC,64.0,120.0,48.0,5.1,104.8,12.3,3,3,1.14,1.049,0,120.0,0,12.3,56.27
SEC-KOTA-SWM,108.0,130.0,58.0,6.2,60.0,0.4,1,3,1.298,1.151,1,60.0,0,0.4,173.24
SEC-SWM-GGC,64.0,120.0,48.0,5.1,113.6,4.9,17,5,1.0,1.368,0,120.0,0,4.9,55.63
SEC-NDLS-KOTA,465.0,130.0,275.0,14.5,115.8,9.5,21,4,1.0,1.227,0,130.0,0,9.5,279.95
SEC-MTJ-AGC,54.0,120.0,45.0,4.2,106.7,10.1,20,4,1.207,1.105,0,120.0,0,10.1,40.08
SEC-BTE-MTJ,35.0,100.0,48.0,4.8,91.1,19.3,19,1,1.0,1.402,0,100.0,0,19.3,23.54
SEC-KOTA-SWM,108.0,130.0,58.0,6.2,124.1,0.6,16,3,1.0,1.125,0,130.0,0,0.6,54.96
SEC-GGC-BTE,120.0,110.0,98.0,9.4,90.8,1.2,2,3,1.0,1.082,0,110.0,0,1.2,78.18
SEC-GGC-BTE,120.0,110.0,98.0,9.4,103.2,1.1,21,0,1.0,1.27,0,110.0,0,1.1,106.67
SEC-GGC-BTE,120.0,110.0,98.0,9.4,106.9,8.5,2,1,1.0,1.141,0,110.0,1,8.5,101.43
SEC-SWM-GGC,64.0,120.0,48.0,5.1,60.0,8.8,7,6,1.0,1.043,1,60.0,0,8.8,65.84
SEC-NDLS-KOTA,465.0,130.0,275.0,14.5,105.6,7.1,21,5,1.0,1.278,0,130.0,0,7.1,322.1
SEC-GGC-BTE,120.0,110.0,98.0,9.4,45.0,9.3,4,6,1.0,1.065,1,45.0,0,9.3,179.06
SEC-BTE-MTJ,35.0,100.0,48.0,4.8,81.1,21.2,3,5,1.0,1.073,0,100.0,0,21.2,19.98
SEC-MTJ-AGC,54.0,120.0,45.0,4.2,103.5,1.4,17,3,1.0,1.136,0,120.0,0,1.4,40.54
SEC-NDLS-KOTA,465.0,130.0,275.0,14.5,119.4,5.2,19,6,1.0,1.189,0,130.0,0,5.2,287.97
SEC-SWM-GGC,64.0,120.0,48.0,5.1,112.0,4.5,10,6,1.0,1.554,0,120.0,0,4.5,56.46
SEC-MTJ-AGC,54.0,120.0,45.0,4.2,99.8,0.9,7,4,1.124,1.166,0,120.0,0,0.9,38.1
SEC-GGC-BTE,120.0,110.0,98.0,9.4,107.8,10.7,4,6,1.0,1.021,0,110.0,0,10.7,66.4
SEC-BTE-MTJ,35.0,100.0,48.0,4.8,30.0,13.6,20,0,1.0,1.23,1,30.0,0,13.6,101.21
SEC-NDLS-KOTA,465.0,130.0,275.0,14.5,119.8,15.0,19,2,1.0,1.268,0,130.0,0,15.0,289.01
SEC-SWM-GGC,64.0,120.0,48.0,5.1,115.7,2.8,5,4,1.067,1.085,0,120.0,0,2.8,41.15
SEC-BTE-MTJ,35.0,100.0,48.0,4.8,82.1,9.9,19,3,1.0,1.435,0,100.0,0,9.9,33.96
SEC-SWM-GGC,64.0,120.0,48.0,5.1,93.7,1.3,17,5,1.0,1.146,0,120.0,0,1.3,47.12
SEC-GGC-BTE,120.0,110.0,98.0,9.4,95.5,26.1,14,3,1.0,1.133,0,110.0,0,26.1,96.26
SEC-KOTA-SWM,108.0,130.0,58.0,6.2,119.0,2.0,4,2,1.0,1.15,0,130.0,0,2.0,65.37
SEC-GGC-BTE,120.0,110.0,98.0,9.4,86.3,19.3,6,3,1.0,1.035,0,110.0,1,19.3,116.35
SEC-GGC-BTE,120.0,110.0,98.0,9.4,107.4,0.8,11,6,1.0,1.206,0,110.0,0,0.8,68.76
SEC-KOTA-SWM,108.0,130.0,58.0,6.2,105.7,15.8,19,2,1.249,1.123,0,130.0,0,15.8,77.49
SEC-BTE-MTJ,35.0,100.0,48.0,4.8,98.3,1.5,21,1,1.0,1.318,0,100.0,0,1.5,28.73
SEC-BTE-MTJ,35.0,100.0,48.0,4.8,45.0,8.3,18,5,1.0,1.118,1,45.0,0,8.3,64.42
SEC-NDLS-KOTA,465.0,130.0,275.0,14.5,123.9,6.9,14,4,1.0,1.102,0,130.0,0,6.9,252.66
SEC-NDLS-KOTA,465.0,130.0,275.0,14.5,121.5,5.2,9,4,1.0,1.138,0,130.0,0,5.2,253.73
SEC-SWM-GGC,64.0,120.0,48.0,5.1,45.0,1.7,23,6,1.249,1.057,1,45.0,0,1.7,135.4
SEC-SWM-GGC,64.0,120.0,48.0,5.1,116.7,5.8,4,4,1.276,1.099,0,120.0,0,5.8,52.84
SEC-SWM-GGC,64.0,120.0,48.0,5.1,105.9,12.7,5,5,1.0,1.138,0,120.0,0,12.7,48.92
SEC-NDLS-KOTA,465.0,130.0,275.0,14.5,129.7,5.6,6,2,1.0,1.054,0,130.0,0,5.6,216.94
SEC-KOTA-SWM,108.0,130.0,58.0,6.2,125.0,12.9,1,3,1.051,1.143,0,130.0,0,12.9,55.85
SEC-GGC-BTE,120.0,110.0,98.0,9.4,30.0,6.8,10,0,1.0,1.209,1,30.0,0,6.8,295.53
SEC-NDLS-KOTA,465.0,130.0,275.0,14.5,121.4,4.3,19,6,1.0,1.249,0,130.0,0,4.3,271.67
SEC-SWM-GGC,64.0,120.0,48.0,5.1,30.0,15.5,13,0,1.0,1.061,1,30.0,0,15.5,152.12
SEC-KOTA-SWM,108.0,130.0,58.0,6.2,107.7,3.6,18,1,1.0,1.271,0,130.0,0,3.6,82.5
SEC-MTJ-AGC,54.0,120.0,45.0,4.2,60.0,19.2,6,4,1.0,1.047,1,60.0,0,19.2,68.01
SEC-SWM-GGC,64.0,120.0,48.0,5.1,106.7,1.5,14,2,1.288,1.112,0,120.0,0,1.5,56.84
SEC-NDLS-KOTA,465.0,130.0,275.0,14.5,103.9,5.7,22,2,1.221,1.081,0,130.0,0,5.7,348.29
SEC-MTJ-AGC,54.0,120.0,45.0,4.2,116.9,53.3,19,0,1.0,1.212,0,120.0,0,53.3,38.06
SEC-SWM-GGC,64.0,120.0,48.0,5.1,45.0,3.3,12,4,1.0,1.048,1,45.0,0,3.3,105.66
SEC-KOTA-SWM,108.0,130.0,58.0,6.2,104.2,7.1,20,4,1.0,1.405,0,130.0,0,7.1,84.1
SEC-NDLS-KOTA,465.0,130.0,275.0,14.5,121.6,10.9,18,0,1.0,1.147,0,130.0,0,10.9,246.09
SEC-KOTA-SWM,108.0,130.0,58.0,6.2,30.0,16.7,9,0,1.0,1.368,1,30.0,0,16.7,293.12
SEC-MTJ-AGC,54.0,120.0,45.0,4.2,97.6,0.3,8,6,1.0,1.332,0,120.0,0,0.3,43.52
SEC-SWM-GGC,64.0,120.0,48.0,5.1,117.9,1.4,3,3,1.0,1.073,0,120.0,0,1.4,36.84
SEC-SWM-GGC,64.0,120.0,48.0,5.1,104.4,5.8,22,5,1.0,1.178,0,120.0,0,5.8,52.48
SEC-MTJ-AGC,54.0,120.0,45.0,4.2,111.7,3.7,14,0,1.0,1.046,0,120.0,0,3.7,32.24
SEC-BTE-MTJ,35.0,100.0,48.0,4.8,88.2,8.1,5,0,1.146,1.113,0,100.0,0,8.1,25.82
SEC-BTE-MTJ,35.0,100.0,48.0,4.8,96.9,15.2,5,1,1.0,1.116,0,100.0,0,15.2,24.93
SEC-MTJ-AGC,54.0,120.0,45.0,4.2,30.0,29.4,2,5,1.141,1.142,1,30.0,0,29.4,159.85
SEC-BTE-MTJ,35.0,100.0,48.0,4.8,86.1,10.5,7,3,1.253,1.149,0,100.0,0,10.5,32.97
SEC-KOTA-SWM,108.0,130.0,58.0,6.2,107.5,2.4,21,6,1.0,1.293,0,130.0,0,2.4,65.59
SEC-GGC-BTE,120.0,110.0,98.0,9.4,97.3,27.6,9,2,1.0,1.193,0,110.0,0,27.6,86.88
SEC-GGC-BTE,120.0,110.0,98.0,9.4,89.4,15.7,22,1,1.0,1.088,0,110.0,0,15.7,78.59
SEC-NDLS-KOTA,465.0,130.0,275.0,14.5,125.5,4.3,21,1,1.0,1.127,0,130.0,0,4.3,224.67
SEC-KOTA-SWM,108.0,130.0,58.0,6.2,105.8,37.3,2,3,1.0,1.129,0,130.0,0,37.3,82.67
SEC-MTJ-AGC,54.0,120.0,45.0,4.2,91.3,3.9,0,5,1.0,1.179,0,120.0,0,3.9,46.17
SEC-GGC-BTE,120.0,110.0,98.0,9.4,96.9,48.2,19,1,1.0,1.16,0,110.0,0,48.2,82.98
SEC-NDLS-KOTA,465.0,130.0,275.0,14.5,109.1,1.0,0,3,1.143,1.155,0,130.0,0,1.0,302.6
SEC-KOTA-SWM,108.0,130.0,58.0,6.2,102.8,4.1,14,3,1.193,1.237,0,130.0,0,4.1,91.63
SEC-BTE-MTJ,35.0,100.0,48.0,4.8,86.9,17.0,21,0,1.074,1.34,0,100.0,0,17.0,37.04
SEC-MTJ-AGC,54.0,120.0,45.0,4.2,116.9,7.6,5,1,1.276,1.047,0,120.0,0,7.6,35.12
SEC-KOTA-SWM,108.0,130.0,58.0,6.2,121.3,10.0,0,0,1.0,1.141,0,130.0,0,10.0,66.82
SEC-MTJ-AGC,54.0,120.0,45.0,4.2,96.0,17.8,21,2,1.0,1.213,0,120.0,0,17.8,35.89
SEC-KOTA-SWM,108.0,130.0,58.0,6.2,117.7,3.6,0,3,1.0,1.085,0,130.0,0,3.6,49.69
SEC-BTE-MTJ,35.0,100.0,48.0,4.8,96.2,4.2,14,0,1.211,1.046,0,100.0,0,4.2,38.43
SEC-GGC-BTE,120.0,110.0,98.0,9.4,45.0,26.5,14,2,1.0,1.138,1,45.0,0,26.5,188.45
SEC-BTE-MTJ,35.0,100.0,48.0,4.8,94.3,14.6,7,4,1.0,1.188,0,100.0,0,14.6,20.05
SEC-SWM-GGC,64.0,120.0,48.0,5.1,117.6,1.1,3,5,1.0,1.153,0,120.0,0,1.1,30.4
SEC-NDLS-KOTA,465.0,130.0,275.0,14.5,105.9,3.2,4,6,1.107,1.076,0,130.0,0,3.2,287.75
SEC-GGC-BTE,120.0,110.0,98.0,9.4,45.0,6.5,10,2,1.094,1.219,1,45.0,0,6.5,233.13
SEC-NDLS-KOTA,465.0,130.0,275.0,14.5,102.3,3.2,15,6,1.0,1.149,0,130.0,0,3.2,279.3
SEC-KOTA-SWM,108.0,130.0,58.0,6.2,30.0,21.9,22,0,1.061,1.072,1,30.0,0,21.9,266.24
SEC-BTE-MTJ,35.0,100.0,48.0,4.8,45.0,3.3,19,1,1.0,1.263,1,45.0,0,3.3,64.77
SEC-KOTA-SWM,108.0,130.0,58.0,6.2,123.8,1.6,6,2,1.0,1.049,0,130.0,0,1.6,62.13
SEC-BTE-MTJ,35.0,100.0,48.0,4.8,79.5,13.5,11,3,1.279,1.04,0,100.0,1,13.5,54.99
SEC-BTE-MTJ,35.0,100.0,48.0,4.8,60.0,44.1,23,2,1.054,1.144,1,60.0,0,44.1,40.47
SEC-SWM-GGC,64.0,120.0,48.0,5.1,107.1,28.2,15,2,1.298,1.044,0,120.0,0,28.2,55.47
SEC-BTE-MTJ,35.0,100.0,48.0,4.8,92.5,3.5,22,6,1.0,1.17,0,100.0,0,3.5,22.39
SEC-SWM-GGC,64.0,120.0,48.0,5.1,91.8,0.8,17,3,1.243,1.346,0,120.0,0,0.8,72.0
SEC-MTJ-AGC,54.0,120.0,45.0,4.2,111.4,3.5,10,5,1.0,1.321,0,120.0,0,3.5,38.23
SEC-SWM-GGC,64.0,120.0,48.0,5.1,98.0,1.6,1,3,1.0,1.011,0,120.0,0,1.6,32.59
SEC-SWM-GGC,64.0,120.0,48.0,5.1,101.0,20.4,2,0,1.0,1.103,0,120.0,0,20.4,52.95
SEC-SWM-GGC,64.0,120.0,48.0,5.1,99.7,14.7,13,4,1.0,1.038,0,120.0,0,14.7,44.23
SEC-BTE-MTJ,35.0,100.0,48.0,4.8,93.7,2.3,15,4,1.0,1.188,0,100.0,0,2.3,28.62
SEC-SWM-GGC,64.0,120.0,48.0,5.1,60.0,37.0,22,3,1.0,1.044,1,60.0,0,37.0,66.95
SEC-KOTA-SWM,108.0,130.0,58.0,6.2,120.1,3.3,16,2,1.0,1.025,0,130.0,0,3.3,64.44
SEC-SWM-GGC,64.0,120.0,48.0,5.1,110.7,5.5,0,6,1.053,1.135,0,120.0,1,5.5,58.99
SEC-KOTA-SWM,108.0,130.0,58.0,6.2,122.7,12.5,10,1,1.0,1.195,0,130.0,0,12.5,69.68
SEC-KOTA-SWM,108.0,130.0,58.0,6.2,112.0,1.9,18,6,1.0,1.201,0,130.0,0,1.9,61.98
SEC-KOTA-SWM,108.0,130.0,58.0,6.2,108.7,27.3,15,3,1.0,1.185,0,130.0,1,27.3,70.19
SEC-SWM-GGC,64.0,120.0,48.0,5.1,60.0,0.3,18,6,1.0,1.23,1,60.0,1,0.3,79.91
SEC-SWM-GGC,64.0,120.0,48.0,5.1,99.3,0.2,8,2,1.095,1.265,0,120.0,0,0.2,50.97
SEC-SWM-GGC,64.0,120.0,48.0,5.1,109.6,19.5,7,5,1.173,1.107,0,120.0,0,19.5,42.41
SEC-MTJ-AGC,54.0,120.0,45.0,4.2,98.6,65.9,19,5,1.0,1.436,0,120.0,0,65.9,44.0
SEC-MTJ-AGC,54.0,120.0,45.0,4.2,60.0,0.4,20,4,1.0,1.114,1,60.0,0,0.4,62.19
SEC-SWM-GGC,64.0,120.0,48.0,5.1,114.5,10.9,2,1,1.245,1.117,0,120.0,1,10.9,49.52
SEC-GGC-BTE,120.0,110.0,98.0,9.4,96.3,6.2,21,2,1.119,1.121,0,110.0,0,6.2,81.77
SEC-SWM-GGC,64.0,120.0,48.0,5.1,101.9,3.9,19,3,1.0,1.18,0,120.0,1,3.9,61.91
SEC-MTJ-AGC,54.0,120.0,45.0,4.2,92.7,11.7,3,6,1.0,1.057,0,120.0,0,11.7,29.23
SEC-SWM-GGC,64.0,120.0,48.0,5.1,111.6,0.8,19,6,1.0,1.515,0,120.0,0,0.8,49.82
SEC-MTJ-AGC,54.0,120.0,45.0,4.2,113.7,7.8,8,0,1.0,1.363,0,120.0,0,7.8,33.32
SEC-BTE-MTJ,35.0,100.0,48.0,4.8,83.2,2.9,6,2,1.192,1.118,0,100.0,0,2.9,34.02
SEC-KOTA-SWM,108.0,130.0,58.0,6.2,60.0,3.9,2,0,1.0,1.042,1,60.0,0,3.9,127.53
SEC-NDLS-KOTA,465.0,130.0,275.0,14.5,128.9,12.0,16,1,1.0,1.312,0,130.0,0,12.0,251.06
SEC-NDLS-KOTA,465.0,130.0,275.0,14.5,109.0,3.0,14,4,1.0,1.192,0,130.0,1,3.0,318.05
SEC-NDLS-KOTA,465.0,130.0,275.0,14.5,99.6,1.2,10,0,1.0,1.225,0,130.0,0,1.2,318.32
SEC-GGC-BTE,120.0,110.0,98.0,9.4,90.6,3.9,0,6,1.064,1.108,0,110.0,0,3.9,91.69
SEC-NDLS-KOTA,465.0,130.0,275.0,14.5,127.0,6.6,21,3,1.0,1.197,0,130.0,0,6.6,273.12
SEC-SWM-GGC,64.0,120.0,48.0,5.1,105.5,9.3,3,1,1.1,1.121,0,120.0,0,9.3,56.46
SEC-BTE-MTJ,35.0,100.0,48.0,4.8,89.2,1.8,10,6,1.124,1.249,0,100.0,0,1.8,28.47
SEC-GGC-BTE,120.0,110.0,98.0,9.4,108.1,10.6,14,5,1.0,1.1,0,110.0,0,10.6,93.39
SEC-KOTA-SWM,108.0,130.0,58.0,6.2,45.0,8.7,13,4,1.098,1.132,1,45.0,0,8.7,191.36
SEC-SWM-GGC,64.0,120.0,48.0,5.1,60.0,3.8,19,0,1.0,1.159,1,60.0,0,3.8,74.61
SEC-NDLS-KOTA,465.0,130.0,275.0,14.5,119.5,16.6,0,0,1.0,1.059,0,130.0,0,16.6,249.8
SEC-BTE-MTJ,35.0,100.0,48.0,4.8,86.6,1.5,8,2,1.17,1.484,0,100.0,0,1.5,33.51
SEC-GGC-BTE,120.0,110.0,98.0,9.4,102.3,13.7,6,5,1.0,1.098,0,110.0,0,13.7,76.5
SEC-MTJ-AGC,54.0,120.0,45.0,4.2,98.5,0.1,21,3,1.0,1.36,0,120.0,0,0.1,45.98
SEC-MTJ-AGC,54.0,120.0,45.0,4.2,107.7,1.9,8,4,1.0,1.44,0,120.0,0,1.9,41.76
SEC-MTJ-AGC,54.0,120.0,45.0,4.2,60.0,0.9,16,3,1.089,1.18,1,60.0,1,0.9,96.27
SEC-MTJ-AGC,54.0,120.0,45.0,4.2,114.6,12.4,22,5,1.0,1.133,0,120.0,0,12.4,37.02
SEC-SWM-GGC,64.0,120.0,48.0,5.1,30.0,7.1,21,1,1.0,1.258,1,30.0,0,7.1,171.52
SEC-GGC-BTE,120.0,110.0,98.0,9.4,94.5,26.8,0,5,1.0,1.189,0,110.0,1,26.8,107.65
SEC-BTE-MTJ,35.0,100.0,48.0,4.8,94.6,7.0,13,1,1.0,1.056,0,100.0,0,7.0,20.27
SEC-NDLS-KOTA,465.0,130.0,275.0,14.5,105.8,18.3,16,5,1.0,1.217,0,130.0,0,18.3,268.19
SEC-KOTA-SWM,108.0,130.0,58.0,6.2,110.9,9.6,5,0,1.0,1.062,0,130.0,0,9.6,53.23
SEC-SWM-GGC,64.0,120.0,48.0,5.1,96.9,10.5,3,4,1.0,1.189,0,120.0,0,10.5,44.26
SEC-SWM-GGC,64.0,120.0,48.0,5.1,99.9,9.9,18,2,1.0,1.273,0,120.0,1,9.9,63.57
SEC-KOTA-SWM,108.0,130.0,58.0,6.2,98.2,5.5,21,6,1.0,1.239,0,130.0,1,5.5,104.07
SEC-MTJ-AGC,54.0,120.0,45.0,4.2,30.0,8.0,5,4,1.0,1.006,1,30.0,0,8.0,129.04
SEC-BTE-MTJ,35.0,100.0,48.0,4.8,88.4,6.9,20,6,1.194,1.283,0,100.0,0,6.9,29.69
SEC-GGC-BTE,120.0,110.0,98.0,9.4,84.1,2.3,15,5,1.0,1.113,0,110.0,0,2.3,96.7
SEC-NDLS-KOTA,465.0,130.0,275.0,14.5,110.9,20.6,10,5,1.0,1.35,0,130.0,0,20.6,305.75
SEC-KOTA-SWM,108.0,130.0,58.0,6.2,114.6,1.1,7,1,1.282,1.021,0,130.0,0,1.1,72.45
SEC-KOTA-SWM,108.0,130.0,58.0,6.2,102.3,22.6,1,0,1.0,1.012,0,130.0,0,22.6,60.5
SEC-BTE-MTJ,35.0,100.0,48.0,4.8,92.9,0.7,13,4,1.0,1.136,0,100.0,0,0.7,26.74
SEC-GGC-BTE,120.0,110.0,98.0,9.4,60.0,4.1,0,5,1.0,1.007,1,60.0,0,4.1,126.8
SEC-KOTA-SWM,108.0,130.0,58.0,6.2,127.5,44.7,8,0,1.0,1.248,0,130.0,0,44.7,84.84
SEC-SWM-GGC,64.0,120.0,48.0,5.1,60.0,2.6,21,6,1.0,1.348,1,60.0,0,2.6,90.86
SEC-KOTA-SWM,108.0,130.0,58.0,6.2,101.1,13.9,23,2,1.0,1.258,0,130.0,0,13.9,81.44
SEC-BTE-MTJ,35.0,100.0,48.0,4.8,75.1,32.8,12,4,1.271,1.096,0,100.0,0,32.8,39.81
SEC-KOTA-SWM,108.0,130.0,58.0,6.2,100.9,17.2,18,0,1.1,1.281,0,130.0,0,17.2,77.71
SEC-SWM-GGC,64.0,120.0,48.0,5.1,115.0,6.1,8,5,1.251,1.276,0,120.0,0,6.1,62.55
SEC-SWM-GGC,64.0,120.0,48.0,5.1,98.4,1.5,9,3,1.137,1.316,0,120.0,0,1.5,63.85
SEC-SWM-GGC,64.0,120.0,48.0,5.1,111.3,14.4,9,1,1.0,1.315,0,120.0,0,14.4,49.12
SEC-SWM-GGC,64.0,120.0,48.0,5.1,90.6,2.6,18,0,1.27,1.071,0,120.0,0,2.6,68.12
SEC-SWM-GGC,64.0,120.0,48.0,5.1,112.3,28.5,8,2,1.0,1.272,0,120.0,0,28.5,60.01
SEC-MTJ-AGC,54.0,120.0,45.0,4.2,99.6,4.2,10,1,1.0,1.365,0,120.0,0,4.2,32.0
SEC-MTJ-AGC,54.0,120.0,45.0,4.2,102.0,5.7,12,2,1.0,1.027,0,120.0,0,5.7,36.25
SEC-NDLS-KOTA,465.0,130.0,275.0,14.5,102.3,28.8,8,1,1.166,1.127,0,130.0,0,28.8,336.47
SEC-BTE-MTJ,35.0,100.0,48.0,4.8,81.3,6.4,3,1,1.056,1.123,0,100.0,0,6.4,23.05
SEC-SWM-GGC,64.0,120.0,48.0,5.1,91.5,14.2,16,1,1.0,1.016,0,120.0,0,14.2,39.37
SEC-MTJ-AGC,54.0,120.0,45.0,4.2,118.6,12.8,14,5,1.0,1.082,0,120.0,0,12.8,41.61
SEC-NDLS-KOTA,465.0,130.0,275.0,14.5,122.7,4.2,5,2,1.218,1.044,0,130.0,1,4.2,289.03
SEC-BTE-MTJ,35.0,100.0,48.0,4.8,45.0,2.7,21,1,1.0,1.161,1,45.0,0,2.7,75.79
SEC-GGC-BTE,120.0,110.0,98.0,9.4,107.7,2.6,4,0,1.0,1.153,0,110.0,0,2.6,78.41
SEC-GGC-BTE,120.0,110.0,98.0,9.4,104.0,4.3,1,5,1.0,1.013,0,110.0,0,4.3,62.18
SEC-BTE-MTJ,35.0,100.0,48.0,4.8,84.1,4.5,17,5,1.0,1.098,0,100.0,0,4.5,21.78
SEC-SWM-GGC,64.0,120.0,48.0,5.1,93.2,2.6,5,0,1.254,1.046,0,120.0,0,2.6,55.13
SEC-MTJ-AGC,54.0,120.0,45.0,4.2,113.1,7.3,14,2,1.0,1.084,0,120.0,0,7.3,26.68
SEC-GGC-BTE,120.0,110.0,98.0,9.4,89.1,20.0,7,1,1.196,1.024,0,110.0,0,20.0,105.79
SEC-NDLS-KOTA,465.0,130.0,275.0,14.5,119.6,8.7,23,0,1.0,1.015,0,130.0,0,8.7,227.23
SEC-BTE-MTJ,35.0,100.0,48.0,4.8,96.1,9.9,16,5,1.0,1.106,0,100.0,0,9.9,33.86
SEC-BTE-MTJ,35.0,100.0,48.0,4.8,60.0,26.9,19,2,1.0,1.196,1,60.0,0,26.9,47.8
SEC-NDLS-KOTA,465.0,130.0,275.0,14.5,119.9,0.3,13,2,1.0,1.116,0,130.0,0,0.3,235.9
SEC-SWM-GGC,64.0,120.0,48.0,5.1,104.1,7.3,10,1,1.052,1.26,0,120.0,0,7.3,43.95
SEC-MTJ-AGC,54.0,120.0,45.0,4.2,30.0,16.2,3,6,1.0,1.121,1,30.0,0,16.2,133.47
SEC-MTJ-AGC,54.0,120.0,45.0,4.2,105.8,14.3,6,1,1.0,1.044,0,120.0,0,14.3,36.27
SEC-NDLS-KOTA,465.0,130.0,275.0,14.5,100.7,3.9,0,4,1.0,1.074,0,130.0,0,3.9,296.4
SEC-NDLS-KOTA,465.0,130.0,275.0,14.5,120.6,3.3,12,1,1.0,1.047,0,130.0,0,3.3,249.47
SEC-MTJ-AGC,54.0,120.0,45.0,4.2,45.0,1.7,21,3,1.134,1.257,1,45.0,0,1.7,105.94
SEC-BTE-MTJ,35.0,100.0,48.0,4.8,30.0,4.5,23,0,1.298,1.108,1,30.0,1,4.5,132.11
SEC-SWM-GGC,64.0,120.0,48.0,5.1,91.2,2.7,15,4,1.119,1.11,0,120.0,0,2.7,50.71
SEC-NDLS-KOTA,465.0,130.0,275.0,14.5,60.0,1.2,1,1,1.0,1.04,1,60.0,0,1.2,508.89
SEC-GGC-BTE,120.0,110.0,98.0,9.4,100.1,5.9,5,2,1.0,1.032,0,110.0,0,5.9,62.18
SEC-GGC-BTE,120.0,110.0,98.0,9.4,30.0,4.7,18,4,1.0,1.335,1,30.0,0,4.7,323.71
SEC-NDLS-KOTA,465.0,130.0,275.0,14.5,99.7,5.7,2,6,1.0,1.058,0,130.0,0,5.7,303.05
SEC-GGC-BTE,120.0,110.0,98.0,9.4,93.5,4.3,11,6,1.209,1.264,0,110.0,0,4.3,125.52
SEC-SWM-GGC,64.0,120.0,48.0,5.1,102.4,7.8,8,2,1.209,1.274,0,120.0,0,7.8,54.28
SEC-NDLS-KOTA,465.0,130.0,275.0,14.5,30.0,10.1,21,6,1.0,1.484,1,30.0,0,10.1,1288.98
SEC-NDLS-KOTA,465.0,130.0,275.0,14.5,111.4,6.3,0,0,1.0,1.201,0,130.0,0,6.3,296.32
SEC-GGC-BTE,120.0,110.0,98.0,9.4,108.2,15.6,9,1,1.0,1.22,0,110.0,0,15.6,84.1
SEC-GGC-BTE,120.0,110.0,98.0,9.4,94.3,9.6,20,6,1.073,1.235,0,110.0,0,9.6,110.78
SEC-SWM-GGC,64.0,120.0,48.0,5.1,95.2,2.1,16,0,1.1,1.032,0,120.0,1,2.1,64.32
SEC-KOTA-SWM,108.0,130.0,58.0,6.2,45.0,5.9,18,6,1.0,1.222,1,45.0,0,5.9,187.93
SEC-KOTA-SWM,108.0,130.0,58.0,6.2,60.0,16.2,10,6,1.0,1.171,1,60.0,0,16.2,152.07
SEC-MTJ-AGC,54.0,120.0,45.0,4.2,45.0,12.5,2,0,1.0,1.186,1,45.0,1,12.5,113.48
SEC-GGC-BTE,120.0,110.0,98.0,9.4,107.7,1.5,21,2,1.0,1.317,0,110.0,0,1.5,95.17
SEC-KOTA-SWM,108.0,130.0,58.0,6.2,98.7,2.9,18,1,1.0,1.348,0,130.0,0,2.9,82.31
SEC-MTJ-AGC,54.0,120.0,45.0,4.2,92.8,2.8,21,2,1.0,1.261,0,120.0,1,2.8,50.81
SEC-SWM-GGC,64.0,120.0,48.0,5.1,109.1,2.6,11,2,1.073,1.317,0,120.0,1,2.6,70.42
SEC-KOTA-SWM,108.0,130.0,58.0,6.2,106.9,4.1,11,5,1.295,1.241,0,130.0,0,4.1,96.97
SEC-GGC-BTE,120.0,110.0,98.0,9.4,85.5,6.3,5,2,1.0,1.149,0,110.0,0,6.3,97.85
SEC-KOTA-SWM,108.0,130.0,58.0,6.2,45.0,9.6,13,5,1.0,1.081,1,45.0,0,9.6,170.9
SEC-SWM-GGC,64.0,120.0,48.0,5.1,30.0,0.3,11,6,1.0,1.321,1,30.0,0,0.3,181.18
SEC-MTJ-AGC,54.0,120.0,45.0,4.2,96.0,13.6,1,2,1.0,1.114,0,120.0,0,13.6,40.19
SEC-SWM-GGC,64.0,120.0,48.0,5.1,102.4,4.6,19,3,1.0,1.412,0,120.0,0,4.6,50.09
SEC-MTJ-AGC,54.0,120.0,45.0,4.2,98.7,1.8,12,0,1.0,1.141,0,120.0,0,1.8,41.42
SEC-BTE-MTJ,35.0,100.0,48.0,4.8,76.3,2.7,15,1,1.0,1.115,0,100.0,0,2.7,24.53
SEC-SWM-GGC,64.0,120.0,48.0,5.1,92.3,1.1,7,4,1.0,1.02,0,120.0,1,1.1,52.77
SEC-MTJ-AGC,54.0,120.0,45.0,4.2,113.3,30.1,23,5,1.0,1.083,0,120.0,0,30.1,43.43
SEC-MTJ-AGC,54.0,120.0,45.0,4.2,116.4,13.4,8,1,1.067,1.234,0,120.0,0,13.4,38.68
SEC-BTE-MTJ,35.0,100.0,48.0,4.8,80.3,11.2,13,6,1.0,1.043,0,100.0,0,11.2,28.68
SEC-MTJ-AGC,54.0,120.0,45.0,4.2,103.3,20.3,23,2,1.131,1.115,0,120.0,0,20.3,36.51
SEC-SWM-GGC,64.0,120.0,48.0,5.1,113.9,3.0,8,5,1.0,1.477,0,120.0,0,3.0,46.28
SEC-MTJ-AGC,54.0,120.0,45.0,4.2,99.3,0.2,15,2,1.0,1.082,0,120.0,0,0.2,38.05
SEC-MTJ-AGC,54.0,120.0,45.0,4.2,115.5,0.5,1,5,1.062,1.195,0,120.0,0,0.5,32.33
SEC-GGC-BTE,120.0,110.0,98.0,9.4,104.6,15.3,10,3,1.0,1.326,0,110.0,0,15.3,85.59
SEC-MTJ-AGC,54.0,120.0,45.0,4.2,105.9,1.6,14,4,1.098,1.134,0,120.0,0,1.6,37.96
SEC-KOTA-SWM,108.0,130.0,58.0,6.2,123.1,12.6,10,1,1.0,1.221,0,130.0,0,12.6,58.31
SEC-GGC-BTE,120.0,110.0,98.0,9.4,93.9,28.3,14,4,1.0,1.193,0,110.0,0,28.3,86.4
SEC-BTE-MTJ,35.0,100.0,48.0,4.8,45.0,3.5,7,5,1.262,1.129,1,45.0,0,3.5,85.33
SEC-MTJ-AGC,54.0,120.0,45.0,4.2,45.0,30.7,20,4,1.0,1.26,1,45.0,0,30.7,98.64
SEC-NDLS-KOTA,465.0,130.0,275.0,14.5,118.9,19.6,23,1,1.0,1.081,0,130.0,0,19.6,237.03
SEC-KOTA-SWM,108.0,130.0,58.0,6.2,121.5,14.8,10,0,1.066,1.22,0,130.0,0,14.8,72.32
SEC-SWM-GGC,64.0,120.0,48.0,5.1,105.6,19.2,6,6,1.0,1.199,0,120.0,0,19.2,49.3
SEC-NDLS-KOTA,465.0,130.0,275.0,14.5,101.5,0.7,2,2,1.0,1.099,0,130.0,0,0.7,301.74
SEC-GGC-BTE,120.0,110.0,98.0,9.4,96.0,19.4,5,5,1.0,1.013,0,110.0,0,19.4,73.1
SEC-GGC-BTE,120.0,110.0,98.0,9.4,88.4,10.3,10,4,1.267,1.177,0,110.0,0,10.3,144.01
SEC-MTJ-AGC,54.0,120.0,45.0,4.2,110.5,5.2,23,6,1.08,1.006,0,120.0,0,5.2,45.82
SEC-NDLS-KOTA,465.0,130.0,275.0,14.5,120.6,2.1,14,0,1.052,1.214,0,130.0,0,2.1,282.56
SEC-GGC-BTE,120.0,110.0,98.0,9.4,92.2,19.9,0,4,1.0,1.016,0,110.0,0,19.9,70.63
SEC-GGC-BTE,120.0,110.0,98.0,9.4,91.7,23.5,15,6,1.0,1.049,0,110.0,0,23.5,87.65
SEC-BTE-MTJ,35.0,100.0,48.0,4.8,45.0,36.8,4,3,1.0,1.029,1,45.0,0,36.8,69.22
SEC-GGC-BTE,120.0,110.0,98.0,9.4,99.1,14.6,20,4,1.244,1.263,0,110.0,0,14.6,107.43
SEC-BTE-MTJ,35.0,100.0,48.0,4.8,85.1,2.0,22,3,1.0,1.027,0,100.0,0,2.0,20.37
SEC-MTJ-AGC,54.0,120.0,45.0,4.2,30.0,6.3,12,3,1.0,1.08,1,30.0,0,6.3,137.45
SEC-SWM-GGC,64.0,120.0,48.0,5.1,30.0,26.2,7,6,1.0,1.076,1,30.0,0,26.2,163.78
SEC-KOTA-SWM,108.0,130.0,58.0,6.2,117.4,47.8,4,5,1.0,1.085,0,130.0,0,47.8,79.8
SEC-BTE-MTJ,35.0,100.0,48.0,4.8,97.4,1.7,1,2,1.0,1.131,0,100.0,0,1.7,25.46
SEC-NDLS-KOTA,465.0,130.0,275.0,14.5,111.6,5.1,17,0,1.0,1.218,0,130.0,0,5.1,265.99
SEC-NDLS-KOTA,465.0,130.0,275.0,14.5,121.4,8.1,0,6,1.0,1.15,0,130.0,0,8.1,252.94
SEC-NDLS-KOTA,465.0,130.0,275.0,14.5,127.1,3.6,1,6,1.223,1.154,0,130.0,0,3.6,313.43
SEC-GGC-BTE,120.0,110.0,98.0,9.4,30.0,12.9,7,6,1.0,1.215,1,30.0,0,12.9,300.09
SEC-SWM-GGC,64.0,120.0,48.0,5.1,108.3,10.0,4,4,1.172,1.186,0,120.0,0,10.0,44.43
SEC-KOTA-SWM,108.0,130.0,58.0,6.2,116.0,23.6,3,0,1.062,1.017,0,130.0,0,23.6,61.84
SEC-SWM-GGC,64.0,120.0,48.0,5.1,30.0,2.9,19,3,1.0,1.436,1,30.0,0,2.9,190.44
SEC-KOTA-SWM,108.0,130.0,58.0,6.2,102.2,11.7,22,0,1.099,1.154,0,130.0,0,11.7,87.7
SEC-SWM-GGC,64.0,120.0,48.0,5.1,105.2,4.8,20,4,1.0,1.245,0,120.0,0,4.8,40.55
SEC-SWM-GGC,64.0,120.0,48.0,5.1,114.1,1.2,0,1,1.0,1.084,0,120.0,0,1.2,30.4
SEC-KOTA-SWM,108.0,130.0,58.0,6.2,45.0,6.0,7,2,1.0,1.07,1,45.0,0,6.0,162.82
SEC-GGC-BTE,120.0,110.0,98.0,9.4,100.0,3.1,15,0,1.116,1.062,0,110.0,0,3.1,62.18
SEC-GGC-BTE,120.0,110.0,98.0,9.4,95.8,2.3,2,5,1.0,1.042,0,110.0,0,2.3,86.95
SEC-BTE-MTJ,35.0,100.0,48.0,4.8,81.5,5.3,13,3,1.0,1.143,0,100.0,0,5.3,32.83
SEC-BTE-MTJ,35.0,100.0,48.0,4.8,87.2,2.3,5,1,1.0,1.128,0,100.0,1,2.3,34.75
SEC-BTE-MTJ,35.0,100.0,48.0,4.8,84.9,7.3,1,0,1.248,1.083,0,100.0,0,7.3,29.88
SEC-MTJ-AGC,54.0,120.0,45.0,4.2,114.4,3.4,18,3,1.0,1.171,0,120.0,0,3.4,33.29
SEC-BTE-MTJ,35.0,100.0,48.0,4.8,84.7,1.2,12,0,1.0,1.06,0,100.0,0,1.2,29.91
SEC-MTJ-AGC,54.0,120.0,45.0,4.2,60.0,6.4,9,6,1.0,1.294,1,60.0,1,6.4,91.17
SEC-GGC-BTE,120.0,110.0,98.0,9.4,102.7,20.2,3,3,1.0,1.072,0,110.0,0,20.2,107.13
SEC-SWM-GGC,64.0,120.0,48.0,5.1,100.5,2.1,20,4,1.135,1.394,0,120.0,0,2.1,51.99
SEC-GGC-BTE,120.0,110.0,98.0,9.4,105.6,6.0,22,0,1.0,1.024,0,110.0,0,6.0,84.05
SEC-KOTA-SWM,108.0,130.0,58.0,6.2,128.5,1.5,8,1,1.0,1.315,0,130.0,0,1.5,59.8
SEC-BTE-MTJ,35.0,100.0,48.0,4.8,91.2,2.4,14,6,1.0,1.063,0,100.0,0,2.4,22.99
SEC-GGC-BTE,120.0,110.0,98.0,9.4,96.2,5.8,13,2,1.0,1.148,0,110.0,0,5.8,85.26
SEC-SWM-GGC,64.0,120.0,48.0,5.1,91.4,25.3,19,6,1.106,1.253,0,120.0,0,25.3,65.02
SEC-NDLS-KOTA,465.0,130.0,275.0,14.5,60.0,1.6,6,5,1.0,1.048,1,60.0,0,1.6,488.31
SEC-GGC-BTE,120.0,110.0,98.0,9.4,101.5,21.5,13,2,1.118,1.272,0,110.0,0,21.5,97.34
SEC-BTE-MTJ,35.0,100.0,48.0,4.8,79.3,8.3,17,1,1.192,1.502,0,100.0,0,8.3,42.74
SEC-SWM-GGC,64.0,120.0,48.0,5.1,97.9,32.4,23,1,1.0,1.101,0,120.0,0,32.4,44.52
SEC-BTE-MTJ,35.0,100.0,48.0,4.8,76.8,15.4,19,5,1.119,1.307,0,100.0,0,15.4,38.42
SEC-MTJ-AGC,54.0,120.0,45.0,4.2,111.4,14.9,4,5,1.0,1.032,0,120.0,0,14.9,26.37
SEC-BTE-MTJ,35.0,100.0,48.0,4.8,99.6,0.6,0,0,1.0,1.127,0,100.0,0,0.6,20.9
SEC-BTE-MTJ,35.0,100.0,48.0,4.8,79.9,15.5,2,2,1.0,1.13,0,100.0,1,15.5,40.64
SEC-NDLS-KOTA,465.0,130.0,275.0,14.5,126.6,13.3,2,2,1.0,1.007,0,130.0,0,13.3,233.48
SEC-KOTA-SWM,108.0,130.0,58.0,6.2,116.4,30.7,2,2,1.0,1.168,0,130.0,0,30.7,74.27
SEC-MTJ-AGC,54.0,120.0,45.0,4.2,114.3,4.5,12,2,1.0,1.07,0,120.0,0,4.5,32.94
SEC-GGC-BTE,120.0,110.0,98.0,9.4,101.8,7.8,20,2,1.0,1.23,0,110.0,0,7.8,71.27
SEC-KOTA-SWM,108.0,130.0,58.0,6.2,60.0,2.8,3,6,1.058,1.147,1,60.0,0,2.8,150.69
SEC-NDLS-KOTA,465.0,130.0,275.0,14.5,102.9,4.5,1,0,1.0,1.107,0,130.0,0,4.5,292.09
SEC-KOTA-SWM,108.0,130.0,58.0,6.2,112.6,2.9,14,3,1.0,1.038,0,130.0,0,2.9,65.93
SEC-BTE-MTJ,35.0,100.0,48.0,4.8,78.7,5.2,9,1,1.0,1.235,0,100.0,0,5.2,32.6
SEC-MTJ-AGC,54.0,120.0,45.0,4.2,115.7,0.6,16,1,1.0,1.166,0,120.0,0,0.6,37.37
SEC-GGC-BTE,120.0,110.0,98.0,9.4,104.7,3.5,13,5,1.0,1.062,0,110.0,1,3.5,95.79
SEC-MTJ-AGC,54.0,120.0,45.0,4.2,99.2,5.4,1,3,1.0,1.105,0,120.0,0,5.4,42.11
SEC-GGC-BTE,120.0,110.0,98.0,9.4,103.5,0.9,2,2,1.0,1.135,0,110.0,0,0.9,85.75
SEC-SWM-GGC,64.0,120.0,48.0,5.1,91.8,19.8,4,4,1.0,1.167,0,120.0,0,19.8,53.19
SEC-NDLS-KOTA,465.0,130.0,275.0,14.5,115.8,1.3,9,1,1.0,1.312,0,130.0,0,1.3,306.71
SEC-MTJ-AGC,54.0,120.0,45.0,4.2,116.1,0.5,2,3,1.0,1.075,0,120.0,0,0.5,29.4
SEC-BTE-MTJ,35.0,100.0,48.0,4.8,79.8,13.1,10,2,1.096,1.349,0,100.0,0,13.1,35.66
SEC-KOTA-SWM,108.0,130.0,58.0,6.2,102.1,8.9,17,6,1.0,1.169,0,130.0,0,8.9,84.14
SEC-BTE-MTJ,35.0,100.0,48.0,4.8,85.7,0.5,15,6,1.126,1.043,0,100.0,0,0.5,29.25
SEC-BTE-MTJ,35.0,100.0,48.0,4.8,97.4,0.7,17,4,1.0,1.196,0,100.0,0,0.7,20.13
SEC-MTJ-AGC,54.0,120.0,45.0,4.2,113.1,7.5,9,0,1.0,1.088,0,120.0,0,7.5,29.89
SEC-NDLS-KOTA,465.0,130.0,275.0,14.5,116.5,0.1,9,5,1.0,1.387,0,130.0,0,0.1,332.8
SEC-GGC-BTE,120.0,110.0,98.0,9.4,109.7,5.4,14,4,1.0,1.032,0,110.0,0,5.4,73.37
SEC-MTJ-AGC,54.0,120.0,45.0,4.2,117.0,2.4,1,5,1.0,1.022,0,120.0,0,2.4,25.65
SEC-KOTA-SWM,108.0,130.0,58.0,6.2,118.8,31.5,23,3,1.0,1.146,0,130.0,0,31.5,63.31
SEC-MTJ-AGC,54.0,120.0,45.0,4.2,111.0,22.0,0,0,1.0,1.127,0,120.0,0,22.0,49.45
SEC-KOTA-SWM,108.0,130.0,58.0,6.2,119.2,3.1,19,2,1.113,1.494,0,130.0,0,3.1,88.07
SEC-KOTA-SWM,108.0,130.0,58.0,6.2,102.3,11.2,14,6,1.113,1.16,0,130.0,0,11.2,92.37
SEC-SWM-GGC,64.0,120.0,48.0,5.1,100.3,10.9,5,2,1.0,1.065,0,120.0,0,10.9,44.58
SEC-KOTA-SWM,108.0,130.0,58.0,6.2,45.0,25.0,3,5,1.105,1.068,1,45.0,0,25.0,204.1
SEC-BTE-MTJ,35.0,100.0,48.0,4.8,81.0,4.1,6,3,1.0,1.061,0,100.0,0,4.1,33.43
SEC-SWM-GGC,64.0,120.0,48.0,5.1,99.8,1.3,2,2,1.0,1.118,0,120.0,0,1.3,44.63
SEC-BTE-MTJ,35.0,100.0,48.0,4.8,45.0,2.8,15,0,1.0,1.19,1,45.0,0,2.8,55.55
SEC-KOTA-SWM,108.0,130.0,58.0,6.2,98.2,7.9,11,5,1.0,1.368,0,130.0,1,7.9,92.46
SEC-SWM-GGC,64.0,120.0,48.0,5.1,104.4,7.0,8,4,1.129,1.361,0,120.0,0,7.0,63.72
SEC-MTJ-AGC,54.0,120.0,45.0,4.2,98.0,20.3,15,1,1.0,1.087,0,120.0,0,20.3,41.86
SEC-GGC-BTE,120.0,110.0,98.0,9.4,83.2,17.1,2,6,1.0,1.026,0,110.0,0,17.1,77.61
SEC-BTE-MTJ,35.0,100.0,48.0,4.8,93.2,3.8,21,5,1.0,1.32,0,100.0,0,3.8,30.57
SEC-GGC-BTE,120.0,110.0,98.0,9.4,86.7,8.2,10,0,1.0,1.148,0,110.0,0,8.2,101.76
SEC-MTJ-AGC,54.0,120.0,45.0,4.2,95.7,5.0,18,3,1.07,1.392,0,120.0,0,5.0,48.0
SEC-GGC-BTE,120.0,110.0,98.0,9.4,87.3,0.8,19,4,1.0,1.265,0,110.0,0,0.8,82.4
SEC-SWM-GGC,64.0,120.0,48.0,5.1,105.2,15.7,23,3,1.0,1.071,0,120.0,0,15.7,47.22
SEC-BTE-MTJ,35.0,100.0,48.0,4.8,85.5,6.1,7,1,1.0,1.104,0,100.0,1,6.1,35.31
SEC-MTJ-AGC,54.0,120.0,45.0,4.2,106.2,23.6,22,4,1.0,1.176,0,120.0,0,23.6,31.47
SEC-BTE-MTJ,35.0,100.0,48.0,4.8,90.5,24.1,1,3,1.0,1.118,0,100.0,1,24.1,49.32
SEC-KOTA-SWM,108.0,130.0,58.0,6.2,120.5,2.8,5,1,1.0,1.028,0,130.0,0,2.8,59.18
SEC-KOTA-SWM,108.0,130.0,58.0,6.2,127.8,7.2,19,5,1.0,1.451,0,130.0,0,7.2,62.11
SEC-NDLS-KOTA,465.0,130.0,275.0,14.5,113.6,1.0,14,5,1.126,1.105,0,130.0,0,1.0,275.82
SEC-MTJ-AGC,54.0,120.0,45.0,4.2,118.4,4.7,21,2,1.0,1.09,0,120.0,0,4.7,25.65
SEC-KOTA-SWM,108.0,130.0,58.0,6.2,119.6,6.8,0,0,1.0,1.084,0,130.0,0,6.8,47.35
SEC-GGC-BTE,120.0,110.0,98.0,9.4,104.3,12.2,23,3,1.0,1.057,0,110.0,0,12.2,83.22
SEC-GGC-BTE,120.0,110.0,98.0,9.4,87.5,2.4,23,6,1.136,1.048,0,110.0,0,2.4,97.43
SEC-KOTA-SWM,108.0,130.0,58.0,6.2,113.3,9.2,6,6,1.0,1.101,0,130.0,0,9.2,58.51
SEC-KOTA-SWM,108.0,130.0,58.0,6.2,122.6,10.5,22,3,1.0,1.142,0,130.0,0,10.5,75.43
SEC-BTE-MTJ,35.0,100.0,48.0,4.8,85.6,5.1,12,3,1.089,1.05,0,100.0,1,5.1,48.68
SEC-SWM-GGC,64.0,120.0,48.0,5.1,99.4,19.4,0,3,1.0,1.17,0,120.0,0,19.4,43.39
SEC-MTJ-AGC,54.0,120.0,45.0,4.2,113.3,19.9,11,0,1.0,1.346,0,120.0,0,19.9,51.25
SEC-BTE-MTJ,35.0,100.0,48.0,4.8,80.7,17.7,19,3,1.0,1.458,0,100.0,0,17.7,30.45
SEC-SWM-GGC,64.0,120.0,48.0,5.1,99.3,8.2,15,2,1.092,1.069,0,120.0,0,8.2,48.88
SEC-SWM-GGC,64.0,120.0,48.0,5.1,110.0,10.2,0,5,1.084,1.109,0,120.0,0,10.2,40.55
SEC-BTE-MTJ,35.0,100.0,48.0,4.8,81.5,5.5,6,2,1.0,1.07,0,100.0,1,5.5,51.94
SEC-NDLS-KOTA,465.0,130.0,275.0,14.5,60.0,0.6,17,5,1.0,1.317,1,60.0,0,0.6,605.18
SEC-KOTA-SWM,108.0,130.0,58.0,6.2,104.8,8.6,16,4,1.0,1.051,0,130.0,0,8.6,64.35
SEC-KOTA-SWM,108.0,130.0,58.0,6.2,115.5,2.1,15,0,1.0,1.208,0,130.0,0,2.1,69.55
SEC-NDLS-KOTA,465.0,130.0,275.0,14.5,112.1,4.7,19,4,1.0,1.115,0,130.0,1,4.7,273.68
SEC-NDLS-KOTA,465.0,130.0,275.0,14.5,117.8,2.2,16,0,1.0,1.027,0,130.0,0,2.2,228.7
SEC-BTE-MTJ,35.0,100.0,48.0,4.8,80.9,2.9,1,4,1.0,1.033,0,100.0,0,2.9,26.85
SEC-KOTA-SWM,108.0,130.0,58.0,6.2,107.8,14.7,13,1,1.0,1.043,0,130.0,0,14.7,68.51
SEC-BTE-MTJ,35.0,100.0,48.0,4.8,85.4,3.1,7,1,1.0,1.114,0,100.0,0,3.1,20.57
SEC-GGC-BTE,120.0,110.0,98.0,9.4,109.8,5.9,10,6,1.0,1.214,0,110.0,0,5.9,80.26
SEC-NDLS-KOTA,465.0,130.0,275.0,14.5,111.0,17.8,19,6,1.052,1.313,0,130.0,0,17.8,353.92
SEC-MTJ-AGC,54.0,120.0,45.0,4.2,108.3,10.4,23,3,1.0,1.079,0,120.0,0,10.4,25.65
SEC-SWM-GGC,64.0,120.0,48.0,5.1,90.3,15.7,19,1,1.172,1.163,0,120.0,0,15.7,66.49
SEC-KOTA-SWM,108.0,130.0,58.0,6.2,113.1,1.6,10,3,1.068,1.077,0,130.0,0,1.6,62.42
SEC-KOTA-SWM,108.0,130.0,58.0,6.2,105.3,11.7,19,0,1.0,1.096,0,130.0,0,11.7,76.23
SEC-MTJ-AGC,54.0,120.0,45.0,4.2,60.0,2.0,6,3,1.0,1.063,1,60.0,0,2.0,60.52
SEC-NDLS-KOTA,465.0,130.0,275.0,14.5,122.0,1.1,7,6,1.0,1.178,0,130.0,0,1.1,283.45
SEC-GGC-BTE,120.0,110.0,98.0,9.4,101.3,17.3,9,4,1.0,1.364,0,110.0,0,17.3,81.32
SEC-MTJ-AGC,54.0,120.0,45.0,4.2,94.8,0.5,9,3,1.0,1.306,0,120.0,0,0.5,47.63
SEC-BTE-MTJ,35.0,100.0,48.0,4.8,93.5,28.0,15,1,1.0,1.101,0,100.0,0,28.0,27.35
SEC-SWM-GGC,64.0,120.0,48.0,5.1,105.9,1.7,16,4,1.202,1.235,0,120.0,0,1.7,67.07
SEC-SWM-GGC,64.0,120.0,48.0,5.1,99.6,4.2,1,1,1.114,1.092,0,120.0,0,4.2,45.94
SEC-GGC-BTE,120.0,110.0,98.0,9.4,91.6,28.7,11,0,1.0,1.169,0,110.0,0,28.7,94.65
SEC-GGC-BTE,120.0,110.0,98.0,9.4,86.9,8.4,22,5,1.0,1.122,0,110.0,0,8.4,100.21
SEC-GGC-BTE,120.0,110.0,98.0,9.4,60.0,2.5,2,1,1.0,1.038,1,60.0,0,2.5,138.18
SEC-MTJ-AGC,54.0,120.0,45.0,4.2,107.0,6.5,20,1,1.0,1.129,0,120.0,1,6.5,56.01
SEC-GGC-BTE,120.0,110.0,98.0,9.4,87.6,30.5,4,4,1.0,1.003,0,110.0,0,30.5,86.39
SEC-SWM-GGC,64.0,120.0,48.0,5.1,117.4,5.1,13,6,1.0,1.1,0,120.0,1,5.1,49.72
SEC-GGC-BTE,120.0,110.0,98.0,9.4,84.7,0.1,20,0,1.143,1.283,0,110.0,0,0.1,109.52
SEC-GGC-BTE,120.0,110.0,98.0,9.4,103.1,21.7,21,3,1.0,1.265,0,110.0,1,21.7,95.96
SEC-MTJ-AGC,54.0,120.0,45.0,4.2,115.1,11.7,17,2,1.0,1.138,0,120.0,0,11.7,30.11
SEC-NDLS-KOTA,465.0,130.0,275.0,14.5,30.0,5.4,16,1,1.171,1.022,1,30.0,0,5.4,1114.31
SEC-SWM-GGC,64.0,120.0,48.0,5.1,106.7,9.3,1,4,1.0,1.104,0,120.0,0,9.3,43.25
SEC-MTJ-AGC,54.0,120.0,45.0,4.2,101.8,7.1,21,0,1.193,1.196,0,120.0,0,7.1,42.93
SEC-NDLS-KOTA,465.0,130.0,275.0,14.5,126.3,4.1,6,0,1.0,1.126,0,130.0,0,4.1,227.25
SEC-MTJ-AGC,54.0,120.0,45.0,4.2,117.9,2.7,11,0,1.082,1.234,0,120.0,0,2.7,41.97
SEC-BTE-MTJ,35.0,100.0,48.0,4.8,90.3,11.9,15,5,1.174,1.168,0,100.0,0,11.9,25.26
SEC-SWM-GGC,64.0,120.0,48.0,5.1,114.4,14.6,11,6,1.0,1.431,0,120.0,0,14.6,39.92
SEC-SWM-GGC,64.0,120.0,48.0,5.1,45.0,21.1,14,5,1.0,1.081,1,45.0,0,21.1,107.41
SEC-BTE-MTJ,35.0,100.0,48.0,4.8,78.6,1.6,9,3,1.0,1.118,0,100.0,1,1.6,53.36
SEC-MTJ-AGC,54.0,120.0,45.0,4.2,119.7,6.6,5,6,1.0,1.122,0,120.0,0,6.6,31.29
SEC-BTE-MTJ,35.0,100.0,48.0,4.8,88.4,5.3,20,6,1.0,1.182,0,100.0,0,5.3,28.66
SEC-GGC-BTE,120.0,110.0,98.0,9.4,107.3,20.4,21,4,1.232,1.301,0,110.0,0,20.4,104.76
SEC-BTE-MTJ,35.0,100.0,48.0,4.8,30.0,4.8,18,4,1.0,1.139,1,30.0,0,4.8,83.68
SEC-SWM-GGC,64.0,120.0,48.0,5.1,45.0,10.0,1,5,1.0,1.067,1,45.0,0,10.0,111.06
SEC-NDLS-KOTA,465.0,130.0,275.0,14.5,103.8,8.4,8,6,1.0,1.245,0,130.0,0,8.4,331.26
SEC-NDLS-KOTA,465.0,130.0,275.0,14.5,99.1,18.0,7,1,1.0,1.143,0,130.0,0,18.0,326.36
SEC-KOTA-SWM,108.0,130.0,58.0,6.2,111.1,11.3,22,5,1.074,1.108,0,130.0,0,11.3,80.4
SEC-BTE-MTJ,35.0,100.0,48.0,4.8,80.9,7.4,8,6,1.224,1.244,0,100.0,0,7.4,40.19
SEC-BTE-MTJ,35.0,100.0,48.0,4.8,81.4,9.1,15,0,1.0,1.039,0,100.0,0,9.1,29.53
SEC-GGC-BTE,120.0,110.0,98.0,9.4,99.2,9.2,12,0,1.0,1.063,0,110.0,0,9.2,73.78
SEC-KOTA-SWM,108.0,130.0,58.0,6.2,122.7,2.9,3,5,1.161,1.192,0,130.0,0,2.9,67.72
SEC-NDLS-KOTA,465.0,130.0,275.0,14.5,125.4,11.1,8,5,1.0,1.305,0,130.0,0,11.1,314.8
SEC-MTJ-AGC,54.0,120.0,45.0,4.2,95.0,5.8,16,5,1.0,1.182,0,120.0,0,5.8,41.86
SEC-BTE-MTJ,35.0,100.0,48.0,4.8,89.1,8.2,18,5,1.068,1.386,0,100.0,0,8.2,39.87
SEC-NDLS-KOTA,465.0,130.0,275.0,14.5,127.2,1.7,1,4,1.098,1.026,0,130.0,1,1.7,283.57
SEC-NDLS-KOTA,465.0,130.0,275.0,14.5,113.9,4.1,5,2,1.0,1.122,0,130.0,1,4.1,255.66
SEC-SWM-GGC,64.0,120.0,48.0,5.1,119.0,0.2,5,1,1.106,1.095,0,120.0,0,0.2,37.16
SEC-MTJ-AGC,54.0,120.0,45.0,4.2,119.9,5.2,4,2,1.0,1.106,0,120.0,0,5.2,25.65
SEC-BTE-MTJ,35.0,100.0,48.0,4.8,30.0,1.5,15,6,1.098,1.05,1,30.0,0,1.5,95.15
SEC-GGC-BTE,120.0,110.0,98.0,9.4,92.2,3.6,19,6,1.21,1.324,0,110.0,0,3.6,108.65
SEC-KOTA-SWM,108.0,130.0,58.0,6.2,30.0,2.3,20,4,1.0,1.27,1,30.0,0,2.3,286.07
SEC-SWM-GGC,64.0,120.0,48.0,5.1,102.3,7.6,17,6,1.0,1.346,0,120.0,0,7.6,49.64
SEC-SWM-GGC,64.0,120.0,48.0,5.1,99.2,0.1,0,5,1.23,1.025,0,120.0,0,0.1,58.01
SEC-KOTA-SWM,108.0,130.0,58.0,6.2,117.5,8.9,8,5,1.0,1.155,0,130.0,0,8.9,70.44
SEC-NDLS-KOTA,465.0,130.0,275.0,14.5,114.4,3.1,19,3,1.0,1.303,0,130.0,0,3.1,295.94
SEC-GGC-BTE,120.0,110.0,98.0,9.4,84.8,11.4,5,3,1.0,1.228,0,110.0,1,11.4,121.33
SEC-MTJ-AGC,54.0,120.0,45.0,4.2,108.0,9.1,17,5,1.0,1.23,0,120.0,0,9.1,33.13
SEC-KOTA-SWM,108.0,130.0,58.0,6.2,115.6,37.7,14,4,1.0,1.282,0,130.0,0,37.7,57.79
SEC-NDLS-KOTA,465.0,130.0,275.0,14.5,116.0,10.0,5,0,1.0,1.052,0,130.0,0,10.0,238.07
SEC-BTE-MTJ,35.0,100.0,48.0,4.8,93.1,9.1,2,3,1.0,1.128,0,100.0,1,9.1,54.91
SEC-GGC-BTE,120.0,110.0,98.0,9.4,45.0,8.1,20,0,1.0,1.303,1,45.0,0,8.1,192.51
SEC-KOTA-SWM,108.0,130.0,58.0,6.2,126.1,1.0,23,2,1.0,1.119,0,130.0,0,1.0,52.74
SEC-KOTA-SWM,108.0,130.0,58.0,6.2,98.0,12.4,0,5,1.27,1.054,0,130.0,0,12.4,99.98
SEC-NDLS-KOTA,465.0,130.0,275.0,14.5,99.9,9.7,13,6,1.231,1.144,0,130.0,0,9.7,383.94
SEC-SWM-GGC,64.0,120.0,48.0,5.1,112.3,1.5,23,4,1.0,1.141,0,120.0,0,1.5,43.34
SEC-MTJ-AGC,54.0,120.0,45.0,4.2,103.6,17.6,9,4,1.0,1.358,0,120.0,0,17.6,40.27
SEC-NDLS-KOTA,465.0,130.0,275.0,14.5,60.0,6.3,6,5,1.0,1.073,1,60.0,0,6.3,540.15
SEC-GGC-BTE,120.0,110.0,98.0,9.4,93.2,7.1,0,5,1.0,1.101,0,110.0,0,7.1,81.83
SEC-GGC-BTE,120.0,110.0,98.0,9.4,87.0,0.9,17,2,1.142,1.282,0,110.0,0,0.9,115.24
SEC-GGC-BTE,120.0,110.0,98.0,9.4,60.0,6.3,10,1,1.0,1.289,1,60.0,0,6.3,153.59
SEC-NDLS-KOTA,465.0,130.0,275.0,14.5,45.0,1.1,16,0,1.0,1.195,1,45.0,0,1.1,772.1
SEC-SWM-GGC,64.0,120.0,48.0,5.1,110.3,15.8,2,1,1.0,1.123,0,120.0,0,15.8,40.73
SEC-NDLS-KOTA,465.0,130.0,275.0,14.5,129.7,0.7,18,2,1.085,1.193,0,130.0,0,0.7,283.77
SEC-GGC-BTE,120.0,110.0,98.0,9.4,85.4,4.1,7,0,1.0,1.069,0,110.0,0,4.1,76.34
SEC-KOTA-SWM,108.0,130.0,58.0,6.2,121.1,18.9,4,6,1.0,1.042,0,130.0,0,18.9,53.87
SEC-MTJ-AGC,54.0,120.0,45.0,4.2,30.0,0.5,16,0,1.0,1.144,1,30.0,0,0.5,140.37
SEC-MTJ-AGC,54.0,120.0,45.0,4.2,117.1,5.8,16,5,1.131,1.054,0,120.0,0,5.8,38.91
SEC-KOTA-SWM,108.0,130.0,58.0,6.2,110.5,2.7,19,4,1.118,1.242,0,130.0,0,2.7,76.95
SEC-MTJ-AGC,54.0,120.0,45.0,4.2,96.7,10.6,7,6,1.125,1.071,0,120.0,0,10.6,35.09
SEC-KOTA-SWM,108.0,130.0,58.0,6.2,115.5,10.1,16,3,1.064,1.249,0,130.0,0,10.1,70.54
SEC-GGC-BTE,120.0,110.0,98.0,9.4,60.0,20.9,16,4,1.069,1.153,1,60.0,0,20.9,160.68
SEC-MTJ-AGC,54.0,120.0,45.0,4.2,112.5,3.0,13,4,1.0,1.062,0,120.0,0,3.0,25.65
SEC-KOTA-SWM,108.0,130.0,58.0,6.2,119.1,1.0,10,0,1.0,1.425,0,130.0,0,1.0,64.09
SEC-BTE-MTJ,35.0,100.0,48.0,4.8,91.7,5.3,7,3,1.0,1.11,0,100.0,0,5.3,26.71
SEC-NDLS-KOTA,465.0,130.0,275.0,14.5,114.7,18.9,18,4,1.0,1.318,0,130.0,0,18.9,301.72
SEC-NDLS-KOTA,465.0,130.0,275.0,14.5,128.1,10.1,21,1,1.162,1.393,0,130.0,0,10.1,294.45
SEC-BTE-MTJ,35.0,100.0,48.0,4.8,85.5,7.0,23,2,1.0,1.177,0,100.0,0,7.0,37.77
SEC-GGC-BTE,120.0,110.0,98.0,9.4,92.6,4.2,21,5,1.0,1.421,0,110.0,0,4.2,122.45
SEC-GGC-BTE,120.0,110.0,98.0,9.4,107.6,1.7,14,5,1.252,1.231,0,110.0,0,1.7,104.99
SEC-GGC-BTE,120.0,110.0,98.0,9.4,95.1,2.9,21,5,1.0,1.276,0,110.0,1,2.9,93.35
SEC-BTE-MTJ,35.0,100.0,48.0,4.8,88.4,20.0,1,2,1.0,1.114,0,100.0,0,20.0,19.95
SEC-BTE-MTJ,35.0,100.0,48.0,4.8,97.3,4.7,7,1,1.0,1.021,0,100.0,0,4.7,29.51
SEC-GGC-BTE,120.0,110.0,98.0,9.4,60.0,1.9,5,2,1.0,1.015,1,60.0,0,1.9,133.24
SEC-BTE-MTJ,35.0,100.0,48.0,4.8,98.5,7.3,22,3,1.0,1.107,0,100.0,0,7.3,29.15
SEC-BTE-MTJ,35.0,100.0,48.0,4.8,76.5,11.5,3,4,1.0,1.173,0,100.0,0,11.5,29.06
SEC-BTE-MTJ,35.0,100.0,48.0,4.8,81.9,1.8,9,0,1.0,1.156,0,100.0,0,1.8,33.5
SEC-GGC-BTE,120.0,110.0,98.0,9.4,98.9,5.0,12,6,1.0,1.121,0,110.0,0,5.0,86.85
SEC-GGC-BTE,120.0,110.0,98.0,9.4,45.0,29.0,21,5,1.0,1.377,1,45.0,0,29.0,221.41
SEC-KOTA-SWM,108.0,130.0,58.0,6.2,127.5,3.4,16,5,1.0,1.077,0,130.0,0,3.4,48.09
SEC-NDLS-KOTA,465.0,130.0,275.0,14.5,106.5,5.7,18,4,1.109,1.327,0,130.0,0,5.7,372.81
SEC-MTJ-AGC,54.0,120.0,45.0,4.2,101.0,1.0,18,1,1.136,1.279,0,120.0,0,1.0,35.09
SEC-SWM-GGC,64.0,120.0,48.0,5.1,45.0,11.9,22,0,1.207,1.107,1,45.0,0,11.9,126.44
SEC-GGC-BTE,120.0,110.0,98.0,9.4,85.9,14.7,23,1,1.0,1.064,0,110.0,0,14.7,77.52
SEC-SWM-GGC,64.0,120.0,48.0,5.1,109.5,2.6,10,1,1.201,1.128,0,120.0,0,2.6,52.01
SEC-MTJ-AGC,54.0,120.0,45.0,4.2,117.2,8.5,1,3,1.0,1.229,0,120.0,0,8.5,39.22
SEC-KOTA-SWM,108.0,130.0,58.0,6.2,99.6,10.9,4,1,1.0,1.045,0,130.0,0,10.9,61.41
SEC-MTJ-AGC,54.0,120.0,45.0,4.2,109.2,3.1,2,6,1.162,1.068,0,120.0,0,3.1,45.81
SEC-KOTA-SWM,108.0,130.0,58.0,6.2,123.5,5.9,15,0,1.0,1.101,0,130.0,0,5.9,55.7
SEC-GGC-BTE,120.0,110.0,98.0,9.4,109.6,28.0,13,6,1.085,1.088,0,110.0,0,28.0,78.65
SEC-BTE-MTJ,35.0,100.0,48.0,4.8,45.0,4.1,7,6,1.0,1.125,1,45.0,0,4.1,59.18
SEC-BTE-MTJ,35.0,100.0,48.0,4.8,45.0,5.4,12,5,1.0,1.054,1,45.0,0,5.4,63.49
SEC-KOTA-SWM,108.0,130.0,58.0,6.2,30.0,13.9,1,3,1.0,1.156,1,30.0,0,13.9,255.94
SEC-BTE-MTJ,35.0,100.0,48.0,4.8,91.9,7.7,21,0,1.254,1.272,0,100.0,0,7.7,39.23
SEC-BTE-MTJ,35.0,100.0,48.0,4.8,94.4,1.1,7,6,1.0,1.117,0,100.0,0,1.1,22.06
SEC-SWM-GGC,64.0,120.0,48.0,5.1,119.3,0.7,10,2,1.295,1.223,0,120.0,0,0.7,57.27
SEC-SWM-GGC,64.0,120.0,48.0,5.1,93.6,18.7,23,4,1.22,1.115,0,120.0,0,18.7,64.32
SEC-BTE-MTJ,35.0,100.0,48.0,4.8,81.7,5.6,18,2,1.0,1.042,0,100.0,0,5.6,28.28
SEC-KOTA-SWM,108.0,130.0,58.0,6.2,99.4,18.4,1,1,1.0,1.105,0,130.0,0,18.4,86.61
SEC-NDLS-KOTA,465.0,130.0,275.0,14.5,102.0,1.4,11,5,1.0,1.14,0,130.0,0,1.4,287.97
SEC-NDLS-KOTA,465.0,130.0,275.0,14.5,122.2,0.7,13,6,1.145,1.08,0,130.0,0,0.7,304.58
SEC-KOTA-SWM,108.0,130.0,58.0,6.2,60.0,6.8,16,6,1.0,1.032,1,60.0,0,6.8,132.98
SEC-KOTA-SWM,108.0,130.0,58.0,6.2,100.0,8.1,0,5,1.0,1.063,0,130.0,0,8.1,59.96
SEC-NDLS-KOTA,465.0,130.0,275.0,14.5,128.8,5.6,8,2,1.0,1.216,0,130.0,0,5.6,261.45
SEC-BTE-MTJ,35.0,100.0,48.0,4.8,93.0,8.3,18,4,1.0,1.404,0,100.0,0,8.3,30.81
SEC-MTJ-AGC,54.0,120.0,45.0,4.2,107.3,19.7,5,4,1.0,1.203,0,120.0,1,19.7,68.97
SEC-NDLS-KOTA,465.0,130.0,275.0,14.5,100.0,12.5,17,1,1.0,1.215,0,130.0,0,12.5,344.33
SEC-SWM-GGC,64.0,120.0,48.0,5.1,114.7,2.0,22,5,1.0,1.059,0,120.0,0,2.0,32.38
SEC-SWM-GGC,64.0,120.0,48.0,5.1,92.3,17.4,19,4,1.0,1.305,0,120.0,0,17.4,44.18
SEC-BTE-MTJ,35.0,100.0,48.0,4.8,88.0,12.7,13,2,1.224,1.053,0,100.0,0,12.7,38.63
SEC-GGC-BTE,120.0,110.0,98.0,9.4,88.2,7.4,20,6,1.244,1.15,0,110.0,0,7.4,110.7
SEC-SWM-GGC,64.0,120.0,48.0,5.1,91.5,2.1,16,3,1.0,1.046,0,120.0,0,2.1,46.25
SEC-MTJ-AGC,54.0,120.0,45.0,4.2,101.6,2.4,1,6,1.0,1.089,0,120.0,0,2.4,31.64
SEC-SWM-GGC,64.0,120.0,48.0,5.1,119.2,3.5,20,3,1.079,1.342,0,120.0,0,3.5,42.98
SEC-MTJ-AGC,54.0,120.0,45.0,4.2,45.0,19.7,23,1,1.263,1.075,1,45.0,0,19.7,102.95
SEC-NDLS-KOTA,465.0,130.0,275.0,14.5,112.5,18.4,11,0,1.211,1.214,0,130.0,0,18.4,339.35
SEC-MTJ-AGC,54.0,120.0,45.0,4.2,91.7,3.1,14,3,1.0,1.033,0,120.0,0,3.1,42.48
SEC-GGC-BTE,120.0,110.0,98.0,9.4,103.2,4.5,18,5,1.177,1.188,0,110.0,0,4.5,94.09
SEC-SWM-GGC,64.0,120.0,48.0,5.1,93.6,7.2,7,3,1.0,1.087,0,120.0,0,7.2,41.11
SEC-SWM-GGC,64.0,120.0,48.0,5.1,95.5,15.7,4,0,1.0,1.047,0,120.0,0,15.7,37.58
SEC-NDLS-KOTA,465.0,130.0,275.0,14.5,104.1,11.3,18,0,1.0,1.206,0,130.0,0,11.3,291.15
SEC-NDLS-KOTA,465.0,130.0,275.0,14.5,118.8,16.1,9,1,1.0,1.311,0,130.0,0,16.1,282.89
SEC-BTE-MTJ,35.0,100.0,48.0,4.8,87.4,8.0,1,1,1.0,1.215,0,100.0,0,8.0,27.9
SEC-GGC-BTE,120.0,110.0,98.0,9.4,30.0,8.1,6,5,1.276,1.101,1,30.0,0,8.1,347.47
SEC-NDLS-KOTA,465.0,130.0,275.0,14.5,123.5,0.1,19,4,1.0,1.291,0,130.0,0,0.1,304.92
SEC-GGC-BTE,120.0,110.0,98.0,9.4,103.2,8.3,17,6,1.063,1.194,0,110.0,0,8.3,73.27
SEC-MTJ-AGC,54.0,120.0,45.0,4.2,103.9,13.4,5,4,1.0,1.131,0,120.0,0,13.4,32.02
SEC-GGC-BTE,120.0,110.0,98.0,9.4,103.8,3.8,17,3,1.0,1.313,0,110.0,0,3.8,95.0
SEC-BTE-MTJ,35.0,100.0,48.0,4.8,75.6,18.9,1,0,1.0,1.111,0,100.0,0,18.9,33.3
SEC-MTJ-AGC,54.0,120.0,45.0,4.2,110.8,16.4,6,4,1.0,1.121,0,120.0,0,16.4,39.38
SEC-SWM-GGC,64.0,120.0,48.0,5.1,116.0,3.3,8,1,1.0,1.197,0,120.0,0,3.3,31.39
SEC-GGC-BTE,120.0,110.0,98.0,9.4,45.0,12.5,17,0,1.0,1.184,1,45.0,0,12.5,196.21
SEC-MTJ-AGC,54.0,120.0,45.0,4.2,103.8,10.6,8,4,1.161,1.285,0,120.0,0,10.6,46.2
SEC-BTE-MTJ,35.0,100.0,48.0,4.8,76.0,4.8,3,2,1.0,1.067,0,100.0,0,4.8,30.27
SEC-SWM-GGC,64.0,120.0,48.0,5.1,105.7,17.3,8,3,1.0,1.343,0,120.0,0,17.3,68.3
SEC-NDLS-KOTA,465.0,130.0,275.0,14.5,128.1,11.1,1,0,1.061,1.041,0,130.0,0,11.1,251.38
SEC-GGC-BTE,120.0,110.0,98.0,9.4,101.9,12.0,12,3,1.0,1.227,0,110.0,0,12.0,82.74
SEC-SWM-GGC,64.0,120.0,48.0,5.1,116.8,9.3,7,6,1.141,1.141,0,120.0,0,9.3,39.37
SEC-GGC-BTE,120.0,110.0,98.0,9.4,106.1,1.8,13,3,1.0,1.063,0,110.0,0,1.8,77.67
SEC-KOTA-SWM,108.0,130.0,58.0,6.2,114.8,5.8,21,1,1.0,1.221,0,130.0,0,5.8,70.02
SEC-BTE-MTJ,35.0,100.0,48.0,4.8,88.8,22.5,3,6,1.0,1.123,0,100.0,0,22.5,36.08
SEC-BTE-MTJ,35.0,100.0,48.0,4.8,77.4,3.2,20,0,1.0,1.126,0,100.0,0,3.2,29.21
SEC-BTE-MTJ,35.0,100.0,48.0,4.8,93.7,1.9,16,1,1.0,1.099,0,100.0,0,1.9,21.4
SEC-SWM-GGC,64.0,120.0,48.0,5.1,95.6,8.3,6,1,1.0,1.047,0,120.0,0,8.3,47.55
SEC-KOTA-SWM,108.0,130.0,58.0,6.2,45.0,19.2,11,3,1.0,1.354,1,45.0,0,19.2,205.78
SEC-GGC-BTE,120.0,110.0,98.0,9.4,83.8,2.2,6,2,1.0,1.283,0,110.0,0,2.2,89.1
SEC-KOTA-SWM,108.0,130.0,58.0,6.2,125.7,12.1,23,1,1.0,1.152,0,130.0,0,12.1,64.99
SEC-GGC-BTE,120.0,110.0,98.0,9.4,105.9,7.1,2,4,1.0,1.19,0,110.0,0,7.1,62.18
SEC-SWM-GGC,64.0,120.0,48.0,5.1,93.9,11.0,16,4,1.0,1.108,0,120.0,0,11.0,49.08
SEC-SWM-GGC,64.0,120.0,48.0,5.1,112.5,9.4,21,1,1.0,1.305,0,120.0,0,9.4,32.62
SEC-MTJ-AGC,54.0,120.0,45.0,4.2,96.4,2.7,15,2,1.0,1.052,0,120.0,0,2.7,35.15
SEC-GGC-BTE,120.0,110.0,98.0,9.4,82.8,0.8,6,4,1.0,1.032,0,110.0,0,0.8,85.05
SEC-SWM-GGC,64.0,120.0,48.0,5.1,110.2,13.3,13,2,1.0,1.121,0,120.0,0,13.3,35.7
SEC-NDLS-KOTA,465.0,130.0,275.0,14.5,104.7,2.7,16,1,1.0,1.044,0,130.0,0,2.7,260.99
SEC-NDLS-KOTA,465.0,130.0,275.0,14.5,108.5,4.5,19,2,1.0,1.191,0,130.0,0,4.5,320.68
SEC-KOTA-SWM,108.0,130.0,58.0,6.2,45.0,9.4,9,0,1.0,1.052,1,45.0,0,9.4,170.48
SEC-NDLS-KOTA,465.0,130.0,275.0,14.5,45.0,0.4,2,3,1.082,1.111,1,45.0,1,0.4,758.42
SEC-MTJ-AGC,54.0,120.0,45.0,4.2,45.0,12.9,12,2,1.0,1.05,1,45.0,0,12.9,80.34
SEC-GGC-BTE,120.0,110.0,98.0,9.4,45.0,12.9,22,2,1.136,1.142,1,45.0,0,12.9,229.71
SEC-GGC-BTE,120.0,110.0,98.0,9.4,108.6,1.8,21,0,1.0,1.306,0,110.0,0,1.8,89.04
SEC-GGC-BTE,120.0,110.0,98.0,9.4,84.3,4.0,7,1,1.0,1.126,0,110.0,0,4.0,84.61
SEC-BTE-MTJ,35.0,100.0,48.0,4.8,75.1,1.2,2,1,1.0,1.059,0,100.0,0,1.2,33.99
SEC-NDLS-KOTA,465.0,130.0,275.0,14.5,111.9,0.7,15,0,1.0,1.094,0,130.0,0,0.7,276.99
SEC-SWM-GGC,64.0,120.0,48.0,5.1,60.0,1.3,3,2,1.0,1.035,1,60.0,0,1.3,77.08
SEC-SWM-GGC,64.0,120.0,48.0,5.1,98.4,30.0,17,6,1.0,1.281,0,120.0,0,30.0,39.96
SEC-GGC-BTE,120.0,110.0,98.0,9.4,108.8,0.9,5,4,1.0,1.112,0,110.0,0,0.9,80.35
SEC-BTE-MTJ,35.0,100.0,48.0,4.8,80.0,6.4,8,1,1.112,1.301,0,100.0,1,6.4,52.62
SEC-SWM-GGC,64.0,120.0,48.0,5.1,113.7,34.4,16,1,1.073,1.041,0,120.0,0,34.4,37.67
SEC-BTE-MTJ,35.0,100.0,48.0,4.8,45.0,5.7,19,0,1.0,1.221,1,45.0,0,5.7,65.81
SEC-SWM-GGC,64.0,120.0,48.0,5.1,110.7,0.9,10,0,1.0,1.362,0,120.0,0,0.9,38.29
SEC-SWM-GGC,64.0,120.0,48.0,5.1,98.0,5.5,22,5,1.0,1.08,0,120.0,1,5.5,69.68
SEC-BTE-MTJ,35.0,100.0,48.0,4.8,45.0,44.1,15,1,1.0,1.175,1,45.0,0,44.1,74.84
SEC-KOTA-SWM,108.0,130.0,58.0,6.2,113.6,8.0,14,1,1.0,1.102,0,130.0,0,8.0,68.73
SEC-SWM-GGC,64.0,120.0,48.0,5.1,60.0,2.2,1,2,1.134,1.187,1,60.0,0,2.2,97.57
SEC-BTE-MTJ,35.0,100.0,48.0,4.8,89.4,34.8,1,2,1.0,1.003,0,100.0,0,34.8,33.21
SEC-MTJ-AGC,54.0,120.0,45.0,4.2,45.0,16.6,11,2,1.0,1.251,1,45.0,0,16.6,102.34
SEC-KOTA-SWM,108.0,130.0,58.0,6.2,128.8,2.5,9,6,1.0,1.434,0,130.0,0,2.5,65.43
SEC-BTE-MTJ,35.0,100.0,48.0,4.8,45.0,7.6,13,2,1.0,1.157,1,45.0,0,7.6,58.7
SEC-BTE-MTJ,35.0,100.0,48.0,4.8,45.0,2.2,17,4,1.0,1.305,1,45.0,0,2.2,64.43
SEC-NDLS-KOTA,465.0,130.0,275.0,14.5,45.0,10.7,8,5,1.0,1.254,1,45.0,0,10.7,751.06
SEC-BTE-MTJ,35.0,100.0,48.0,4.8,92.9,2.8,19,6,1.0,1.334,0,100.0,0,2.8,33.75
SEC-NDLS-KOTA,465.0,130.0,275.0,14.5,99.1,0.9,20,6,1.0,1.122,0,130.0,0,0.9,305.89
SEC-GGC-BTE,120.0,110.0,98.0,9.4,87.9,5.4,1,0,1.0,1.15,0,110.0,0,5.4,106.64
SEC-KOTA-SWM,108.0,130.0,58.0,6.2,106.4,6.6,6,4,1.0,1.129,0,130.0,0,6.6,77.87
SEC-KOTA-SWM,108.0,130.0,58.0,6.2,122.0,23.9,17,5,1.0,1.124,0,130.0,0,23.9,64.81
SEC-KOTA-SWM,108.0,130.0,58.0,6.2,120.1,1.0,4,2,1.0,1.153,0,130.0,0,1.0,58.87
SEC-BTE-MTJ,35.0,100.0,48.0,4.8,76.5,12.8,8,4,1.0,1.211,0,100.0,0,12.8,41.45
SEC-BTE-MTJ,35.0,100.0,48.0,4.8,99.1,7.1,16,5,1.082,1.097,0,100.0,0,7.1,27.71
SEC-KOTA-SWM,108.0,130.0,58.0,6.2,118.1,1.2,13,3,1.0,1.125,0,130.0,0,1.2,67.14
SEC-MTJ-AGC,54.0,120.0,45.0,4.2,100.9,22.5,0,0,1.0,1.123,0,120.0,0,22.5,35.98
SEC-BTE-MTJ,35.0,100.0,48.0,4.8,92.5,2.1,15,2,1.13,1.049,0,100.0,0,2.1,32.01
SEC-NDLS-KOTA,465.0,130.0,275.0,14.5,101.6,12.3,9,2,1.0,1.176,0,130.0,0,12.3,283.46
SEC-SWM-GGC,64.0,120.0,48.0,5.1,92.3,0.7,14,2,1.0,1.045,0,120.0,0,0.7,46.62
SEC-BTE-MTJ,35.0,100.0,48.0,4.8,97.7,11.2,6,4,1.0,1.062,0,100.0,0,11.2,27.52
SEC-NDLS-KOTA,465.0,130.0,275.0,14.5,124.6,0.7,19,6,1.0,1.265,0,130.0,0,0.7,306.84
SEC-KOTA-SWM,108.0,130.0,58.0,6.2,123.9,14.7,2,2,1.0,1.12,0,130.0,0,14.7,52.57
SEC-GGC-BTE,120.0,110.0,98.0,9.4,90.4,14.5,0,6,1.0,1.029,0,110.0,0,14.5,91.09
SEC-MTJ-AGC,54.0,120.0,45.0,4.2,99.4,2.6,23,1,1.196,1.161,0,120.0,0,2.6,39.4
SEC-SWM-GGC,64.0,120.0,48.0,5.1,30.0,2.6,13,0,1.0,1.095,1,30.0,1,2.6,154.74
SEC-NDLS-KOTA,465.0,130.0,275.0,14.5,105.7,4.9,5,1,1.106,1.007,0,130.0,0,4.9,309.62
SEC-SWM-GGC,64.0,120.0,48.0,5.1,98.9,1.6,3,1,1.0,1.075,0,120.0,0,1.6,39.81
SEC-KOTA-SWM,108.0,130.0,58.0,6.2,107.6,54.1,4,4,1.0,1.029,0,130.0,0,54.1,75.62
SEC-KOTA-SWM,108.0,130.0,58.0,6.2,119.7,5.0,20,1,1.0,1.187,0,130.0,0,5.0,61.93
SEC-SWM-GGC,64.0,120.0,48.0,5.1,102.8,5.2,6,3,1.0,1.222,0,120.0,0,5.2,60.95
SEC-BTE-MTJ,35.0,100.0,48.0,4.8,89.4,0.9,12,3,1.0,1.154,0,100.0,0,0.9,33.51
SEC-NDLS-KOTA,465.0,130.0,275.0,14.5,104.4,2.8,21,0,1.0,1.115,0,130.0,0,2.8,287.61
SEC-BTE-MTJ,35.0,100.0,48.0,4.8,60.0,38.3,9,1,1.0,1.24,1,60.0,0,38.3,64.87
SEC-GGC-BTE,120.0,110.0,98.0,9.4,106.4,4.5,19,5,1.0,1.108,0,110.0,0,4.5,65.51
SEC-MTJ-AGC,54.0,120.0,45.0,4.2,109.8,12.4,6,0,1.0,1.083,0,120.0,0,12.4,29.6
SEC-GGC-BTE,120.0,110.0,98.0,9.4,93.3,5.3,7,1,1.0,1.226,0,110.0,0,5.3,68.43
SEC-KOTA-SWM,108.0,130.0,58.0,6.2,128.0,5.3,14,4,1.0,1.121,0,130.0,0,5.3,64.38
SEC-NDLS-KOTA,465.0,130.0,275.0,14.5,123.9,4.4,5,1,1.0,1.081,0,130.0,0,4.4,258.84
SEC-NDLS-KOTA,465.0,130.0,275.0,14.5,102.9,10.1,19,4,1.129,1.232,0,130.0,0,10.1,343.32
SEC-BTE-MTJ,35.0,100.0,48.0,4.8,95.9,14.4,23,2,1.0,1.167,0,100.0,0,14.4,27.52
SEC-GGC-BTE,120.0,110.0,98.0,9.4,107.5,17.9,18,4,1.0,1.379,0,110.0,0,17.9,97.45
SEC-MTJ-AGC,54.0,120.0,45.0,4.2,112.2,7.3,3,5,1.0,1.078,0,120.0,0,7.3,38.88
SEC-SWM-GGC,64.0,120.0,48.0,5.1,110.8,2.5,12,0,1.0,1.206,0,120.0,1,2.5,49.73
SEC-NDLS-KOTA,465.0,130.0,275.0,14.5,102.7,10.4,1,1,1.0,1.066,0,130.0,0,10.4,279.42
SEC-SWM-GGC,64.0,120.0,48.0,5.1,111.0,35.4,16,6,1.0,1.092,0,120.0,0,35.4,48.27
SEC-KOTA-SWM,108.0,130.0,58.0,6.2,128.4,8.9,5,3,1.0,1.107,0,130.0,0,8.9,51.77
SEC-GGC-BTE,120.0,110.0,98.0,9.4,104.7,2.0,13,4,1.0,1.1,0,110.0,0,2.0,62.18
SEC-MTJ-AGC,54.0,120.0,45.0,4.2,115.9,11.2,8,1,1.0,1.187,0,120.0,0,11.2,39.62
SEC-MTJ-AGC,54.0,120.0,45.0,4.2,101.2,27.4,22,3,1.0,1.073,0,120.0,1,27.4,51.68
SEC-GGC-BTE,120.0,110.0,98.0,9.4,98.8,3.5,6,6,1.0,1.179,0,110.0,0,3.5,85.67
SEC-MTJ-AGC,54.0,120.0,45.0,4.2,101.0,1.2,6,0,1.0,1.138,0,120.0,0,1.2,37.77
SEC-KOTA-SWM,108.0,130.0,58.0,6.2,104.0,4.4,21,0,1.274,1.156,0,130.0,0,4.4,89.56
SEC-NDLS-KOTA,465.0,130.0,275.0,14.5,125.9,15.4,17,5,1.0,1.331,0,130.0,0,15.4,298.72
SEC-KOTA-SWM,108.0,130.0,58.0,6.2,104.3,4.0,10,6,1.0,1.065,0,130.0,0,4.0,62.98
SEC-SWM-GGC,64.0,120.0,48.0,5.1,30.0,1.7,18,2,1.148,1.219,1,30.0,0,1.7,185.14
SEC-BTE-MTJ,35.0,100.0,48.0,4.8,87.0,2.0,13,0,1.0,1.269,0,100.0,0,2.0,23.07
SEC-BTE-MTJ,35.0,100.0,48.0,4.8,99.8,1.6,3,4,1.0,1.053,0,100.0,0,1.6,21.83
SEC-MTJ-AGC,54.0,120.0,45.0,4.2,110.4,22.1,23,5,1.073,1.082,0,120.0,0,22.1,36.47
SEC-NDLS-KOTA,465.0,130.0,275.0,14.5,45.0,10.6,9,0,1.0,1.164,1,45.0,1,10.6,748.14
SEC-KOTA-SWM,108.0,130.0,58.0,6.2,124.9,7.1,21,2,1.0,1.079,0,130.0,0,7.1,51.75
SEC-GGC-BTE,120.0,110.0,98.0,9.4,30.0,4.9,7,6,1.0,1.159,1,30.0,0,4.9,281.44
SEC-GGC-BTE,120.0,110.0,98.0,9.4,99.4,4.8,4,2,1.0,1.127,0,110.0,0,4.8,75.62
SEC-KOTA-SWM,108.0,130.0,58.0,6.2,113.4,23.2,9,2,1.0,1.361,0,130.0,0,23.2,82.74
SEC-NDLS-KOTA,465.0,130.0,275.0,14.5,111.3,6.0,17,0,1.0,1.276,0,130.0,0,6.0,316.58
SEC-KOTA-SWM,108.0,130.0,58.0,6.2,101.3,2.3,18,5,1.0,1.167,0,130.0,0,2.3,72.88
SEC-SWM-GGC,64.0,120.0,48.0,5.1,98.0,14.2,20,1,1.0,1.224,0,120.0,0,14.2,46.91
SEC-KOTA-SWM,108.0,130.0,58.0,6.2,120.5,15.9,0,4,1.0,1.133,0,130.0,0,15.9,56.85
SEC-GGC-BTE,120.0,110.0,98.0,9.4,90.0,11.4,12,0,1.167,1.118,0,110.0,0,11.4,107.34
SEC-BTE-MTJ,35.0,100.0,48.0,4.8,76.9,13.4,15,0,1.0,1.043,0,100.0,0,13.4,29.87
SEC-NDLS-KOTA,465.0,130.0,275.0,14.5,103.7,2.6,19,3,1.0,1.254,0,130.0,0,2.6,329.33
SEC-MTJ-AGC,54.0,120.0,45.0,4.2,92.2,21.2,10,4,1.0,1.369,0,120.0,0,21.2,57.02
SEC-KOTA-SWM,108.0,130.0,58.0,6.2,102.7,22.0,21,6,1.0,1.103,0,130.0,0,22.0,54.24
SEC-NDLS-KOTA,465.0,130.0,275.0,14.5,114.2,6.5,9,5,1.0,1.153,0,130.0,0,6.5,271.64
SEC-KOTA-SWM,108.0,130.0,58.0,6.2,113.2,11.0,11,1,1.0,1.22,0,130.0,1,11.0,90.14
SEC-KOTA-SWM,108.0,130.0,58.0,6.2,98.9,2.4,7,1,1.0,1.021,0,130.0,0,2.4,72.43
SEC-GGC-BTE,120.0,110.0,98.0,9.4,89.0,6.6,18,6,1.0,1.506,0,110.0,0,6.6,106.58
SEC-KOTA-SWM,108.0,130.0,58.0,6.2,118.8,18.3,7,0,1.274,1.097,0,130.0,0,18.3,78.83
SEC-BTE-MTJ,35.0,100.0,48.0,4.8,77.9,18.2,22,2,1.0,1.14,0,100.0,0,18.2,49.53
SEC-KOTA-SWM,108.0,130.0,58.0,6.2,117.7,11.8,0,4,1.065,1.101,0,130.0,0,11.8,63.42
SEC-MTJ-AGC,54.0,120.0,45.0,4.2,107.8,0.2,9,5,1.0,1.449,0,120.0,0,0.2,39.28
SEC-SWM-GGC,64.0,120.0,48.0,5.1,119.5,35.2,6,6,1.133,1.061,0,120.0,0,35.2,50.42
SEC-MTJ-AGC,54.0,120.0,45.0,4.2,90.5,0.3,6,2,1.0,1.122,0,120.0,0,0.3,46.11
SEC-MTJ-AGC,54.0,120.0,45.0,4.2,96.5,3.3,4,1,1.0,1.136,0,120.0,0,3.3,40.14
SEC-MTJ-AGC,54.0,120.0,45.0,4.2,107.3,8.4,10,5,1.0,1.328,0,120.0,0,8.4,38.54
SEC-KOTA-SWM,108.0,130.0,58.0,6.2,123.3,27.0,22,2,1.0,1.114,0,130.0,0,27.0,58.62
SEC-MTJ-AGC,54.0,120.0,45.0,4.2,105.4,1.8,7,2,1.0,1.087,0,120.0,0,1.8,29.86
SEC-GGC-BTE,120.0,110.0,98.0,9.4,98.6,20.7,9,0,1.202,1.096,0,110.0,0,20.7,98.84
SEC-MTJ-AGC,54.0,120.0,45.0,4.2,45.0,20.6,20,0,1.0,1.177,1,45.0,0,20.6,103.91
SEC-GGC-BTE,120.0,110.0,98.0,9.4,103.3,3.0,10,0,1.0,1.245,0,110.0,0,3.0,80.34
SEC-KOTA-SWM,108.0,130.0,58.0,6.2,126.6,11.0,20,2,1.0,1.371,0,130.0,0,11.0,63.76
SEC-KOTA-SWM,108.0,130.0,58.0,6.2,108.4,7.3,12,4,1.0,1.101,0,130.0,0,7.3,85.44
SEC-KOTA-SWM,108.0,130.0,58.0,6.2,119.8,0.9,14,1,1.0,1.033,0,130.0,0,0.9,54.38
SEC-SWM-GGC,64.0,120.0,48.0,5.1,97.9,7.5,21,2,1.268,1.194,0,120.0,0,7.5,59.09
SEC-GGC-BTE,120.0,110.0,98.0,9.4,102.0,4.7,19,3,1.0,1.307,0,110.0,0,4.7,75.61
SEC-KOTA-SWM,108.0,130.0,58.0,6.2,109.2,4.4,12,4,1.0,1.232,0,130.0,1,4.4,77.37
SEC-MTJ-AGC,54.0,120.0,45.0,4.2,96.4,8.0,7,1,1.0,1.067,0,120.0,0,8.0,41.69
SEC-MTJ-AGC,54.0,120.0,45.0,4.2,101.5,2.1,17,1,1.111,1.145,0,120.0,1,2.1,56.86
SEC-GGC-BTE,120.0,110.0,98.0,9.4,84.2,1.7,21,6,1.0,1.203,0,110.0,0,1.7,95.29
SEC-BTE-MTJ,35.0,100.0,48.0,4.8,80.3,32.9,9,4,1.0,1.461,0,100.0,0,32.9,35.78
SEC-NDLS-KOTA,465.0,130.0,275.0,14.5,114.6,6.9,13,5,1.0,1.078,0,130.0,0,6.9,278.41
SEC-MTJ-AGC,54.0,120.0,45.0,4.2,90.7,18.4,4,3,1.0,1.073,0,120.0,0,18.4,34.57
SEC-GGC-BTE,120.0,110.0,98.0,9.4,30.0,11.2,18,2,1.0,1.278,1,30.0,0,11.2,312.44
SEC-GGC-BTE,120.0,110.0,98.0,9.4,108.7,6.7,12,0,1.0,1.031,0,110.0,0,6.7,62.18
SEC-KOTA-SWM,108.0,130.0,58.0,6.2,107.4,4.1,23,2,1.185,1.087,0,130.0,0,4.1,78.01
SEC-BTE-MTJ,35.0,100.0,48.0,4.8,75.8,2.9,10,6,1.061,1.372,0,100.0,1,2.9,58.13
SEC-MTJ-AGC,54.0,120.0,45.0,4.2,108.3,15.1,7,2,1.0,1.037,0,120.0,0,15.1,38.73
SEC-MTJ-AGC,54.0,120.0,45.0,4.2,30.0,1.5,2,0,1.0,1.176,1,30.0,1,1.5,151.94
SEC-KOTA-SWM,108.0,130.0,58.0,6.2,110.8,2.2,7,6,1.0,1.191,0,130.0,0,2.2,57.12
SEC-SWM-GGC,64.0,120.0,48.0,5.1,96.0,8.7,22,6,1.117,1.202,0,120.0,0,8.7,47.7
SEC-NDLS-KOTA,465.0,130.0,275.0,14.5,30.0,13.4,14,1,1.0,1.104,1,30.0,0,13.4,1021.15
SEC-KOTA-SWM,108.0,130.0,58.0,6.2,121.0,7.0,7,1,1.0,1.19,0,130.0,0,7.0,63.44
SEC-NDLS-KOTA,465.0,130.0,275.0,14.5,109.7,0.3,7,5,1.096,1.042,0,130.0,0,0.3,284.84
SEC-KOTA-SWM,108.0,130.0,58.0,6.2,117.8,9.5,17,6,1.0,1.123,0,130.0,0,9.5,68.21
SEC-GGC-BTE,120.0,110.0,98.0,9.4,86.2,17.2,14,4,1.056,1.072,0,110.0,1,17.2,113.03
SEC-KOTA-SWM,108.0,130.0,58.0,6.2,111.4,8.7,18,6,1.0,1.414,0,130.0,0,8.7,84.3
SEC-NDLS-KOTA,465.0,130.0,275.0,14.5,100.4,4.1,9,2,1.0,1.269,0,130.0,0,4.1,339.9
SEC-KOTA-SWM,108.0,130.0,58.0,6.2,60.0,30.4,0,3,1.0,1.004,1,60.0,1,30.4,133.13
SEC-BTE-MTJ,35.0,100.0,48.0,4.8,97.2,33.6,20,2,1.055,1.185,0,100.0,0,33.6,31.24
SEC-NDLS-KOTA,465.0,130.0,275.0,14.5,30.0,0.9,5,6,1.0,1.015,1,30.0,1,0.9,963.94
SEC-SWM-GGC,64.0,120.0,48.0,5.1,45.0,4.2,7,5,1.0,1.172,1,45.0,0,4.2,108.33
SEC-BTE-MTJ,35.0,100.0,48.0,4.8,90.9,2.6,3,6,1.275,1.159,0,100.0,0,2.6,33.34
SEC-KOTA-SWM,108.0,130.0,58.0,6.2,103.3,7.2,6,0,1.0,1.099,0,130.0,0,7.2,74.39
SEC-SWM-GGC,64.0,120.0,48.0,5.1,113.3,39.5,18,2,1.0,1.264,0,120.0,0,39.5,39.58
SEC-BTE-MTJ,35.0,100.0,48.0,4.8,89.9,23.8,5,4,1.0,1.026,0,100.0,1,23.8,35.63
SEC-MTJ-AGC,54.0,120.0,45.0,4.2,97.5,17.7,8,6,1.183,1.227,0,120.0,0,17.7,50.7
SEC-MTJ-AGC,54.0,120.0,45.0,4.2,102.7,3.0,13,6,1.0,1.075,0,120.0,0,3.0,32.08
SEC-SWM-GGC,64.0,120.0,48.0,5.1,115.9,18.4,3,5,1.0,1.132,0,120.0,0,18.4,45.5
SEC-MTJ-AGC,54.0,120.0,45.0,4.2,104.6,8.5,10,3,1.0,1.185,0,120.0,1,8.5,55.74
SEC-KOTA-SWM,108.0,130.0,58.0,6.2,101.8,7.5,5,3,1.052,1.208,0,130.0,0,7.5,84.15
SEC-KOTA-SWM,108.0,130.0,58.0,6.2,126.6,13.9,11,6,1.0,1.199,0,130.0,1,13.9,88.43
SEC-SWM-GGC,64.0,120.0,48.0,5.1,94.1,6.0,15,4,1.0,1.098,0,120.0,0,6.0,33.21
SEC-SWM-GGC,64.0,120.0,48.0,5.1,96.1,2.5,22,3,1.0,1.058,0,120.0,0,2.5,37.28
SEC-KOTA-SWM,108.0,130.0,58.0,6.2,30.0,4.3,5,5,1.188,1.112,1,30.0,0,4.3,287.45
SEC-BTE-MTJ,35.0,100.0,48.0,4.8,97.9,21.8,20,0,1.244,1.259,0,100.0,0,21.8,40.06
SEC-MTJ-AGC,54.0,120.0,45.0,4.2,105.0,70.2,3,6,1.0,1.162,0,120.0,1,70.2,55.84
SEC-NDLS-KOTA,465.0,130.0,275.0,14.5,117.7,3.9,9,3,1.0,1.093,0,130.0,0,3.9,262.68
SEC-SWM-GGC,64.0,120.0,48.0,5.1,108.6,2.7,20,6,1.0,1.462,0,120.0,0,2.7,53.61
SEC-NDLS-KOTA,465.0,130.0,275.0,14.5,112.6,20.3,8,0,1.0,1.498,0,130.0,0,20.3,346.38
SEC-NDLS-KOTA,465.0,130.0,275.0,14.5,113.5,27.3,12,3,1.092,1.136,0,130.0,0,27.3,300.26
SEC-KOTA-SWM,108.0,130.0,58.0,6.2,118.2,12.1,14,4,1.071,1.093,0,130.0,0,12.1,65.75
SEC-MTJ-AGC,54.0,120.0,45.0,4.2,90.9,8.8,14,0,1.0,1.091,0,120.0,0,8.8,38.59
SEC-KOTA-SWM,108.0,130.0,58.0,6.2,111.9,0.4,9,3,1.0,1.347,0,130.0,1,0.4,82.65
SEC-NDLS-KOTA,465.0,130.0,275.0,14.5,123.9,4.7,20,6,1.097,1.365,0,130.0,0,4.7,304.87
SEC-MTJ-AGC,54.0,120.0,45.0,4.2,109.4,11.6,17,0,1.0,1.187,0,120.0,0,11.6,42.19
SEC-MTJ-AGC,54.0,120.0,45.0,4.2,91.5,22.7,2,5,1.0,1.013,0,120.0,0,22.7,43.8
SEC-MTJ-AGC,54.0,120.0,45.0,4.2,95.0,40.6,9,5,1.0,1.395,0,120.0,0,40.6,47.48
SEC-MTJ-AGC,54.0,120.0,45.0,4.2,95.2,5.2,18,2,1.0,1.197,0,120.0,0,5.2,34.63
SEC-NDLS-KOTA,465.0,130.0,275.0,14.5,98.0,5.3,0,0,1.0,1.055,0,130.0,0,5.3,299.52
SEC-KOTA-SWM,108.0,130.0,58.0,6.2,123.4,30.8,8,2,1.0,1.138,0,130.0,0,30.8,67.38
SEC-MTJ-AGC,54.0,120.0,45.0,4.2,93.8,3.9,1,1,1.0,1.023,0,120.0,0,3.9,44.8
SEC-NDLS-KOTA,465.0,130.0,275.0,14.5,111.8,1.2,12,5,1.192,1.059,0,130.0,0,1.2,297.31
SEC-SWM-GGC,64.0,120.0,48.0,5.1,94.9,6.1,13,2,1.067,1.091,0,120.0,0,6.1,40.45
SEC-NDLS-KOTA,465.0,130.0,275.0,14.5,124.7,4.1,19,4,1.0,1.366,0,130.0,0,4.1,296.14
SEC-NDLS-KOTA,465.0,130.0,275.0,14.5,100.2,11.6,16,0,1.0,1.038,0,130.0,0,11.6,291.46
SEC-SWM-GGC,64.0,120.0,48.0,5.1,96.3,1.5,8,2,1.0,1.059,0,120.0,0,1.5,33.51
SEC-GGC-BTE,120.0,110.0,98.0,9.4,94.2,20.7,14,1,1.0,1.109,0,110.0,0,20.7,94.97
SEC-GGC-BTE,120.0,110.0,98.0,9.4,82.5,2.5,4,0,1.0,1.119,0,110.0,0,2.5,106.68
SEC-SWM-GGC,64.0,120.0,48.0,5.1,111.9,4.3,18,5,1.172,1.181,0,120.0,0,4.3,42.26
SEC-KOTA-SWM,108.0,130.0,58.0,6.2,98.7,15.7,2,4,1.0,1.065,0,130.0,0,15.7,74.81
SEC-BTE-MTJ,35.0,100.0,48.0,4.8,60.0,0.9,12,1,1.06,1.06,1,60.0,0,0.9,39.16
SEC-BTE-MTJ,35.0,100.0,48.0,4.8,92.4,0.4,18,1,1.059,1.378,0,100.0,0,0.4,23.37
SEC-MTJ-AGC,54.0,120.0,45.0,4.2,117.2,18.1,1,6,1.142,1.043,0,120.0,0,18.1,33.87
SEC-NDLS-KOTA,465.0,130.0,275.0,14.5,101.1,2.8,5,6,1.0,1.205,0,130.0,0,2.8,318.75
SEC-MTJ-AGC,54.0,120.0,45.0,4.2,102.3,5.8,8,0,1.0,1.383,0,120.0,0,5.8,49.96
SEC-SWM-GGC,64.0,120.0,48.0,5.1,30.0,4.1,14,6,1.088,1.108,1,30.0,0,4.1,174.25
SEC-GGC-BTE,120.0,110.0,98.0,9.4,109.9,3.9,0,0,1.0,1.244,0,110.0,0,3.9,76.23
SEC-BTE-MTJ,35.0,100.0,48.0,4.8,84.0,1.5,6,6,1.0,1.216,0,100.0,0,1.5,34.17
SEC-GGC-BTE,120.0,110.0,98.0,9.4,83.0,4.8,5,2,1.0,1.113,0,110.0,0,4.8,101.73
SEC-SWM-GGC,64.0,120.0,48.0,5.1,111.3,3.0,0,5,1.0,1.213,0,120.0,0,3.0,45.86
SEC-BTE-MTJ,35.0,100.0,48.0,4.8,94.4,2.2,20,4,1.0,1.463,0,100.0,0,2.2,33.83
SEC-BTE-MTJ,35.0,100.0,48.0,4.8,94.0,29.8,13,5,1.078,1.065,0,100.0,0,29.8,30.69
SEC-SWM-GGC,64.0,120.0,48.0,5.1,60.0,6.8,6,2,1.29,1.044,1,60.0,0,6.8,96.69
SEC-BTE-MTJ,35.0,100.0,48.0,4.8,88.7,12.4,11,1,1.0,1.425,0,100.0,0,12.4,34.24
SEC-MTJ-AGC,54.0,120.0,45.0,4.2,116.7,87.6,7,1,1.223,1.189,0,120.0,0,87.6,43.31
SEC-NDLS-KOTA,465.0,130.0,275.0,14.5,111.3,1.7,1,1,1.0,1.025,0,130.0,0,1.7,291.33
SEC-MTJ-AGC,54.0,120.0,45.0,4.2,45.0,11.1,21,4,1.0,1.274,1,45.0,1,11.1,113.44
SEC-SWM-GGC,64.0,120.0,48.0,5.1,114.7,3.2,23,0,1.0,1.141,0,120.0,0,3.2,49.44
SEC-MTJ-AGC,54.0,120.0,45.0,4.2,94.2,1.7,19,0,1.0,1.32,0,120.0,0,1.7,39.57
SEC-MTJ-AGC,54.0,120.0,45.0,4.2,106.5,5.8,19,4,1.0,1.248,0,120.0,0,5.8,37.15
SEC-BTE-MTJ,35.0,100.0,48.0,4.8,93.4,22.7,18,0,1.0,1.534,0,100.0,0,22.7,39.22
SEC-BTE-MTJ,35.0,100.0,48.0,4.8,83.5,3.3,6,3,1.0,1.066,0,100.0,0,3.3,25.59
SEC-MTJ-AGC,54.0,120.0,45.0,4.2,109.9,28.2,6,3,1.273,1.027,0,120.0,0,28.2,37.63
SEC-GGC-BTE,120.0,110.0,98.0,9.4,104.4,7.7,10,1,1.0,1.226,0,110.0,0,7.7,75.82
SEC-MTJ-AGC,54.0,120.0,45.0,4.2,45.0,33.0,5,5,1.0,1.102,1,45.0,0,33.0,82.49
SEC-BTE-MTJ,35.0,100.0,48.0,4.8,83.7,6.6,17,5,1.0,1.334,0,100.0,1,6.6,47.55
SEC-SWM-GGC,64.0,120.0,48.0,5.1,116.5,0.7,5,6,1.0,1.017,0,120.0,1,0.7,43.29
SEC-BTE-MTJ,35.0,100.0,48.0,4.8,45.0,19.3,15,2,1.206,1.122,1,45.0,0,19.3,81.67
SEC-NDLS-KOTA,465.0,130.0,275.0,14.5,126.4,14.2,17,5,1.272,1.186,0,130.0,0,14.2,334.15
SEC-BTE-MTJ,35.0,100.0,48.0,4.8,77.4,26.1,21,6,1.242,1.32,0,100.0,0,26.1,39.49
SEC-NDLS-KOTA,465.0,130.0,275.0,14.5,123.7,6.4,7,4,1.0,1.195,0,130.0,0,6.4,266.68
SEC-SWM-GGC,64.0,120.0,48.0,5.1,30.0,7.1,22,0,1.0,1.303,1,30.0,0,7.1,178.15
SEC-MTJ-AGC,54.0,120.0,45.0,4.2,115.5,10.2,17,6,1.0,1.083,0,120.0,0,10.2,34.02
SEC-MTJ-AGC,54.0,120.0,45.0,4.2,101.3,7.0,2,2,1.0,1.175,0,120.0,0,7.0,51.48
SEC-MTJ-AGC,54.0,120.0,45.0,4.2,111.3,4.1,23,1,1.124,1.054,0,120.0,0,4.1,41.79
SEC-GGC-BTE,120.0,110.0,98.0,9.4,109.2,2.4,21,1,1.0,1.257,0,110.0,1,2.4,95.87
SEC-NDLS-KOTA,465.0,130.0,275.0,14.5,103.9,0.4,7,2,1.0,1.155,0,130.0,0,0.4,303.18
SEC-KOTA-SWM,108.0,130.0,58.0,6.2,113.5,5.7,5,6,1.0,1.056,0,130.0,0,5.7,60.73
SEC-BTE-MTJ,35.0,100.0,48.0,4.8,78.2,2.0,10,2,1.261,1.47,0,100.0,0,2.0,49.36
SEC-MTJ-AGC,54.0,120.0,45.0,4.2,107.6,0.3,21,1,1.0,1.264,0,120.0,0,0.3,38.44
SEC-BTE-MTJ,35.0,100.0,48.0,4.8,81.7,28.9,2,5,1.053,1.084,0,100.0,0,28.9,31.03
SEC-BTE-MTJ,35.0,100.0,48.0,4.8,30.0,1.9,8,3,1.0,1.389,1,30.0,0,1.9,112.75
SEC-NDLS-KOTA,465.0,130.0,275.0,14.5,129.8,2.4,1,1,1.0,1.067,0,130.0,0,2.4,228.59
SEC-GGC-BTE,120.0,110.0,98.0,9.4,60.0,12.2,22,3,1.0,1.18,1,60.0,0,12.2,151.33
SEC-BTE-MTJ,35.0,100.0,48.0,4.8,81.8,15.5,0,2,1.0,1.038,0,100.0,0,15.5,20.9
SEC-NDLS-KOTA,465.0,130.0,275.0,14.5,105.1,9.6,1,6,1.0,1.073,0,130.0,0,9.6,272.49
SEC-GGC-BTE,120.0,110.0,98.0,9.4,93.9,2.3,21,1,1.0,1.081,0,110.0,0,2.3,90.63
SEC-GGC-BTE,120.0,110.0,98.0,9.4,99.3,18.2,11,3,1.0,1.067,0,110.0,0,18.2,102.12
SEC-SWM-GGC,64.0,120.0,48.0,5.1,116.4,5.2,17,4,1.0,1.281,0,120.0,0,5.2,42.5
SEC-SWM-GGC,64.0,120.0,48.0,5.1,90.8,0.9,6,3,1.0,1.074,0,120.0,0,0.9,44.12
SEC-MTJ-AGC,54.0,120.0,45.0,4.2,117.2,14.5,23,0,1.177,1.111,0,120.0,0,14.5,25.86
SEC-KOTA-SWM,108.0,130.0,58.0,6.2,130.0,12.4,4,5,1.0,1.02,0,130.0,0,12.4,47.35
SEC-KOTA-SWM,108.0,130.0,58.0,6.2,127.9,5.4,20,3,1.095,1.216,0,130.0,0,5.4,70.42
SEC-BTE-MTJ,35.0,100.0,48.0,4.8,81.8,1.0,8,3,1.0,1.267,0,100.0,0,1.0,38.38
SEC-NDLS-KOTA,465.0,130.0,275.0,14.5,115.5,6.4,9,4,1.0,1.245,0,130.0,0,6.4,310.98
SEC-BTE-MTJ,35.0,100.0,48.0,4.8,95.4,2.4,23,0,1.103,1.065,0,100.0,0,2.4,29.62
SEC-SWM-GGC,64.0,120.0,48.0,5.1,96.7,34.4,13,6,1.0,1.062,0,120.0,0,34.4,33.83
SEC-SWM-GGC,64.0,120.0,48.0,5.1,105.6,7.5,11,0,1.12,1.162,0,120.0,0,7.5,44.2
SEC-KOTA-SWM,108.0,130.0,58.0,6.2,60.0,1.7,8,3,1.0,1.34,1,60.0,0,1.7,139.07
SEC-SWM-GGC,64.0,120.0,48.0,5.1,108.9,11.4,2,3,1.0,1.096,0,120.0,0,11.4,37.98
SEC-KOTA-SWM,108.0,130.0,58.0,6.2,105.7,2.5,10,0,1.0,1.357,0,130.0,0,2.5,77.18
SEC-MTJ-AGC,54.0,120.0,45.0,4.2,108.3,8.8,2,2,1.0,1.026,0,120.0,0,8.8,39.08
SEC-GGC-BTE,120.0,110.0,98.0,9.4,88.8,11.2,13,6,1.0,1.032,0,110.0,0,11.2,89.25
SEC-NDLS-KOTA,465.0,130.0,275.0,14.5,123.6,0.2,6,0,1.0,1.188,0,130.0,0,0.2,295.09
SEC-KOTA-SWM,108.0,130.0,58.0,6.2,125.1,27.9,15,3,1.117,1.005,0,130.0,0,27.9,56.18
SEC-BTE-MTJ,35.0,100.0,48.0,4.8,90.5,9.4,16,5,1.0,1.234,0,100.0,0,9.4,19.95
SEC-KOTA-SWM,108.0,130.0,58.0,6.2,45.0,2.2,0,2,1.0,1.064,1,45.0,0,2.2,160.66
SEC-GGC-BTE,120.0,110.0,98.0,9.4,88.1,12.4,5,1,1.116,1.139,0,110.0,0,12.4,77.94
SEC-NDLS-KOTA,465.0,130.0,275.0,14.5,124.5,3.4,17,5,1.0,1.385,0,130.0,0,3.4,272.23
SEC-KOTA-SWM,108.0,130.0,58.0,6.2,103.3,19.1,2,2,1.091,1.146,0,130.0,0,19.1,86.97
SEC-BTE-MTJ,35.0,100.0,48.0,4.8,60.0,8.3,20,6,1.0,1.091,1,60.0,0,8.3,40.17
SEC-BTE-MTJ,35.0,100.0,48.0,4.8,80.3,26.0,13,2,1.122,1.101,0,100.0,0,26.0,36.62
SEC-NDLS-KOTA,465.0,130.0,275.0,14.5,129.9,5.3,15,0,1.115,1.116,0,130.0,0,5.3,263.13
SEC-GGC-BTE,120.0,110.0,98.0,9.4,85.4,12.9,1,0,1.186,1.084,0,110.0,0,12.9,85.6
SEC-KOTA-SWM,108.0,130.0,58.0,6.2,108.1,1.4,5,3,1.0,1.15,0,130.0,0,1.4,59.61
SEC-SWM-GGC,64.0,120.0,48.0,5.1,98.0,19.4,10,1,1.0,1.146,0,120.0,0,19.4,42.73
SEC-KOTA-SWM,108.0,130.0,58.0,6.2,116.9,9.0,10,0,1.0,1.181,0,130.0,1,9.0,86.23
SEC-KOTA-SWM,108.0,130.0,58.0,6.2,119.6,2.7,14,5,1.0,1.125,0,130.0,1,2.7,92.51
SEC-KOTA-SWM,108.0,130.0,58.0,6.2,99.0,1.6,2,5,1.0,1.059,0,130.0,1,1.6,91.08
SEC-BTE-MTJ,35.0,100.0,48.0,4.8,79.2,9.4,8,3,1.253,1.246,0,100.0,0,9.4,47.33
SEC-MTJ-AGC,54.0,120.0,45.0,4.2,102.3,15.3,15,1,1.0,1.222,0,120.0,0,15.3,48.41
SEC-NDLS-KOTA,465.0,130.0,275.0,14.5,108.9,8.2,6,1,1.18,1.102,0,130.0,1,8.2,341.56
SEC-MTJ-AGC,54.0,120.0,45.0,4.2,109.8,12.4,7,3,1.0,1.076,0,120.0,0,12.4,34.88
SEC-KOTA-SWM,108.0,130.0,58.0,6.2,45.0,2.5,11,4,1.0,1.386,1,45.0,0,2.5,195.47
SEC-GGC-BTE,120.0,110.0,98.0,9.4,98.6,2.9,6,1,1.0,1.215,0,110.0,0,2.9,86.36
SEC-SWM-GGC,64.0,120.0,48.0,5.1,107.8,0.1,13,1,1.0,1.178,0,120.0,0,0.1,53.7
SEC-KOTA-SWM,108.0,130.0,58.0,6.2,102.2,6.2,8,2,1.0,1.274,0,130.0,0,6.2,75.49
SEC-BTE-MTJ,35.0,100.0,48.0,4.8,92.4,25.7,23,0,1.0,1.107,0,100.0,0,25.7,44.0
SEC-BTE-MTJ,35.0,100.0,48.0,4.8,45.0,3.0,6,0,1.093,1.082,1,45.0,0,3.0,69.23
SEC-SWM-GGC,64.0,120.0,48.0,5.1,96.0,10.9,16,4,1.182,1.058,0,120.0,0,10.9,53.04
SEC-SWM-GGC,64.0,120.0,48.0,5.1,96.6,31.7,9,3,1.268,1.198,0,120.0,1,31.7,76.03
SEC-KOTA-SWM,108.0,130.0,58.0,6.2,45.0,19.2,21,0,1.0,1.133,1,45.0,0,19.2,178.79
SEC-BTE-MTJ,35.0,100.0,48.0,4.8,30.0,15.8,16,0,1.0,1.177,1,30.0,0,15.8,87.02
SEC-NDLS-KOTA,465.0,130.0,275.0,14.5,119.6,10.5,4,5,1.0,1.167,0,130.0,0,10.5,236.5
SEC-NDLS-KOTA,465.0,130.0,275.0,14.5,121.2,0.2,10,2,1.1,1.266,0,130.0,0,0.2,291.13
SEC-KOTA-SWM,108.0,130.0,58.0,6.2,116.0,4.2,15,0,1.0,1.074,0,130.0,0,4.2,50.43
SEC-SWM-GGC,64.0,120.0,48.0,5.1,30.0,1.2,2,4,1.0,1.044,1,30.0,0,1.2,157.34
SEC-NDLS-KOTA,465.0,130.0,275.0,14.5,121.1,31.1,15,1,1.0,1.105,0,130.0,0,31.1,243.1
SEC-GGC-BTE,120.0,110.0,98.0,9.4,91.9,2.9,8,4,1.0,1.219,0,110.0,0,2.9,101.7
SEC-NDLS-KOTA,465.0,130.0,275.0,14.5,125.8,7.3,6,1,1.0,1.071,0,130.0,0,7.3,225.04
SEC-SWM-GGC,64.0,120.0,48.0,5.1,103.2,1.5,7,3,1.0,1.032,0,120.0,0,1.5,50.38
SEC-SWM-GGC,64.0,120.0,48.0,5.1,45.0,19.8,17,2,1.0,1.287,1,45.0,0,19.8,130.68
SEC-BTE-MTJ,35.0,100.0,48.0,4.8,96.2,12.1,13,4,1.0,1.176,0,100.0,1,12.1,45.07
SEC-MTJ-AGC,54.0,120.0,45.0,4.2,99.0,1.8,2,1,1.0,1.077,0,120.0,0,1.8,35.85
SEC-BTE-MTJ,35.0,100.0,48.0,4.8,86.3,8.6,6,5,1.0,1.043,0,100.0,1,8.6,30.82
SEC-SWM-GGC,64.0,120.0,48.0,5.1,93.2,1.5,3,1,1.245,1.092,0,120.0,0,1.5,48.39
SEC-GGC-BTE,120.0,110.0,98.0,9.4,89.2,8.5,1,3,1.0,1.135,0,110.0,0,8.5,92.31
SEC-MTJ-AGC,54.0,120.0,45.0,4.2,91.5,1.8,20,1,1.14,1.16,0,120.0,0,1.8,41.88
SEC-SWM-GGC,64.0,120.0,48.0,5.1,101.6,1.5,23,6,1.236,1.108,0,120.0,0,1.5,48.6
SEC-NDLS-KOTA,465.0,130.0,275.0,14.5,115.6,24.9,7,6,1.0,1.05,0,130.0,0,24.9,250.86
SEC-GGC-BTE,120.0,110.0,98.0,9.4,30.0,15.4,6,0,1.0,1.274,1,30.0,0,15.4,325.85
SEC-GGC-BTE,120.0,110.0,98.0,9.4,91.2,0.9,7,4,1.177,1.109,0,110.0,0,0.9,108.66
SEC-KOTA-SWM,108.0,130.0,58.0,6.2,100.1,5.4,22,0,1.111,1.111,0,130.0,1,5.4,103.22
SEC-BTE-MTJ,35.0,100.0,48.0,4.8,98.6,3.0,21,2,1.0,1.297,0,100.0,0,3.0,36.7
SEC-MTJ-AGC,54.0,120.0,45.0,4.2,92.8,3.2,15,2,1.0,1.152,0,120.0,0,3.2,44.97
SEC-GGC-BTE,120.0,110.0,98.0,9.4,30.0,1.0,9,1,1.0,1.149,1,30.0,0,1.0,283.88
SEC-KOTA-SWM,108.0,130.0,58.0,6.2,124.3,0.7,16,6,1.0,1.081,0,130.0,0,0.7,57.81
SEC-MTJ-AGC,54.0,120.0,45.0,4.2,102.9,6.3,22,5,1.0,1.157,0,120.0,1,6.3,44.62
SEC-SWM-GGC,64.0,120.0,48.0,5.1,94.9,7.8,18,5,1.0,1.325,0,120.0,0,7.8,58.28
SEC-GGC-BTE,120.0,110.0,98.0,9.4,103.9,2.3,21,5,1.077,1.302,0,110.0,0,2.3,97.35
SEC-SWM-GGC,64.0,120.0,48.0,5.1,93.9,25.2,13,1,1.0,1.179,0,120.0,1,25.2,70.91
SEC-NDLS-KOTA,465.0,130.0,275.0,14.5,30.0,6.2,16,3,1.0,1.064,1,30.0,1,6.2,1020.68
SEC-KOTA-SWM,108.0,130.0,58.0,6.2,30.0,11.3,4,0,1.0,1.193,1,30.0,1,11.3,274.11
SEC-BTE-MTJ,35.0,100.0,48.0,4.8,92.7,16.5,22,2,1.0,1.045,0,100.0,0,16.5,19.95
SEC-GGC-BTE,120.0,110.0,98.0,9.4,101.8,0.9,2,6,1.0,1.14,0,110.0,1,0.9,89.97
SEC-GGC-BTE,120.0,110.0,98.0,9.4,87.8,6.4,17,1,1.0,1.358,0,110.0,0,6.4,102.14
SEC-MTJ-AGC,54.0,120.0,45.0,4.2,118.8,1.5,3,6,1.0,1.008,0,120.0,0,1.5,34.48
SEC-GGC-BTE,120.0,110.0,98.0,9.4,89.5,0.5,10,0,1.0,1.318,0,110.0,0,0.5,98.16
SEC-GGC-BTE,120.0,110.0,98.0,9.4,87.6,7.7,22,3,1.052,1.042,0,110.0,0,7.7,91.75
SEC-GGC-BTE,120.0,110.0,98.0,9.4,107.4,0.5,0,1,1.091,1.163,0,110.0,0,0.5,79.81
SEC-SWM-GGC,64.0,120.0,48.0,5.1,105.2,13.8,0,3,1.071,1.009,0,120.0,0,13.8,36.79
SEC-NDLS-KOTA,465.0,130.0,275.0,14.5,45.0,11.9,22,5,1.0,1.049,1,45.0,0,11.9,657.09
SEC-GGC-BTE,120.0,110.0,98.0,9.4,105.8,2.4,19,6,1.0,1.36,0,110.0,0,2.4,71.17
SEC-SWM-GGC,64.0,120.0,48.0,5.1,115.0,5.9,12,4,1.0,1.158,0,120.0,0,5.9,45.0
SEC-MTJ-AGC,54.0,120.0,45.0,4.2,111.0,9.3,22,2,1.0,1.086,0,120.0,0,9.3,32.43
SEC-BTE-MTJ,35.0,100.0,48.0,4.8,95.8,14.0,9,0,1.0,1.059,0,100.0,0,14.0,20.02
SEC-NDLS-KOTA,465.0,130.0,275.0,14.5,108.5,3.6,6,6,1.265,1.202,0,130.0,0,3.6,392.81
SEC-GGC-BTE,120.0,110.0,98.0,9.4,91.5,6.4,23,0,1.0,1.14,0,110.0,0,6.4,102.12
SEC-KOTA-SWM,108.0,130.0,58.0,6.2,109.4,6.4,4,2,1.054,1.051,0,130.0,0,6.4,66.55
SEC-KOTA-SWM,108.0,130.0,58.0,6.2,112.5,25.5,15,3,1.089,1.068,0,130.0,0,25.5,74.86
SEC-MTJ-AGC,54.0,120.0,45.0,4.2,45.0,13.4,7,2,1.0,1.151,1,45.0,0,13.4,90.57
SEC-SWM-GGC,64.0,120.0,48.0,5.1,97.3,10.8,14,4,1.19,1.141,0,120.0,0,10.8,55.53
SEC-MTJ-AGC,54.0,120.0,45.0,4.2,118.2,8.8,1,0,1.0,1.07,0,120.0,1,8.8,35.93
SEC-BTE-MTJ,35.0,100.0,48.0,4.8,94.3,5.6,12,1,1.0,1.023,0,100.0,0,5.6,19.95
SEC-KOTA-SWM,108.0,130.0,58.0,6.2,121.0,0.6,20,1,1.173,1.175,0,130.0,0,0.6,74.9
SEC-KOTA-SWM,108.0,130.0,58.0,6.2,108.9,3.7,12,4,1.0,1.106,0,130.0,0,3.7,63.51
SEC-SWM-GGC,64.0,120.0,48.0,5.1,105.5,11.9,22,2,1.0,1.197,0,120.0,1,11.9,45.28
SEC-GGC-BTE,120.0,110.0,98.0,9.4,97.6,7.3,11,3,1.148,1.196,0,110.0,1,7.3,104.24
SEC-NDLS-KOTA,465.0,130.0,275.0,14.5,123.6,8.1,16,6,1.0,1.104,0,130.0,0,8.1,249.38
SEC-NDLS-KOTA,465.0,130.0,275.0,14.5,100.0,5.8,21,5,1.0,1.272,0,130.0,0,5.8,325.08
SEC-SWM-GGC,64.0,120.0,48.0,5.1,105.4,11.8,0,0,1.0,1.037,0,120.0,1,11.8,51.1
SEC-MTJ-AGC,54.0,120.0,45.0,4.2,116.2,12.2,21,2,1.118,1.268,0,120.0,0,12.2,37.29
SEC-KOTA-SWM,108.0,130.0,58.0,6.2,127.7,0.1,12,5,1.0,1.103,0,130.0,1,0.1,65.06
SEC-GGC-BTE,120.0,110.0,98.0,9.4,105.2,7.1,7,1,1.063,1.056,0,110.0,1,7.1,96.12
SEC-SWM-GGC,64.0,120.0,48.0,5.1,112.6,5.5,6,3,1.0,1.131,0,120.0,0,5.5,40.29
SEC-NDLS-KOTA,465.0,130.0,275.0,14.5,30.0,0.2,5,3,1.0,1.1,1,30.0,0,0.2,1035.19
SEC-KOTA-SWM,108.0,130.0,58.0,6.2,114.9,0.8,20,5,1.0,1.306,0,130.0,0,0.8,68.7
SEC-BTE-MTJ,35.0,100.0,48.0,4.8,60.0,29.9,19,5,1.0,1.333,1,60.0,1,29.9,71.84
SEC-GGC-BTE,120.0,110.0,98.0,9.4,94.7,1.4,0,4,1.228,1.158,0,110.0,0,1.4,89.7
SEC-MTJ-AGC,54.0,120.0,45.0,4.2,30.0,3.4,17,1,1.0,1.353,1,30.0,0,3.4,149.31
SEC-SWM-GGC,64.0,120.0,48.0,5.1,102.8,3.2,16,3,1.0,1.086,0,120.0,0,3.2,39.45
SEC-GGC-BTE,120.0,110.0,98.0,9.4,95.3,0.8,10,1,1.296,1.368,0,110.0,0,0.8,125.16
SEC-BTE-MTJ,35.0,100.0,48.0,4.8,79.1,5.4,4,4,1.0,1.071,0,100.0,0,5.4,28.46
SEC-GGC-BTE,120.0,110.0,98.0,9.4,108.3,30.7,3,5,1.0,1.249,0,110.0,0,30.7,91.6
SEC-MTJ-AGC,54.0,120.0,45.0,4.2,113.1,5.5,8,6,1.0,1.297,0,120.0,0,5.5,51.67
SEC-KOTA-SWM,108.0,130.0,58.0,6.2,118.2,12.3,0,3,1.09,1.024,0,130.0,0,12.3,56.68
SEC-KOTA-SWM,108.0,130.0,58.0,6.2,110.8,45.6,10,6,1.0,1.293,0,130.0,1,45.6,112.63
SEC-BTE-MTJ,35.0,100.0,48.0,4.8,85.4,0.9,1,5,1.0,1.088,0,100.0,0,0.9,27.55
SEC-KOTA-SWM,108.0,130.0,58.0,6.2,30.0,17.0,8,5,1.0,1.395,1,30.0,0,17.0,311.94
SEC-BTE-MTJ,35.0,100.0,48.0,4.8,88.9,21.9,17,1,1.171,1.485,0,100.0,0,21.9,40.1
SEC-KOTA-SWM,108.0,130.0,58.0,6.2,129.2,14.7,14,6,1.298,1.051,0,130.0,0,14.7,67.96
SEC-NDLS-KOTA,465.0,130.0,275.0,14.5,102.3,0.9,15,4,1.087,1.175,0,130.0,0,0.9,331.26
SEC-BTE-MTJ,35.0,100.0,48.0,4.8,93.1,1.7,2,4,1.0,1.055,0,100.0,1,1.7,34.81
SEC-GGC-BTE,120.0,110.0,98.0,9.4,97.9,61.9,21,0,1.0,1.412,0,110.0,1,61.9,130.7
SEC-KOTA-SWM,108.0,130.0,58.0,6.2,128.2,1.6,13,0,1.0,1.115,0,130.0,0,1.6,74.39
SEC-GGC-BTE,120.0,110.0,98.0,9.4,103.6,6.6,20,4,1.0,1.203,0,110.0,0,6.6,74.13
SEC-NDLS-KOTA,465.0,130.0,275.0,14.5,97.5,4.2,0,6,1.0,1.269,0,130.0,0,4.2,345.52
SEC-MTJ-AGC,54.0,120.0,45.0,4.2,110.7,4.7,20,1,1.0,1.213,0,120.0,0,4.7,43.17
SEC-NDLS-KOTA,465.0,130.0,275.0,14.5,116.8,2.3,2,0,1.0,1.116,0,130.0,0,2.3,274.15
SEC-BTE-MTJ,35.0,100.0,48.0,4.8,85.4,10.5,5,0,1.0,1.149,0,100.0,0,10.5,19.95
SEC-BTE-MTJ,35.0,100.0,48.0,4.8,80.2,21.7,4,3,1.145,1.139,0,100.0,0,21.7,32.44
SEC-GGC-BTE,120.0,110.0,98.0,9.4,92.6,7.2,9,2,1.0,1.26,0,110.0,0,7.2,101.69
SEC-SWM-GGC,64.0,120.0,48.0,5.1,60.0,6.0,13,4,1.0,1.034,1,60.0,0,6.0,75.68
SEC-KOTA-SWM,108.0,130.0,58.0,6.2,117.1,3.0,6,3,1.205,1.204,0,130.0,0,3.0,71.36
SEC-NDLS-KOTA,465.0,130.0,275.0,14.5,117.9,27.1,20,4,1.0,1.357,0,130.0,0,27.1,282.15
SEC-MTJ-AGC,54.0,120.0,45.0,4.2,92.2,30.5,21,4,1.138,1.269,0,120.0,0,30.5,56.33
SEC-KOTA-SWM,108.0,130.0,58.0,6.2,45.0,1.3,23,3,1.0,1.067,1,45.0,0,1.3,171.19
SEC-BTE-MTJ,35.0,100.0,48.0,4.8,45.0,10.4,12,4,1.088,1.031,1,45.0,0,10.4,65.63
SEC-NDLS-KOTA,465.0,130.0,275.0,14.5,107.3,6.2,12,5,1.057,1.026,0,130.0,0,6.2,264.12
SEC-GGC-BTE,120.0,110.0,98.0,9.4,87.2,16.3,14,5,1.0,1.082,0,110.0,0,16.3,83.41
SEC-SWM-GGC,64.0,120.0,48.0,5.1,108.0,13.3,14,6,1.0,1.061,0,120.0,0,13.3,30.4
SEC-GGC-BTE,120.0,110.0,98.0,9.4,108.3,8.4,14,5,1.179,1.141,0,110.0,0,8.4,106.52
SEC-GGC-BTE,120.0,110.0,98.0,9.4,101.6,7.8,6,5,1.0,1.167,0,110.0,0,7.8,72.7
SEC-GGC-BTE,120.0,110.0,98.0,9.4,87.2,19.4,10,0,1.0,1.278,0,110.0,0,19.4,94.02
SEC-GGC-BTE,120.0,110.0,98.0,9.4,99.3,3.1,7,6,1.28,1.082,0,110.0,0,3.1,97.88
SEC-MTJ-AGC,54.0,120.0,45.0,4.2,96.9,17.4,2,5,1.0,1.134,0,120.0,0,17.4,32.25
SEC-NDLS-KOTA,465.0,130.0,275.0,14.5,124.6,1.9,14,1,1.0,1.119,0,130.0,0,1.9,277.35
SEC-GGC-BTE,120.0,110.0,98.0,9.4,100.4,0.5,0,5,1.0,1.073,0,110.0,1,0.5,96.3
SEC-KOTA-SWM,108.0,130.0,58.0,6.2,45.0,4.8,4,0,1.0,1.09,1,45.0,0,4.8,163.63
SEC-BTE-MTJ,35.0,100.0,48.0,4.8,87.5,1.8,18,1,1.138,1.124,0,100.0,0,1.8,35.62
SEC-MTJ-AGC,54.0,120.0,45.0,4.2,102.3,18.5,21,1,1.0,1.254,0,120.0,0,18.5,37.9
SEC-GGC-BTE,120.0,110.0,98.0,9.4,96.6,9.1,19,6,1.0,1.117,0,110.0,0,9.1,75.25
SEC-MTJ-AGC,54.0,120.0,45.0,4.2,102.2,8.8,1,3,1.0,1.102,0,120.0,1,8.8,45.71
SEC-BTE-MTJ,35.0,100.0,48.0,4.8,97.4,12.9,23,0,1.0,1.119,0,100.0,0,12.9,19.95
SEC-MTJ-AGC,54.0,120.0,45.0,4.2,105.1,15.1,9,1,1.098,1.277,0,120.0,1,15.1,52.4
SEC-GGC-BTE,120.0,110.0,98.0,9.4,84.8,7.1,0,5,1.0,1.057,0,110.0,0,7.1,77.36
SEC-NDLS-KOTA,465.0,130.0,275.0,14.5,118.9,6.4,3,5,1.0,1.096,0,130.0,0,6.4,267.24
SEC-SWM-GGC,64.0,120.0,48.0,5.1,96.9,34.7,18,3,1.0,1.324,0,120.0,0,34.7,45.4
SEC-NDLS-KOTA,465.0,130.0,275.0,14.5,124.3,27.3,19,2,1.0,1.266,0,130.0,0,27.3,253.68
SEC-GGC-BTE,120.0,110.0,98.0,9.4,93.3,9.4,5,2,1.0,1.096,0,110.0,0,9.4,111.65
SEC-NDLS-KOTA,465.0,130.0,275.0,14.5,120.1,8.7,2,5,1.0,1.062,0,130.0,0,8.7,253.21
SEC-GGC-BTE,120.0,110.0,98.0,9.4,107.9,12.2,14,0,1.0,1.018,0,110.0,1,12.2,75.37
SEC-GGC-BTE,120.0,110.0,98.0,9.4,87.8,2.7,3,0,1.0,1.029,0,110.0,0,2.7,86.36
SEC-KOTA-SWM,108.0,130.0,58.0,6.2,60.0,8.4,22,0,1.0,1.054,1,60.0,0,8.4,126.71
SEC-MTJ-AGC,54.0,120.0,45.0,4.2,116.1,9.6,0,1,1.0,1.152,0,120.0,0,9.6,27.26
SEC-GGC-BTE,120.0,110.0,98.0,9.4,104.7,6.8,1,2,1.0,1.067,0,110.0,0,6.8,81.72
SEC-MTJ-AGC,54.0,120.0,45.0,4.2,45.0,17.3,2,3,1.0,1.095,1,45.0,0,17.3,93.28
SEC-GGC-BTE,120.0,110.0,98.0,9.4,30.0,20.0,11,2,1.0,1.227,1,30.0,0,20.0,301.34
SEC-SWM-GGC,64.0,120.0,48.0,5.1,94.5,8.7,11,4,1.0,1.364,0,120.0,0,8.7,53.44
SEC-NDLS-KOTA,465.0,130.0,275.0,14.5,114.1,9.7,11,5,1.0,1.397,0,130.0,0,9.7,324.97
SEC-KOTA-SWM,108.0,130.0,58.0,6.2,103.0,8.7,16,3,1.0,1.056,0,130.0,0,8.7,66.7
SEC-SWM-GGC,64.0,120.0,48.0,5.1,102.0,15.5,8,1,1.0,1.247,0,120.0,0,15.5,46.94
SEC-BTE-MTJ,35.0,100.0,48.0,4.8,96.9,3.7,2,3,1.0,1.052,0,100.0,0,3.7,20.92
SEC-MTJ-AGC,54.0,120.0,45.0,4.2,116.6,4.6,13,4,1.0,1.081,0,120.0,0,4.6,29.83
SEC-BTE-MTJ,35.0,100.0,48.0,4.8,94.0,24.6,20,0,1.111,1.243,0,100.0,1,24.6,45.99
SEC-SWM-GGC,64.0,120.0,48.0,5.1,98.0,2.9,17,3,1.0,1.376,0,120.0,0,2.9,41.87
SEC-SWM-GGC,64.0,120.0,48.0,5.1,106.9,3.5,0,4,1.0,1.105,0,120.0,0,3.5,38.4
SEC-NDLS-KOTA,465.0,130.0,275.0,14.5,116.0,6.1,16,2,1.0,1.18,0,130.0,0,6.1,260.47
SEC-BTE-MTJ,35.0,100.0,48.0,4.8,87.7,1.0,22,2,1.0,1.044,0,100.0,1,1.0,33.44
SEC-KOTA-SWM,108.0,130.0,58.0,6.2,104.1,3.3,14,0,1.0,1.052,0,130.0,0,3.3,77.58
SEC-KOTA-SWM,108.0,130.0,58.0,6.2,101.7,9.1,13,6,1.217,1.188,0,130.0,0,9.1,74.65
SEC-BTE-MTJ,35.0,100.0,48.0,4.8,60.0,31.6,8,6,1.0,1.178,1,60.0,0,31.6,49.62
SEC-NDLS-KOTA,465.0,130.0,275.0,14.5,45.0,22.2,11,0,1.161,1.235,1,45.0,0,22.2,881.92
SEC-KOTA-SWM,108.0,130.0,58.0,6.2,125.8,0.8,21,1,1.065,1.134,0,130.0,0,0.8,49.13
SEC-KOTA-SWM,108.0,130.0,58.0,6.2,105.9,25.5,4,6,1.0,1.01,0,130.0,0,25.5,80.75
SEC-BTE-MTJ,35.0,100.0,48.0,4.8,82.4,4.4,5,5,1.0,1.146,0,100.0,0,4.4,29.08
SEC-MTJ-AGC,54.0,120.0,45.0,4.2,109.7,0.5,6,0,1.069,1.089,0,120.0,0,0.5,33.86
SEC-NDLS-KOTA,465.0,130.0,275.0,14.5,106.0,16.6,16,1,1.162,1.164,0,130.0,0,16.6,363.24
SEC-GGC-BTE,120.0,110.0,98.0,9.4,97.0,0.6,18,0,1.0,1.301,0,110.0,0,0.6,93.63
SEC-NDLS-KOTA,465.0,130.0,275.0,14.5,30.0,2.3,15,4,1.132,1.011,1,30.0,0,2.3,1083.39
SEC-KOTA-SWM,108.0,130.0,58.0,6.2,107.8,3.8,7,1,1.228,1.022,0,130.0,0,3.8,79.32
SEC-KOTA-SWM,108.0,130.0,58.0,6.2,101.3,8.1,11,1,1.0,1.357,0,130.0,0,8.1,76.0
SEC-BTE-MTJ,35.0,100.0,48.0,4.8,87.4,19.0,14,5,1.0,1.122,0,100.0,0,19.0,30.49
SEC-SWM-GGC,64.0,120.0,48.0,5.1,110.4,1.9,22,5,1.0,1.089,0,120.0,0,1.9,30.4
SEC-GGC-BTE,120.0,110.0,98.0,9.4,90.0,6.8,2,6,1.051,1.146,0,110.0,0,6.8,93.97
SEC-KOTA-SWM,108.0,130.0,58.0,6.2,104.5,1.3,2,4,1.0,1.056,0,130.0,0,1.3,72.79
SEC-NDLS-KOTA,465.0,130.0,275.0,14.5,124.3,4.3,12,1,1.0,1.038,0,130.0,1,4.3,264.73
SEC-MTJ-AGC,54.0,120.0,45.0,4.2,91.5,0.3,9,5,1.073,1.2,0,120.0,0,0.3,48.6
SEC-GGC-BTE,120.0,110.0,98.0,9.4,30.0,4.3,7,1,1.264,1.008,1,30.0,0,4.3,323.25
SEC-GGC-BTE,120.0,110.0,98.0,9.4,99.0,4.0,6,3,1.247,1.059,0,110.0,0,4.0,94.11
SEC-NDLS-KOTA,465.0,130.0,275.0,14.5,114.6,0.9,5,2,1.0,1.053,0,130.0,0,0.9,260.49
SEC-GGC-BTE,120.0,110.0,98.0,9.4,99.4,0.6,17,2,1.0,1.327,0,110.0,0,0.6,93.53
SEC-MTJ-AGC,54.0,120.0,45.0,4.2,110.8,9.3,2,3,1.0,1.126,0,120.0,0,9.3,38.06
SEC-GGC-BTE,120.0,110.0,98.0,9.4,60.0,17.1,18,2,1.0,1.158,1,60.0,0,17.1,146.95
SEC-BTE-MTJ,35.0,100.0,48.0,4.8,78.4,3.1,7,5,1.0,1.085,0,100.0,0,3.1,27.13
SEC-KOTA-SWM,108.0,130.0,58.0,6.2,98.7,24.3,8,5,1.0,1.384,0,130.0,0,24.3,85.38
SEC-BTE-MTJ,35.0,100.0,48.0,4.8,96.3,4.2,20,5,1.0,1.213,0,100.0,0,4.2,21.91
SEC-KOTA-SWM,108.0,130.0,58.0,6.2,115.3,30.1,22,4,1.057,1.029,0,130.0,0,30.1,58.02
SEC-KOTA-SWM,108.0,130.0,58.0,6.2,45.0,7.7,11,6,1.0,1.417,1,45.0,0,7.7,218.6
SEC-SWM-GGC,64.0,120.0,48.0,5.1,111.6,1.9,6,5,1.149,1.077,0,120.0,0,1.9,48.81
SEC-SWM-GGC,64.0,120.0,48.0,5.1,103.3,6.0,17,3,1.0,1.265,0,120.0,0,6.0,58.94
SEC-NDLS-KOTA,465.0,130.0,275.0,14.5,99.5,9.8,11,1,1.239,1.209,0,130.0,0,9.8,379.0
SEC-NDLS-KOTA,465.0,130.0,275.0,14.5,30.0,1.5,10,6,1.0,1.294,1,30.0,0,1.5,1191.01
SEC-NDLS-KOTA,465.0,130.0,275.0,14.5,122.8,23.1,16,1,1.0,1.095,0,130.0,0,23.1,266.09
SEC-KOTA-SWM,108.0,130.0,58.0,6.2,30.0,10.9,5,0,1.0,1.076,1,30.0,0,10.9,260.31
SEC-MTJ-AGC,54.0,120.0,45.0,4.2,103.6,8.9,18,2,1.059,1.106,0,120.0,0,8.9,34.45
SEC-BTE-MTJ,35.0,100.0,48.0,4.8,60.0,0.2,2,1,1.0,1.056,1,60.0,0,0.2,43.4
SEC-BTE-MTJ,35.0,100.0,48.0,4.8,60.0,8.7,0,1,1.0,1.076,1,60.0,0,8.7,44.0
SEC-BTE-MTJ,35.0,100.0,48.0,4.8,98.2,16.4,17,6,1.0,1.398,0,100.0,0,16.4,20.81
SEC-BTE-MTJ,35.0,100.0,48.0,4.8,81.9,8.6,16,1,1.0,1.111,0,100.0,0,8.6,34.92
SEC-KOTA-SWM,108.0,130.0,58.0,6.2,111.9,11.2,5,3,1.15,1.041,0,130.0,0,11.2,74.06
SEC-BTE-MTJ,35.0,100.0,48.0,4.8,82.9,8.9,0,6,1.0,1.088,0,100.0,1,8.9,40.61
SEC-BTE-MTJ,35.0,100.0,48.0,4.8,83.6,0.4,3,3,1.0,1.025,0,100.0,0,0.4,28.84
SEC-KOTA-SWM,108.0,130.0,58.0,6.2,98.6,22.9,9,3,1.0,1.141,0,130.0,0,22.9,68.36
SEC-BTE-MTJ,35.0,100.0,48.0,4.8,98.0,6.0,5,5,1.0,1.176,0,100.0,0,6.0,34.16
SEC-KOTA-SWM,108.0,130.0,58.0,6.2,119.7,18.2,4,5,1.081,1.041,0,130.0,0,18.2,65.75
SEC-BTE-MTJ,35.0,100.0,48.0,4.8,95.6,21.2,19,5,1.0,1.307,0,100.0,0,21.2,20.38
SEC-GGC-BTE,120.0,110.0,98.0,9.4,108.1,2.4,3,2,1.181,1.146,0,110.0,0,2.4,90.66
SEC-BTE-MTJ,35.0,100.0,48.0,4.8,45.0,1.8,23,3,1.0,1.169,1,45.0,0,1.8,70.05
SEC-NDLS-KOTA,465.0,130.0,275.0,14.5,105.8,3.6,3,1,1.0,1.033,0,130.0,0,3.6,256.98
SEC-KOTA-SWM,108.0,130.0,58.0,6.2,60.0,4.6,8,6,1.0,1.344,1,60.0,0,4.6,161.59
SEC-BTE-MTJ,35.0,100.0,48.0,4.8,45.0,11.8,21,3,1.0,1.144,1,45.0,0,11.8,62.31
SEC-KOTA-SWM,108.0,130.0,58.0,6.2,104.3,5.1,23,6,1.0,1.156,0,130.0,0,5.1,64.52
SEC-BTE-MTJ,35.0,100.0,48.0,4.8,87.0,10.0,10,6,1.0,1.4,0,100.0,0,10.0,26.89
SEC-MTJ-AGC,54.0,120.0,45.0,4.2,95.1,3.5,15,0,1.0,1.185,0,120.0,0,3.5,46.63
SEC-MTJ-AGC,54.0,120.0,45.0,4.2,100.3,29.8,22,5,1.205,1.114,0,120.0,0,29.8,39.63
SEC-SWM-GGC,64.0,120.0,48.0,5.1,102.0,16.8,19,1,1.0,1.158,0,120.0,0,16.8,59.17
SEC-MTJ-AGC,54.0,120.0,45.0,4.2,97.7,3.1,2,2,1.0,1.155,0,120.0,0,3.1,37.76
SEC-GGC-BTE,120.0,110.0,98.0,9.4,60.0,25.1,13,1,1.064,1.145,1,60.0,0,25.1,161.64
SEC-NDLS-KOTA,465.0,130.0,275.0,14.5,127.4,7.2,12,0,1.0,1.129,0,130.0,0,7.2,249.49
SEC-NDLS-KOTA,465.0,130.0,275.0,14.5,99.0,5.2,22,4,1.128,1.124,0,130.0,0,5.2,341.0
SEC-MTJ-AGC,54.0,120.0,45.0,4.2,107.5,3.6,3,4,1.0,1.069,0,120.0,0,3.6,33.36
SEC-NDLS-KOTA,465.0,130.0,275.0,14.5,121.6,3.8,15,1,1.0,1.185,0,130.0,0,3.8,257.8
SEC-SWM-GGC,64.0,120.0,48.0,5.1,117.5,5.5,7,0,1.0,1.135,0,120.0,0,5.5,37.23
SEC-MTJ-AGC,54.0,120.0,45.0,4.2,114.2,0.7,0,5,1.0,1.083,0,120.0,0,0.7,25.65
SEC-NDLS-KOTA,465.0,130.0,275.0,14.5,104.7,7.0,13,1,1.0,1.03,0,130.0,0,7.0,278.88
SEC-GGC-BTE,120.0,110.0,98.0,9.4,88.8,27.0,11,6,1.0,1.242,0,110.0,0,27.0,109.81
SEC-BTE-MTJ,35.0,100.0,48.0,4.8,88.8,2.8,20,5,1.0,1.182,0,100.0,0,2.8,40.55
SEC-SWM-GGC,64.0,120.0,48.0,5.1,91.5,3.2,10,0,1.224,1.051,0,120.0,0,3.2,51.67
SEC-GGC-BTE,120.0,110.0,98.0,9.4,60.0,21.9,18,4,1.248,1.146,1,60.0,0,21.9,190.94
SEC-SWM-GGC,64.0,120.0,48.0,5.1,106.2,6.2,17,4,1.0,1.139,0,120.0,0,6.2,42.98
SEC-BTE-MTJ,35.0,100.0,48.0,4.8,30.0,22.5,1,4,1.102,1.11,1,30.0,0,22.5,116.63
SEC-NDLS-KOTA,465.0,130.0,275.0,14.5,101.2,0.7,19,4,1.0,1.205,0,130.0,0,0.7,338.13
SEC-NDLS-KOTA,465.0,130.0,275.0,14.5,127.4,4.1,12,3,1.0,1.164,0,130.0,0,4.1,247.66
SEC-NDLS-KOTA,465.0,130.0,275.0,14.5,128.8,11.6,22,1,1.0,1.131,0,130.0,1,11.6,260.03
SEC-BTE-MTJ,35.0,100.0,48.0,4.8,79.7,1.4,18,0,1.0,1.3,0,100.0,1,1.4,51.36
SEC-GGC-BTE,120.0,110.0,98.0,9.4,60.0,11.5,14,0,1.0,1.135,1,60.0,0,11.5,144.44
SEC-SWM-GGC,64.0,120.0,48.0,5.1,45.0,1.3,19,1,1.058,1.371,1,45.0,0,1.3,124.94
SEC-SWM-GGC,64.0,120.0,48.0,5.1,113.4,2.0,18,2,1.0,1.202,0,120.0,0,2.0,35.08
SEC-NDLS-KOTA,465.0,130.0,275.0,14.5,116.1,2.6,16,2,1.121,1.062,0,130.0,0,2.6,286.95
SEC-SWM-GGC,64.0,120.0,48.0,5.1,118.3,1.5,18,1,1.0,1.379,0,120.0,0,1.5,34.87
SEC-GGC-BTE,120.0,110.0,98.0,9.4,45.0,29.2,16,4,1.0,1.12,1,45.0,0,29.2,208.21
SEC-GGC-BTE,120.0,110.0,98.0,9.4,30.0,14.1,22,5,1.0,1.031,1,30.0,0,14.1,277.13
SEC-KOTA-SWM,108.0,130.0,58.0,6.2,126.8,3.0,0,3,1.0,1.063,0,130.0,0,3.0,53.11
SEC-KOTA-SWM,108.0,130.0,58.0,6.2,111.3,23.3,22,1,1.0,1.02,0,130.0,0,23.3,64.02
SEC-BTE-MTJ,35.0,100.0,48.0,4.8,97.6,11.3,20,0,1.0,1.168,0,100.0,0,11.3,21.43
SEC-NDLS-KOTA,465.0,130.0,275.0,14.5,122.4,17.8,17,0,1.0,1.411,0,130.0,0,17.8,310.85
SEC-GGC-BTE,120.0,110.0,98.0,9.4,60.0,12.4,22,6,1.261,1.084,1,60.0,0,12.4,194.08
SEC-SWM-GGC,64.0,120.0,48.0,5.1,99.5,21.5,19,3,1.138,1.188,0,120.0,1,21.5,74.61
SEC-SWM-GGC,64.0,120.0,48.0,5.1,111.4,29.8,17,2,1.089,1.219,0,120.0,0,29.8,53.41
SEC-GGC-BTE,120.0,110.0,98.0,9.4,102.4,6.5,2,2,1.0,1.153,0,110.0,1,6.5,77.81
SEC-MTJ-AGC,54.0,120.0,45.0,4.2,111.8,8.7,22,2,1.0,1.189,0,120.0,0,8.7,26.79
SEC-MTJ-AGC,54.0,120.0,45.0,4.2,114.1,0.3,9,2,1.141,1.27,0,120.0,0,0.3,43.88
SEC-KOTA-SWM,108.0,130.0,58.0,6.2,125.2,17.2,3,3,1.0,1.069,0,130.0,0,17.2,51.04
SEC-MTJ-AGC,54.0,120.0,45.0,4.2,91.0,19.5,6,6,1.0,1.084,0,120.0,0,19.5,37.99
SEC-GGC-BTE,120.0,110.0,98.0,9.4,86.9,16.7,23,3,1.0,1.062,0,110.0,0,16.7,88.58
SEC-KOTA-SWM,108.0,130.0,58.0,6.2,120.0,2.9,3,6,1.205,1.036,0,130.0,0,2.9,68.22
SEC-GGC-BTE,120.0,110.0,98.0,9.4,30.0,22.5,11,6,1.0,1.141,1,30.0,0,22.5,294.99
SEC-GGC-BTE,120.0,110.0,98.0,9.4,107.5,18.3,17,1,1.0,1.207,0,110.0,0,18.3,62.85
SEC-NDLS-KOTA,465.0,130.0,275.0,14.5,30.0,11.4,3,4,1.0,1.043,1,30.0,0,11.4,993.12
SEC-KOTA-SWM,108.0,130.0,58.0,6.2,123.3,18.9,6,6,1.29,1.124,0,130.0,0,18.9,66.68
SEC-GGC-BTE,120.0,110.0,98.0,9.4,108.1,1.9,20,3,1.0,1.136,0,110.0,0,1.9,87.93
SEC-KOTA-SWM,108.0,130.0,58.0,6.2,45.0,10.3,4,6,1.229,1.066,1,45.0,0,10.3,202.69
SEC-KOTA-SWM,108.0,130.0,58.0,6.2,60.0,10.0,14,6,1.143,1.009,1,60.0,0,10.0,141.88
SEC-KOTA-SWM,108.0,130.0,58.0,6.2,45.0,3.5,20,5,1.196,1.222,1,45.0,0,3.5,218.48
SEC-NDLS-KOTA,465.0,130.0,275.0,14.5,109.6,7.5,8,6,1.197,1.283,0,130.0,0,7.5,404.9
SEC-GGC-BTE,120.0,110.0,98.0,9.4,106.7,0.1,3,4,1.291,1.11,0,110.0,0,0.1,86.5
SEC-NDLS-KOTA,465.0,130.0,275.0,14.5,106.1,7.2,2,2,1.0,1.126,0,130.0,0,7.2,305.61
SEC-KOTA-SWM,108.0,130.0,58.0,6.2,116.5,1.3,23,4,1.14,1.163,0,130.0,0,1.3,71.23
SEC-SWM-GGC,64.0,120.0,48.0,5.1,108.5,2.6,17,6,1.0,1.274,0,120.0,0,2.6,51.09
SEC-KOTA-SWM,108.0,130.0,58.0,6.2,99.9,23.2,22,6,1.174,1.084,0,130.0,0,23.2,80.6
SEC-GGC-BTE,120.0,110.0,98.0,9.4,83.8,44.5,12,1,1.0,1.159,0,110.0,1,44.5,122.71
SEC-GGC-BTE,120.0,110.0,98.0,9.4,30.0,2.4,17,5,1.101,1.264,1,30.0,1,2.4,344.78
SEC-NDLS-KOTA,465.0,130.0,275.0,14.5,99.3,4.6,22,6,1.052,1.2,0,130.0,0,4.6,345.88
SEC-MTJ-AGC,54.0,120.0,45.0,4.2,113.6,8.3,2,1,1.246,1.071,0,120.0,0,8.3,32.02
SEC-BTE-MTJ,35.0,100.0,48.0,4.8,60.0,7.1,6,5,1.0,1.076,1,60.0,1,7.1,47.53
SEC-NDLS-KOTA,465.0,130.0,275.0,14.5,125.7,10.8,18,2,1.0,1.153,0,130.0,0,10.8,258.34
SEC-GGC-BTE,120.0,110.0,98.0,9.4,85.1,2.0,13,5,1.0,1.064,0,110.0,0,2.0,88.07
SEC-KOTA-SWM,108.0,130.0,58.0,6.2,30.0,1.0,13,3,1.094,1.07,1,30.0,0,1.0,272.23
SEC-SWM-GGC,64.0,120.0,48.0,5.1,94.6,4.2,11,5,1.153,1.18,0,120.0,0,4.2,53.43
SEC-GGC-BTE,120.0,110.0,98.0,9.4,101.1,8.3,10,3,1.0,1.094,0,110.0,0,8.3,69.91
SEC-KOTA-SWM,108.0,130.0,58.0,6.2,128.5,8.9,0,0,1.182,1.058,0,130.0,0,8.9,69.64
SEC-GGC-BTE,120.0,110.0,98.0,9.4,95.4,6.3,2,3,1.256,1.151,0,110.0,0,6.3,126.73
SEC-KOTA-SWM,108.0,130.0,58.0,6.2,120.1,2.0,23,6,1.081,1.118,0,130.0,0,2.0,75.0
SEC-BTE-MTJ,35.0,100.0,48.0,4.8,30.0,1.4,19,3,1.0,1.287,1,30.0,1,1.4,111.89
SEC-BTE-MTJ,35.0,100.0,48.0,4.8,60.0,15.4,5,3,1.093,1.013,1,60.0,0,15.4,47.41
SEC-GGC-BTE,120.0,110.0,98.0,9.4,60.0,0.5,15,3,1.0,1.036,1,60.0,0,0.5,139.67
SEC-NDLS-KOTA,465.0,130.0,275.0,14.5,117.7,3.0,23,6,1.0,1.052,0,130.0,0,3.0,229.43
SEC-KOTA-SWM,108.0,130.0,58.0,6.2,121.0,12.7,2,0,1.0,1.125,0,130.0,0,12.7,64.49
SEC-SWM-GGC,64.0,120.0,48.0,5.1,114.4,1.4,12,0,1.0,1.083,0,120.0,0,1.4,30.4
SEC-BTE-MTJ,35.0,100.0,48.0,4.8,90.8,5.4,10,6,1.0,1.385,0,100.0,0,5.4,41.11
SEC-NDLS-KOTA,465.0,130.0,275.0,14.5,127.2,22.3,0,1,1.0,1.104,0,130.0,0,22.3,243.18
SEC-GGC-BTE,120.0,110.0,98.0,9.4,101.1,6.3,22,6,1.0,1.023,0,110.0,0,6.3,78.04
SEC-NDLS-KOTA,465.0,130.0,275.0,14.5,104.9,0.6,5,2,1.083,1.149,0,130.0,0,0.6,326.08
SEC-NDLS-KOTA,465.0,130.0,275.0,14.5,119.8,7.3,15,6,1.274,1.117,0,130.0,0,7.3,319.08
SEC-GGC-BTE,120.0,110.0,98.0,9.4,99.6,11.5,15,6,1.0,1.042,0,110.0,0,11.5,62.18
SEC-KOTA-SWM,108.0,130.0,58.0,6.2,122.5,6.1,17,4,1.0,1.36,0,130.0,0,6.1,76.5
SEC-MTJ-AGC,54.0,120.0,45.0,4.2,116.7,4.7,9,2,1.0,1.121,0,120.0,0,4.7,34.84
SEC-NDLS-KOTA,465.0,130.0,275.0,14.5,109.6,0.7,2,3,1.0,1.055,0,130.0,0,0.7,307.38
SEC-MTJ-AGC,54.0,120.0,45.0,4.2,60.0,9.5,3,4,1.0,1.089,1,60.0,0,9.5,57.75
SEC-MTJ-AGC,54.0,120.0,45.0,4.2,110.5,8.9,18,6,1.0,1.216,0,120.0,0,8.9,37.72
SEC-BTE-MTJ,35.0,100.0,48.0,4.8,95.2,13.2,9,4,1.0,1.33,0,100.0,0,13.2,35.49
SEC-MTJ-AGC,54.0,120.0,45.0,4.2,45.0,6.9,9,2,1.293,1.358,1,45.0,0,6.9,136.55
SEC-GGC-BTE,120.0,110.0,98.0,9.4,30.0,1.8,4,4,1.0,1.201,1,30.0,0,1.8,317.8
SEC-NDLS-KOTA,465.0,130.0,275.0,14.5,30.0,16.4,7,1,1.149,1.254,1,30.0,0,16.4,1270.14
SEC-SWM-GGC,64.0,120.0,48.0,5.1,113.9,38.0,21,3,1.0,1.331,0,120.0,0,38.0,36.36
SEC-SWM-GGC,64.0,120.0,48.0,5.1,90.2,18.8,23,5,1.215,1.027,0,120.0,0,18.8,41.32
SEC-GGC-BTE,120.0,110.0,98.0,9.4,89.3,13.9,5,6,1.246,1.066,0,110.0,0,13.9,99.83
SEC-MTJ-AGC,54.0,120.0,45.0,4.2,99.3,7.3,6,0,1.191,1.029,0,120.0,0,7.3,46.87
SEC-BTE-MTJ,35.0,100.0,48.0,4.8,97.6,8.3,19,5,1.0,1.177,0,100.0,0,8.3,19.95
SEC-GGC-BTE,120.0,110.0,98.0,9.4,85.4,22.8,10,1,1.0,1.322,0,110.0,1,22.8,123.25
SEC-KOTA-SWM,108.0,130.0,58.0,6.2,105.1,5.9,17,1,1.0,1.32,0,130.0,0,5.9,78.21
SEC-MTJ-AGC,54.0,120.0,45.0,4.2,93.1,3.9,6,5,1.0,1.144,0,120.0,0,3.9,35.43
SEC-MTJ-AGC,54.0,120.0,45.0,4.2,60.0,15.5,10,2,1.0,1.429,1,60.0,0,15.5,94.3
SEC-GGC-BTE,120.0,110.0,98.0,9.4,104.8,3.2,4,3,1.236,1.168,0,110.0,0,3.2,104.82
SEC-KOTA-SWM,108.0,130.0,58.0,6.2,116.6,9.8,2,3,1.285,1.154,0,130.0,0,9.8,85.41
SEC-GGC-BTE,120.0,110.0,98.0,9.4,85.5,7.6,22,1,1.0,1.054,0,110.0,0,7.6,92.74
SEC-SWM-GGC,64.0,120.0,48.0,5.1,114.1,13.8,8,6,1.0,1.149,0,120.0,0,13.8,35.58
SEC-SWM-GGC,64.0,120.0,48.0,5.1,114.6,10.8,18,4,1.0,1.33,0,120.0,1,10.8,55.21
SEC-GGC-BTE,120.0,110.0,98.0,9.4,106.4,16.3,23,1,1.0,1.072,0,110.0,0,16.3,74.13
SEC-KOTA-SWM,108.0,130.0,58.0,6.2,112.5,10.7,20,1,1.0,1.235,0,130.0,0,10.7,68.36
SEC-MTJ-AGC,54.0,120.0,45.0,4.2,111.7,2.5,16,2,1.0,1.026,0,120.0,0,2.5,39.56
SEC-SWM-GGC,64.0,120.0,48.0,5.1,105.1,31.5,19,1,1.0,1.289,0,120.0,0,31.5,45.97
SEC-MTJ-AGC,54.0,120.0,45.0,4.2,30.0,1.9,4,5,1.253,1.086,1,30.0,0,1.9,159.92
SEC-SWM-GGC,64.0,120.0,48.0,5.1,93.9,8.3,2,6,1.0,1.215,0,120.0,0,8.3,44.34
SEC-MTJ-AGC,54.0,120.0,45.0,4.2,105.3,6.5,12,6,1.0,1.036,0,120.0,0,6.5,30.95
SEC-MTJ-AGC,54.0,120.0,45.0,4.2,105.7,5.0,13,3,1.0,1.119,0,120.0,1,5.0,55.42
SEC-MTJ-AGC,54.0,120.0,45.0,4.2,101.7,6.1,15,3,1.0,1.17,0,120.0,0,6.1,31.7
SEC-KOTA-SWM,108.0,130.0,58.0,6.2,123.6,26.2,11,5,1.064,1.302,0,130.0,1,26.2,126.7
SEC-SWM-GGC,64.0,120.0,48.0,5.1,30.0,3.5,10,1,1.0,1.235,1,30.0,0,3.5,176.75
SEC-GGC-BTE,120.0,110.0,98.0,9.4,84.5,15.6,23,2,1.0,1.057,0,110.0,0,15.6,68.84
SEC-GGC-BTE,120.0,110.0,98.0,9.4,106.1,0.0,9,2,1.0,1.105,0,110.0,0,0.0,88.71
SEC-NDLS-KOTA,465.0,130.0,275.0,14.5,120.5,7.0,2,4,1.0,1.096,0,130.0,0,7.0,239.73
SEC-MTJ-AGC,54.0,120.0,45.0,4.2,115.1,3.7,15,1,1.0,1.171,0,120.0,0,3.7,40.53
SEC-KOTA-SWM,108.0,130.0,58.0,6.2,102.4,3.0,3,3,1.07,1.116,0,130.0,0,3.0,88.47
SEC-BTE-MTJ,35.0,100.0,48.0,4.8,45.0,2.8,10,6,1.0,1.169,1,45.0,0,2.8,51.83
SEC-SWM-GGC,64.0,120.0,48.0,5.1,93.1,12.0,0,2,1.175,1.044,0,120.0,0,12.0,55.94
SEC-KOTA-SWM,108.0,130.0,58.0,6.2,103.2,5.8,4,4,1.0,1.051,0,130.0,0,5.8,62.39
SEC-BTE-MTJ,35.0,100.0,48.0,4.8,82.5,13.1,4,6,1.0,1.086,0,100.0,0,13.1,32.62
SEC-MTJ-AGC,54.0,120.0,45.0,4.2,111.6,5.6,13,3,1.0,1.154,0,120.0,1,5.6,50.33
SEC-MTJ-AGC,54.0,120.0,45.0,4.2,99.6,38.1,10,6,1.136,1.143,0,120.0,0,38.1,46.37
SEC-KOTA-SWM,108.0,130.0,58.0,6.2,121.1,3.0,1,2,1.0,1.097,0,130.0,0,3.0,68.63
SEC-SWM-GGC,64.0,120.0,48.0,5.1,107.8,6.5,3,3,1.126,1.041,0,120.0,0,6.5,33.95
SEC-GGC-BTE,120.0,110.0,98.0,9.4,92.4,24.0,20,1,1.0,1.409,0,110.0,0,24.0,114.67
SEC-MTJ-AGC,54.0,120.0,45.0,4.2,92.4,7.0,20,6,1.0,1.233,0,120.0,0,7.0,41.1
SEC-NDLS-KOTA,465.0,130.0,275.0,14.5,123.4,2.3,14,4,1.0,1.2,0,130.0,0,2.3,287.96
SEC-BTE-MTJ,35.0,100.0,48.0,4.8,95.5,0.5,16,6,1.0,1.143,0,100.0,0,0.5,20.79
SEC-SWM-GGC,64.0,120.0,48.0,5.1,98.8,1.6,19,0,1.0,1.457,0,120.0,0,1.6,59.64
SEC-BTE-MTJ,35.0,100.0,48.0,4.8,30.0,14.4,14,4,1.0,1.244,1,30.0,0,14.4,95.24
SEC-NDLS-KOTA,465.0,130.0,275.0,14.5,120.3,13.2,8,0,1.0,1.242,0,130.0,0,13.2,268.65
SEC-GGC-BTE,120.0,110.0,98.0,9.4,90.2,5.6,18,6,1.0,1.451,0,110.0,0,5.6,98.97
SEC-BTE-MTJ,35.0,100.0,48.0,4.8,89.7,17.3,18,6,1.0,1.329,0,100.0,0,17.3,28.32
SEC-BTE-MTJ,35.0,100.0,48.0,4.8,85.9,3.5,1,5,1.0,1.095,0,100.0,0,3.5,21.99
SEC-MTJ-AGC,54.0,120.0,45.0,4.2,111.7,34.6,15,6,1.0,1.103,0,120.0,1,34.6,41.56
SEC-BTE-MTJ,35.0,100.0,48.0,4.8,80.7,1.4,9,3,1.085,1.213,0,100.0,0,1.4,29.38
SEC-MTJ-AGC,54.0,120.0,45.0,4.2,111.2,10.0,18,1,1.119,1.474,0,120.0,0,10.0,45.65
SEC-GGC-BTE,120.0,110.0,98.0,9.4,100.1,2.2,15,6,1.061,1.08,0,110.0,0,2.2,104.19
SEC-GGC-BTE,120.0,110.0,98.0,9.4,102.8,8.5,8,3,1.0,1.344,0,110.0,0,8.5,85.48
SEC-GGC-BTE,120.0,110.0,98.0,9.4,99.6,10.6,6,5,1.0,1.128,0,110.0,0,10.6,68.88
SEC-MTJ-AGC,54.0,120.0,45.0,4.2,95.3,3.0,3,0,1.155,1.092,0,120.0,0,3.0,46.56
SEC-KOTA-SWM,108.0,130.0,58.0,6.2,60.0,26.4,9,0,1.192,1.373,1,60.0,0,26.4,177.42
SEC-GGC-BTE,120.0,110.0,98.0,9.4,87.0,11.0,20,1,1.0,1.218,0,110.0,0,11.0,120.73
SEC-NDLS-KOTA,465.0,130.0,275.0,14.5,119.0,11.7,2,0,1.0,1.037,0,130.0,0,11.7,224.84
SEC-MTJ-AGC,54.0,120.0,45.0,4.2,101.9,0.2,3,6,1.0,1.181,0,120.0,1,0.2,65.81
SEC-NDLS-KOTA,465.0,130.0,275.0,14.5,125.3,4.2,2,5,1.0,1.053,0,130.0,0,4.2,241.89
SEC-GGC-BTE,120.0,110.0,98.0,9.4,83.4,6.8,8,5,1.0,1.1,0,110.0,0,6.8,89.56
SEC-NDLS-KOTA,465.0,130.0,275.0,14.5,106.6,7.6,18,6,1.143,1.245,0,130.0,0,7.6,364.46
SEC-KOTA-SWM,108.0,130.0,58.0,6.2,108.1,9.6,23,0,1.0,1.136,0,130.0,0,9.6,86.91
SEC-GGC-BTE,120.0,110.0,98.0,9.4,45.0,25.3,23,0,1.0,1.224,1,45.0,1,25.3,224.61
SEC-SWM-GGC,64.0,120.0,48.0,5.1,115.8,1.1,14,2,1.0,1.08,0,120.0,0,1.1,32.7
SEC-KOTA-SWM,108.0,130.0,58.0,6.2,30.0,19.9,21,2,1.0,1.098,1,30.0,0,19.9,253.89
SEC-MTJ-AGC,54.0,120.0,45.0,4.2,105.8,5.5,9,3,1.0,1.136,0,120.0,0,5.5,32.78
SEC-GGC-BTE,120.0,110.0,98.0,9.4,30.0,2.0,22,1,1.0,1.079,1,30.0,0,2.0,261.28
SEC-BTE-MTJ,35.0,100.0,48.0,4.8,94.1,7.7,20,3,1.218,1.319,0,100.0,0,7.7,33.46
SEC-KOTA-SWM,108.0,130.0,58.0,6.2,122.4,7.7,9,6,1.0,1.074,0,130.0,0,7.7,60.24
SEC-NDLS-KOTA,465.0,130.0,275.0,14.5,124.3,5.3,17,1,1.0,1.161,0,130.0,0,5.3,231.54
SEC-MTJ-AGC,54.0,120.0,45.0,4.2,101.1,7.6,10,3,1.0,1.365,0,120.0,1,7.6,65.05
SEC-SWM-GGC,64.0,120.0,48.0,5.1,60.0,2.4,8,0,1.215,1.331,1,60.0,0,2.4,107.54
SEC-MTJ-AGC,54.0,120.0,45.0,4.2,106.7,10.9,12,4,1.212,1.027,0,120.0,0,10.9,38.43
SEC-NDLS-KOTA,465.0,130.0,275.0,14.5,98.9,3.3,21,5,1.15,1.265,0,130.0,0,3.3,399.15
SEC-SWM-GGC,64.0,120.0,48.0,5.1,108.5,0.0,14,2,1.0,1.199,0,120.0,0,0.0,35.6
SEC-GGC-BTE,120.0,110.0,98.0,9.4,87.8,18.3,20,0,1.114,1.263,0,110.0,0,18.3,96.01
SEC-KOTA-SWM,108.0,130.0,58.0,6.2,127.9,14.0,21,4,1.0,1.381,0,130.0,1,14.0,84.01
SEC-KOTA-SWM,108.0,130.0,58.0,6.2,99.6,0.2,19,3,1.0,1.444,0,130.0,0,0.2,88.07
SEC-KOTA-SWM,108.0,130.0,58.0,6.2,120.8,4.6,20,2,1.0,1.217,0,130.0,0,4.6,65.55
SEC-KOTA-SWM,108.0,130.0,58.0,6.2,123.1,9.3,5,1,1.0,1.072,0,130.0,0,9.3,48.54
SEC-KOTA-SWM,108.0,130.0,58.0,6.2,102.4,12.3,10,6,1.0,1.266,0,130.0,0,12.3,83.77
SEC-KOTA-SWM,108.0,130.0,58.0,6.2,119.5,3.0,7,1,1.0,1.15,0,130.0,0,3.0,65.93
SEC-GGC-BTE,120.0,110.0,98.0,9.4,101.6,4.1,1,4,1.0,1.118,0,110.0,0,4.1,77.99
SEC-BTE-MTJ,35.0,100.0,48.0,4.8,77.1,12.5,18,5,1.0,1.374,0,100.0,0,12.5,40.42
SEC-KOTA-SWM,108.0,130.0,58.0,6.2,60.0,30.1,6,5,1.184,1.171,1,60.0,0,30.1,165.27
SEC-GGC-BTE,120.0,110.0,98.0,9.4,97.0,3.6,3,4,1.0,1.057,0,110.0,1,3.6,89.48
SEC-BTE-MTJ,35.0,100.0,48.0,4.8,90.6,2.6,12,1,1.0,1.047,0,100.0,0,2.6,28.0
SEC-GGC-BTE,120.0,110.0,98.0,9.4,104.9,2.5,22,2,1.0,1.139,0,110.0,0,2.5,62.5
SEC-SWM-GGC,64.0,120.0,48.0,5.1,98.6,6.0,21,2,1.11,1.118,0,120.0,0,6.0,43.63
SEC-MTJ-AGC,54.0,120.0,45.0,4.2,116.2,0.4,1,6,1.0,1.092,0,120.0,0,0.4,35.27
SEC-BTE-MTJ,35.0,100.0,48.0,4.8,78.3,7.2,15,6,1.0,1.086,0,100.0,0,7.2,39.74
SEC-BTE-MTJ,35.0,100.0,48.0,4.8,45.0,1.1,21,6,1.0,1.15,1,45.0,0,1.1,53.19
SEC-SWM-GGC,64.0,120.0,48.0,5.1,95.0,66.0,20,0,1.0,1.212,0,120.0,0,66.0,59.03
SEC-MTJ-AGC,54.0,120.0,45.0,4.2,114.5,1.3,1,6,1.17,1.111,0,120.0,1,1.3,44.98
SEC-MTJ-AGC,54.0,120.0,45.0,4.2,90.6,5.5,17,1,1.0,1.207,0,120.0,0,5.5,43.06
SEC-MTJ-AGC,54.0,120.0,45.0,4.2,96.7,0.4,21,3,1.0,1.265,0,120.0,0,0.4,41.93
SEC-GGC-BTE,120.0,110.0,98.0,9.4,92.0,12.2,15,0,1.0,1.064,0,110.0,0,12.2,84.6
SEC-KOTA-SWM,108.0,130.0,58.0,6.2,107.6,5.3,7,2,1.286,1.097,0,130.0,0,5.3,83.92
SEC-NDLS-KOTA,465.0,130.0,275.0,14.5,120.5,0.8,5,1,1.0,1.082,0,130.0,0,0.8,231.02
SEC-SWM-GGC,64.0,120.0,48.0,5.1,107.3,12.8,21,0,1.0,1.267,0,120.0,0,12.8,55.89
SEC-GGC-BTE,120.0,110.0,98.0,9.4,95.2,5.8,3,4,1.0,1.139,0,110.0,0,5.8,82.03
SEC-MTJ-AGC,54.0,120.0,45.0,4.2,94.9,20.5,21,0,1.0,1.268,0,120.0,0,20.5,52.54
SEC-BTE-MTJ,35.0,100.0,48.0,4.8,99.1,2.4,11,1,1.0,1.202,0,100.0,0,2.4,19.95
SEC-NDLS-KOTA,465.0,130.0,275.0,14.5,128.6,18.7,14,5,1.0,1.034,0,130.0,0,18.7,238.92
SEC-MTJ-AGC,54.0,120.0,45.0,4.2,93.5,19.2,0,0,1.0,1.127,0,120.0,0,19.2,30.16
SEC-SWM-GGC,64.0,120.0,48.0,5.1,45.0,19.5,15,1,1.0,1.109,1,45.0,0,19.5,113.63
SEC-MTJ-AGC,54.0,120.0,45.0,4.2,108.1,0.2,19,6,1.0,1.225,0,120.0,0,0.2,32.0
SEC-GGC-BTE,120.0,110.0,98.0,9.4,88.5,8.8,3,5,1.0,1.006,0,110.0,0,8.8,79.62
SEC-MTJ-AGC,54.0,120.0,45.0,4.2,94.5,11.1,16,0,1.0,1.014,0,120.0,0,11.1,35.33
SEC-BTE-MTJ,35.0,100.0,48.0,4.8,84.8,6.3,4,1,1.0,1.186,0,100.0,0,6.3,40.36
SEC-KOTA-SWM,108.0,130.0,58.0,6.2,101.5,11.1,7,2,1.0,1.042,0,130.0,0,11.1,74.71
SEC-SWM-GGC,64.0,120.0,48.0,5.1,30.0,11.4,22,2,1.127,1.222,1,30.0,0,11.4,178.51
SEC-KOTA-SWM,108.0,130.0,58.0,6.2,109.4,2.2,16,6,1.216,1.073,0,130.0,0,2.2,81.19
SEC-KOTA-SWM,108.0,130.0,58.0,6.2,60.0,5.1,14,5,1.0,1.06,1,60.0,0,5.1,131.74
SEC-NDLS-KOTA,465.0,130.0,275.0,14.5,106.4,4.3,8,4,1.106,1.327,0,130.0,0,4.3,365.87
SEC-NDLS-KOTA,465.0,130.0,275.0,14.5,121.3,8.3,19,4,1.0,1.241,0,130.0,0,8.3,276.81
SEC-KOTA-SWM,108.0,130.0,58.0,6.2,117.1,8.8,4,5,1.0,1.041,0,130.0,0,8.8,60.88
SEC-NDLS-KOTA,465.0,130.0,275.0,14.5,109.2,5.4,19,4,1.0,1.265,0,130.0,0,5.4,295.83
SEC-BTE-MTJ,35.0,100.0,48.0,4.8,84.7,5.2,17,3,1.0,1.493,0,100.0,0,5.2,36.3
SEC-NDLS-KOTA,465.0,130.0,275.0,14.5,122.0,6.0,8,3,1.086,1.318,0,130.0,0,6.0,322.18
SEC-KOTA-SWM,108.0,130.0,58.0,6.2,102.5,12.9,17,0,1.067,1.427,0,130.0,0,12.9,94.64
SEC-BTE-MTJ,35.0,100.0,48.0,4.8,90.1,36.1,12,3,1.0,1.052,0,100.0,0,36.1,19.95
SEC-SWM-GGC,64.0,120.0,48.0,5.1,60.0,11.0,8,6,1.0,1.112,1,60.0,0,11.0,81.63
SEC-SWM-GGC,64.0,120.0,48.0,5.1,95.2,13.1,8,5,1.0,1.374,0,120.0,0,13.1,47.79
SEC-GGC-BTE,120.0,110.0,98.0,9.4,104.0,12.3,7,0,1.0,1.134,0,110.0,0,12.3,74.76
SEC-KOTA-SWM,108.0,130.0,58.0,6.2,129.2,0.9,10,4,1.0,1.108,0,130.0,1,0.9,68.12
SEC-MTJ-AGC,54.0,120.0,45.0,4.2,93.2,3.1,15,6,1.0,1.214,0,120.0,0,3.1,60.77
SEC-MTJ-AGC,54.0,120.0,45.0,4.2,119.2,1.6,11,6,1.202,1.21,0,120.0,0,1.6,31.79
SEC-MTJ-AGC,54.0,120.0,45.0,4.2,45.0,69.0,4,1,1.0,1.03,1,45.0,0,69.0,100.27
SEC-KOTA-SWM,108.0,130.0,58.0,6.2,127.7,3.5,17,1,1.0,1.304,0,130.0,0,3.5,60.98
SEC-KOTA-SWM,108.0,130.0,58.0,6.2,105.9,5.5,14,3,1.0,1.14,0,130.0,0,5.5,60.61
SEC-NDLS-KOTA,465.0,130.0,275.0,14.5,117.8,7.3,11,1,1.0,1.179,0,130.0,0,7.3,289.81
SEC-MTJ-AGC,54.0,120.0,45.0,4.2,97.3,3.7,14,2,1.138,1.048,0,120.0,0,3.7,48.33
SEC-KOTA-SWM,108.0,130.0,58.0,6.2,126.5,1.1,8,5,1.0,1.22,0,130.0,0,1.1,54.28
SEC-GGC-BTE,120.0,110.0,98.0,9.4,105.0,13.9,3,3,1.0,1.083,0,110.0,0,13.9,63.94
SEC-KOTA-SWM,108.0,130.0,58.0,6.2,116.4,1.8,18,0,1.101,1.181,0,130.0,0,1.8,52.9
SEC-SWM-GGC,64.0,120.0,48.0,5.1,60.0,5.7,7,6,1.056,1.023,1,60.0,0,5.7,75.75
SEC-NDLS-KOTA,465.0,130.0,275.0,14.5,120.0,3.5,0,0,1.0,1.081,0,130.0,0,3.5,254.04
SEC-NDLS-KOTA,465.0,130.0,275.0,14.5,98.6,0.2,16,6,1.259,1.016,0,130.0,0,0.2,366.53
SEC-NDLS-KOTA,465.0,130.0,275.0,14.5,113.0,16.7,18,4,1.0,1.38,0,130.0,0,16.7,320.41
SEC-MTJ-AGC,54.0,120.0,45.0,4.2,103.0,6.8,16,0,1.0,1.11,0,120.0,0,6.8,42.35
SEC-SWM-GGC,64.0,120.0,48.0,5.1,107.4,2.0,20,2,1.143,1.22,0,120.0,0,2.0,49.34
SEC-SWM-GGC,64.0,120.0,48.0,5.1,118.1,6.3,9,3,1.291,1.403,0,120.0,0,6.3,56.71
SEC-KOTA-SWM,108.0,130.0,58.0,6.2,117.4,4.2,9,2,1.096,1.411,0,130.0,0,4.2,86.59
SEC-NDLS-KOTA,465.0,130.0,275.0,14.5,101.3,9.3,14,2,1.0,1.064,0,130.0,0,9.3,295.92
SEC-BTE-MTJ,35.0,100.0,48.0,4.8,45.0,35.3,23,2,1.0,1.016,1,45.0,0,35.3,60.04
SEC-BTE-MTJ,35.0,100.0,48.0,4.8,60.0,10.5,5,1,1.0,1.053,1,60.0,0,10.5,38.57
SEC-BTE-MTJ,35.0,100.0,48.0,4.8,97.7,27.0,6,0,1.0,1.096,0,100.0,0,27.0,22.49
SEC-KOTA-SWM,108.0,130.0,58.0,6.2,30.0,12.2,16,0,1.0,1.095,1,30.0,0,12.2,253.13
SEC-MTJ-AGC,54.0,120.0,45.0,4.2,110.2,4.2,17,0,1.0,1.259,0,120.0,1,4.2,39.91
SEC-GGC-BTE,120.0,110.0,98.0,9.4,101.3,15.8,5,1,1.0,1.164,0,110.0,0,15.8,87.94
SEC-GGC-BTE,120.0,110.0,98.0,9.4,82.8,7.0,4,6,1.154,1.049,0,110.0,0,7.0,90.33
SEC-MTJ-AGC,54.0,120.0,45.0,4.2,110.0,6.2,5,6,1.0,1.096,0,120.0,0,6.2,33.69
SEC-NDLS-KOTA,465.0,130.0,275.0,14.5,30.0,19.5,5,2,1.053,1.125,1,30.0,0,19.5,1110.27
SEC-NDLS-KOTA,465.0,130.0,275.0,14.5,119.7,8.5,17,1,1.0,1.255,0,130.0,0,8.5,282.04
SEC-BTE-MTJ,35.0,100.0,48.0,4.8,98.3,1.0,12,5,1.0,1.099,0,100.0,0,1.0,19.95
SEC-NDLS-KOTA,465.0,130.0,275.0,14.5,129.0,6.4,6,0,1.0,1.164,0,130.0,0,6.4,262.05
SEC-KOTA-SWM,108.0,130.0,58.0,6.2,129.1,5.6,15,2,1.0,1.076,0,130.0,0,5.6,47.6
SEC-SWM-GGC,64.0,120.0,48.0,5.1,111.7,10.0,16,0,1.0,1.023,0,120.0,0,10.0,38.95
SEC-GGC-BTE,120.0,110.0,98.0,9.4,86.0,5.1,18,4,1.103,1.206,0,110.0,0,5.1,114.25
SEC-NDLS-KOTA,465.0,130.0,275.0,14.5,108.8,5.7,19,1,1.0,1.135,0,130.0,0,5.7,292.45
SEC-GGC-BTE,120.0,110.0,98.0,9.4,109.7,21.1,11,1,1.118,1.3,0,110.0,0,21.1,101.66
SEC-GGC-BTE,120.0,110.0,98.0,9.4,87.5,16.0,17,2,1.102,1.244,0,110.0,0,16.0,116.05
SEC-SWM-GGC,64.0,120.0,48.0,5.1,93.1,0.1,1,0,1.0,1.058,0,120.0,0,0.1,46.85
SEC-MTJ-AGC,54.0,120.0,45.0,4.2,45.0,3.1,19,4,1.0,1.293,1,45.0,0,3.1,100.88
SEC-MTJ-AGC,54.0,120.0,45.0,4.2,60.0,0.8,10,0,1.0,1.258,1,60.0,0,0.8,84.21
SEC-NDLS-KOTA,465.0,130.0,275.0,14.5,113.2,10.3,21,1,1.05,1.388,0,130.0,0,10.3,338.46
SEC-SWM-GGC,64.0,120.0,48.0,5.1,110.9,19.8,21,6,1.0,1.261,0,120.0,0,19.8,48.63
SEC-GGC-BTE,120.0,110.0,98.0,9.4,86.4,2.0,18,2,1.0,1.448,0,110.0,0,2.0,104.81
SEC-GGC-BTE,120.0,110.0,98.0,9.4,99.1,2.4,4,1,1.0,1.196,0,110.0,0,2.4,112.7
SEC-NDLS-KOTA,465.0,130.0,275.0,14.5,128.3,5.0,14,2,1.082,1.137,0,130.0,0,5.0,287.26
SEC-KOTA-SWM,108.0,130.0,58.0,6.2,98.7,3.7,12,6,1.0,1.167,0,130.0,1,3.7,91.9
SEC-NDLS-KOTA,465.0,130.0,275.0,14.5,60.0,4.0,14,1,1.0,1.276,1,60.0,0,4.0,586.29
SEC-GGC-BTE,120.0,110.0,98.0,9.4,101.7,10.4,8,4,1.0,1.252,0,110.0,0,10.4,97.2
SEC-SWM-GGC,64.0,120.0,48.0,5.1,115.2,5.4,9,2,1.0,1.17,0,120.0,0,5.4,34.19
SEC-BTE-MTJ,35.0,100.0,48.0,4.8,84.4,11.5,11,3,1.0,1.235,0,100.0,0,11.5,20.53
SEC-BTE-MTJ,35.0,100.0,48.0,4.8,91.3,14.4,9,0,1.203,1.271,0,100.0,0,14.4,41.38
SEC-KOTA-SWM,108.0,130.0,58.0,6.2,99.3,30.2,10,5,1.0,1.243,0,130.0,0,30.2,80.21
SEC-NDLS-KOTA,465.0,130.0,275.0,14.5,98.9,30.9,2,5,1.0,1.034,0,130.0,0,30.9,263.51
SEC-GGC-BTE,120.0,110.0,98.0,9.4,97.5,0.2,19,1,1.185,1.167,0,110.0,0,0.2,85.26
SEC-NDLS-KOTA,465.0,130.0,275.0,14.5,121.3,0.0,15,0,1.0,1.126,0,130.0,0,0.0,253.2
SEC-MTJ-AGC,54.0,120.0,45.0,4.2,93.2,0.3,3,3,1.0,1.048,0,120.0,0,0.3,34.37
SEC-NDLS-KOTA,465.0,130.0,275.0,14.5,107.1,11.9,1,4,1.0,1.279,0,130.0,0,11.9,317.29
SEC-NDLS-KOTA,465.0,130.0,275.0,14.5,108.3,5.6,8,3,1.0,1.236,0,130.0,0,5.6,295.29
SEC-SWM-GGC,64.0,120.0,48.0,5.1,106.5,4.0,1,4,1.0,1.171,0,120.0,0,4.0,41.33
SEC-BTE-MTJ,35.0,100.0,48.0,4.8,91.5,36.6,10,1,1.067,1.221,0,100.0,0,36.6,24.59
SEC-NDLS-KOTA,465.0,130.0,275.0,14.5,110.5,5.6,13,5,1.0,1.192,0,130.0,0,5.6,283.78
SEC-NDLS-KOTA,465.0,130.0,275.0,14.5,126.5,9.3,18,4,1.184,1.292,0,130.0,0,9.3,317.23
SEC-SWM-GGC,64.0,120.0,48.0,5.1,94.1,6.9,22,3,1.0,1.068,0,120.0,0,6.9,32.38
SEC-BTE-MTJ,35.0,100.0,48.0,4.8,79.4,0.0,10,2,1.0,1.191,0,100.0,0,0.0,32.82
SEC-NDLS-KOTA,465.0,130.0,275.0,14.5,125.8,13.4,12,0,1.0,1.056,0,130.0,0,13.4,217.17
SEC-MTJ-AGC,54.0,120.0,45.0,4.2,116.2,10.7,16,5,1.0,1.139,0,120.0,0,10.7,32.68
SEC-MTJ-AGC,54.0,120.0,45.0,4.2,107.5,22.6,7,1,1.059,1.191,0,120.0,0,22.6,37.06
SEC-SWM-GGC,64.0,120.0,48.0,5.1,90.3,0.5,13,2,1.0,1.143,0,120.0,0,0.5,55.21
SEC-SWM-GGC,64.0,120.0,48.0,5.1,111.2,10.1,12,1,1.0,1.071,0,120.0,0,10.1,38.99
SEC-BTE-MTJ,35.0,100.0,48.0,4.8,75.4,16.6,1,6,1.0,1.07,0,100.0,0,16.6,30.24
SEC-SWM-GGC,64.0,120.0,48.0,5.1,60.0,26.1,8,3,1.0,1.084,1,60.0,0,26.1,77.96
SEC-GGC-BTE,120.0,110.0,98.0,9.4,109.0,3.2,1,3,1.271,1.13,0,110.0,0,3.2,99.42
SEC-KOTA-SWM,108.0,130.0,58.0,6.2,119.1,3.1,7,3,1.0,1.167,0,130.0,0,3.1,65.31
SEC-KOTA-SWM,108.0,130.0,58.0,6.2,110.8,14.1,23,6,1.0,1.208,0,130.0,0,14.1,58.56
SEC-KOTA-SWM,108.0,130.0,58.0,6.2,129.7,8.7,11,6,1.0,1.335,0,130.0,0,8.7,55.38
SEC-MTJ-AGC,54.0,120.0,45.0,4.2,100.0,0.0,5,5,1.0,1.117,0,120.0,0,0.0,31.13
SEC-KOTA-SWM,108.0,130.0,58.0,6.2,122.9,11.9,8,3,1.0,1.289,0,130.0,0,11.9,82.64
SEC-NDLS-KOTA,465.0,130.0,275.0,14.5,110.9,22.5,0,1,1.058,1.192,0,130.0,1,22.5,328.98
SEC-MTJ-AGC,54.0,120.0,45.0,4.2,60.0,9.2,13,3,1.0,1.21,1,60.0,1,9.2,100.18
SEC-GGC-BTE,120.0,110.0,98.0,9.4,103.1,5.8,8,2,1.0,1.121,0,110.0,0,5.8,87.5
SEC-KOTA-SWM,108.0,130.0,58.0,6.2,117.7,2.4,15,5,1.0,1.005,0,130.0,1,2.4,64.37
SEC-BTE-MTJ,35.0,100.0,48.0,4.8,30.0,12.2,9,6,1.0,1.273,1,30.0,0,12.2,96.45
SEC-BTE-MTJ,35.0,100.0,48.0,4.8,88.9,25.7,3,2,1.18,1.106,0,100.0,0,25.7,33.55
SEC-KOTA-SWM,108.0,130.0,58.0,6.2,125.0,8.0,15,0,1.196,1.068,0,130.0,0,8.0,64.2
SEC-NDLS-KOTA,465.0,130.0,275.0,14.5,98.0,27.4,12,1,1.0,1.13,0,130.0,0,27.4,331.46
SEC-MTJ-AGC,54.0,120.0,45.0,4.2,108.8,4.5,1,6,1.083,1.152,0,120.0,1,4.5,46.29
SEC-SWM-GGC,64.0,120.0,48.0,5.1,110.8,13.5,9,3,1.0,1.466,0,120.0,0,13.5,47.38
SEC-SWM-GGC,64.0,120.0,48.0,5.1,115.5,9.1,18,0,1.0,1.37,0,120.0,0,9.1,38.68
SEC-KOTA-SWM,108.0,130.0,58.0,6.2,122.5,5.4,3,1,1.288,1.112,0,130.0,0,5.4,77.82
SEC-KOTA-SWM,108.0,130.0,58.0,6.2,45.0,33.9,8,4,1.0,1.093,1,45.0,0,33.9,171.95
SEC-MTJ-AGC,54.0,120.0,45.0,4.2,107.0,1.6,7,3,1.0,1.112,0,120.0,0,1.6,33.79
SEC-MTJ-AGC,54.0,120.0,45.0,4.2,97.3,36.7,13,5,1.0,1.203,0,120.0,0,36.7,37.17
SEC-MTJ-AGC,54.0,120.0,45.0,4.2,119.0,19.8,14,5,1.139,1.096,0,120.0,0,19.8,29.35
SEC-KOTA-SWM,108.0,130.0,58.0,6.2,118.3,1.9,16,2,1.0,1.128,0,130.0,0,1.9,47.68
SEC-SWM-GGC,64.0,120.0,48.0,5.1,111.3,1.2,11,2,1.0,1.561,0,120.0,1,1.2,56.46
SEC-BTE-MTJ,35.0,100.0,48.0,4.8,60.0,0.0,21,6,1.0,1.293,1,60.0,0,0.0,51.06
SEC-KOTA-SWM,108.0,130.0,58.0,6.2,101.3,3.9,10,1,1.075,1.481,0,130.0,0,3.9,96.0
SEC-NDLS-KOTA,465.0,130.0,275.0,14.5,121.1,8.1,18,3,1.0,1.291,0,130.0,0,8.1,274.33
SEC-BTE-MTJ,35.0,100.0,48.0,4.8,95.0,7.2,9,2,1.0,1.357,0,100.0,0,7.2,20.15
SEC-KOTA-SWM,108.0,130.0,58.0,6.2,112.8,20.2,2,0,1.0,1.051,0,130.0,0,20.2,63.18
SEC-MTJ-AGC,54.0,120.0,45.0,4.2,107.2,2.0,14,0,1.0,1.186,0,120.0,0,2.0,38.14
SEC-KOTA-SWM,108.0,130.0,58.0,6.2,30.0,11.2,2,1,1.161,1.11,1,30.0,1,11.2,303.83
SEC-GGC-BTE,120.0,110.0,98.0,9.4,30.0,12.3,19,3,1.0,1.122,1,30.0,0,12.3,263.87
SEC-SWM-GGC,64.0,120.0,48.0,5.1,109.2,7.5,9,1,1.0,1.387,0,120.0,0,7.5,44.49
SEC-BTE-MTJ,35.0,100.0,48.0,4.8,30.0,3.6,12,6,1.0,1.142,1,30.0,0,3.6,98.87
SEC-SWM-GGC,64.0,120.0,48.0,5.1,45.0,0.8,9,6,1.0,1.36,1,45.0,0,0.8,124.58
SEC-KOTA-SWM,108.0,130.0,58.0,6.2,98.1,1.0,19,5,1.0,1.411,0,130.0,0,1.0,89.77
SEC-BTE-MTJ,35.0,100.0,48.0,4.8,85.8,1.7,1,3,1.199,1.324,0,100.0,0,1.7,43.1
SEC-GGC-BTE,120.0,110.0,98.0,9.4,101.7,11.0,4,5,1.0,1.13,0,110.0,0,11.0,81.58
SEC-MTJ-AGC,54.0,120.0,45.0,4.2,96.6,23.3,6,4,1.0,1.176,0,120.0,0,23.3,44.11
SEC-SWM-GGC,64.0,120.0,48.0,5.1,98.6,1.4,20,1,1.0,1.128,0,120.0,1,1.4,55.79
SEC-KOTA-SWM,108.0,130.0,58.0,6.2,129.8,3.9,22,0,1.0,1.216,0,130.0,0,3.9,66.95
SEC-KOTA-SWM,108.0,130.0,58.0,6.2,60.0,4.0,11,2,1.0,1.152,1,60.0,0,4.0,139.04
SEC-KOTA-SWM,108.0,130.0,58.0,6.2,100.9,10.7,22,6,1.0,1.116,0,130.0,0,10.7,76.27
SEC-GGC-BTE,120.0,110.0,98.0,9.4,87.2,16.7,6,2,1.0,1.038,0,110.0,0,16.7,102.49
SEC-KOTA-SWM,108.0,130.0,58.0,6.2,125.3,1.0,0,0,1.0,1.056,0,130.0,0,1.0,51.68
SEC-NDLS-KOTA,465.0,130.0,275.0,14.5,101.8,5.0,7,4,1.0,1.048,0,130.0,0,5.0,288.79
SEC-NDLS-KOTA,465.0,130.0,275.0,14.5,60.0,5.2,17,2,1.0,1.149,1,60.0,0,5.2,519.83
SEC-NDLS-KOTA,465.0,130.0,275.0,14.5,114.1,16.1,22,0,1.0,1.076,0,130.0,0,16.1,239.74
SEC-BTE-MTJ,35.0,100.0,48.0,4.8,76.0,1.4,1,6,1.0,1.065,0,100.0,0,1.4,40.77
SEC-MTJ-AGC,54.0,120.0,45.0,4.2,60.0,2.4,18,6,1.0,1.264,1,60.0,0,2.4,69.18
SEC-GGC-BTE,120.0,110.0,98.0,9.4,109.9,6.4,16,2,1.0,1.005,0,110.0,0,6.4,62.18
SEC-KOTA-SWM,108.0,130.0,58.0,6.2,114.1,8.9,5,2,1.0,1.094,0,130.0,0,8.9,59.49
SEC-SWM-GGC,64.0,120.0,48.0,5.1,114.4,8.0,11,5,1.0,1.519,0,120.0,0,8.0,44.72
SEC-BTE-MTJ,35.0,100.0,48.0,4.8,60.0,12.8,5,3,1.0,1.043,1,60.0,0,12.8,34.68
SEC-KOTA-SWM,108.0,130.0,58.0,6.2,117.7,17.1,22,3,1.139,1.152,0,130.0,0,17.1,72.35
SEC-KOTA-SWM,108.0,130.0,58.0,6.2,126.2,0.5,2,3,1.0,1.158,0,130.0,0,0.5,54.9
SEC-BTE-MTJ,35.0,100.0,48.0,4.8,97.3,3.4,3,2,1.0,1.071,0,100.0,0,3.4,25.85
SEC-NDLS-KOTA,465.0,130.0,275.0,14.5,99.4,26.1,23,5,1.0,1.03,0,130.0,0,26.1,312.24
SEC-KOTA-SWM,108.0,130.0,58.0,6.2,126.7,13.1,8,0,1.0,1.218,0,130.0,0,13.1,69.73
SEC-GGC-BTE,120.0,110.0,98.0,9.4,45.0,3.0,4,6,1.0,1.087,1,45.0,0,3.0,172.04
SEC-KOTA-SWM,108.0,130.0,58.0,6.2,101.8,4.1,23,3,1.0,1.076,0,130.0,0,4.1,63.82
SEC-GGC-BTE,120.0,110.0,98.0,9.4,99.5,9.2,6,0,1.064,1.068,0,110.0,0,9.2,81.34
SEC-SWM-GGC,64.0,120.0,48.0,5.1,100.6,19.2,16,1,1.0,1.113,0,120.0,0,19.2,56.58
SEC-GGC-BTE,120.0,110.0,98.0,9.4,90.5,4.2,19,4,1.276,1.475,0,110.0,0,4.2,135.24
SEC-GGC-BTE,120.0,110.0,98.0,9.4,108.3,5.2,7,5,1.0,1.164,0,110.0,0,5.2,75.17
SEC-SWM-GGC,64.0,120.0,48.0,5.1,103.8,2.1,16,0,1.171,1.137,0,120.0,0,2.1,51.45
SEC-SWM-GGC,64.0,120.0,48.0,5.1,110.2,10.5,20,6,1.0,1.075,0,120.0,0,10.5,44.24
SEC-BTE-MTJ,35.0,100.0,48.0,4.8,45.0,3.5,14,3,1.0,1.188,1,45.0,1,3.5,73.43
SEC-NDLS-KOTA,465.0,130.0,275.0,14.5,113.8,4.7,22,2,1.181,1.102,0,130.0,0,4.7,338.28
SEC-SWM-GGC,64.0,120.0,48.0,5.1,95.4,11.3,19,5,1.0,1.314,0,120.0,0,11.3,51.13
SEC-GGC-BTE,120.0,110.0,98.0,9.4,101.6,5.3,3,0,1.0,1.147,0,110.0,1,5.3,112.14
SEC-MTJ-AGC,54.0,120.0,45.0,4.2,115.3,0.1,16,3,1.092,1.165,0,120.0,0,0.1,29.74
SEC-MTJ-AGC,54.0,120.0,45.0,4.2,95.5,20.3,5,3,1.0,1.226,0,120.0,0,20.3,27.17
SEC-SWM-GGC,64.0,120.0,48.0,5.1,116.0,6.4,5,0,1.0,1.05,0,120.0,0,6.4,40.33
SEC-NDLS-KOTA,465.0,130.0,275.0,14.5,117.4,8.5,12,4,1.062,1.057,0,130.0,0,8.5,258.4
SEC-KOTA-SWM,108.0,130.0,58.0,6.2,115.9,5.9,10,6,1.0,1.185,0,130.0,0,5.9,71.3
SEC-NDLS-KOTA,465.0,130.0,275.0,14.5,117.6,19.3,19,6,1.14,1.209,0,130.0,1,19.3,296.32
SEC-MTJ-AGC,54.0,120.0,45.0,4.2,60.0,2.8,7,1,1.0,1.249,1,60.0,0,2.8,67.5
SEC-SWM-GGC,64.0,120.0,48.0,5.1,30.0,55.5,14,2,1.0,1.127,1,30.0,0,55.5,163.32
SEC-SWM-GGC,64.0,120.0,48.0,5.1,102.0,7.1,16,4,1.0,1.046,0,120.0,1,7.1,63.1
SEC-SWM-GGC,64.0,120.0,48.0,5.1,112.5,38.9,6,0,1.0,1.049,0,120.0,1,38.9,44.4
SEC-GGC-BTE,120.0,110.0,98.0,9.4,105.3,2.7,6,6,1.149,1.194,0,110.0,0,2.7,85.45
SEC-MTJ-AGC,54.0,120.0,45.0,4.2,60.0,1.1,14,6,1.0,1.11,1,60.0,0,1.1,67.04
SEC-KOTA-SWM,108.0,130.0,58.0,6.2,97.9,1.6,11,0,1.0,1.317,0,130.0,0,1.6,80.89
SEC-NDLS-KOTA,465.0,130.0,275.0,14.5,45.0,4.6,17,0,1.0,1.086,1,45.0,0,4.6,675.66
SEC-BTE-MTJ,35.0,100.0,48.0,4.8,96.8,32.0,18,3,1.0,1.291,0,100.0,0,32.0,21.2
SEC-SWM-GGC,64.0,120.0,48.0,5.1,116.9,8.6,8,5,1.0,1.145,0,120.0,0,8.6,47.88
SEC-GGC-BTE,120.0,110.0,98.0,9.4,91.5,41.8,3,5,1.0,1.111,0,110.0,0,41.8,82.57
SEC-GGC-BTE,120.0,110.0,98.0,9.4,45.0,46.0,17,5,1.0,1.23,1,45.0,0,46.0,221.99
SEC-SWM-GGC,64.0,120.0,48.0,5.1,92.6,3.9,17,5,1.0,1.236,0,120.0,0,3.9,52.54
SEC-GGC-BTE,120.0,110.0,98.0,9.4,107.3,6.7,17,6,1.0,1.196,0,110.0,0,6.7,81.73
SEC-SWM-GGC,64.0,120.0,48.0,5.1,45.0,7.8,17,2,1.0,1.333,1,45.0,0,7.8,124.86
SEC-MTJ-AGC,54.0,120.0,45.0,4.2,104.7,2.9,0,1,1.0,1.091,0,120.0,0,2.9,30.19
SEC-GGC-BTE,120.0,110.0,98.0,9.4,89.2,5.3,4,2,1.0,1.059,0,110.0,0,5.3,95.99
SEC-SWM-GGC,64.0,120.0,48.0,5.1,116.4,3.9,8,2,1.0,1.185,0,120.0,0,3.9,43.14
SEC-GGC-BTE,120.0,110.0,98.0,9.4,60.0,4.7,14,3,1.0,1.017,1,60.0,0,4.7,155.22
SEC-BTE-MTJ,35.0,100.0,48.0,4.8,95.0,11.1,6,0,1.0,1.037,0,100.0,0,11.1,25.21
SEC-GGC-BTE,120.0,110.0,98.0,9.4,105.6,2.3,3,0,1.0,1.07,0,110.0,0,2.3,81.81
SEC-MTJ-AGC,54.0,120.0,45.0,4.2,101.5,1.7,11,2,1.0,1.366,0,120.0,0,1.7,38.94
SEC-MTJ-AGC,54.0,120.0,45.0,4.2,45.0,0.2,8,4,1.081,1.097,1,45.0,0,0.2,84.29
SEC-BTE-MTJ,35.0,100.0,48.0,4.8,76.2,39.7,16,6,1.181,1.231,0,100.0,0,39.7,44.28
SEC-SWM-GGC,64.0,120.0,48.0,5.1,115.8,1.5,7,2,1.0,1.051,0,120.0,0,1.5,34.27
SEC-SWM-GGC,64.0,120.0,48.0,5.1,30.0,1.0,20,3,1.0,1.263,1,30.0,0,1.0,185.66
SEC-NDLS-KOTA,465.0,130.0,275.0,14.5,123.6,0.6,7,3,1.135,1.275,0,130.0,0,0.6,330.14
SEC-MTJ-AGC,54.0,120.0,45.0,4.2,30.0,2.7,15,5,1.0,1.109,1,30.0,0,2.7,130.16
SEC-MTJ-AGC,54.0,120.0,45.0,4.2,45.0,4.2,5,5,1.163,1.122,1,45.0,1,4.2,129.84
SEC-MTJ-AGC,54.0,120.0,45.0,4.2,107.1,11.9,8,1,1.285,1.516,0,120.0,0,11.9,53.12
SEC-BTE-MTJ,35.0,100.0,48.0,4.8,85.3,16.3,15,5,1.0,1.018,0,100.0,0,16.3,32.28
SEC-NDLS-KOTA,465.0,130.0,275.0,14.5,113.4,6.2,1,1,1.0,1.065,0,130.0,0,6.2,253.66
SEC-GGC-BTE,120.0,110.0,98.0,9.4,97.1,22.6,12,3,1.0,1.141,0,110.0,0,22.6,78.0
SEC-MTJ-AGC,54.0,120.0,45.0,4.2,102.7,2.5,19,2,1.0,1.104,0,120.0,0,2.5,28.91
SEC-SWM-GGC,64.0,120.0,48.0,5.1,108.4,7.2,22,0,1.11,1.185,0,120.0,0,7.2,48.91
SEC-SWM-GGC,64.0,120.0,48.0,5.1,45.0,33.5,23,2,1.0,1.123,1,45.0,0,33.5,114.37
SEC-BTE-MTJ,35.0,100.0,48.0,4.8,93.2,22.5,9,6,1.059,1.145,0,100.0,1,22.5,50.12
SEC-GGC-BTE,120.0,110.0,98.0,9.4,102.3,4.8,3,3,1.3,1.142,0,110.0,0,4.8,103.6
SEC-BTE-MTJ,35.0,100.0,48.0,4.8,80.4,39.3,1,4,1.0,1.153,0,100.0,0,39.3,37.2
SEC-BTE-MTJ,35.0,100.0,48.0,4.8,91.1,16.1,14,3,1.0,1.081,0,100.0,0,16.1,36.26
SEC-MTJ-AGC,54.0,120.0,45.0,4.2,112.0,2.5,21,2,1.066,1.146,0,120.0,0,2.5,26.67
SEC-GGC-BTE,120.0,110.0,98.0,9.4,107.3,14.8,12,2,1.0,1.148,0,110.0,0,14.8,85.1
SEC-MTJ-AGC,54.0,120.0,45.0,4.2,96.0,3.7,20,5,1.0,1.353,0,120.0,1,3.7,57.77
SEC-KOTA-SWM,108.0,130.0,58.0,6.2,108.6,2.6,11,0,1.0,1.162,0,130.0,0,2.6,64.46
SEC-BTE-MTJ,35.0,100.0,48.0,4.8,91.8,1.0,6,1,1.0,1.047,0,100.0,0,1.0,24.81
SEC-SWM-GGC,64.0,120.0,48.0,5.1,104.4,14.2,22,4,1.0,1.123,0,120.0,0,14.2,49.92
SEC-BTE-MTJ,35.0,100.0,48.0,4.8,82.3,16.1,9,3,1.0,1.408,0,100.0,0,16.1,26.15
SEC-SWM-GGC,64.0,120.0,48.0,5.1,60.0,0.6,21,6,1.0,1.016,1,60.0,0,0.6,67.07
SEC-KOTA-SWM,108.0,130.0,58.0,6.2,98.3,6.1,9,2,1.0,1.298,0,130.0,0,6.1,80.56
SEC-BTE-MTJ,35.0,100.0,48.0,4.8,91.9,5.0,23,5,1.12,1.017,0,100.0,0,5.0,23.16
SEC-BTE-MTJ,35.0,100.0,48.0,4.8,83.8,3.2,3,6,1.0,1.098,0,100.0,0,3.2,23.07
SEC-SWM-GGC,64.0,120.0,48.0,5.1,105.7,6.9,20,5,1.0,1.424,0,120.0,0,6.9,53.3
SEC-MTJ-AGC,54.0,120.0,45.0,4.2,92.7,7.9,2,5,1.0,1.103,0,120.0,0,7.9,33.2
SEC-SWM-GGC,64.0,120.0,48.0,5.1,114.8,6.5,14,4,1.277,1.022,0,120.0,0,6.5,42.31
SEC-NDLS-KOTA,465.0,130.0,275.0,14.5,126.6,1.5,14,0,1.0,1.152,0,130.0,0,1.5,265.62
SEC-NDLS-KOTA,465.0,130.0,275.0,14.5,110.0,1.7,21,4,1.23,1.168,0,130.0,0,1.7,370.32
SEC-MTJ-AGC,54.0,120.0,45.0,4.2,97.2,15.6,2,4,1.0,1.147,0,120.0,1,15.6,58.73
SEC-BTE-MTJ,35.0,100.0,48.0,4.8,87.0,15.7,17,5,1.0,1.246,0,100.0,1,15.7,38.84
SEC-NDLS-KOTA,465.0,130.0,275.0,14.5,111.1,31.3,18,6,1.072,1.245,0,130.0,0,31.3,347.31
SEC-MTJ-AGC,54.0,120.0,45.0,4.2,95.0,4.4,10,5,1.117,1.242,0,120.0,0,4.4,52.31
SEC-GGC-BTE,120.0,110.0,98.0,9.4,105.9,4.1,2,2,1.0,1.137,0,110.0,0,4.1,87.8
SEC-NDLS-KOTA,465.0,130.0,275.0,14.5,111.6,15.4,5,6,1.0,1.091,0,130.0,0,15.4,250.81
SEC-MTJ-AGC,54.0,120.0,45.0,4.2,93.3,11.8,6,5,1.0,1.025,0,120.0,1,11.8,47.84
SEC-GGC-BTE,120.0,110.0,98.0,9.4,60.0,20.2,21,2,1.0,1.276,1,60.0,0,20.2,163.99
SEC-BTE-MTJ,35.0,100.0,48.0,4.8,98.8,32.1,5,2,1.0,1.169,0,100.0,0,32.1,38.21
SEC-MTJ-AGC,54.0,120.0,45.0,4.2,112.6,10.4,11,2,1.0,1.255,0,120.0,0,10.4,38.4
SEC-GGC-BTE,120.0,110.0,98.0,9.4,99.4,17.7,5,3,1.087,1.082,0,110.0,0,17.7,96.86
SEC-BTE-MTJ,35.0,100.0,48.0,4.8,60.0,4.5,13,3,1.0,1.06,1,60.0,0,4.5,29.92
SEC-SWM-GGC,64.0,120.0,48.0,5.1,91.5,14.9,21,3,1.0,1.3,0,120.0,0,14.9,59.09
SEC-GGC-BTE,120.0,110.0,98.0,9.4,92.0,1.5,8,1,1.0,1.204,0,110.0,0,1.5,79.04
SEC-BTE-MTJ,35.0,100.0,48.0,4.8,83.3,24.2,8,6,1.0,1.194,0,100.0,0,24.2,34.69
SEC-MTJ-AGC,54.0,120.0,45.0,4.2,103.6,3.5,13,2,1.267,1.038,0,120.0,0,3.5,46.51
SEC-KOTA-SWM,108.0,130.0,58.0,6.2,101.8,49.0,2,1,1.0,1.054,0,130.0,1,49.0,79.88
SEC-GGC-BTE,120.0,110.0,98.0,9.4,105.5,19.0,1,5,1.0,1.025,0,110.0,0,19.0,70.33
SEC-KOTA-SWM,108.0,130.0,58.0,6.2,126.8,5.1,12,0,1.0,1.049,0,130.0,0,5.1,61.25
SEC-BTE-MTJ,35.0,100.0,48.0,4.8,80.3,24.9,15,0,1.0,1.094,0,100.0,0,24.9,30.45
SEC-BTE-MTJ,35.0,100.0,48.0,4.8,75.2,1.7,8,3,1.0,1.272,0,100.0,0,1.7,30.5
SEC-MTJ-AGC,54.0,120.0,45.0,4.2,113.3,0.9,1,4,1.0,1.183,0,120.0,0,0.9,25.65
SEC-SWM-GGC,64.0,120.0,48.0,5.1,116.9,2.8,16,1,1.259,1.072,0,120.0,0,2.8,40.38
SEC-GGC-BTE,120.0,110.0,98.0,9.4,91.6,43.8,23,0,1.0,1.199,0,110.0,0,43.8,93.62
SEC-GGC-BTE,120.0,110.0,98.0,9.4,108.6,2.5,14,4,1.0,1.191,0,110.0,0,2.5,88.45
SEC-SWM-GGC,64.0,120.0,48.0,5.1,113.0,8.6,6,4,1.0,1.014,0,120.0,0,8.6,39.58
SEC-BTE-MTJ,35.0,100.0,48.0,4.8,77.5,21.4,18,4,1.0,1.237,0,100.0,1,21.4,44.11
SEC-MTJ-AGC,54.0,120.0,45.0,4.2,98.2,0.8,23,3,1.265,1.166,0,120.0,0,0.8,55.32
SEC-SWM-GGC,64.0,120.0,48.0,5.1,94.3,22.9,4,6,1.236,1.03,0,120.0,0,22.9,52.85
SEC-MTJ-AGC,54.0,120.0,45.0,4.2,101.4,0.2,16,0,1.0,1.232,0,120.0,0,0.2,36.42
SEC-SWM-GGC,64.0,120.0,48.0,5.1,117.1,0.4,17,4,1.0,1.382,0,120.0,0,0.4,47.8
SEC-KOTA-SWM,108.0,130.0,58.0,6.2,115.8,13.1,1,2,1.115,1.111,0,130.0,0,13.1,61.5
SEC-GGC-BTE,120.0,110.0,98.0,9.4,91.9,9.7,7,5,1.0,1.148,0,110.0,0,9.7,92.08
SEC-BTE-MTJ,35.0,100.0,48.0,4.8,97.9,2.4,21,6,1.0,1.184,0,100.0,0,2.4,30.31
SEC-KOTA-SWM,108.0,130.0,58.0,6.2,98.0,1.9,5,1,1.065,1.259,0,130.0,0,1.9,94.17
SEC-NDLS-KOTA,465.0,130.0,275.0,14.5,114.0,16.6,7,3,1.0,1.231,0,130.0,0,16.6,265.06
SEC-SWM-GGC,64.0,120.0,48.0,5.1,96.1,1.7,20,4,1.0,1.325,0,120.0,0,1.7,61.53
SEC-NDLS-KOTA,465.0,130.0,275.0,14.5,104.8,9.3,2,1,1.0,1.188,0,130.0,0,9.3,304.12
SEC-MTJ-AGC,54.0,120.0,45.0,4.2,91.9,6.6,6,5,1.0,1.179,0,120.0,0,6.6,35.04
SEC-NDLS-KOTA,465.0,130.0,275.0,14.5,105.9,1.6,5,4,1.0,1.12,0,130.0,0,1.6,286.57
SEC-NDLS-KOTA,465.0,130.0,275.0,14.5,45.0,7.6,2,1,1.0,1.143,1,45.0,0,7.6,712.01
SEC-SWM-GGC,64.0,120.0,48.0,5.1,100.1,5.9,22,0,1.0,1.072,0,120.0,1,5.9,56.62
SEC-GGC-BTE,120.0,110.0,98.0,9.4,30.0,1.3,22,2,1.0,1.093,1,30.0,0,1.3,259.42
SEC-BTE-MTJ,35.0,100.0,48.0,4.8,81.4,7.1,4,1,1.055,1.148,0,100.0,0,7.1,36.19
SEC-KOTA-SWM,108.0,130.0,58.0,6.2,128.3,12.1,17,6,1.0,1.233,0,130.0,0,12.1,60.05
SEC-NDLS-KOTA,465.0,130.0,275.0,14.5,127.2,1.9,22,0,1.0,1.033,0,130.0,0,1.9,231.71
SEC-KOTA-SWM,108.0,130.0,58.0,6.2,129.4,8.9,13,5,1.0,1.136,0,130.0,0,8.9,64.88
SEC-GGC-BTE,120.0,110.0,98.0,9.4,45.0,1.7,2,2,1.0,1.092,1,45.0,0,1.7,197.87
SEC-SWM-GGC,64.0,120.0,48.0,5.1,95.8,32.2,11,3,1.0,1.202,0,120.0,0,32.2,56.33
SEC-NDLS-KOTA,465.0,130.0,275.0,14.5,108.3,3.2,0,3,1.0,1.219,0,130.0,0,3.2,297.56
SEC-BTE-MTJ,35.0,100.0,48.0,4.8,60.0,32.5,5,1,1.285,1.085,1,60.0,0,32.5,54.02
SEC-SWM-GGC,64.0,120.0,48.0,5.1,95.0,9.5,22,5,1.0,1.014,0,120.0,0,9.5,50.07
SEC-NDLS-KOTA,465.0,130.0,275.0,14.5,100.9,16.8,1,5,1.0,1.087,0,130.0,0,16.8,295.73
SEC-KOTA-SWM,108.0,130.0,58.0,6.2,111.3,4.2,4,5,1.137,1.103,0,130.0,0,4.2,75.32
SEC-GGC-BTE,120.0,110.0,98.0,9.4,93.8,19.3,9,5,1.0,1.363,0,110.0,1,19.3,103.97
SEC-SWM-GGC,64.0,120.0,48.0,5.1,91.3,6.8,3,0,1.0,1.09,0,120.0,0,6.8,48.16
SEC-SWM-GGC,64.0,120.0,48.0,5.1,92.8,1.1,4,2,1.0,1.143,0,120.0,0,1.1,44.97
SEC-NDLS-KOTA,465.0,130.0,275.0,14.5,125.6,23.6,15,4,1.0,1.095,0,130.0,0,23.6,264.62
SEC-KOTA-SWM,108.0,130.0,58.0,6.2,60.0,12.8,16,5,1.0,1.057,1,60.0,1,12.8,150.76
SEC-NDLS-KOTA,465.0,130.0,275.0,14.5,97.9,23.0,19,6,1.0,1.226,0,130.0,0,23.0,339.9
SEC-MTJ-AGC,54.0,120.0,45.0,4.2,107.5,1.3,5,1,1.271,1.123,0,120.0,1,1.3,63.18
SEC-KOTA-SWM,108.0,130.0,58.0,6.2,103.7,8.2,9,1,1.0,1.288,0,130.0,0,8.2,81.75
SEC-NDLS-KOTA,465.0,130.0,275.0,14.5,128.5,14.0,12,6,1.0,1.036,0,130.0,0,14.0,217.65
SEC-BTE-MTJ,35.0,100.0,48.0,4.8,97.2,8.9,14,6,1.062,1.065,0,100.0,0,8.9,25.91
SEC-BTE-MTJ,35.0,100.0,48.0,4.8,77.3,21.6,13,0,1.0,1.166,0,100.0,0,21.6,43.15
SEC-GGC-BTE,120.0,110.0,98.0,9.4,107.1,13.6,4,5,1.095,1.054,0,110.0,0,13.6,76.74
SEC-MTJ-AGC,54.0,120.0,45.0,4.2,95.9,6.8,17,5,1.0,1.171,0,120.0,0,6.8,35.87
SEC-NDLS-KOTA,465.0,130.0,275.0,14.5,125.1,11.3,1,5,1.0,1.028,0,130.0,0,11.3,226.13
SEC-MTJ-AGC,54.0,120.0,45.0,4.2,98.3,29.3,5,1,1.0,1.152,0,120.0,0,29.3,34.79
SEC-SWM-GGC,64.0,120.0,48.0,5.1,114.6,1.4,3,2,1.147,1.121,0,120.0,0,1.4,38.65
SEC-NDLS-KOTA,465.0,130.0,275.0,14.5,100.7,14.5,9,4,1.247,1.245,0,130.0,0,14.5,414.98
SEC-BTE-MTJ,35.0,100.0,48.0,4.8,77.9,7.2,0,2,1.059,1.217,0,100.0,0,7.2,29.23
SEC-SWM-GGC,64.0,120.0,48.0,5.1,99.1,2.1,21,0,1.0,1.413,0,120.0,0,2.1,59.94
SEC-NDLS-KOTA,465.0,130.0,275.0,14.5,60.0,2.2,9,3,1.0,1.11,1,60.0,0,2.2,521.29
SEC-GGC-BTE,120.0,110.0,98.0,9.4,60.0,0.2,10,1,1.0,1.274,1,60.0,0,0.2,153.21
SEC-NDLS-KOTA,465.0,130.0,275.0,14.5,115.5,29.3,7,1,1.0,1.124,0,130.0,0,29.3,270.93
SEC-NDLS-KOTA,465.0,130.0,275.0,14.5,117.6,10.5,1,1,1.0,1.201,0,130.0,1,10.5,308.06
SEC-KOTA-SWM,108.0,130.0,58.0,6.2,124.1,3.4,10,4,1.0,1.19,0,130.0,0,3.4,66.58
SEC-KOTA-SWM,108.0,130.0,58.0,6.2,129.5,6.4,14,2,1.0,1.027,0,130.0,0,6.4,49.61
SEC-NDLS-KOTA,465.0,130.0,275.0,14.5,122.7,3.0,16,6,1.109,1.09,0,130.0,0,3.0,267.06
SEC-NDLS-KOTA,465.0,130.0,275.0,14.5,99.9,1.3,8,0,1.0,1.405,0,130.0,0,1.3,370.68
SEC-MTJ-AGC,54.0,120.0,45.0,4.2,100.6,8.6,9,4,1.168,1.204,0,120.0,0,8.6,47.95
SEC-KOTA-SWM,108.0,130.0,58.0,6.2,105.5,12.5,9,6,1.0,1.255,0,130.0,0,12.5,84.32
SEC-MTJ-AGC,54.0,120.0,45.0,4.2,109.9,15.5,9,5,1.0,1.261,0,120.0,1,15.5,54.48
SEC-NDLS-KOTA,465.0,130.0,275.0,14.5,113.5,12.5,21,5,1.128,1.344,0,130.0,0,12.5,348.98
SEC-NDLS-KOTA,465.0,130.0,275.0,14.5,117.5,42.8,11,5,1.0,1.136,0,130.0,0,42.8,261.24
SEC-BTE-MTJ,35.0,100.0,48.0,4.8,96.5,6.9,4,2,1.287,1.094,0,100.0,1,6.9,55.43
SEC-BTE-MTJ,35.0,100.0,48.0,4.8,98.7,0.7,8,4,1.0,1.472,0,100.0,0,0.7,19.95
SEC-KOTA-SWM,108.0,130.0,58.0,6.2,60.0,8.2,14,1,1.0,1.089,1,60.0,0,8.2,133.37
SEC-GGC-BTE,120.0,110.0,98.0,9.4,89.7,1.6,23,6,1.102,1.078,0,110.0,0,1.6,90.03
SEC-MTJ-AGC,54.0,120.0,45.0,4.2,60.0,2.6,1,6,1.0,1.071,1,60.0,0,2.6,64.32
SEC-BTE-MTJ,35.0,100.0,48.0,4.8,78.7,5.7,22,2,1.149,1.04,0,100.0,0,5.7,29.33
SEC-MTJ-AGC,54.0,120.0,45.0,4.2,30.0,4.1,4,3,1.0,1.05,1,30.0,0,4.1,134.9
SEC-GGC-BTE,120.0,110.0,98.0,9.4,100.1,6.0,10,0,1.0,1.259,0,110.0,0,6.0,91.66
SEC-SWM-GGC,64.0,120.0,48.0,5.1,60.0,2.2,13,0,1.0,1.121,1,60.0,0,2.2,78.03
SEC-BTE-MTJ,35.0,100.0,48.0,4.8,45.0,15.8,16,1,1.0,1.015,1,45.0,0,15.8,54.66
SEC-MTJ-AGC,54.0,120.0,45.0,4.2,103.5,2.2,1,0,1.0,1.044,0,120.0,0,2.2,28.34
SEC-NDLS-KOTA,465.0,130.0,275.0,14.5,102.9,18.8,14,6,1.0,1.08,0,130.0,0,18.8,300.71
SEC-SWM-GGC,64.0,120.0,48.0,5.1,90.8,0.9,11,1,1.0,1.176,0,120.0,0,0.9,50.66
SEC-SWM-GGC,64.0,120.0,48.0,5.1,115.6,6.6,6,0,1.0,1.097,0,120.0,0,6.6,36.01
SEC-BTE-MTJ,35.0,100.0,48.0,4.8,85.5,9.3,12,0,1.05,1.19,0,100.0,0,9.3,35.69
SEC-MTJ-AGC,54.0,120.0,45.0,4.2,97.1,1.3,21,0,1.0,1.189,0,120.0,0,1.3,42.81
SEC-SWM-GGC,64.0,120.0,48.0,5.1,99.0,1.1,17,0,1.0,1.38,0,120.0,0,1.1,48.8
SEC-BTE-MTJ,35.0,100.0,48.0,4.8,97.2,8.6,15,5,1.0,1.114,0,100.0,0,8.6,30.84
SEC-MTJ-AGC,54.0,120.0,45.0,4.2,104.0,19.3,15,5,1.0,1.106,0,120.0,0,19.3,51.48
SEC-BTE-MTJ,35.0,100.0,48.0,4.8,45.0,18.8,21,0,1.0,1.284,1,45.0,0,18.8,77.96
SEC-KOTA-SWM,108.0,130.0,58.0,6.2,60.0,10.1,17,5,1.0,1.235,1,60.0,0,10.1,149.99
SEC-SWM-GGC,64.0,120.0,48.0,5.1,111.7,4.2,9,3,1.0,1.358,0,120.0,0,4.2,44.78
SEC-GGC-BTE,120.0,110.0,98.0,9.4,97.6,21.1,19,6,1.083,1.278,0,110.0,0,21.1,104.41
SEC-NDLS-KOTA,465.0,130.0,275.0,14.5,114.6,9.7,11,2,1.068,1.432,0,130.0,0,9.7,341.27
SEC-GGC-BTE,120.0,110.0,98.0,9.4,99.6,5.1,0,6,1.0,1.007,0,110.0,0,5.1,92.22
SEC-KOTA-SWM,108.0,130.0,58.0,6.2,111.2,39.5,0,2,1.0,1.066,0,130.0,0,39.5,65.67
SEC-BTE-MTJ,35.0,100.0,48.0,4.8,76.4,2.7,4,5,1.0,1.134,0,100.0,0,2.7,28.09
SEC-GGC-BTE,120.0,110.0,98.0,9.4,100.2,13.1,6,0,1.299,1.084,0,110.0,1,13.1,100.75
SEC-KOTA-SWM,108.0,130.0,58.0,6.2,111.3,6.6,0,0,1.0,1.177,0,130.0,0,6.6,72.46
SEC-NDLS-KOTA,465.0,130.0,275.0,14.5,45.0,3.3,2,0,1.0,1.166,1,45.0,0,3.3,696.65
SEC-BTE-MTJ,35.0,100.0,48.0,4.8,85.0,32.7,13,1,1.0,1.16,0,100.0,0,32.7,32.89
SEC-SWM-GGC,64.0,120.0,48.0,5.1,112.6,6.4,7,0,1.0,1.058,0,120.0,0,6.4,34.8
SEC-GGC-BTE,120.0,110.0,98.0,9.4,100.4,25.6,10,2,1.0,1.256,0,110.0,0,25.6,97.27
SEC-BTE-MTJ,35.0,100.0,48.0,4.8,45.0,0.5,17,0,1.202,1.29,1,45.0,0,0.5,72.89
SEC-SWM-GGC,64.0,120.0,48.0,5.1,113.4,11.1,21,4,1.0,1.132,0,120.0,0,11.1,42.29
SEC-KOTA-SWM,108.0,130.0,58.0,6.2,103.4,1.3,15,0,1.0,1.125,0,130.0,0,1.3,69.01
SEC-SWM-GGC,64.0,120.0,48.0,5.1,96.1,29.4,13,6,1.0,1.02,0,120.0,0,29.4,34.98
SEC-BTE-MTJ,35.0,100.0,48.0,4.8,76.2,2.7,14,1,1.0,1.041,0,100.0,0,2.7,29.05
SEC-KOTA-SWM,108.0,130.0,58.0,6.2,113.3,2.4,4,3,1.0,1.058,0,130.0,0,2.4,63.31
SEC-GGC-BTE,120.0,110.0,98.0,9.4,85.9,15.3,22,2,1.0,1.068,0,110.0,0,15.3,86.48
SEC-SWM-GGC,64.0,120.0,48.0,5.1,107.7,0.8,17,0,1.0,1.274,0,120.0,0,0.8,54.85
SEC-NDLS-KOTA,465.0,130.0,275.0,14.5,109.0,17.4,16,2,1.0,1.044,0,130.0,0,17.4,277.15
SEC-NDLS-KOTA,465.0,130.0,275.0,14.5,98.1,6.4,8,1,1.0,1.384,0,130.0,0,6.4,369.33
SEC-MTJ-AGC,54.0,120.0,45.0,4.2,100.9,25.6,8,4,1.0,1.449,0,120.0,0,25.6,43.7
SEC-MTJ-AGC,54.0,120.0,45.0,4.2,101.3,1.9,2,5,1.0,1.026,0,120.0,0,1.9,36.41
SEC-KOTA-SWM,108.0,130.0,58.0,6.2,117.8,26.2,2,5,1.0,1.072,0,130.0,0,26.2,74.32
SEC-MTJ-AGC,54.0,120.0,45.0,4.2,101.4,7.5,7,3,1.0,1.115,0,120.0,0,7.5,36.58
SEC-MTJ-AGC,54.0,120.0,45.0,4.2,115.6,3.8,12,1,1.0,1.161,0,120.0,0,3.8,42.29
SEC-MTJ-AGC,54.0,120.0,45.0,4.2,118.1,28.3,11,3,1.272,1.209,0,120.0,0,28.3,48.75
SEC-SWM-GGC,64.0,120.0,48.0,5.1,100.9,16.4,18,1,1.0,1.176,0,120.0,0,16.4,38.19
SEC-GGC-BTE,120.0,110.0,98.0,9.4,101.2,1.1,13,2,1.0,1.067,0,110.0,0,1.1,75.42
SEC-NDLS-KOTA,465.0,130.0,275.0,14.5,120.0,4.2,18,0,1.0,1.093,0,130.0,0,4.2,247.73
SEC-SWM-GGC,64.0,120.0,48.0,5.1,111.9,7.0,10,5,1.0,1.224,0,120.0,0,7.0,45.79
SEC-MTJ-AGC,54.0,120.0,45.0,4.2,45.0,14.7,19,1,1.2,1.237,1,45.0,0,14.7,113.21
SEC-GGC-BTE,120.0,110.0,98.0,9.4,106.1,7.7,22,6,1.0,1.179,0,110.0,0,7.7,62.18
SEC-KOTA-SWM,108.0,130.0,58.0,6.2,101.3,10.5,15,0,1.0,1.095,0,130.0,0,10.5,62.13
SEC-MTJ-AGC,54.0,120.0,45.0,4.2,95.8,18.9,1,4,1.197,1.135,0,120.0,0,18.9,47.4
SEC-BTE-MTJ,35.0,100.0,48.0,4.8,30.0,7.4,12,1,1.0,1.035,1,30.0,0,7.4,81.36
SEC-GGC-BTE,120.0,110.0,98.0,9.4,94.0,4.2,9,3,1.0,1.087,0,110.0,0,4.2,100.96
SEC-KOTA-SWM,108.0,130.0,58.0,6.2,30.0,0.5,10,1,1.0,1.339,1,30.0,0,0.5,298.33
SEC-BTE-MTJ,35.0,100.0,48.0,4.8,83.6,14.4,18,3,1.136,1.367,0,100.0,0,14.4,41.37
SEC-MTJ-AGC,54.0,120.0,45.0,4.2,98.2,32.3,18,1,1.0,1.214,0,120.0,0,32.3,43.31
SEC-BTE-MTJ,35.0,100.0,48.0,4.8,86.1,1.7,6,2,1.0,1.167,0,100.0,0,1.7,28.29
SEC-KOTA-SWM,108.0,130.0,58.0,6.2,45.0,4.1,3,5,1.0,1.078,1,45.0,0,4.1,176.31
SEC-NDLS-KOTA,465.0,130.0,275.0,14.5,112.3,7.1,16,4,1.0,1.253,0,130.0,0,7.1,331.52
SEC-GGC-BTE,120.0,110.0,98.0,9.4,30.0,9.2,1,0,1.0,1.053,1,30.0,0,9.2,270.3
SEC-KOTA-SWM,108.0,130.0,58.0,6.2,125.1,0.7,4,0,1.0,1.108,0,130.0,0,0.7,52.8
SEC-SWM-GGC,64.0,120.0,48.0,5.1,93.2,10.5,18,2,1.075,1.216,0,120.0,0,10.5,49.41
SEC-NDLS-KOTA,465.0,130.0,275.0,14.5,126.8,15.1,8,2,1.0,1.302,0,130.0,0,15.1,287.41
SEC-GGC-BTE,120.0,110.0,98.0,9.4,45.0,2.4,19,0,1.0,1.181,1,45.0,0,2.4,194.0
SEC-KOTA-SWM,108.0,130.0,58.0,6.2,45.0,3.9,18,3,1.0,1.194,1,45.0,0,3.9,190.46
SEC-GGC-BTE,120.0,110.0,98.0,9.4,60.0,26.6,18,4,1.17,1.296,1,60.0,0,26.6,207.11
SEC-BTE-MTJ,35.0,100.0,48.0,4.8,84.9,1.0,2,3,1.0,1.103,0,100.0,0,1.0,19.95
SEC-GGC-BTE,120.0,110.0,98.0,9.4,45.0,3.4,7,4,1.0,1.027,1,45.0,0,3.4,178.25
SEC-MTJ-AGC,54.0,120.0,45.0,4.2,117.5,3.5,12,1,1.0,1.151,0,120.0,0,3.5,27.23
SEC-KOTA-SWM,108.0,130.0,58.0,6.2,100.6,19.0,10,5,1.0,1.353,0,130.0,0,19.0,85.7
SEC-BTE-MTJ,35.0,100.0,48.0,4.8,89.9,1.8,14,1,1.0,1.118,0,100.0,0,1.8,27.65
SEC-NDLS-KOTA,465.0,130.0,275.0,14.5,108.8,17.8,1,4,1.0,1.027,0,130.0,0,17.8,260.12
SEC-BTE-MTJ,35.0,100.0,48.0,4.8,90.9,16.6,5,4,1.0,1.102,0,100.0,0,16.6,23.89
SEC-GGC-BTE,120.0,110.0,98.0,9.4,82.8,1.9,13,6,1.0,1.101,0,110.0,0,1.9,89.56
SEC-BTE-MTJ,35.0,100.0,48.0,4.8,45.0,8.7,14,4,1.145,1.104,1,45.0,0,8.7,65.79
SEC-KOTA-SWM,108.0,130.0,58.0,6.2,117.1,10.3,20,6,1.052,1.186,0,130.0,0,10.3,67.49
SEC-KOTA-SWM,108.0,130.0,58.0,6.2,120.0,19.7,19,3,1.0,1.478,0,130.0,0,19.7,79.59
SEC-GGC-BTE,120.0,110.0,98.0,9.4,60.0,4.4,11,2,1.0,1.263,1,60.0,0,4.4,166.84
SEC-BTE-MTJ,35.0,100.0,48.0,4.8,30.0,38.1,7,6,1.0,1.132,1,30.0,0,38.1,103.82
SEC-MTJ-AGC,54.0,120.0,45.0,4.2,108.7,2.6,4,0,1.113,1.106,0,120.0,0,2.6,39.19
SEC-GGC-BTE,120.0,110.0,98.0,9.4,82.9,15.6,15,6,1.0,1.166,0,110.0,0,15.6,88.19
SEC-NDLS-KOTA,465.0,130.0,275.0,14.5,120.4,13.6,16,1,1.0,1.142,0,130.0,0,13.6,222.47
SEC-KOTA-SWM,108.0,130.0,58.0,6.2,107.7,26.8,17,5,1.0,1.22,0,130.0,0,26.8,84.39
SEC-KOTA-SWM,108.0,130.0,58.0,6.2,98.8,4.7,21,2,1.0,1.195,0,130.0,1,4.7,84.69
SEC-SWM-GGC,64.0,120.0,48.0,5.1,113.8,2.9,2,3,1.0,1.055,0,120.0,0,2.9,31.15
SEC-KOTA-SWM,108.0,130.0,58.0,6.2,130.0,6.6,12,2,1.215,1.093,0,130.0,0,6.6,74.05
SEC-BTE-MTJ,35.0,100.0,48.0,4.8,60.0,2.4,6,1,1.138,1.094,1,60.0,0,2.4,48.44
SEC-BTE-MTJ,35.0,100.0,48.0,4.8,89.4,3.6,18,5,1.0,1.46,0,100.0,0,3.6,35.1
SEC-GGC-BTE,120.0,110.0,98.0,9.4,102.4,11.2,8,4,1.0,1.361,0,110.0,0,11.2,80.54
SEC-GGC-BTE,120.0,110.0,98.0,9.4,86.7,7.4,6,6,1.0,1.14,0,110.0,0,7.4,89.64
SEC-MTJ-AGC,54.0,120.0,45.0,4.2,117.2,5.7,21,3,1.0,1.294,0,120.0,0,5.7,28.84
SEC-NDLS-KOTA,465.0,130.0,275.0,14.5,117.4,10.8,19,1,1.0,1.205,0,130.0,0,10.8,268.7
SEC-KOTA-SWM,108.0,130.0,58.0,6.2,109.8,11.6,18,3,1.0,1.135,0,130.0,0,11.6,50.04
SEC-BTE-MTJ,35.0,100.0,48.0,4.8,88.7,0.8,19,6,1.165,1.209,0,100.0,0,0.8,37.6
SEC-KOTA-SWM,108.0,130.0,58.0,6.2,30.0,13.6,22,0,1.0,1.094,1,30.0,0,13.6,258.45
SEC-GGC-BTE,120.0,110.0,98.0,9.4,30.0,15.2,12,3,1.272,1.036,1,30.0,0,15.2,331.53
SEC-MTJ-AGC,54.0,120.0,45.0,4.2,60.0,0.1,22,3,1.0,1.146,1,60.0,0,0.1,77.14
SEC-SWM-GGC,64.0,120.0,48.0,5.1,113.2,40.7,5,1,1.0,1.094,0,120.0,0,40.7,43.09
SEC-MTJ-AGC,54.0,120.0,45.0,4.2,60.0,1.2,12,1,1.0,1.098,1,60.0,0,1.2,67.85
SEC-SWM-GGC,64.0,120.0,48.0,5.1,45.0,11.8,8,6,1.0,1.249,1,45.0,0,11.8,115.26
SEC-BTE-MTJ,35.0,100.0,48.0,4.8,60.0,5.3,12,2,1.0,1.013,1,60.0,0,5.3,38.78
SEC-GGC-BTE,120.0,110.0,98.0,9.4,109.8,0.7,10,3,1.0,1.098,0,110.0,0,0.7,67.51
SEC-SWM-GGC,64.0,120.0,48.0,5.1,103.8,4.2,0,6,1.0,1.121,0,120.0,0,4.2,40.99
SEC-BTE-MTJ,35.0,100.0,48.0,4.8,81.0,7.7,15,2,1.0,1.079,0,100.0,1,7.7,35.8
SEC-MTJ-AGC,54.0,120.0,45.0,4.2,107.1,15.9,6,5,1.141,1.091,0,120.0,0,15.9,57.75
SEC-KOTA-SWM,108.0,130.0,58.0,6.2,116.5,3.7,5,4,1.0,1.019,0,130.0,0,3.7,58.16
SEC-GGC-BTE,120.0,110.0,98.0,9.4,84.2,3.0,1,4,1.0,1.061,0,110.0,1,3.0,115.37
SEC-MTJ-AGC,54.0,120.0,45.0,4.2,91.9,0.7,23,4,1.0,1.045,0,120.0,0,0.7,40.54
SEC-NDLS-KOTA,465.0,130.0,275.0,14.5,30.0,4.6,1,2,1.0,1.212,1,30.0,0,4.6,1116.46
SEC-GGC-BTE,120.0,110.0,98.0,9.4,104.2,10.5,8,3,1.0,1.201,0,110.0,0,10.5,89.03
SEC-BTE-MTJ,35.0,100.0,48.0,4.8,97.3,0.6,16,3,1.0,1.035,0,100.0,1,0.6,32.53
SEC-KOTA-SWM,108.0,130.0,58.0,6.2,97.6,4.6,20,6,1.0,1.21,0,130.0,0,4.6,80.15
SEC-KOTA-SWM,108.0,130.0,58.0,6.2,99.3,27.1,21,4,1.0,1.093,0,130.0,0,27.1,69.92
SEC-SWM-GGC,64.0,120.0,48.0,5.1,101.0,5.2,6,5,1.071,1.023,0,120.0,0,5.2,45.97
SEC-MTJ-AGC,54.0,120.0,45.0,4.2,100.0,9.9,1,1,1.0,1.083,0,120.0,0,9.9,42.6
SEC-KOTA-SWM,108.0,130.0,58.0,6.2,30.0,7.8,7,4,1.0,1.113,1,30.0,0,7.8,256.18
SEC-KOTA-SWM,108.0,130.0,58.0,6.2,108.0,1.4,5,5,1.274,1.179,0,130.0,0,1.4,84.57
SEC-BTE-MTJ,35.0,100.0,48.0,4.8,80.9,13.0,9,5,1.0,1.298,0,100.0,0,13.0,20.26
SEC-KOTA-SWM,108.0,130.0,58.0,6.2,112.0,29.0,4,0,1.0,1.091,0,130.0,0,29.0,67.85
SEC-BTE-MTJ,35.0,100.0,48.0,4.8,99.2,31.3,12,1,1.0,1.045,0,100.0,0,31.3,26.57
SEC-NDLS-KOTA,465.0,130.0,275.0,14.5,30.0,1.0,19,1,1.0,1.342,1,30.0,1,1.0,1201.57
SEC-MTJ-AGC,54.0,120.0,45.0,4.2,99.2,14.8,9,3,1.0,1.125,0,120.0,0,14.8,44.04
SEC-SWM-GGC,64.0,120.0,48.0,5.1,45.0,6.3,2,5,1.0,1.035,1,45.0,1,6.3,124.98
SEC-NDLS-KOTA,465.0,130.0,275.0,14.5,60.0,34.1,5,2,1.0,1.031,1,60.0,0,34.1,518.11
SEC-GGC-BTE,120.0,110.0,98.0,9.4,45.0,33.1,22,5,1.0,1.063,1,45.0,1,33.1,206.46
SEC-MTJ-AGC,54.0,120.0,45.0,4.2,112.0,18.0,1,0,1.097,1.138,0,120.0,0,18.0,47.07
SEC-KOTA-SWM,108.0,130.0,58.0,6.2,109.4,4.3,15,1,1.0,1.152,0,130.0,0,4.3,63.47
SEC-SWM-GGC,64.0,120.0,48.0,5.1,114.4,2.5,8,0,1.0,1.179,0,120.0,0,2.5,41.6
SEC-NDLS-KOTA,465.0,130.0,275.0,14.5,100.4,5.0,21,0,1.111,1.296,0,130.0,0,5.0,387.64
SEC-BTE-MTJ,35.0,100.0,48.0,4.8,60.0,6.0,20,6,1.0,1.221,1,60.0,0,6.0,45.57
SEC-KOTA-SWM,108.0,130.0,58.0,6.2,105.5,2.8,2,6,1.0,1.078,0,130.0,1,2.8,67.73
SEC-MTJ-AGC,54.0,120.0,45.0,4.2,100.8,7.0,1,1,1.0,1.135,0,120.0,0,7.0,46.48
SEC-BTE-MTJ,35.0,100.0,48.0,4.8,45.0,6.6,9,1,1.0,1.222,1,45.0,0,6.6,62.37
SEC-NDLS-KOTA,465.0,130.0,275.0,14.5,45.0,5.5,4,4,1.0,1.092,1,45.0,0,5.5,696.43
SEC-BTE-MTJ,35.0,100.0,48.0,4.8,87.4,9.7,23,2,1.0,1.022,0,100.0,0,9.7,25.83
SEC-GGC-BTE,120.0,110.0,98.0,9.4,99.1,0.1,1,5,1.291,1.051,0,110.0,0,0.1,97.05
SEC-MTJ-AGC,54.0,120.0,45.0,4.2,116.9,6.9,9,4,1.27,1.353,0,120.0,0,6.9,45.64
SEC-GGC-BTE,120.0,110.0,98.0,9.4,93.6,2.2,23,0,1.0,1.154,0,110.0,0,2.2,85.68
SEC-BTE-MTJ,35.0,100.0,48.0,4.8,30.0,2.5,11,2,1.091,1.347,1,30.0,0,2.5,113.62
SEC-BTE-MTJ,35.0,100.0,48.0,4.8,99.3,8.0,10,1,1.0,1.42,0,100.0,0,8.0,33.75
SEC-GGC-BTE,120.0,110.0,98.0,9.4,86.0,8.6,22,4,1.0,1.074,0,110.0,0,8.6,92.39
SEC-NDLS-KOTA,465.0,130.0,275.0,14.5,60.0,13.9,3,6,1.0,1.066,1,60.0,0,13.9,528.81
SEC-NDLS-KOTA,465.0,130.0,275.0,14.5,101.8,1.3,8,1,1.054,1.154,0,130.0,0,1.3,335.74
SEC-SWM-GGC,64.0,120.0,48.0,5.1,112.9,19.2,14,4,1.0,1.102,0,120.0,0,19.2,37.79
SEC-BTE-MTJ,35.0,100.0,48.0,4.8,76.2,20.2,10,2,1.0,1.339,0,100.0,0,20.2,29.09
SEC-MTJ-AGC,54.0,120.0,45.0,4.2,107.5,2.7,22,6,1.0,1.134,0,120.0,0,2.7,30.9
SEC-BTE-MTJ,35.0,100.0,48.0,4.8,83.9,12.1,15,4,1.0,1.121,0,100.0,0,12.1,30.41
SEC-MTJ-AGC,54.0,120.0,45.0,4.2,110.2,4.5,17,6,1.065,1.07,0,120.0,0,4.5,34.6
SEC-KOTA-SWM,108.0,130.0,58.0,6.2,60.0,14.6,12,4,1.086,1.028,1,60.0,0,14.6,131.66
SEC-SWM-GGC,64.0,120.0,48.0,5.1,100.3,1.4,21,5,1.0,1.14,0,120.0,0,1.4,31.64
SEC-KOTA-SWM,108.0,130.0,58.0,6.2,106.0,23.1,0,6,1.063,1.11,0,130.0,0,23.1,79.15
SEC-NDLS-KOTA,465.0,130.0,275.0,14.5,115.2,1.7,10,1,1.0,1.172,0,130.0,0,1.7,284.76
SEC-GGC-BTE,120.0,110.0,98.0,9.4,45.0,3.1,14,3,1.0,1.127,1,45.0,0,3.1,201.4
SEC-BTE-MTJ,35.0,100.0,48.0,4.8,60.0,4.3,9,0,1.0,1.424,1,60.0,0,4.3,56.12
SEC-KOTA-SWM,108.0,130.0,58.0,6.2,99.2,7.3,4,2,1.0,1.223,0,130.0,0,7.3,80.88
SEC-BTE-MTJ,35.0,100.0,48.0,4.8,82.6,0.6,16,6,1.0,1.145,0,100.0,0,0.6,26.4
SEC-NDLS-KOTA,465.0,130.0,275.0,14.5,30.0,10.8,13,1,1.0,1.045,1,30.0,0,10.8,994.07
SEC-NDLS-KOTA,465.0,130.0,275.0,14.5,102.3,21.9,23,6,1.124,1.063,0,130.0,0,21.9,332.97
SEC-BTE-MTJ,35.0,100.0,48.0,4.8,90.5,20.4,11,0,1.0,1.266,0,100.0,0,20.4,33.08
SEC-NDLS-KOTA,465.0,130.0,275.0,14.5,125.0,43.5,12,6,1.0,1.095,0,130.0,0,43.5,251.16
SEC-MTJ-AGC,54.0,120.0,45.0,4.2,92.7,0.4,18,6,1.0,1.23,0,120.0,0,0.4,35.12
SEC-SWM-GGC,64.0,120.0,48.0,5.1,104.1,15.5,3,5,1.0,1.249,0,120.0,0,15.5,51.0
SEC-KOTA-SWM,108.0,130.0,58.0,6.2,110.0,17.3,1,2,1.0,1.1,0,130.0,0,17.3,71.83
SEC-SWM-GGC,64.0,120.0,48.0,5.1,101.7,3.8,0,0,1.0,1.052,0,120.0,0,3.8,39.91
SEC-MTJ-AGC,54.0,120.0,45.0,4.2,115.9,14.3,20,6,1.0,1.409,0,120.0,0,14.3,37.65
SEC-SWM-GGC,64.0,120.0,48.0,5.1,60.0,18.0,10,2,1.118,1.393,1,60.0,1,18.0,123.3
SEC-BTE-MTJ,35.0,100.0,48.0,4.8,82.4,1.7,13,4,1.108,1.088,0,100.0,0,1.7,31.26
SEC-GGC-BTE,120.0,110.0,98.0,9.4,98.0,8.6,19,6,1.052,1.423,0,110.0,0,8.6,111.56
SEC-KOTA-SWM,108.0,130.0,58.0,6.2,108.4,0.3,1,4,1.0,1.082,0,130.0,0,0.3,65.24
SEC-KOTA-SWM,108.0,130.0,58.0,6.2,113.8,2.5,2,4,1.149,1.184,0,130.0,1,2.5,76.14
SEC-NDLS-KOTA,465.0,130.0,275.0,14.5,60.0,3.9,2,6,1.0,1.181,1,60.0,0,3.9,566.32
SEC-MTJ-AGC,54.0,120.0,45.0,4.2,119.4,2.6,22,1,1.0,1.109,0,120.0,0,2.6,33.35
SEC-GGC-BTE,120.0,110.0,98.0,9.4,60.0,39.7,14,4,1.083,1.121,1,60.0,0,39.7,172.47
SEC-NDLS-KOTA,465.0,130.0,275.0,14.5,30.0,20.6,16,6,1.0,1.045,1,30.0,0,20.6,951.33
SEC-BTE-MTJ,35.0,100.0,48.0,4.8,87.0,6.6,13,6,1.0,1.075,0,100.0,0,6.6,24.99
SEC-GGC-BTE,120.0,110.0,98.0,9.4,60.0,22.2,6,1,1.0,1.032,1,60.0,0,22.2,142.41
SEC-NDLS-KOTA,465.0,130.0,275.0,14.5,120.6,8.4,7,1,1.0,1.036,0,130.0,0,8.4,252.01
SEC-GGC-BTE,120.0,110.0,98.0,9.4,104.4,8.4,21,4,1.0,1.139,0,110.0,0,8.4,88.22
SEC-KOTA-SWM,108.0,130.0,58.0,6.2,45.0,8.0,14,2,1.232,1.133,1,45.0,0,8.0,219.37
SEC-SWM-GGC,64.0,120.0,48.0,5.1,45.0,0.9,21,4,1.0,1.215,1,45.0,0,0.9,114.74
SEC-SWM-GGC,64.0,120.0,48.0,5.1,114.0,3.1,7,5,1.149,1.165,0,120.0,1,3.1,61.46
SEC-BTE-MTJ,35.0,100.0,48.0,4.8,80.1,18.0,1,1,1.0,1.118,0,100.0,1,18.0,41.39
SEC-NDLS-KOTA,465.0,130.0,275.0,14.5,118.1,5.5,9,5,1.0,1.398,0,130.0,0,5.5,286.74
SEC-MTJ-AGC,54.0,120.0,45.0,4.2,30.0,9.6,21,3,1.0,1.21,1,30.0,0,9.6,137.56
SEC-GGC-BTE,120.0,110.0,98.0,9.4,85.7,15.1,9,1,1.0,1.146,0,110.0,0,15.1,98.6
SEC-GGC-BTE,120.0,110.0,98.0,9.4,83.7,7.7,22,0,1.283,1.147,0,110.0,0,7.7,122.32
SEC-KOTA-SWM,108.0,130.0,58.0,6.2,99.6,5.9,19,5,1.0,1.302,0,130.0,0,5.9,79.82
SEC-GGC-BTE,120.0,110.0,98.0,9.4,97.9,36.9,23,4,1.112,1.151,0,110.0,0,36.9,92.39
SEC-MTJ-AGC,54.0,120.0,45.0,4.2,100.6,4.0,5,2,1.0,1.161,0,120.0,0,4.0,38.67
SEC-BTE-MTJ,35.0,100.0,48.0,4.8,76.7,30.4,21,3,1.0,1.134,0,100.0,0,30.4,29.04
SEC-BTE-MTJ,35.0,100.0,48.0,4.8,60.0,3.5,4,3,1.279,1.104,1,60.0,0,3.5,49.8
SEC-BTE-MTJ,35.0,100.0,48.0,4.8,75.4,1.5,14,3,1.0,1.15,0,100.0,0,1.5,29.37
SEC-BTE-MTJ,35.0,100.0,48.0,4.8,96.0,9.2,2,4,1.0,1.147,0,100.0,0,9.2,28.69
SEC-KOTA-SWM,108.0,130.0,58.0,6.2,30.0,10.7,14,2,1.0,1.022,1,30.0,0,10.7,235.47
SEC-GGC-BTE,120.0,110.0,98.0,9.4,60.0,8.0,15,6,1.26,1.067,1,60.0,0,8.0,158.41
SEC-SWM-GGC,64.0,120.0,48.0,5.1,97.3,11.6,16,0,1.0,1.085,0,120.0,0,11.6,37.71
SEC-GGC-BTE,120.0,110.0,98.0,9.4,103.0,2.4,11,3,1.0,1.087,0,110.0,0,2.4,95.95
SEC-BTE-MTJ,35.0,100.0,48.0,4.8,30.0,4.6,23,3,1.057,1.04,1,30.0,1,4.6,109.08
SEC-SWM-GGC,64.0,120.0,48.0,5.1,109.2,1.3,4,4,1.0,1.168,0,120.0,0,1.3,34.1
SEC-GGC-BTE,120.0,110.0,98.0,9.4,109.5,5.4,15,0,1.0,1.047,0,110.0,0,5.4,62.18
SEC-NDLS-KOTA,465.0,130.0,275.0,14.5,128.0,0.3,23,1,1.0,1.088,0,130.0,0,0.3,214.9
SEC-GGC-BTE,120.0,110.0,98.0,9.4,102.1,5.6,11,6,1.0,1.163,0,110.0,0,5.6,62.48
SEC-BTE-MTJ,35.0,100.0,48.0,4.8,83.0,0.7,10,3,1.0,1.406,0,100.0,0,0.7,22.45
SEC-SWM-GGC,64.0,120.0,48.0,5.1,95.7,9.5,20,0,1.0,1.393,0,120.0,0,9.5,56.13
SEC-BTE-MTJ,35.0,100.0,48.0,4.8,75.1,9.2,13,1,1.0,1.083,0,100.0,0,9.2,23.46
SEC-SWM-GGC,64.0,120.0,48.0,5.1,45.0,4.1,1,2,1.13,1.125,1,45.0,0,4.1,118.74
SEC-NDLS-KOTA,465.0,130.0,275.0,14.5,103.7,3.7,23,3,1.0,1.081,0,130.0,1,3.7,293.58
SEC-NDLS-KOTA,465.0,130.0,275.0,14.5,127.5,0.3,18,2,1.0,1.251,0,130.0,0,0.3,264.9
SEC-MTJ-AGC,54.0,120.0,45.0,4.2,97.2,4.5,16,0,1.0,1.134,0,120.0,0,4.5,44.65
SEC-SWM-GGC,64.0,120.0,48.0,5.1,60.0,2.9,15,0,1.0,1.055,1,60.0,0,2.9,73.28
SEC-MTJ-AGC,54.0,120.0,45.0,4.2,117.4,23.1,1,1,1.126,1.081,0,120.0,0,23.1,47.81
SEC-NDLS-KOTA,465.0,130.0,275.0,14.5,111.1,10.9,8,4,1.0,1.37,0,130.0,0,10.9,315.76
SEC-MTJ-AGC,54.0,120.0,45.0,4.2,108.4,16.3,18,5,1.085,1.037,0,120.0,0,16.3,36.38
SEC-SWM-GGC,64.0,120.0,48.0,5.1,94.2,7.1,8,5,1.123,1.378,0,120.0,0,7.1,69.5
SEC-MTJ-AGC,54.0,120.0,45.0,4.2,98.4,2.7,2,2,1.0,1.188,0,120.0,0,2.7,44.65
SEC-MTJ-AGC,54.0,120.0,45.0,4.2,91.0,23.2,9,2,1.0,1.229,0,120.0,0,23.2,36.53
SEC-MTJ-AGC,54.0,120.0,45.0,4.2,113.8,26.5,4,3,1.168,1.142,0,120.0,0,26.5,45.1
SEC-GGC-BTE,120.0,110.0,98.0,9.4,45.0,3.7,13,5,1.232,1.075,1,45.0,0,3.7,230.9
SEC-MTJ-AGC,54.0,120.0,45.0,4.2,99.2,1.9,2,3,1.163,1.167,0,120.0,0,1.9,41.13
SEC-SWM-GGC,64.0,120.0,48.0,5.1,106.3,5.1,14,4,1.0,1.175,0,120.0,1,5.1,51.2
SEC-NDLS-KOTA,465.0,130.0,275.0,14.5,104.5,12.7,15,4,1.0,1.085,0,130.0,0,12.7,284.65
SEC-SWM-GGC,64.0,120.0,48.0,5.1,45.0,1.1,23,5,1.0,1.054,1,45.0,0,1.1,102.29
SEC-KOTA-SWM,108.0,130.0,58.0,6.2,130.0,6.2,14,4,1.0,1.098,0,130.0,0,6.2,47.35
SEC-GGC-BTE,120.0,110.0,98.0,9.4,90.6,1.4,6,0,1.0,1.108,0,110.0,0,1.4,78.91
SEC-BTE-MTJ,35.0,100.0,48.0,4.8,91.1,14.2,9,3,1.067,1.389,0,100.0,0,14.2,31.43
SEC-SWM-GGC,64.0,120.0,48.0,5.1,101.9,0.8,11,5,1.0,1.281,0,120.0,0,0.8,53.73
SEC-SWM-GGC,64.0,120.0,48.0,5.1,115.5,5.6,6,6,1.0,1.135,0,120.0,0,5.6,33.48
SEC-MTJ-AGC,54.0,120.0,45.0,4.2,112.4,7.4,17,0,1.0,1.413,0,120.0,0,7.4,39.48
SEC-SWM-GGC,64.0,120.0,48.0,5.1,111.4,1.0,14,4,1.0,1.03,0,120.0,0,1.0,37.33
SEC-GGC-BTE,120.0,110.0,98.0,9.4,105.5,0.9,6,4,1.064,1.02,0,110.0,0,0.9,68.41
SEC-BTE-MTJ,35.0,100.0,48.0,4.8,45.0,2.5,15,5,1.0,1.068,1,45.0,1,2.5,59.91
SEC-KOTA-SWM,108.0,130.0,58.0,6.2,111.8,5.5,20,1,1.112,1.255,0,130.0,0,5.5,82.41
SEC-BTE-MTJ,35.0,100.0,48.0,4.8,85.9,9.8,2,3,1.0,1.1,0,100.0,0,9.8,29.96
SEC-KOTA-SWM,108.0,130.0,58.0,6.2,103.3,6.2,18,3,1.0,1.145,0,130.0,0,6.2,68.57
SEC-GGC-BTE,120.0,110.0,98.0,9.4,100.2,2.5,9,6,1.0,1.126,0,110.0,0,2.5,82.17
SEC-GGC-BTE,120.0,110.0,98.0,9.4,99.7,8.9,11,1,1.0,1.474,0,110.0,0,8.9,107.04
SEC-MTJ-AGC,54.0,120.0,45.0,4.2,92.4,18.0,19,3,1.148,1.376,0,120.0,0,18.0,51.37
SEC-KOTA-SWM,108.0,130.0,58.0,6.2,127.9,14.8,9,6,1.0,1.34,0,130.0,0,14.8,71.76
SEC-NDLS-KOTA,465.0,130.0,275.0,14.5,113.4,10.5,12,6,1.145,1.05,0,130.0,0,10.5,318.64
SEC-GGC-BTE,120.0,110.0,98.0,9.4,96.1,5.0,15,1,1.054,1.008,0,110.0,0,5.0,86.97
SEC-KOTA-SWM,108.0,130.0,58.0,6.2,30.0,12.2,6,1,1.115,1.096,1,30.0,0,12.2,287.5
SEC-BTE-MTJ,35.0,100.0,48.0,4.8,80.7,3.4,13,6,1.0,1.052,0,100.0,0,3.4,25.29
SEC-NDLS-KOTA,465.0,130.0,275.0,14.5,99.9,22.3,4,0,1.0,1.239,0,130.0,0,22.3,325.52
SEC-NDLS-KOTA,465.0,130.0,275.0,14.5,120.9,2.8,11,3,1.0,1.354,0,130.0,0,2.8,263.77
SEC-NDLS-KOTA,465.0,130.0,275.0,14.5,130.0,1.5,2,1,1.0,1.224,0,130.0,0,1.5,251.62
SEC-BTE-MTJ,35.0,100.0,48.0,4.8,75.7,6.4,23,6,1.0,1.008,0,100.0,1,6.4,40.52
SEC-SWM-GGC,64.0,120.0,48.0,5.1,30.0,17.2,12,0,1.0,1.062,1,30.0,1,17.2,155.5
SEC-SWM-GGC,64.0,120.0,48.0,5.1,99.4,8.3,5,4,1.0,1.045,0,120.0,1,8.3,50.63
SEC-GGC-BTE,120.0,110.0,98.0,9.4,84.0,4.1,22,5,1.0,1.066,0,110.0,0,4.1,101.43
SEC-KOTA-SWM,108.0,130.0,58.0,6.2,126.4,2.3,4,1,1.053,1.065,0,130.0,0,2.3,58.98
SEC-GGC-BTE,120.0,110.0,98.0,9.4,109.5,1.7,11,5,1.0,1.451,0,110.0,0,1.7,82.1
SEC-NDLS-KOTA,465.0,130.0,275.0,14.5,60.0,7.9,9,2,1.0,1.232,1,60.0,0,7.9,588.02
SEC-SWM-GGC,64.0,120.0,48.0,5.1,92.4,0.1,4,0,1.0,1.143,0,120.0,0,0.1,44.85
SEC-KOTA-SWM,108.0,130.0,58.0,6.2,113.1,25.8,2,3,1.0,1.04,0,130.0,0,25.8,57.79
SEC-NDLS-KOTA,465.0,130.0,275.0,14.5,127.1,3.5,21,6,1.0,1.207,0,130.0,0,3.5,241.09
SEC-GGC-BTE,120.0,110.0,98.0,9.4,99.2,3.1,4,0,1.0,1.237,0,110.0,0,3.1,105.89
SEC-SWM-GGC,64.0,120.0,48.0,5.1,107.1,10.2,12,5,1.0,1.256,0,120.0,0,10.2,39.35
SEC-BTE-MTJ,35.0,100.0,48.0,4.8,77.5,3.5,19,4,1.0,1.162,0,100.0,0,3.5,32.78
SEC-MTJ-AGC,54.0,120.0,45.0,4.2,100.1,12.1,13,2,1.0,1.028,0,120.0,0,12.1,33.54
SEC-GGC-BTE,120.0,110.0,98.0,9.4,108.1,7.9,22,1,1.0,1.068,0,110.0,0,7.9,62.18
SEC-NDLS-KOTA,465.0,130.0,275.0,14.5,127.6,10.0,17,3,1.106,1.148,0,130.0,0,10.0,273.25
SEC-NDLS-KOTA,465.0,130.0,275.0,14.5,127.3,19.7,22,5,1.0,1.078,0,130.0,0,19.7,246.44
SEC-SWM-GGC,64.0,120.0,48.0,5.1,106.7,26.9,15,4,1.0,1.019,0,120.0,0,26.9,39.27
SEC-MTJ-AGC,54.0,120.0,45.0,4.2,100.8,8.3,17,1,1.0,1.292,0,120.0,1,8.3,58.23
SEC-BTE-MTJ,35.0,100.0,48.0,4.8,87.5,7.4,22,6,1.0,1.061,0,100.0,0,7.4,21.89
SEC-MTJ-AGC,54.0,120.0,45.0,4.2,107.6,0.3,14,6,1.0,1.188,0,120.0,0,0.3,33.43
SEC-BTE-MTJ,35.0,100.0,48.0,4.8,30.0,17.7,12,1,1.0,1.038,1,30.0,0,17.7,87.59
SEC-NDLS-KOTA,465.0,130.0,275.0,14.5,120.6,0.5,21,6,1.0,1.275,0,130.0,1,0.5,314.24
SEC-KOTA-SWM,108.0,130.0,58.0,6.2,116.5,3.5,3,3,1.0,1.257,0,130.0,0,3.5,62.02
SEC-GGC-BTE,120.0,110.0,98.0,9.4,100.6,3.3,4,3,1.0,1.072,0,110.0,0,3.3,78.58
SEC-NDLS-KOTA,465.0,130.0,275.0,14.5,110.6,4.1,23,0,1.0,1.126,0,130.0,0,4.1,294.8
SEC-NDLS-KOTA,465.0,130.0,275.0,14.5,124.8,9.4,19,0,1.0,1.153,0,130.0,1,9.4,264.55
SEC-GGC-BTE,120.0,110.0,98.0,9.4,83.9,9.1,5,4,1.081,1.046,0,110.0,0,9.1,98.74
SEC-NDLS-KOTA,465.0,130.0,275.0,14.5,45.0,36.8,2,4,1.0,1.058,1,45.0,0,36.8,663.32
SEC-BTE-MTJ,35.0,100.0,48.0,4.8,90.3,6.5,14,3,1.0,1.09,0,100.0,0,6.5,25.69
SEC-NDLS-KOTA,465.0,130.0,275.0,14.5,126.3,16.5,5,4,1.0,1.123,0,130.0,1,16.5,256.55
SEC-SWM-GGC,64.0,120.0,48.0,5.1,93.4,4.1,3,0,1.0,1.154,0,120.0,0,4.1,39.5
SEC-BTE-MTJ,35.0,100.0,48.0,4.8,77.6,1.3,20,5,1.0,1.32,0,100.0,0,1.3,30.87
SEC-SWM-GGC,64.0,120.0,48.0,5.1,60.0,2.5,8,6,1.054,1.138,1,60.0,0,2.5,76.15
SEC-NDLS-KOTA,465.0,130.0,275.0,14.5,119.5,8.8,11,4,1.0,1.417,0,130.0,0,8.8,295.31
SEC-GGC-BTE,120.0,110.0,98.0,9.4,108.2,1.0,12,5,1.0,1.061,0,110.0,0,1.0,71.66
SEC-MTJ-AGC,54.0,120.0,45.0,4.2,114.5,38.0,17,1,1.0,1.297,0,120.0,0,38.0,39.9
SEC-NDLS-KOTA,465.0,130.0,275.0,14.5,105.8,1.9,3,5,1.0,1.043,0,130.0,0,1.9,263.3
SEC-SWM-GGC,64.0,120.0,48.0,5.1,93.0,4.7,2,4,1.0,1.075,0,120.0,1,4.7,56.11
SEC-GGC-BTE,120.0,110.0,98.0,9.4,102.6,0.3,16,0,1.0,1.026,0,110.0,0,0.3,71.02
SEC-BTE-MTJ,35.0,100.0,48.0,4.8,83.2,17.1,22,2,1.0,1.096,0,100.0,0,17.1,35.63
SEC-MTJ-AGC,54.0,120.0,45.0,4.2,99.5,8.9,11,3,1.0,1.194,0,120.0,0,8.9,31.4
SEC-BTE-MTJ,35.0,100.0,48.0,4.8,96.2,1.5,5,2,1.0,1.091,0,100.0,0,1.5,19.95
SEC-MTJ-AGC,54.0,120.0,45.0,4.2,45.0,11.9,23,4,1.0,1.051,1,45.0,0,11.9,88.34
SEC-MTJ-AGC,54.0,120.0,45.0,4.2,100.6,3.1,19,4,1.128,1.453,0,120.0,1,3.1,58.27
SEC-NDLS-KOTA,465.0,130.0,275.0,14.5,30.0,10.7,23,3,1.0,1.163,1,30.0,0,10.7,1089.86
SEC-GGC-BTE,120.0,110.0,98.0,9.4,60.0,11.5,23,0,1.0,1.062,1,60.0,0,11.5,130.72
SEC-NDLS-KOTA,465.0,130.0,275.0,14.5,30.0,2.1,4,1,1.0,1.11,1,30.0,0,2.1,1077.78
SEC-BTE-MTJ,35.0,100.0,48.0,4.8,87.8,5.9,6,0,1.0,1.088,0,100.0,1,5.9,46.77
SEC-BTE-MTJ,35.0,100.0,48.0,4.8,95.9,5.0,2,2,1.0,1.004,0,100.0,0,5.0,24.62
SEC-SWM-GGC,64.0,120.0,48.0,5.1,94.8,16.2,2,6,1.0,1.176,0,120.0,0,16.2,44.72
SEC-BTE-MTJ,35.0,100.0,48.0,4.8,97.6,8.7,19,1,1.0,1.377,0,100.0,0,8.7,19.95
SEC-GGC-BTE,120.0,110.0,98.0,9.4,85.6,0.1,4,4,1.0,1.122,0,110.0,0,0.1,82.97
SEC-GGC-BTE,120.0,110.0,98.0,9.4,106.8,8.2,2,1,1.238,1.061,0,110.0,1,8.2,102.24
SEC-KOTA-SWM,108.0,130.0,58.0,6.2,104.2,0.7,16,3,1.0,1.191,0,130.0,1,0.7,87.19
SEC-NDLS-KOTA,465.0,130.0,275.0,14.5,101.3,10.5,23,3,1.066,1.121,0,130.0,0,10.5,322.73
SEC-MTJ-AGC,54.0,120.0,45.0,4.2,104.5,23.3,14,3,1.0,1.133,0,120.0,0,23.3,41.28
SEC-KOTA-SWM,108.0,130.0,58.0,6.2,98.5,2.0,18,4,1.222,1.192,0,130.0,0,2.0,87.3
SEC-NDLS-KOTA,465.0,130.0,275.0,14.5,111.5,2.6,7,0,1.078,1.136,0,130.0,0,2.6,291.24
SEC-MTJ-AGC,54.0,120.0,45.0,4.2,60.0,15.3,20,2,1.051,1.165,1,60.0,0,15.3,87.95
SEC-KOTA-SWM,108.0,130.0,58.0,6.2,60.0,2.9,6,2,1.0,1.099,1,60.0,0,2.9,131.59
SEC-SWM-GGC,64.0,120.0,48.0,5.1,116.2,11.7,10,0,1.0,1.349,0,120.0,0,11.7,34.85
SEC-GGC-BTE,120.0,110.0,98.0,9.4,105.8,9.3,3,0,1.085,1.139,0,110.0,0,9.3,79.18
SEC-NDLS-KOTA,465.0,130.0,275.0,14.5,127.5,1.9,10,4,1.061,1.239,0,130.0,0,1.9,255.0
SEC-SWM-GGC,64.0,120.0,48.0,5.1,60.0,8.9,21,6,1.0,1.188,1,60.0,0,8.9,83.56
SEC-SWM-GGC,64.0,120.0,48.0,5.1,103.7,4.6,8,3,1.062,1.393,0,120.0,0,4.6,50.01
SEC-BTE-MTJ,35.0,100.0,48.0,4.8,95.4,30.2,3,5,1.0,1.092,0,100.0,0,30.2,42.63
SEC-BTE-MTJ,35.0,100.0,48.0,4.8,60.0,5.3,2,6,1.143,1.077,1,60.0,0,5.3,47.92
SEC-KOTA-SWM,108.0,130.0,58.0,6.2,102.6,19.6,3,4,1.0,1.048,0,130.0,0,19.6,59.79
SEC-BTE-MTJ,35.0,100.0,48.0,4.8,96.4,27.1,6,0,1.0,1.197,0,100.0,0,27.1,28.77
SEC-SWM-GGC,64.0,120.0,48.0,5.1,102.4,6.4,21,5,1.0,1.175,0,120.0,0,6.4,41.95
SEC-GGC-BTE,120.0,110.0,98.0,9.4,91.4,0.9,1,5,1.0,1.004,0,110.0,0,0.9,76.1
SEC-SWM-GGC,64.0,120.0,48.0,5.1,111.5,16.5,18,6,1.0,1.265,0,120.0,0,16.5,48.07
SEC-BTE-MTJ,35.0,100.0,48.0,4.8,88.5,2.0,0,0,1.0,1.156,0,100.0,0,2.0,30.36
SEC-SWM-GGC,64.0,120.0,48.0,5.1,91.0,10.5,5,2,1.0,1.045,0,120.0,0,10.5,50.09
SEC-NDLS-KOTA,465.0,130.0,275.0,14.5,102.5,7.2,19,1,1.0,1.273,0,130.0,0,7.2,344.52
SEC-GGC-BTE,120.0,110.0,98.0,9.4,107.0,1.2,6,5,1.0,1.127,0,110.0,0,1.2,62.18
SEC-BTE-MTJ,35.0,100.0,48.0,4.8,45.0,1.9,20,4,1.0,1.231,1,45.0,0,1.9,75.32
SEC-BTE-MTJ,35.0,100.0,48.0,4.8,99.6,5.5,23,6,1.276,1.054,0,100.0,0,5.5,34.59
SEC-KOTA-SWM,108.0,130.0,58.0,6.2,117.9,15.5,7,0,1.212,1.044,0,130.0,0,15.5,87.79
SEC-KOTA-SWM,108.0,130.0,58.0,6.2,102.0,0.2,7,1,1.0,1.159,0,130.0,0,0.2,66.73
SEC-BTE-MTJ,35.0,100.0,48.0,4.8,85.2,7.1,15,4,1.0,1.2,0,100.0,0,7.1,21.61
SEC-GGC-BTE,120.0,110.0,98.0,9.4,30.0,19.6,15,6,1.0,1.239,1,30.0,0,19.6,312.96
SEC-BTE-MTJ,35.0,100.0,48.0,4.8,30.0,10.7,16,4,1.0,1.17,1,30.0,0,10.7,95.05
SEC-GGC-BTE,120.0,110.0,98.0,9.4,103.2,16.2,10,3,1.0,1.367,0,110.0,0,16.2,109.06
SEC-KOTA-SWM,108.0,130.0,58.0,6.2,120.5,6.3,16,2,1.0,1.074,0,130.0,0,6.3,47.35
SEC-BTE-MTJ,35.0,100.0,48.0,4.8,99.6,21.9,12,2,1.0,1.058,0,100.0,0,21.9,33.54
SEC-BTE-MTJ,35.0,100.0,48.0,4.8,30.0,28.2,19,4,1.0,1.176,1,30.0,0,28.2,99.16
SEC-NDLS-KOTA,465.0,130.0,275.0,14.5,60.0,2.8,20,4,1.0,1.292,1,60.0,0,2.8,590.74
SEC-NDLS-KOTA,465.0,130.0,275.0,14.5,103.6,21.5,20,1,1.0,1.291,0,130.0,0,21.5,324.09
SEC-NDLS-KOTA,465.0,130.0,275.0,14.5,123.1,1.4,11,3,1.0,1.549,0,130.0,0,1.4,336.12
SEC-KOTA-SWM,108.0,130.0,58.0,6.2,105.0,12.5,17,3,1.0,1.406,0,130.0,1,12.5,69.86
SEC-GGC-BTE,120.0,110.0,98.0,9.4,99.1,10.9,2,4,1.0,1.032,0,110.0,0,10.9,76.43
SEC-GGC-BTE,120.0,110.0,98.0,9.4,97.9,8.2,21,2,1.21,1.445,0,110.0,0,8.2,126.13
SEC-NDLS-KOTA,465.0,130.0,275.0,14.5,127.3,10.2,11,5,1.262,1.36,0,130.0,0,10.2,352.26
SEC-GGC-BTE,120.0,110.0,98.0,9.4,84.1,6.4,15,1,1.0,1.038,0,110.0,0,6.4,92.54
SEC-SWM-GGC,64.0,120.0,48.0,5.1,30.0,1.3,18,3,1.091,1.273,1,30.0,0,1.3,184.2
SEC-SWM-GGC,64.0,120.0,48.0,5.1,107.5,8.5,11,3,1.105,1.409,0,120.0,0,8.5,56.99
SEC-GGC-BTE,120.0,110.0,98.0,9.4,83.2,0.3,21,0,1.166,1.19,0,110.0,0,0.3,106.13
SEC-MTJ-AGC,54.0,120.0,45.0,4.2,107.7,13.0,2,3,1.0,1.207,0,120.0,0,13.0,41.91
SEC-BTE-MTJ,35.0,100.0,48.0,4.8,99.0,30.8,5,4,1.0,1.202,0,100.0,0,30.8,44.07
SEC-GGC-BTE,120.0,110.0,98.0,9.4,83.3,1.5,2,4,1.0,1.031,0,110.0,0,1.5,95.17
SEC-MTJ-AGC,54.0,120.0,45.0,4.2,113.3,13.5,18,3,1.0,1.412,0,120.0,0,13.5,28.53
SEC-KOTA-SWM,108.0,130.0,58.0,6.2,119.7,9.7,1,4,1.0,1.199,0,130.0,0,9.7,70.33
SEC-GGC-BTE,120.0,110.0,98.0,9.4,105.2,0.2,16,4,1.0,1.054,0,110.0,0,0.2,80.94
SEC-SWM-GGC,64.0,120.0,48.0,5.1,94.5,4.6,10,4,1.0,1.267,0,120.0,0,4.6,44.89
SEC-GGC-BTE,120.0,110.0,98.0,9.4,30.0,5.5,6,1,1.0,1.068,1,30.0,0,5.5,277.4
SEC-NDLS-KOTA,465.0,130.0,275.0,14.5,114.7,1.7,12,5,1.0,1.074,0,130.0,0,1.7,223.92
SEC-KOTA-SWM,108.0,130.0,58.0,6.2,118.1,15.2,11,1,1.0,1.156,0,130.0,0,15.2,63.16
SEC-MTJ-AGC,54.0,120.0,45.0,4.2,116.0,1.1,2,4,1.0,1.148,0,120.0,0,1.1,30.63
SEC-SWM-GGC,64.0,120.0,48.0,5.1,118.1,15.4,4,0,1.0,1.036,0,120.0,0,15.4,34.36
SEC-NDLS-KOTA,465.0,130.0,275.0,14.5,118.3,12.6,9,3,1.0,1.209,0,130.0,0,12.6,240.17
SEC-GGC-BTE,120.0,110.0,98.0,9.4,89.7,10.7,1,5,1.0,1.044,0,110.0,0,10.7,69.32
SEC-GGC-BTE,120.0,110.0,98.0,9.4,96.0,1.6,22,2,1.0,1.125,0,110.0,0,1.6,104.99
SEC-SWM-GGC,64.0,120.0,48.0,5.1,30.0,2.2,23,2,1.0,1.093,1,30.0,0,2.2,148.19
SEC-SWM-GGC,64.0,120.0,48.0,5.1,118.7,17.0,14,6,1.25,1.023,0,120.0,1,17.0,55.02
SEC-BTE-MTJ,35.0,100.0,48.0,4.8,95.5,0.8,0,4,1.244,1.087,0,100.0,0,0.8,28.93
SEC-BTE-MTJ,35.0,100.0,48.0,4.8,86.3,1.2,7,2,1.0,1.08,0,100.0,0,1.2,20.05
SEC-SWM-GGC,64.0,120.0,48.0,5.1,45.0,3.6,19,6,1.292,1.176,1,45.0,0,3.6,142.97
SEC-GGC-BTE,120.0,110.0,98.0,9.4,102.7,9.5,10,3,1.0,1.43,0,110.0,0,9.5,92.09
SEC-SWM-GGC,64.0,120.0,48.0,5.1,116.1,31.1,19,6,1.0,1.263,0,120.0,0,31.1,47.06
SEC-GGC-BTE,120.0,110.0,98.0,9.4,107.2,1.9,11,2,1.0,1.177,0,110.0,1,1.9,84.56
SEC-NDLS-KOTA,465.0,130.0,275.0,14.5,109.8,1.0,1,0,1.147,1.193,0,130.0,0,1.0,347.44
SEC-SWM-GGC,64.0,120.0,48.0,5.1,45.0,32.8,0,5,1.0,1.195,1,45.0,0,32.8,109.7
SEC-NDLS-KOTA,465.0,130.0,275.0,14.5,126.1,0.6,3,1,1.0,1.034,0,130.0,0,0.6,218.99
SEC-SWM-GGC,64.0,120.0,48.0,5.1,30.0,3.6,7,2,1.0,1.058,1,30.0,0,3.6,151.93
SEC-NDLS-KOTA,465.0,130.0,275.0,14.5,103.2,11.6,21,4,1.0,1.232,0,130.0,0,11.6,315.47
SEC-KOTA-SWM,108.0,130.0,58.0,6.2,99.7,31.7,9,0,1.0,1.324,0,130.0,0,31.7,80.32
SEC-GGC-BTE,120.0,110.0,98.0,9.4,91.9,0.3,7,2,1.0,1.1,0,110.0,0,0.3,95.26
SEC-GGC-BTE,120.0,110.0,98.0,9.4,97.7,11.4,14,2,1.0,1.224,0,110.0,0,11.4,86.55
SEC-MTJ-AGC,54.0,120.0,45.0,4.2,60.0,3.0,21,2,1.251,1.118,1,60.0,0,3.0,86.33
SEC-SWM-GGC,64.0,120.0,48.0,5.1,117.5,9.4,10,5,1.0,1.077,0,120.0,0,9.4,30.4
SEC-SWM-GGC,64.0,120.0,48.0,5.1,94.0,5.0,7,3,1.235,1.147,0,120.0,0,5.0,60.7
SEC-SWM-GGC,64.0,120.0,48.0,5.1,103.7,6.7,7,0,1.158,1.156,0,120.0,0,6.7,49.78
SEC-NDLS-KOTA,465.0,130.0,275.0,14.5,45.0,22.4,13,6,1.0,1.141,1,45.0,0,22.4,703.17
SEC-MTJ-AGC,54.0,120.0,45.0,4.2,112.0,1.6,1,4,1.091,1.022,0,120.0,0,1.6,33.25
SEC-SWM-GGC,64.0,120.0,48.0,5.1,45.0,2.4,22,3,1.0,1.157,1,45.0,0,2.4,103.59
SEC-BTE-MTJ,35.0,100.0,48.0,4.8,86.9,1.9,17,0,1.102,1.416,0,100.0,0,1.9,38.7
SEC-SWM-GGC,64.0,120.0,48.0,5.1,111.1,13.9,11,0,1.0,1.154,0,120.0,0,13.9,37.03
SEC-BTE-MTJ,35.0,100.0,48.0,4.8,45.0,13.0,12,2,1.0,1.107,1,45.0,0,13.0,57.82
SEC-NDLS-KOTA,465.0,130.0,275.0,14.5,97.6,0.9,19,4,1.0,1.246,0,130.0,0,0.9,342.18
SEC-NDLS-KOTA,465.0,130.0,275.0,14.5,120.1,4.5,11,0,1.133,1.34,0,130.0,0,4.5,349.77
SEC-GGC-BTE,120.0,110.0,98.0,9.4,86.7,4.0,11,2,1.0,1.113,0,110.0,1,4.0,98.86
SEC-KOTA-SWM,108.0,130.0,58.0,6.2,129.0,22.1,18,2,1.0,1.073,0,130.0,0,22.1,59.58
SEC-SWM-GGC,64.0,120.0,48.0,5.1,45.0,1.9,1,1,1.141,1.079,1,45.0,0,1.9,118.45
SEC-BTE-MTJ,35.0,100.0,48.0,4.8,97.6,29.7,1,5,1.0,1.129,0,100.0,0,29.7,30.08
SEC-KOTA-SWM,108.0,130.0,58.0,6.2,45.0,8.7,9,5,1.0,1.104,1,45.0,0,8.7,179.47
SEC-KOTA-SWM,108.0,130.0,58.0,6.2,104.4,8.6,9,4,1.0,1.228,0,130.0,1,8.6,93.54
SEC-GGC-BTE,120.0,110.0,98.0,9.4,84.8,1.0,14,1,1.122,1.015,0,110.0,0,1.0,84.83
SEC-SWM-GGC,64.0,120.0,48.0,5.1,110.1,1.5,6,3,1.263,1.053,0,120.0,0,1.5,56.14
SEC-MTJ-AGC,54.0,120.0,45.0,4.2,100.3,0.5,6,0,1.0,1.135,0,120.0,0,0.5,30.46
SEC-NDLS-KOTA,465.0,130.0,275.0,14.5,107.6,25.6,21,0,1.0,1.24,0,130.0,0,25.6,339.42
SEC-BTE-MTJ,35.0,100.0,48.0,4.8,83.5,7.6,0,0,1.276,1.016,0,100.0,0,7.6,28.33
SEC-BTE-MTJ,35.0,100.0,48.0,4.8,84.3,5.3,3,6,1.0,1.12,0,100.0,0,5.3,19.95
SEC-NDLS-KOTA,465.0,130.0,275.0,14.5,129.1,2.4,22,3,1.081,1.231,0,130.0,0,2.4,276.8
SEC-KOTA-SWM,108.0,130.0,58.0,6.2,60.0,10.4,6,0,1.0,1.067,1,60.0,0,10.4,140.9
SEC-NDLS-KOTA,465.0,130.0,275.0,14.5,129.6,0.6,21,1,1.0,1.132,0,130.0,0,0.6,234.36
SEC-SWM-GGC,64.0,120.0,48.0,5.1,105.6,34.8,1,2,1.0,1.1,0,120.0,0,34.8,39.67
SEC-BTE-MTJ,35.0,100.0,48.0,4.8,75.9,0.3,16,2,1.0,1.073,0,100.0,0,0.3,36.21
SEC-SWM-GGC,64.0,120.0,48.0,5.1,114.4,3.4,6,6,1.0,1.113,0,120.0,0,3.4,43.03
SEC-SWM-GGC,64.0,120.0,48.0,5.1,93.3,33.7,7,5,1.172,1.043,0,120.0,0,33.7,59.84
SEC-KOTA-SWM,108.0,130.0,58.0,6.2,30.0,13.4,5,6,1.0,1.035,1,30.0,0,13.4,236.01
SEC-GGC-BTE,120.0,110.0,98.0,9.4,89.0,5.5,21,4,1.219,1.267,0,110.0,1,5.5,143.17
SEC-KOTA-SWM,108.0,130.0,58.0,6.2,110.4,25.3,16,2,1.0,1.092,0,130.0,0,25.3,76.61
SEC-NDLS-KOTA,465.0,130.0,275.0,14.5,121.3,0.9,22,3,1.053,1.108,0,130.0,0,0.9,297.34
SEC-KOTA-SWM,108.0,130.0,58.0,6.2,109.1,4.3,12,6,1.0,1.102,0,130.0,0,4.3,75.5
SEC-MTJ-AGC,54.0,120.0,45.0,4.2,119.1,0.1,0,6,1.0,1.119,0,120.0,1,0.1,51.61
SEC-NDLS-KOTA,465.0,130.0,275.0,14.5,99.6,0.8,1,5,1.122,1.066,0,130.0,0,0.8,347.65
SEC-NDLS-KOTA,465.0,130.0,275.0,14.5,99.2,17.4,6,2,1.0,1.075,0,130.0,0,17.4,292.19
SEC-GGC-BTE,120.0,110.0,98.0,9.4,101.1,2.6,8,1,1.0,1.192,0,110.0,0,2.6,85.78
SEC-GGC-BTE,120.0,110.0,98.0,9.4,97.1,2.6,18,0,1.0,1.169,0,110.0,0,2.6,79.58
SEC-GGC-BTE,120.0,110.0,98.0,9.4,98.5,18.3,11,3,1.0,1.2,0,110.0,0,18.3,97.05
SEC-BTE-MTJ,35.0,100.0,48.0,4.8,30.0,21.5,17,4,1.0,1.46,1,30.0,0,21.5,116.77
SEC-NDLS-KOTA,465.0,130.0,275.0,14.5,109.3,5.7,4,3,1.0,1.085,0,130.0,0,5.7,251.33
SEC-KOTA-SWM,108.0,130.0,58.0,6.2,98.4,13.0,11,5,1.0,1.526,0,130.0,0,13.0,89.83
SEC-SWM-GGC,64.0,120.0,48.0,5.1,115.7,27.8,3,0,1.0,1.245,0,120.0,0,27.8,54.69
SEC-MTJ-AGC,54.0,120.0,45.0,4.2,102.6,14.1,5,6,1.0,1.052,0,120.0,0,14.1,30.61
SEC-MTJ-AGC,54.0,120.0,45.0,4.2,106.7,4.3,19,2,1.0,1.031,0,120.0,0,4.3,34.18
SEC-BTE-MTJ,35.0,100.0,48.0,4.8,90.1,32.4,23,4,1.085,1.04,0,100.0,0,32.4,26.43
SEC-MTJ-AGC,54.0,120.0,45.0,4.2,91.6,1.6,13,4,1.162,1.121,0,120.0,0,1.6,49.95
SEC-MTJ-AGC,54.0,120.0,45.0,4.2,119.0,5.4,18,4,1.0,1.285,0,120.0,0,5.4,31.09
SEC-BTE-MTJ,35.0,100.0,48.0,4.8,75.7,3.5,22,6,1.0,1.115,0,100.0,0,3.5,23.87
SEC-MTJ-AGC,54.0,120.0,45.0,4.2,112.6,8.3,11,0,1.0,1.245,0,120.0,0,8.3,34.96
SEC-NDLS-KOTA,465.0,130.0,275.0,14.5,112.6,3.3,19,4,1.0,1.191,0,130.0,0,3.3,283.18
SEC-SWM-GGC,64.0,120.0,48.0,5.1,119.4,5.7,5,4,1.0,1.005,0,120.0,0,5.7,30.55
SEC-GGC-BTE,120.0,110.0,98.0,9.4,110.0,24.4,20,5,1.0,1.247,0,110.0,0,24.4,62.18
SEC-MTJ-AGC,54.0,120.0,45.0,4.2,95.7,17.2,9,3,1.0,1.269,0,120.0,0,17.2,57.35
SEC-NDLS-KOTA,465.0,130.0,275.0,14.5,112.0,1.6,2,0,1.0,1.012,0,130.0,0,1.6,256.82
SEC-NDLS-KOTA,465.0,130.0,275.0,14.5,110.1,5.4,20,4,1.0,1.361,0,130.0,0,5.4,323.05
SEC-BTE-MTJ,35.0,100.0,48.0,4.8,86.7,8.9,2,1,1.0,1.098,0,100.0,0,8.9,19.95
SEC-GGC-BTE,120.0,110.0,98.0,9.4,98.0,19.6,1,4,1.0,1.051,0,110.0,0,19.6,99.07
SEC-NDLS-KOTA,465.0,130.0,275.0,14.5,98.9,7.0,7,5,1.0,1.098,0,130.0,0,7.0,285.99
SEC-BTE-MTJ,35.0,100.0,48.0,4.8,96.8,5.0,21,6,1.0,1.416,0,100.0,0,5.0,21.61
SEC-BTE-MTJ,35.0,100.0,48.0,4.8,87.3,0.2,21,0,1.0,1.346,0,100.0,1,0.2,47.86
SEC-KOTA-SWM,108.0,130.0,58.0,6.2,123.8,5.5,5,2,1.0,1.071,0,130.0,0,5.5,48.45
SEC-SWM-GGC,64.0,120.0,48.0,5.1,91.9,2.3,2,2,1.0,1.02,0,120.0,0,2.3,47.89
SEC-MTJ-AGC,54.0,120.0,45.0,4.2,110.9,21.3,10,5,1.0,1.137,0,120.0,0,21.3,30.03
SEC-GGC-BTE,120.0,110.0,98.0,9.4,45.0,3.0,7,6,1.0,1.057,1,45.0,0,3.0,162.63
SEC-BTE-MTJ,35.0,100.0,48.0,4.8,97.6,8.8,14,3,1.0,1.081,0,100.0,0,8.8,21.22
SEC-BTE-MTJ,35.0,100.0,48.0,4.8,84.6,2.7,2,3,1.0,1.148,0,100.0,0,2.7,27.47
SEC-MTJ-AGC,54.0,120.0,45.0,4.2,60.0,3.9,21,0,1.117,1.141,1,60.0,0,3.9,74.57
SEC-KOTA-SWM,108.0,130.0,58.0,6.2,124.6,6.0,13,0,1.132,1.13,0,130.0,1,6.0,89.68
SEC-KOTA-SWM,108.0,130.0,58.0,6.2,117.7,7.4,5,6,1.0,1.148,0,130.0,0,7.4,62.24
SEC-SWM-GGC,64.0,120.0,48.0,5.1,117.5,6.6,10,1,1.188,1.152,0,120.0,0,6.6,37.34
SEC-GGC-BTE,120.0,110.0,98.0,9.4,96.7,3.9,9,6,1.0,1.043,0,110.0,0,3.9,79.54
SEC-SWM-GGC,64.0,120.0,48.0,5.1,111.9,5.1,8,6,1.0,1.245,0,120.0,0,5.1,30.4
SEC-NDLS-KOTA,465.0,130.0,275.0,14.5,119.9,13.2,21,5,1.0,1.249,0,130.0,1,13.2,291.73
SEC-GGC-BTE,120.0,110.0,98.0,9.4,91.0,3.6,19,3,1.0,1.078,0,110.0,0,3.6,100.5
SEC-BTE-MTJ,35.0,100.0,48.0,4.8,88.0,2.1,14,4,1.0,1.033,0,100.0,0,2.1,23.71
SEC-NDLS-KOTA,465.0,130.0,275.0,14.5,121.3,7.8,7,0,1.0,1.159,0,130.0,1,7.8,267.59
SEC-BTE-MTJ,35.0,100.0,48.0,4.8,78.8,11.0,14,4,1.0,1.151,0,100.0,0,11.0,25.84
SEC-MTJ-AGC,54.0,120.0,45.0,4.2,45.0,7.3,3,3,1.136,1.1,1,45.0,0,7.3,96.88
SEC-BTE-MTJ,35.0,100.0,48.0,4.8,84.6,11.9,16,3,1.0,1.055,0,100.0,0,11.9,32.47
SEC-MTJ-AGC,54.0,120.0,45.0,4.2,100.3,5.0,13,4,1.0,1.038,0,120.0,0,5.0,34.34
SEC-SWM-GGC,64.0,120.0,48.0,5.1,112.5,5.7,4,5,1.0,1.137,0,120.0,0,5.7,30.4
SEC-SWM-GGC,64.0,120.0,48.0,5.1,119.5,19.1,9,5,1.0,1.304,0,120.0,1,19.1,54.21
SEC-SWM-GGC,64.0,120.0,48.0,5.1,112.6,4.9,2,0,1.0,1.067,0,120.0,1,4.9,40.62
SEC-GGC-BTE,120.0,110.0,98.0,9.4,94.3,9.7,17,3,1.0,1.127,0,110.0,1,9.7,106.15
SEC-NDLS-KOTA,465.0,130.0,275.0,14.5,116.2,10.6,22,2,1.0,1.066,0,130.0,0,10.6,255.71
SEC-MTJ-AGC,54.0,120.0,45.0,4.2,100.4,12.1,3,5,1.279,1.008,0,120.0,0,12.1,40.18
SEC-NDLS-KOTA,465.0,130.0,275.0,14.5,113.4,4.7,6,6,1.0,1.058,0,130.0,0,4.7,263.73
SEC-BTE-MTJ,35.0,100.0,48.0,4.8,91.6,14.9,20,6,1.0,1.37,0,100.0,0,14.9,34.71
SEC-KOTA-SWM,108.0,130.0,58.0,6.2,103.4,3.4,20,5,1.0,1.173,0,130.0,1,3.4,86.84
SEC-BTE-MTJ,35.0,100.0,48.0,4.8,60.0,2.7,9,2,1.0,1.431,1,60.0,0,2.7,49.04
SEC-NDLS-KOTA,465.0,130.0,275.0,14.5,120.2,18.6,5,1,1.0,1.129,0,130.0,0,18.6,251.91
SEC-NDLS-KOTA,465.0,130.0,275.0,14.5,101.4,4.0,6,4,1.0,1.138,0,130.0,0,4.0,308.99
SEC-NDLS-KOTA,465.0,130.0,275.0,14.5,104.6,45.2,8,0,1.0,1.207,0,130.0,0,45.2,328.4
SEC-BTE-MTJ,35.0,100.0,48.0,4.8,94.1,2.1,5,1,1.0,1.016,0,100.0,0,2.1,25.24
SEC-KOTA-SWM,108.0,130.0,58.0,6.2,125.5,17.1,14,3,1.0,1.071,0,130.0,0,17.1,48.73
SEC-KOTA-SWM,108.0,130.0,58.0,6.2,125.1,1.4,22,3,1.0,1.041,0,130.0,0,1.4,67.42
SEC-GGC-BTE,120.0,110.0,98.0,9.4,93.9,1.8,14,2,1.285,1.137,0,110.0,0,1.8,113.76
SEC-BTE-MTJ,35.0,100.0,48.0,4.8,88.3,4.4,15,1,1.157,1.158,0,100.0,0,4.4,30.43
SEC-SWM-GGC,64.0,120.0,48.0,5.1,117.9,31.8,11,6,1.111,1.133,0,120.0,0,31.8,31.7
SEC-NDLS-KOTA,465.0,130.0,275.0,14.5,45.0,2.5,22,3,1.0,1.103,1,45.0,0,2.5,686.07
SEC-NDLS-KOTA,465.0,130.0,275.0,14.5,98.2,6.3,8,4,1.0,1.25,0,130.0,0,6.3,333.56
SEC-MTJ-AGC,54.0,120.0,45.0,4.2,101.8,28.0,19,6,1.0,1.274,0,120.0,1,28.0,52.47
SEC-KOTA-SWM,108.0,130.0,58.0,6.2,113.8,19.9,14,5,1.0,1.097,0,130.0,1,19.9,70.81
SEC-KOTA-SWM,108.0,130.0,58.0,6.2,126.6,11.6,0,1,1.0,1.15,0,130.0,0,11.6,53.91
SEC-KOTA-SWM,108.0,130.0,58.0,6.2,118.4,0.5,18,3,1.0,1.169,0,130.0,0,0.5,62.95
SEC-GGC-BTE,120.0,110.0,98.0,9.4,98.8,11.1,15,0,1.071,1.21,0,110.0,0,11.1,80.59
SEC-MTJ-AGC,54.0,120.0,45.0,4.2,30.0,10.4,5,2,1.0,1.204,1,30.0,0,10.4,154.5
SEC-KOTA-SWM,108.0,130.0,58.0,6.2,100.3,36.2,3,0,1.069,1.03,0,130.0,0,36.2,75.33
SEC-NDLS-KOTA,465.0,130.0,275.0,14.5,118.5,4.2,18,1,1.2,1.205,0,130.0,0,4.2,339.4
SEC-KOTA-SWM,108.0,130.0,58.0,6.2,98.0,3.2,15,0,1.054,1.251,0,130.0,0,3.2,82.34
SEC-NDLS-KOTA,465.0,130.0,275.0,14.5,107.7,40.9,17,0,1.0,1.071,0,130.0,1,40.9,294.39
SEC-BTE-MTJ,35.0,100.0,48.0,4.8,45.0,3.2,17,5,1.0,1.319,1,45.0,0,3.2,69.21
SEC-NDLS-KOTA,465.0,130.0,275.0,14.5,113.7,5.7,17,1,1.184,1.138,0,130.0,0,5.7,325.45
SEC-MTJ-AGC,54.0,120.0,45.0,4.2,115.1,3.5,12,4,1.0,1.147,0,120.0,0,3.5,30.15
SEC-BTE-MTJ,35.0,100.0,48.0,4.8,80.6,1.3,17,5,1.0,1.072,0,100.0,0,1.3,34.9
SEC-KOTA-SWM,108.0,130.0,58.0,6.2,110.7,7.8,5,1,1.0,1.188,0,130.0,0,7.8,73.96
SEC-SWM-GGC,64.0,120.0,48.0,5.1,99.3,23.4,0,2,1.0,1.13,0,120.0,1,23.4,70.28
SEC-MTJ-AGC,54.0,120.0,45.0,4.2,104.2,2.9,15,2,1.0,1.049,0,120.0,0,2.9,37.68
SEC-SWM-GGC,64.0,120.0,48.0,5.1,30.0,35.5,1,3,1.0,1.047,1,30.0,0,35.5,147.93
SEC-MTJ-AGC,54.0,120.0,45.0,4.2,94.8,27.6,1,6,1.0,1.17,0,120.0,0,27.6,38.92
SEC-BTE-MTJ,35.0,100.0,48.0,4.8,45.0,2.4,3,0,1.0,1.021,1,45.0,0,2.4,58.8
SEC-BTE-MTJ,35.0,100.0,48.0,4.8,99.1,14.0,12,4,1.0,1.084,0,100.0,0,14.0,27.26
SEC-GGC-BTE,120.0,110.0,98.0,9.4,88.1,16.7,17,2,1.0,1.312,0,110.0,0,16.7,99.35
SEC-SWM-GGC,64.0,120.0,48.0,5.1,97.5,7.2,2,6,1.0,1.028,0,120.0,0,7.2,41.86
SEC-BTE-MTJ,35.0,100.0,48.0,4.8,85.6,19.6,11,5,1.155,1.149,0,100.0,0,19.6,29.17
SEC-MTJ-AGC,54.0,120.0,45.0,4.2,95.3,9.7,12,2,1.0,1.159,0,120.0,0,9.7,51.06
SEC-GGC-BTE,120.0,110.0,98.0,9.4,100.0,5.5,5,6,1.0,1.165,0,110.0,0,5.5,81.51
SEC-GGC-BTE,120.0,110.0,98.0,9.4,103.4,14.3,21,1,1.0,1.297,0,110.0,0,14.3,82.49
SEC-NDLS-KOTA,465.0,130.0,275.0,14.5,45.0,4.3,9,2,1.0,1.239,1,45.0,0,4.3,748.76
SEC-SWM-GGC,64.0,120.0,48.0,5.1,45.0,6.0,15,0,1.0,1.144,1,45.0,0,6.0,120.17
SEC-MTJ-AGC,54.0,120.0,45.0,4.2,94.0,5.3,4,6,1.0,1.131,0,120.0,0,5.3,46.8
SEC-NDLS-KOTA,465.0,130.0,275.0,14.5,30.0,4.1,14,5,1.0,1.192,1,30.0,0,4.1,1093.77
SEC-SWM-GGC,64.0,120.0,48.0,5.1,30.0,3.0,19,1,1.072,1.339,1,30.0,0,3.0,186.13
SEC-BTE-MTJ,35.0,100.0,48.0,4.8,98.7,3.0,9,1,1.0,1.443,0,100.0,0,3.0,21.44
SEC-SWM-GGC,64.0,120.0,48.0,5.1,93.5,5.4,15,0,1.0,1.092,0,120.0,0,5.4,52.35
SEC-KOTA-SWM,108.0,130.0,58.0,6.2,104.5,0.5,4,2,1.0,1.047,0,130.0,0,0.5,65.08
SEC-SWM-GGC,64.0,120.0,48.0,5.1,109.3,10.9,1,6,1.0,1.19,0,120.0,0,10.9,40.33
SEC-SWM-GGC,64.0,120.0,48.0,5.1,99.6,15.7,5,2,1.0,1.151,0,120.0,0,15.7,43.5
SEC-MTJ-AGC,54.0,120.0,45.0,4.2,98.6,4.2,11,3,1.0,1.164,0,120.0,0,4.2,39.36
SEC-BTE-MTJ,35.0,100.0,48.0,4.8,77.8,4.0,1,6,1.0,1.092,0,100.0,1,4.0,64.51
SEC-SWM-GGC,64.0,120.0,48.0,5.1,90.6,22.1,15,2,1.0,1.047,0,120.0,0,22.1,51.99
SEC-GGC-BTE,120.0,110.0,98.0,9.4,95.5,13.3,14,2,1.0,1.144,0,110.0,0,13.3,74.92
SEC-GGC-BTE,120.0,110.0,98.0,9.4,92.2,8.2,8,4,1.0,1.119,0,110.0,0,8.2,89.37
SEC-BTE-MTJ,35.0,100.0,48.0,4.8,87.8,1.3,23,2,1.2,1.14,0,100.0,0,1.3,26.3
SEC-NDLS-KOTA,465.0,130.0,275.0,14.5,124.8,3.2,13,5,1.0,1.114,0,130.0,0,3.2,253.82
SEC-SWM-GGC,64.0,120.0,48.0,5.1,45.0,0.3,23,2,1.0,1.109,1,45.0,0,0.3,108.14
SEC-SWM-GGC,64.0,120.0,48.0,5.1,114.1,9.2,18,4,1.0,1.298,0,120.0,1,9.2,53.22
SEC-BTE-MTJ,35.0,100.0,48.0,4.8,96.2,23.4,3,6,1.0,1.008,0,100.0,0,23.4,36.1
SEC-BTE-MTJ,35.0,100.0,48.0,4.8,30.0,1.9,1,2,1.0,1.036,1,30.0,0,1.9,87.09
SEC-BTE-MTJ,35.0,100.0,48.0,4.8,45.0,10.4,14,4,1.099,1.029,1,45.0,0,10.4,59.87
SEC-SWM-GGC,64.0,120.0,48.0,5.1,119.4,9.0,2,0,1.0,1.047,0,120.0,1,9.0,46.12
SEC-SWM-GGC,64.0,120.0,48.0,5.1,113.1,8.0,1,5,1.18,1.119,0,120.0,0,8.0,43.82
SEC-SWM-GGC,64.0,120.0,48.0,5.1,94.1,22.3,3,1,1.153,1.122,0,120.0,1,22.3,70.09
SEC-SWM-GGC,64.0,120.0,48.0,5.1,91.4,26.1,5,5,1.0,1.149,0,120.0,0,26.1,55.71
SEC-NDLS-KOTA,465.0,130.0,275.0,14.5,110.0,7.2,6,6,1.0,1.118,0,130.0,0,7.2,291.82
SEC-SWM-GGC,64.0,120.0,48.0,5.1,92.0,12.5,18,2,1.0,1.12,0,120.0,0,12.5,51.45
SEC-KOTA-SWM,108.0,130.0,58.0,6.2,107.6,1.5,8,0,1.0,1.2,0,130.0,0,1.5,68.81
SEC-KOTA-SWM,108.0,130.0,58.0,6.2,114.0,2.3,12,6,1.0,1.13,0,130.0,0,2.3,70.03
SEC-NDLS-KOTA,465.0,130.0,275.0,14.5,98.9,5.7,6,1,1.0,1.151,0,130.0,0,5.7,339.25
SEC-BTE-MTJ,35.0,100.0,48.0,4.8,95.5,2.5,6,3,1.0,1.101,0,100.0,0,2.5,19.95
SEC-BTE-MTJ,35.0,100.0,48.0,4.8,86.1,28.2,3,3,1.0,1.087,0,100.0,0,28.2,34.49
SEC-BTE-MTJ,35.0,100.0,48.0,4.8,88.2,24.5,3,6,1.0,1.049,0,100.0,0,24.5,30.98
SEC-GGC-BTE,120.0,110.0,98.0,9.4,84.0,4.8,5,3,1.0,1.073,0,110.0,0,4.8,98.95
SEC-SWM-GGC,64.0,120.0,48.0,5.1,111.7,22.6,6,4,1.12,1.114,0,120.0,0,22.6,50.3
SEC-MTJ-AGC,54.0,120.0,45.0,4.2,107.1,10.8,18,4,1.0,1.292,0,120.0,1,10.8,43.78
SEC-KOTA-SWM,108.0,130.0,58.0,6.2,117.4,29.8,3,1,1.136,1.049,0,130.0,1,29.8,78.73
SEC-SWM-GGC,64.0,120.0,48.0,5.1,112.9,3.7,6,2,1.0,1.19,0,120.0,0,3.7,48.6
SEC-BTE-MTJ,35.0,100.0,48.0,4.8,97.0,2.6,3,1,1.238,1.059,0,100.0,0,2.6,32.96
SEC-KOTA-SWM,108.0,130.0,58.0,6.2,118.6,13.1,18,2,1.18,1.09,0,130.0,0,13.1,77.71
SEC-SWM-GGC,64.0,120.0,48.0,5.1,45.0,6.5,13,5,1.0,1.109,1,45.0,0,6.5,119.17
SEC-BTE-MTJ,35.0,100.0,48.0,4.8,78.6,5.2,17,2,1.0,1.328,0,100.0,0,5.2,49.8
SEC-NDLS-KOTA,465.0,130.0,275.0,14.5,30.0,1.2,0,3,1.0,1.099,1,30.0,0,1.2,1042.36
SEC-KOTA-SWM,108.0,130.0,58.0,6.2,119.8,3.9,6,5,1.0,1.094,0,130.0,0,3.9,69.03
SEC-GGC-BTE,120.0,110.0,98.0,9.4,84.7,4.7,11,0,1.0,1.388,0,110.0,0,4.7,113.96
SEC-SWM-GGC,64.0,120.0,48.0,5.1,117.3,0.7,17,1,1.0,1.347,0,120.0,0,0.7,47.25
SEC-GGC-BTE,120.0,110.0,98.0,9.4,92.3,1.3,17,5,1.198,1.288,0,110.0,0,1.3,120.87
SEC-KOTA-SWM,108.0,130.0,58.0,6.2,123.8,15.2,21,2,1.088,1.113,0,130.0,1,15.2,88.98
SEC-KOTA-SWM,108.0,130.0,58.0,6.2,30.0,21.8,1,5,1.0,1.031,1,30.0,0,21.8,233.8
SEC-SWM-GGC,64.0,120.0,48.0,5.1,92.0,0.5,12,6,1.0,1.03,0,120.0,0,0.5,46.83
SEC-KOTA-SWM,108.0,130.0,58.0,6.2,60.0,4.9,19,5,1.0,1.337,1,60.0,0,4.9,155.37
SEC-BTE-MTJ,35.0,100.0,48.0,4.8,60.0,5.6,14,2,1.0,1.089,1,60.0,1,5.6,47.13
SEC-KOTA-SWM,108.0,130.0,58.0,6.2,106.3,0.6,22,2,1.0,1.057,0,130.0,0,0.6,59.6
SEC-BTE-MTJ,35.0,100.0,48.0,4.8,76.3,4.5,8,1,1.075,1.233,0,100.0,0,4.5,33.95
SEC-KOTA-SWM,108.0,130.0,58.0,6.2,127.6,15.4,17,4,1.0,1.143,0,130.0,0,15.4,47.35
SEC-GGC-BTE,120.0,110.0,98.0,9.4,103.8,3.5,0,2,1.0,1.07,0,110.0,0,3.5,62.18
SEC-GGC-BTE,120.0,110.0,98.0,9.4,30.0,2.8,0,3,1.0,1.149,1,30.0,0,2.8,284.94
SEC-KOTA-SWM,108.0,130.0,58.0,6.2,60.0,44.4,19,6,1.0,1.138,1,60.0,0,44.4,146.4
SEC-NDLS-KOTA,465.0,130.0,275.0,14.5,127.9,11.9,12,4,1.0,1.123,0,130.0,0,11.9,251.35
SEC-KOTA-SWM,108.0,130.0,58.0,6.2,107.4,39.3,21,6,1.141,1.295,0,130.0,0,39.3,109.19
SEC-GGC-BTE,120.0,110.0,98.0,9.4,105.0,12.3,6,4,1.0,1.137,0,110.0,0,12.3,78.69
SEC-SWM-GGC,64.0,120.0,48.0,5.1,117.2,3.8,15,5,1.0,1.148,0,120.0,0,3.8,32.33
SEC-SWM-GGC,64.0,120.0,48.0,5.1,107.6,18.7,11,3,1.0,1.269,0,120.0,1,18.7,84.11
SEC-MTJ-AGC,54.0,120.0,45.0,4.2,108.9,21.5,17,3,1.0,1.296,0,120.0,0,21.5,51.07
SEC-BTE-MTJ,35.0,100.0,48.0,4.8,76.1,5.5,9,4,1.0,1.109,0,100.0,0,5.5,44.55
SEC-SWM-GGC,64.0,120.0,48.0,5.1,114.9,2.8,9,4,1.138,1.186,0,120.0,0,2.8,58.09
SEC-MTJ-AGC,54.0,120.0,45.0,4.2,99.0,8.7,23,2,1.0,1.312,0,120.0,0,8.7,45.32
SEC-SWM-GGC,64.0,120.0,48.0,5.1,115.9,3.2,3,6,1.0,1.076,0,120.0,0,3.2,34.09
SEC-KOTA-SWM,108.0,130.0,58.0,6.2,110.7,0.8,18,0,1.0,1.276,0,130.0,0,0.8,54.8
SEC-MTJ-AGC,54.0,120.0,45.0,4.2,93.7,54.0,3,6,1.0,1.057,0,120.0,1,54.0,53.05
SEC-MTJ-AGC,54.0,120.0,45.0,4.2,116.5,14.9,18,6,1.0,1.16,0,120.0,0,14.9,40.17
SEC-BTE-MTJ,35.0,100.0,48.0,4.8,96.6,4.4,4,5,1.0,1.171,0,100.0,0,4.4,21.2
SEC-GGC-BTE,120.0,110.0,98.0,9.4,104.4,14.4,3,5,1.056,1.107,0,110.0,0,14.4,87.88
SEC-NDLS-KOTA,465.0,130.0,275.0,14.5,100.5,8.9,5,4,1.143,1.095,0,130.0,0,8.9,371.61
SEC-MTJ-AGC,54.0,120.0,45.0,4.2,115.3,6.9,21,3,1.198,1.493,0,120.0,0,6.9,50.14
SEC-GGC-BTE,120.0,110.0,98.0,9.4,103.3,10.3,11,3,1.129,1.215,0,110.0,0,10.3,79.91
SEC-BTE-MTJ,35.0,100.0,48.0,4.8,45.0,19.7,6,6,1.133,1.163,1,45.0,1,19.7,88.81
SEC-NDLS-KOTA,465.0,130.0,275.0,14.5,60.0,11.6,20,5,1.0,1.23,1,60.0,0,11.6,559.44
SEC-KOTA-SWM,108.0,130.0,58.0,6.2,113.3,14.3,0,1,1.268,1.138,0,130.0,0,14.3,88.38
SEC-BTE-MTJ,35.0,100.0,48.0,4.8,88.3,0.5,20,5,1.0,1.185,0,100.0,0,0.5,33.15
SEC-MTJ-AGC,54.0,120.0,45.0,4.2,105.5,7.7,13,5,1.0,1.052,0,120.0,0,7.7,40.85
SEC-SWM-GGC,64.0,120.0,48.0,5.1,94.5,3.7,16,4,1.0,1.058,0,120.0,0,3.7,38.22
SEC-BTE-MTJ,35.0,100.0,48.0,4.8,76.5,25.9,21,4,1.0,1.3,0,100.0,0,25.9,39.24
SEC-KOTA-SWM,108.0,130.0,58.0,6.2,109.0,28.3,19,1,1.0,1.242,0,130.0,1,28.3,93.6
SEC-BTE-MTJ,35.0,100.0,48.0,4.8,75.4,38.6,9,2,1.0,1.302,0,100.0,0,38.6,50.62
SEC-NDLS-KOTA,465.0,130.0,275.0,14.5,112.7,18.0,10,2,1.0,1.212,0,130.0,0,18.0,281.85
SEC-BTE-MTJ,35.0,100.0,48.0,4.8,75.5,21.9,3,1,1.0,1.072,0,100.0,0,21.9,24.75
SEC-KOTA-SWM,108.0,130.0,58.0,6.2,115.2,0.7,20,2,1.0,1.205,0,130.0,0,0.7,55.07
SEC-GGC-BTE,120.0,110.0,98.0,9.4,60.0,8.9,23,1,1.0,1.1,1,60.0,1,8.9,160.06
SEC-MTJ-AGC,54.0,120.0,45.0,4.2,94.3,14.9,11,2,1.147,1.331,0,120.0,0,14.9,56.98
SEC-SWM-GGC,64.0,120.0,48.0,5.1,110.7,3.4,20,6,1.0,1.344,0,120.0,0,3.4,37.99
SEC-MTJ-AGC,54.0,120.0,45.0,4.2,103.9,13.3,13,5,1.094,1.188,0,120.0,0,13.3,32.34
SEC-KOTA-SWM,108.0,130.0,58.0,6.2,60.0,19.7,15,2,1.097,1.034,1,60.0,1,19.7,149.37
SEC-BTE-MTJ,35.0,100.0,48.0,4.8,60.0,15.2,13,5,1.0,1.157,1,60.0,0,15.2,40.75
SEC-SWM-GGC,64.0,120.0,48.0,5.1,30.0,34.3,16,2,1.18,1.06,1,30.0,0,34.3,169.94
SEC-GGC-BTE,120.0,110.0,98.0,9.4,97.4,0.5,10,4,1.0,1.154,0,110.0,0,0.5,62.99
SEC-MTJ-AGC,54.0,120.0,45.0,4.2,109.0,13.0,3,3,1.0,1.083,0,120.0,0,13.0,34.59
SEC-SWM-GGC,64.0,120.0,48.0,5.1,106.4,9.3,2,0,1.132,1.175,0,120.0,0,9.3,51.35
SEC-BTE-MTJ,35.0,100.0,48.0,4.8,99.0,7.7,14,0,1.149,1.125,0,100.0,0,7.7,27.27
SEC-SWM-GGC,64.0,120.0,48.0,5.1,97.9,33.7,21,5,1.0,1.208,0,120.0,0,33.7,42.36
SEC-BTE-MTJ,35.0,100.0,48.0,4.8,99.4,6.1,15,0,1.0,1.043,0,100.0,0,6.1,30.92
SEC-MTJ-AGC,54.0,120.0,45.0,4.2,90.6,4.9,15,5,1.298,1.047,0,120.0,0,4.9,41.95
SEC-SWM-GGC,64.0,120.0,48.0,5.1,107.3,26.0,13,0,1.0,1.084,0,120.0,0,26.0,53.18
SEC-SWM-GGC,64.0,120.0,48.0,5.1,95.1,21.1,20,0,1.084,1.437,0,120.0,0,21.1,56.48
SEC-NDLS-KOTA,465.0,130.0,275.0,14.5,119.3,3.2,11,4,1.0,1.118,0,130.0,1,3.2,272.93
SEC-MTJ-AGC,54.0,120.0,45.0,4.2,45.0,22.6,7,4,1.0,1.053,1,45.0,0,22.6,93.06
SEC-NDLS-KOTA,465.0,130.0,275.0,14.5,104.8,1.7,11,6,1.0,1.349,0,130.0,0,1.7,348.56
SEC-SWM-GGC,64.0,120.0,48.0,5.1,100.2,1.7,1,6,1.14,1.052,0,120.0,1,1.7,54.58
SEC-GGC-BTE,120.0,110.0,98.0,9.4,95.1,10.0,2,5,1.096,1.117,0,110.0,0,10.0,88.62
SEC-GGC-BTE,120.0,110.0,98.0,9.4,99.2,10.6,0,5,1.12,1.141,0,110.0,0,10.6,100.95
SEC-NDLS-KOTA,465.0,130.0,275.0,14.5,125.6,7.8,10,5,1.127,1.432,0,130.0,0,7.8,329.89
SEC-NDLS-KOTA,465.0,130.0,275.0,14.5,98.9,13.5,17,1,1.0,1.192,0,130.0,1,13.5,362.64
SEC-NDLS-KOTA,465.0,130.0,275.0,14.5,60.0,9.9,21,2,1.0,1.429,1,60.0,1,9.9,664.42
SEC-BTE-MTJ,35.0,100.0,48.0,4.8,81.1,5.7,18,6,1.058,1.182,0,100.0,0,5.7,36.23
SEC-KOTA-SWM,108.0,130.0,58.0,6.2,106.6,3.0,9,3,1.0,1.539,0,130.0,0,3.0,88.21
SEC-MTJ-AGC,54.0,120.0,45.0,4.2,97.0,12.6,22,0,1.0,1.12,0,120.0,1,12.6,45.0
SEC-NDLS-KOTA,465.0,130.0,275.0,14.5,126.3,8.7,4,3,1.0,1.093,0,130.0,0,8.7,235.64
SEC-BTE-MTJ,35.0,100.0,48.0,4.8,84.7,2.9,22,1,1.0,1.16,0,100.0,0,2.9,21.56
SEC-MTJ-AGC,54.0,120.0,45.0,4.2,103.7,22.1,20,4,1.0,1.094,0,120.0,0,22.1,48.05
SEC-BTE-MTJ,35.0,100.0,48.0,4.8,97.1,13.3,8,2,1.116,1.48,0,100.0,0,13.3,35.25
SEC-BTE-MTJ,35.0,100.0,48.0,4.8,81.4,11.2,6,0,1.0,1.081,0,100.0,0,11.2,28.26
SEC-BTE-MTJ,35.0,100.0,48.0,4.8,82.6,38.0,3,1,1.16,1.143,0,100.0,0,38.0,28.19
SEC-MTJ-AGC,54.0,120.0,45.0,4.2,60.0,0.6,19,2,1.0,1.397,1,60.0,0,0.6,78.49
SEC-GGC-BTE,120.0,110.0,98.0,9.4,97.6,20.5,16,2,1.0,1.157,0,110.0,1,20.5,101.25
SEC-KOTA-SWM,108.0,130.0,58.0,6.2,124.4,16.6,1,3,1.145,1.071,0,130.0,0,16.6,54.1
SEC-SWM-GGC,64.0,120.0,48.0,5.1,108.8,15.9,21,0,1.0,1.151,0,120.0,0,15.9,36.88
SEC-NDLS-KOTA,465.0,130.0,275.0,14.5,104.8,17.8,16,1,1.0,1.194,0,130.0,0,17.8,319.37
SEC-BTE-MTJ,35.0,100.0,48.0,4.8,88.5,4.6,22,4,1.0,1.147,0,100.0,0,4.6,28.0
SEC-NDLS-KOTA,465.0,130.0,275.0,14.5,108.1,18.1,3,0,1.0,1.211,0,130.0,0,18.1,305.07
SEC-SWM-GGC,64.0,120.0,48.0,5.1,94.4,10.8,8,2,1.137,1.053,0,120.0,0,10.8,42.01
SEC-SWM-GGC,64.0,120.0,48.0,5.1,105.5,8.6,12,3,1.0,1.19,0,120.0,0,8.6,45.53
SEC-MTJ-AGC,54.0,120.0,45.0,4.2,60.0,3.9,10,0,1.23,1.115,1,60.0,0,3.9,76.58
SEC-MTJ-AGC,54.0,120.0,45.0,4.2,101.6,0.5,4,3,1.0,1.077,0,120.0,0,0.5,38.56
SEC-GGC-BTE,120.0,110.0,98.0,9.4,104.0,9.7,10,2,1.0,1.17,0,110.0,0,9.7,87.62
SEC-NDLS-KOTA,465.0,130.0,275.0,14.5,120.7,18.1,0,0,1.0,1.021,0,130.0,0,18.1,242.11
SEC-MTJ-AGC,54.0,120.0,45.0,4.2,30.0,7.8,13,2,1.0,1.069,1,30.0,0,7.8,128.2
SEC-KOTA-SWM,108.0,130.0,58.0,6.2,115.7,8.9,5,4,1.0,1.025,0,130.0,0,8.9,47.35
SEC-MTJ-AGC,54.0,120.0,45.0,4.2,115.5,13.0,21,1,1.0,1.313,0,120.0,0,13.0,34.49
SEC-BTE-MTJ,35.0,100.0,48.0,4.8,90.8,11.9,17,0,1.0,1.277,0,100.0,0,11.9,19.95
SEC-GGC-BTE,120.0,110.0,98.0,9.4,89.8,3.0,22,6,1.0,1.094,0,110.0,0,3.0,91.31
SEC-GGC-BTE,120.0,110.0,98.0,9.4,30.0,7.3,15,3,1.0,1.043,1,30.0,0,7.3,268.38
SEC-KOTA-SWM,108.0,130.0,58.0,6.2,106.6,3.0,14,5,1.0,1.048,0,130.0,0,3.0,71.44
SEC-BTE-MTJ,35.0,100.0,48.0,4.8,85.3,13.1,10,0,1.0,1.131,0,100.0,1,13.1,41.35
SEC-SWM-GGC,64.0,120.0,48.0,5.1,118.9,13.6,1,5,1.0,1.183,0,120.0,0,13.6,42.78
SEC-GGC-BTE,120.0,110.0,98.0,9.4,109.5,18.2,4,1,1.0,1.093,0,110.0,0,18.2,67.53
SEC-NDLS-KOTA,465.0,130.0,275.0,14.5,60.0,7.3,3,4,1.225,1.108,1,60.0,0,7.3,638.75
SEC-MTJ-AGC,54.0,120.0,45.0,4.2,118.3,3.0,1,2,1.0,1.011,0,120.0,0,3.0,36.23
SEC-BTE-MTJ,35.0,100.0,48.0,4.8,78.5,24.6,21,5,1.0,1.325,0,100.0,0,24.6,47.47
SEC-MTJ-AGC,54.0,120.0,45.0,4.2,98.3,14.3,14,3,1.0,1.093,0,120.0,0,14.3,35.3
SEC-KOTA-SWM,108.0,130.0,58.0,6.2,116.5,9.5,11,2,1.0,1.206,0,130.0,0,9.5,69.51
SEC-NDLS-KOTA,465.0,130.0,275.0,14.5,112.0,4.3,5,4,1.0,1.078,0,130.0,0,4.3,254.24
SEC-KOTA-SWM,108.0,130.0,58.0,6.2,114.2,5.7,6,4,1.0,1.028,0,130.0,0,5.7,63.66
SEC-MTJ-AGC,54.0,120.0,45.0,4.2,93.6,1.1,13,1,1.0,1.164,0,120.0,0,1.1,46.32
SEC-MTJ-AGC,54.0,120.0,45.0,4.2,60.0,1.3,5,3,1.0,1.064,1,60.0,0,1.3,73.21
SEC-SWM-GGC,64.0,120.0,48.0,5.1,111.2,1.8,5,3,1.0,1.098,0,120.0,0,1.8,38.61
SEC-NDLS-KOTA,465.0,130.0,275.0,14.5,125.3,0.9,20,5,1.0,1.381,0,130.0,0,0.9,274.32
SEC-BTE-MTJ,35.0,100.0,48.0,4.8,78.3,11.7,10,4,1.165,1.399,0,100.0,0,11.7,45.39
SEC-NDLS-KOTA,465.0,130.0,275.0,14.5,117.5,8.3,19,0,1.0,1.057,0,130.0,0,8.3,251.27
SEC-SWM-GGC,64.0,120.0,48.0,5.1,113.1,3.2,9,1,1.0,1.291,0,120.0,0,3.2,40.71
SEC-MTJ-AGC,54.0,120.0,45.0,4.2,113.3,0.3,17,6,1.0,1.24,0,120.0,0,0.3,32.81
SEC-SWM-GGC,64.0,120.0,48.0,5.1,99.5,4.0,13,1,1.0,1.13,0,120.0,0,4.0,49.16
SEC-MTJ-AGC,54.0,120.0,45.0,4.2,109.7,21.0,9,0,1.0,1.389,0,120.0,0,21.0,48.34
SEC-GGC-BTE,120.0,110.0,98.0,9.4,30.0,6.0,9,6,1.0,1.289,1,30.0,0,6.0,315.0
SEC-NDLS-KOTA,465.0,130.0,275.0,14.5,117.4,46.3,8,6,1.145,1.393,0,130.0,0,46.3,373.29
SEC-GGC-BTE,120.0,110.0,98.0,9.4,109.4,27.0,21,3,1.0,1.232,0,110.0,0,27.0,69.13
SEC-SWM-GGC,64.0,120.0,48.0,5.1,113.1,6.6,13,4,1.246,1.064,0,120.0,0,6.6,52.26
SEC-NDLS-KOTA,465.0,130.0,275.0,14.5,121.0,2.8,20,3,1.0,1.269,0,130.0,0,2.8,260.27
SEC-KOTA-SWM,108.0,130.0,58.0,6.2,112.3,10.8,8,1,1.21,1.164,0,130.0,0,10.8,68.35
SEC-BTE-MTJ,35.0,100.0,48.0,4.8,45.0,4.2,22,3,1.085,1.097,1,45.0,0,4.2,66.46
SEC-GGC-BTE,120.0,110.0,98.0,9.4,87.0,1.5,14,1,1.0,1.118,0,110.0,0,1.5,93.31
SEC-GGC-BTE,120.0,110.0,98.0,9.4,100.4,7.5,1,0,1.0,1.04,0,110.0,1,7.5,90.23
SEC-BTE-MTJ,35.0,100.0,48.0,4.8,45.0,0.6,10,6,1.0,1.363,1,45.0,0,0.6,67.42
SEC-GGC-BTE,120.0,110.0,98.0,9.4,30.0,2.5,15,6,1.067,1.051,1,30.0,0,2.5,288.72
SEC-BTE-MTJ,35.0,100.0,48.0,4.8,84.8,3.0,10,1,1.0,1.159,0,100.0,0,3.0,29.99
SEC-MTJ-AGC,54.0,120.0,45.0,4.2,102.6,18.2,18,3,1.0,1.33,0,120.0,0,18.2,37.4
SEC-NDLS-KOTA,465.0,130.0,275.0,14.5,122.7,1.1,2,6,1.0,1.115,0,130.0,0,1.1,242.41
SEC-GGC-BTE,120.0,110.0,98.0,9.4,103.0,15.6,2,1,1.0,1.073,0,110.0,0,15.6,72.63
SEC-KOTA-SWM,108.0,130.0,58.0,6.2,115.8,13.3,8,4,1.097,1.167,0,130.0,0,13.3,63.45
SEC-KOTA-SWM,108.0,130.0,58.0,6.2,106.7,2.3,12,1,1.29,1.118,0,130.0,0,2.3,90.87
SEC-SWM-GGC,64.0,120.0,48.0,5.1,119.7,32.2,7,5,1.0,1.164,0,120.0,0,32.2,56.09
SEC-NDLS-KOTA,465.0,130.0,275.0,14.5,45.0,20.3,17,3,1.0,1.47,1,45.0,1,20.3,898.41
SEC-NDLS-KOTA,465.0,130.0,275.0,14.5,120.4,2.5,2,0,1.0,1.053,0,130.0,0,2.5,257.82
SEC-SWM-GGC,64.0,120.0,48.0,5.1,114.9,1.2,23,4,1.093,1.117,0,120.0,1,1.2,58.64
SEC-MTJ-AGC,54.0,120.0,45.0,4.2,92.0,13.9,4,4,1.0,1.126,0,120.0,0,13.9,39.47
SEC-GGC-BTE,120.0,110.0,98.0,9.4,103.8,5.7,3,2,1.0,1.031,0,110.0,0,5.7,62.18
SEC-BTE-MTJ,35.0,100.0,48.0,4.8,76.2,6.3,11,6,1.0,1.277,0,100.0,0,6.3,36.22
SEC-KOTA-SWM,108.0,130.0,58.0,6.2,127.1,8.8,12,5,1.0,1.121,0,130.0,0,8.8,64.27
SEC-MTJ-AGC,54.0,120.0,45.0,4.2,117.0,11.2,22,3,1.094,1.054,0,120.0,0,11.2,38.1
SEC-MTJ-AGC,54.0,120.0,45.0,4.2,105.2,1.6,2,1,1.0,1.023,0,120.0,0,1.6,32.29
SEC-NDLS-KOTA,465.0,130.0,275.0,14.5,129.4,3.6,20,6,1.0,1.055,0,130.0,0,3.6,230.96
SEC-KOTA-SWM,108.0,130.0,58.0,6.2,30.0,1.9,0,0,1.0,1.061,1,30.0,0,1.9,234.49
SEC-BTE-MTJ,35.0,100.0,48.0,4.8,80.5,8.1,18,3,1.0,1.371,0,100.0,0,8.1,27.91
SEC-GGC-BTE,120.0,110.0,98.0,9.4,96.7,12.5,23,3,1.0,1.104,0,110.0,0,12.5,78.31
SEC-SWM-GGC,64.0,120.0,48.0,5.1,113.5,15.1,20,0,1.0,1.266,0,120.0,0,15.1,45.38
SEC-SWM-GGC,64.0,120.0,48.0,5.1,96.5,21.9,19,2,1.0,1.193,0,120.0,0,21.9,31.41
SEC-KOTA-SWM,108.0,130.0,58.0,6.2,120.1,3.8,7,0,1.267,1.055,0,130.0,0,3.8,75.13
SEC-SWM-GGC,64.0,120.0,48.0,5.1,45.0,1.9,11,1,1.0,1.325,1,45.0,0,1.9,123.84
SEC-BTE-MTJ,35.0,100.0,48.0,4.8,45.0,4.3,22,2,1.15,1.044,1,45.0,0,4.3,63.73
SEC-SWM-GGC,64.0,120.0,48.0,5.1,102.8,1.0,2,1,1.072,1.171,0,120.0,0,1.0,50.96
SEC-BTE-MTJ,35.0,100.0,48.0,4.8,92.1,8.6,13,6,1.0,1.127,0,100.0,0,8.6,25.25
SEC-NDLS-KOTA,465.0,130.0,275.0,14.5,123.6,8.0,11,3,1.0,1.165,0,130.0,0,8.0,255.93
SEC-NDLS-KOTA,465.0,130.0,275.0,14.5,118.5,4.6,21,5,1.0,1.141,0,130.0,0,4.6,288.73
SEC-GGC-BTE,120.0,110.0,98.0,9.4,30.0,37.9,15,5,1.0,1.107,1,30.0,0,37.9,284.57
SEC-SWM-GGC,64.0,120.0,48.0,5.1,116.1,10.7,23,5,1.0,1.136,0,120.0,1,10.7,56.1
SEC-NDLS-KOTA,465.0,130.0,275.0,14.5,100.1,4.1,16,4,1.0,1.105,0,130.0,0,4.1,291.58
SEC-BTE-MTJ,35.0,100.0,48.0,4.8,84.2,13.3,15,4,1.0,1.106,0,100.0,0,13.3,25.37
SEC-NDLS-KOTA,465.0,130.0,275.0,14.5,124.3,22.7,6,4,1.099,1.124,0,130.0,0,22.7,288.99
SEC-GGC-BTE,120.0,110.0,98.0,9.4,102.4,39.9,0,1,1.0,1.136,0,110.0,0,39.9,77.69
SEC-MTJ-AGC,54.0,120.0,45.0,4.2,30.0,9.7,21,5,1.0,1.205,1,30.0,0,9.7,145.7
SEC-SWM-GGC,64.0,120.0,48.0,5.1,94.1,1.3,20,6,1.264,1.18,0,120.0,0,1.3,57.81
SEC-SWM-GGC,64.0,120.0,48.0,5.1,110.1,12.5,16,5,1.0,1.094,0,120.0,0,12.5,30.4
SEC-GGC-BTE,120.0,110.0,98.0,9.4,98.4,12.0,15,5,1.228,1.105,0,110.0,0,12.0,81.13
SEC-BTE-MTJ,35.0,100.0,48.0,4.8,88.1,7.3,15,4,1.0,1.156,0,100.0,0,7.3,19.95
SEC-KOTA-SWM,108.0,130.0,58.0,6.2,107.4,29.6,20,2,1.167,1.299,0,130.0,0,29.6,85.99
SEC-SWM-GGC,64.0,120.0,48.0,5.1,97.8,3.5,0,5,1.0,1.138,0,120.0,0,3.5,53.42
SEC-NDLS-KOTA,465.0,130.0,275.0,14.5,111.2,8.0,4,4,1.0,1.031,0,130.0,0,8.0,282.64
SEC-KOTA-SWM,108.0,130.0,58.0,6.2,113.8,19.8,20,2,1.0,1.355,0,130.0,1,19.8,96.07
SEC-BTE-MTJ,35.0,100.0,48.0,4.8,82.4,2.4,6,6,1.0,1.037,0,100.0,0,2.4,31.16
SEC-BTE-MTJ,35.0,100.0,48.0,4.8,92.5,9.2,12,2,1.125,1.044,0,100.0,0,9.2,26.81
SEC-NDLS-KOTA,465.0,130.0,275.0,14.5,115.4,25.6,8,0,1.121,1.082,0,130.0,0,25.6,302.6
SEC-SWM-GGC,64.0,120.0,48.0,5.1,108.1,1.9,10,1,1.0,1.095,0,120.0,0,1.9,49.0
SEC-KOTA-SWM,108.0,130.0,58.0,6.2,119.7,25.4,13,1,1.0,1.04,0,130.0,0,25.4,49.18
SEC-GGC-BTE,120.0,110.0,98.0,9.4,85.9,5.6,11,6,1.064,1.167,0,110.0,0,5.6,102.95
SEC-SWM-GGC,64.0,120.0,48.0,5.1,93.7,48.8,9,5,1.0,1.04,0,120.0,0,48.8,40.55
SEC-MTJ-AGC,54.0,120.0,45.0,4.2,102.4,6.0,19,6,1.265,1.264,0,120.0,0,6.0,40.48
SEC-GGC-BTE,120.0,110.0,98.0,9.4,30.0,12.2,3,0,1.0,1.206,1,30.0,0,12.2,297.06
SEC-MTJ-AGC,54.0,120.0,45.0,4.2,95.7,16.0,10,6,1.153,1.3,0,120.0,0,16.0,53.77
SEC-SWM-GGC,64.0,120.0,48.0,5.1,98.5,14.2,5,1,1.102,1.089,0,120.0,0,14.2,51.77
SEC-BTE-MTJ,35.0,100.0,48.0,4.8,90.0,24.1,21,2,1.0,1.161,0,100.0,0,24.1,28.88
SEC-SWM-GGC,64.0,120.0,48.0,5.1,92.4,20.9,17,5,1.0,1.232,0,120.0,0,20.9,67.58
SEC-SWM-GGC,64.0,120.0,48.0,5.1,105.9,16.5,10,3,1.0,1.298,0,120.0,0,16.5,58.96
SEC-GGC-BTE,120.0,110.0,98.0,9.4,100.6,12.2,19,5,1.0,1.26,0,110.0,0,12.2,84.4
SEC-GGC-BTE,120.0,110.0,98.0,9.4,106.1,1.0,7,5,1.08,1.104,0,110.0,0,1.0,81.22
SEC-NDLS-KOTA,465.0,130.0,275.0,14.5,120.8,4.5,14,3,1.0,1.135,0,130.0,0,4.5,239.09
SEC-SWM-GGC,64.0,120.0,48.0,5.1,106.9,1.6,0,4,1.0,1.207,0,120.0,0,1.6,39.68
SEC-NDLS-KOTA,465.0,130.0,275.0,14.5,128.7,9.2,3,5,1.195,1.069,0,130.0,0,9.2,296.47
SEC-SWM-GGC,64.0,120.0,48.0,5.1,91.6,4.2,7,5,1.0,1.159,0,120.0,0,4.2,62.75
SEC-GGC-BTE,120.0,110.0,98.0,9.4,104.7,2.8,22,2,1.0,1.233,0,110.0,0,2.8,71.05
SEC-BTE-MTJ,35.0,100.0,48.0,4.8,30.0,4.0,11,1,1.0,1.143,1,30.0,0,4.0,99.25
SEC-MTJ-AGC,54.0,120.0,45.0,4.2,90.1,20.1,1,0,1.0,1.014,0,120.0,0,20.1,36.92
SEC-KOTA-SWM,108.0,130.0,58.0,6.2,126.7,71.7,6,0,1.0,1.101,0,130.0,0,71.7,66.01
SEC-SWM-GGC,64.0,120.0,48.0,5.1,105.1,3.0,15,3,1.0,1.069,0,120.0,0,3.0,40.81
SEC-SWM-GGC,64.0,120.0,48.0,5.1,98.4,1.8,9,1,1.0,1.502,0,120.0,1,1.8,65.31
SEC-BTE-MTJ,35.0,100.0,48.0,4.8,87.6,0.8,5,3,1.0,1.13,0,100.0,0,0.8,38.29
SEC-BTE-MTJ,35.0,100.0,48.0,4.8,89.8,5.8,17,0,1.0,1.339,0,100.0,0,5.8,29.69
SEC-NDLS-KOTA,465.0,130.0,275.0,14.5,108.8,4.0,17,0,1.102,1.082,0,130.0,0,4.0,314.61
SEC-SWM-GGC,64.0,120.0,48.0,5.1,112.8,4.8,23,0,1.066,1.045,0,120.0,0,4.8,38.3
SEC-MTJ-AGC,54.0,120.0,45.0,4.2,116.4,12.7,17,4,1.094,1.398,0,120.0,0,12.7,41.16
SEC-BTE-MTJ,35.0,100.0,48.0,4.8,77.3,0.3,8,3,1.0,1.341,0,100.0,0,0.3,25.48
SEC-BTE-MTJ,35.0,100.0,48.0,4.8,88.2,6.2,12,5,1.0,1.148,0,100.0,0,6.2,19.95
SEC-KOTA-SWM,108.0,130.0,58.0,6.2,60.0,3.5,14,2,1.0,1.16,1,60.0,0,3.5,136.56
SEC-GGC-BTE,120.0,110.0,98.0,9.4,106.6,8.4,8,5,1.0,1.223,0,110.0,0,8.4,66.52
SEC-MTJ-AGC,54.0,120.0,45.0,4.2,30.0,7.0,19,4,1.0,1.429,1,30.0,0,7.0,161.5
SEC-NDLS-KOTA,465.0,130.0,275.0,14.5,113.3,14.0,21,1,1.0,1.321,0,130.0,0,14.0,325.56
SEC-KOTA-SWM,108.0,130.0,58.0,6.2,102.9,2.4,7,3,1.0,1.235,0,130.0,0,2.4,84.69
SEC-NDLS-KOTA,465.0,130.0,275.0,14.5,116.8,3.3,8,5,1.0,1.268,0,130.0,0,3.3,316.66
SEC-BTE-MTJ,35.0,100.0,48.0,4.8,98.4,1.4,13,0,1.0,1.088,0,100.0,0,1.4,19.95
SEC-NDLS-KOTA,465.0,130.0,275.0,14.5,104.3,6.8,12,1,1.0,1.067,0,130.0,0,6.8,284.1
SEC-SWM-GGC,64.0,120.0,48.0,5.1,93.2,39.8,23,4,1.0,1.084,0,120.0,0,39.8,61.46
SEC-MTJ-AGC,54.0,120.0,45.0,4.2,104.1,8.5,19,4,1.0,1.188,0,120.0,0,8.5,38.24
SEC-MTJ-AGC,54.0,120.0,45.0,4.2,99.0,21.8,0,0,1.0,1.074,0,120.0,0,21.8,36.11
SEC-GGC-BTE,120.0,110.0,98.0,9.4,97.2,2.8,18,1,1.116,1.416,0,110.0,0,2.8,115.28
SEC-MTJ-AGC,54.0,120.0,45.0,4.2,60.0,6.6,6,3,1.0,1.056,1,60.0,0,6.6,66.65
SEC-BTE-MTJ,35.0,100.0,48.0,4.8,75.3,8.1,19,0,1.0,1.243,0,100.0,0,8.1,25.14
SEC-BTE-MTJ,35.0,100.0,48.0,4.8,93.7,25.9,20,1,1.083,1.171,0,100.0,0,25.9,19.95
SEC-MTJ-AGC,54.0,120.0,45.0,4.2,30.0,4.8,7,4,1.0,1.113,1,30.0,0,4.8,143.93
SEC-NDLS-KOTA,465.0,130.0,275.0,14.5,119.5,1.7,16,5,1.0,1.042,0,130.0,0,1.7,236.48
SEC-MTJ-AGC,54.0,120.0,45.0,4.2,104.8,11.7,12,2,1.121,1.21,0,120.0,0,11.7,38.83
SEC-GGC-BTE,120.0,110.0,98.0,9.4,95.5,0.1,22,1,1.0,1.102,0,110.0,0,0.1,82.73
SEC-MTJ-AGC,54.0,120.0,45.0,4.2,108.7,1.4,10,0,1.0,1.264,0,120.0,0,1.4,37.17
SEC-BTE-MTJ,35.0,100.0,48.0,4.8,91.2,32.8,21,2,1.0,1.399,0,100.0,0,32.8,38.97
SEC-SWM-GGC,64.0,120.0,48.0,5.1,113.7,10.3,18,2,1.0,1.39,0,120.0,1,10.3,62.36
SEC-BTE-MTJ,35.0,100.0,48.0,4.8,82.9,4.3,23,1,1.0,1.052,0,100.0,0,4.3,28.56
SEC-NDLS-KOTA,465.0,130.0,275.0,14.5,121.9,15.7,9,6,1.0,1.275,0,130.0,0,15.7,306.32
SEC-NDLS-KOTA,465.0,130.0,275.0,14.5,110.2,13.9,7,5,1.0,1.096,0,130.0,0,13.9,269.23
SEC-BTE-MTJ,35.0,100.0,48.0,4.8,60.0,10.4,17,6,1.0,1.222,1,60.0,0,10.4,52.06
SEC-GGC-BTE,120.0,110.0,98.0,9.4,90.9,17.9,10,3,1.0,1.353,0,110.0,0,17.9,108.01
SEC-NDLS-KOTA,465.0,130.0,275.0,14.5,45.0,1.4,5,1,1.0,1.162,1,45.0,0,1.4,703.85
SEC-MTJ-AGC,54.0,120.0,45.0,4.2,30.0,8.5,1,2,1.0,1.212,1,30.0,0,8.5,147.31
SEC-NDLS-KOTA,465.0,130.0,275.0,14.5,124.4,12.1,7,1,1.0,1.068,0,130.0,1,12.1,223.91
SEC-MTJ-AGC,54.0,120.0,45.0,4.2,113.5,6.3,6,3,1.0,1.091,0,120.0,1,6.3,50.81
SEC-NDLS-KOTA,465.0,130.0,275.0,14.5,120.1,10.2,19,5,1.0,1.413,0,130.0,0,10.2,298.17
SEC-BTE-MTJ,35.0,100.0,48.0,4.8,78.0,26.9,11,2,1.0,1.22,0,100.0,0,26.9,33.37
SEC-NDLS-KOTA,465.0,130.0,275.0,14.5,101.1,12.0,1,5,1.0,1.03,0,130.0,0,12.0,261.99
SEC-SWM-GGC,64.0,120.0,48.0,5.1,114.6,13.7,8,5,1.077,1.314,0,120.0,0,13.7,43.44
SEC-NDLS-KOTA,465.0,130.0,275.0,14.5,98.7,3.8,0,4,1.0,1.081,0,130.0,0,3.8,293.23
SEC-BTE-MTJ,35.0,100.0,48.0,4.8,76.2,2.7,6,3,1.0,1.056,0,100.0,0,2.7,24.36
SEC-NDLS-KOTA,465.0,130.0,275.0,14.5,102.9,3.5,11,6,1.0,1.418,0,130.0,0,3.5,356.89
SEC-SWM-GGC,64.0,120.0,48.0,5.1,104.7,1.9,3,1,1.0,1.087,0,120.0,0,1.9,40.84
SEC-NDLS-KOTA,465.0,130.0,275.0,14.5,60.0,3.5,2,0,1.0,1.095,1,60.0,0,3.5,520.63
SEC-NDLS-KOTA,465.0,130.0,275.0,14.5,100.4,11.7,6,4,1.0,1.004,0,130.0,0,11.7,278.81
SEC-BTE-MTJ,35.0,100.0,48.0,4.8,91.6,5.0,3,2,1.168,1.101,0,100.0,0,5.0,27.03
SEC-NDLS-KOTA,465.0,130.0,275.0,14.5,105.8,2.1,22,2,1.071,1.149,0,130.0,1,2.1,342.2
SEC-NDLS-KOTA,465.0,130.0,275.0,14.5,125.6,9.4,22,6,1.0,1.096,0,130.0,0,9.4,222.46
SEC-KOTA-SWM,108.0,130.0,58.0,6.2,120.4,2.2,2,0,1.0,1.008,0,130.0,0,2.2,47.35
SEC-KOTA-SWM,108.0,130.0,58.0,6.2,103.1,3.6,21,4,1.0,1.212,0,130.0,0,3.6,77.46
SEC-SWM-GGC,64.0,120.0,48.0,5.1,92.9,26.2,3,5,1.0,1.02,0,120.0,0,26.2,46.77
SEC-GGC-BTE,120.0,110.0,98.0,9.4,45.0,6.5,19,6,1.0,1.197,1,45.0,0,6.5,218.82
SEC-BTE-MTJ,35.0,100.0,48.0,4.8,95.9,3.4,20,5,1.11,1.322,0,100.0,0,3.4,27.56
SEC-KOTA-SWM,108.0,130.0,58.0,6.2,104.9,30.9,23,0,1.057,1.024,0,130.0,0,30.9,85.04
SEC-NDLS-KOTA,465.0,130.0,275.0,14.5,100.7,6.7,9,5,1.251,1.22,0,130.0,0,6.7,407.02
SEC-GGC-BTE,120.0,110.0,98.0,9.4,106.5,5.6,8,5,1.0,1.195,0,110.0,0,5.6,85.32
SEC-NDLS-KOTA,465.0,130.0,275.0,14.5,45.0,14.6,19,4,1.0,1.105,1,45.0,0,14.6,680.32
SEC-KOTA-SWM,108.0,130.0,58.0,6.2,123.0,29.1,20,5,1.0,1.371,0,130.0,0,29.1,62.91
SEC-MTJ-AGC,54.0,120.0,45.0,4.2,100.9,17.6,22,1,1.0,1.155,0,120.0,0,17.6,43.95
SEC-GGC-BTE,120.0,110.0,98.0,9.4,98.7,1.9,19,5,1.0,1.242,0,110.0,0,1.9,109.69
SEC-KOTA-SWM,108.0,130.0,58.0,6.2,100.6,1.6,14,6,1.099,1.127,0,130.0,0,1.6,70.03
SEC-NDLS-KOTA,465.0,130.0,275.0,14.5,107.2,18.2,3,1,1.0,1.139,0,130.0,0,18.2,295.46
SEC-MTJ-AGC,54.0,120.0,45.0,4.2,119.4,12.7,23,1,1.0,1.045,0,120.0,0,12.7,30.68
SEC-MTJ-AGC,54.0,120.0,45.0,4.2,110.6,15.3,6,0,1.0,1.106,0,120.0,0,15.3,39.47
SEC-GGC-BTE,120.0,110.0,98.0,9.4,92.3,8.9,3,4,1.0,1.201,0,110.0,1,8.9,104.83
SEC-KOTA-SWM,108.0,130.0,58.0,6.2,111.1,12.8,22,1,1.0,1.051,0,130.0,1,12.8,76.21
SEC-GGC-BTE,120.0,110.0,98.0,9.4,99.2,3.4,2,3,1.126,1.18,0,110.0,0,3.4,103.2
SEC-MTJ-AGC,54.0,120.0,45.0,4.2,105.2,1.2,1,0,1.0,1.207,0,120.0,0,1.2,30.45
SEC-BTE-MTJ,35.0,100.0,48.0,4.8,90.4,4.7,8,4,1.0,1.514,0,100.0,0,4.7,36.25
SEC-MTJ-AGC,54.0,120.0,45.0,4.2,118.8,0.4,23,4,1.0,1.056,0,120.0,0,0.4,25.65
SEC-GGC-BTE,120.0,110.0,98.0,9.4,106.1,13.5,1,2,1.0,1.051,0,110.0,0,13.5,65.74
SEC-NDLS-KOTA,465.0,130.0,275.0,14.5,60.0,8.1,15,1,1.0,1.034,1,60.0,0,8.1,500.26
SEC-KOTA-SWM,108.0,130.0,58.0,6.2,111.7,34.4,7,2,1.184,1.118,0,130.0,0,34.4,87.4
SEC-BTE-MTJ,35.0,100.0,48.0,4.8,99.1,32.8,20,1,1.0,1.385,0,100.0,0,32.8,45.55
SEC-MTJ-AGC,54.0,120.0,45.0,4.2,116.9,0.6,5,6,1.185,1.06,0,120.0,0,0.6,37.8
SEC-SWM-GGC,64.0,120.0,48.0,5.1,96.5,0.2,12,2,1.0,1.123,0,120.0,0,0.2,49.81
SEC-NDLS-KOTA,465.0,130.0,275.0,14.5,122.8,18.2,10,4,1.062,1.396,0,130.0,0,18.2,312.87
SEC-GGC-BTE,120.0,110.0,98.0,9.4,84.7,0.2,23,2,1.0,1.087,0,110.0,0,0.2,82.24
SEC-SWM-GGC,64.0,120.0,48.0,5.1,104.0,10.9,9,6,1.0,1.274,0,120.0,0,10.9,30.4
SEC-MTJ-AGC,54.0,120.0,45.0,4.2,103.2,5.7,22,4,1.0,1.144,0,120.0,0,5.7,36.2
SEC-SWM-GGC,64.0,120.0,48.0,5.1,99.8,1.1,8,2,1.0,1.282,0,120.0,1,1.1,54.75
SEC-KOTA-SWM,108.0,130.0,58.0,6.2,115.1,6.6,2,6,1.0,1.116,0,130.0,0,6.6,69.53
SEC-BTE-MTJ,35.0,100.0,48.0,4.8,78.2,10.0,9,2,1.244,1.306,0,100.0,0,10.0,46.51
SEC-MTJ-AGC,54.0,120.0,45.0,4.2,109.9,3.8,18,2,1.0,1.29,0,120.0,0,3.8,42.58
SEC-GGC-BTE,120.0,110.0,98.0,9.4,86.6,3.4,19,6,1.218,1.106,0,110.0,1,3.4,133.03
SEC-SWM-GGC,64.0,120.0,48.0,5.1,113.7,9.0,20,2,1.0,1.163,0,120.0,0,9.0,35.45
SEC-BTE-MTJ,35.0,100.0,48.0,4.8,95.0,2.0,20,5,1.0,1.325,0,100.0,0,2.0,34.61
SEC-BTE-MTJ,35.0,100.0,48.0,4.8,60.0,8.8,5,4,1.0,1.064,1,60.0,0,8.8,42.1
SEC-BTE-MTJ,35.0,100.0,48.0,4.8,60.0,22.5,5,2,1.0,1.048,1,60.0,0,22.5,48.71
SEC-KOTA-SWM,108.0,130.0,58.0,6.2,120.4,2.8,3,0,1.0,1.024,0,130.0,0,2.8,61.62
SEC-SWM-GGC,64.0,120.0,48.0,5.1,92.2,6.2,12,1,1.076,1.202,0,120.0,0,6.2,55.52
SEC-MTJ-AGC,54.0,120.0,45.0,4.2,115.4,19.2,9,6,1.0,1.43,0,120.0,0,19.2,44.17
SEC-SWM-GGC,64.0,120.0,48.0,5.1,106.8,17.0,12,6,1.0,1.071,0,120.0,0,17.0,51.85
SEC-SWM-GGC,64.0,120.0,48.0,5.1,99.4,20.4,22,3,1.0,1.079,0,120.0,0,20.4,47.44
SEC-GGC-BTE,120.0,110.0,98.0,9.4,104.8,3.8,6,2,1.0,1.109,0,110.0,0,3.8,84.28
SEC-MTJ-AGC,54.0,120.0,45.0,4.2,111.6,2.8,19,3,1.057,1.283,0,120.0,0,2.8,40.88
SEC-MTJ-AGC,54.0,120.0,45.0,4.2,117.0,27.7,3,5,1.0,1.094,0,120.0,0,27.7,29.65
SEC-MTJ-AGC,54.0,120.0,45.0,4.2,103.3,0.8,12,6,1.0,1.067,0,120.0,0,0.8,28.19
SEC-KOTA-SWM,108.0,130.0,58.0,6.2,107.4,9.7,12,2,1.0,1.057,0,130.0,0,9.7,70.77
SEC-GGC-BTE,120.0,110.0,98.0,9.4,100.1,12.6,18,6,1.0,1.22,0,110.0,0,12.6,77.84
SEC-KOTA-SWM,108.0,130.0,58.0,6.2,100.0,10.8,8,4,1.0,1.338,0,130.0,0,10.8,83.13
SEC-GGC-BTE,120.0,110.0,98.0,9.4,97.3,6.0,19,1,1.0,1.327,0,110.0,0,6.0,104.32
SEC-BTE-MTJ,35.0,100.0,48.0,4.8,82.7,7.3,6,3,1.0,1.038,0,100.0,0,7.3,26.18
SEC-GGC-BTE,120.0,110.0,98.0,9.4,86.0,25.8,23,1,1.0,1.183,0,110.0,0,25.8,113.83
SEC-GGC-BTE,120.0,110.0,98.0,9.4,97.1,7.0,17,3,1.0,1.422,0,110.0,1,7.0,105.35
SEC-MTJ-AGC,54.0,120.0,45.0,4.2,104.3,1.7,10,0,1.0,1.161,0,120.0,0,1.7,40.78
SEC-NDLS-KOTA,465.0,130.0,275.0,14.5,112.9,0.1,13,5,1.0,1.169,0,130.0,0,0.1,267.72
SEC-MTJ-AGC,54.0,120.0,45.0,4.2,60.0,5.5,17,5,1.229,1.308,1,60.0,0,5.5,84.71
SEC-SWM-GGC,64.0,120.0,48.0,5.1,107.1,2.8,12,2,1.0,1.112,0,120.0,0,2.8,37.51
SEC-MTJ-AGC,54.0,120.0,45.0,4.2,119.6,26.3,11,6,1.0,1.219,0,120.0,0,26.3,33.55
SEC-GGC-BTE,120.0,110.0,98.0,9.4,94.4,0.2,6,5,1.0,1.006,0,110.0,0,0.2,64.01
SEC-KOTA-SWM,108.0,130.0,58.0,6.2,104.3,2.7,4,3,1.0,1.196,0,130.0,0,2.7,64.11
SEC-KOTA-SWM,108.0,130.0,58.0,6.2,110.1,12.3,13,3,1.0,1.193,0,130.0,0,12.3,79.48
SEC-BTE-MTJ,35.0,100.0,48.0,4.8,93.7,3.2,1,3,1.195,1.117,0,100.0,1,3.2,43.39
SEC-KOTA-SWM,108.0,130.0,58.0,6.2,60.0,1.1,15,5,1.0,1.162,1,60.0,0,1.1,137.76
SEC-GGC-BTE,120.0,110.0,98.0,9.4,109.0,0.8,13,0,1.159,1.157,0,110.0,0,0.8,79.17
SEC-MTJ-AGC,54.0,120.0,45.0,4.2,92.9,28.4,15,5,1.0,1.175,0,120.0,0,28.4,45.52
SEC-MTJ-AGC,54.0,120.0,45.0,4.2,100.2,0.6,21,5,1.285,1.429,0,120.0,0,0.6,60.95
SEC-MTJ-AGC,54.0,120.0,45.0,4.2,111.3,10.4,8,6,1.21,1.337,0,120.0,0,10.4,36.57
SEC-BTE-MTJ,35.0,100.0,48.0,4.8,95.6,0.2,2,3,1.0,1.032,0,100.0,0,0.2,22.9
SEC-SWM-GGC,64.0,120.0,48.0,5.1,113.4,1.7,16,5,1.0,1.067,0,120.0,0,1.7,45.69
SEC-MTJ-AGC,54.0,120.0,45.0,4.2,102.8,42.7,15,4,1.086,1.051,0,120.0,0,42.7,34.72
SEC-GGC-BTE,120.0,110.0,98.0,9.4,92.1,21.7,0,1,1.0,1.055,0,110.0,0,21.7,81.04
SEC-NDLS-KOTA,465.0,130.0,275.0,14.5,129.2,11.9,10,1,1.149,1.145,0,130.0,0,11.9,271.28
SEC-SWM-GGC,64.0,120.0,48.0,5.1,118.2,7.0,2,4,1.0,1.09,0,120.0,0,7.0,40.98
SEC-GGC-BTE,120.0,110.0,98.0,9.4,99.9,5.7,22,1,1.0,1.117,0,110.0,0,5.7,93.92
SEC-MTJ-AGC,54.0,120.0,45.0,4.2,107.9,0.0,18,0,1.0,1.27,0,120.0,1,0.0,57.6
SEC-BTE-MTJ,35.0,100.0,48.0,4.8,76.6,11.2,14,6,1.0,1.081,0,100.0,0,11.2,37.9
SEC-NDLS-KOTA,465.0,130.0,275.0,14.5,104.7,3.8,8,0,1.065,1.32,0,130.0,1,3.8,361.9
SEC-GGC-BTE,120.0,110.0,98.0,9.4,93.4,17.4,12,5,1.0,1.013,0,110.0,0,17.4,90.54
SEC-SWM-GGC,64.0,120.0,48.0,5.1,114.1,0.8,16,2,1.0,1.2,0,120.0,1,0.8,70.16
SEC-NDLS-KOTA,465.0,130.0,275.0,14.5,60.0,3.1,9,6,1.0,1.214,1,60.0,0,3.1,562.24
SEC-MTJ-AGC,54.0,120.0,45.0,4.2,104.5,0.4,15,2,1.177,1.158,0,120.0,0,0.4,43.6
SEC-SWM-GGC,64.0,120.0,48.0,5.1,97.4,3.7,16,5,1.26,1.088,0,120.0,0,3.7,55.07
SEC-BTE-MTJ,35.0,100.0,48.0,4.8,87.9,0.4,7,4,1.0,1.11,0,100.0,0,0.4,24.75
SEC-KOTA-SWM,108.0,130.0,58.0,6.2,98.6,8.5,14,4,1.0,1.173,0,130.0,0,8.5,66.85
SEC-SWM-GGC,64.0,120.0,48.0,5.1,94.7,8.5,21,2,1.0,1.15,0,120.0,0,8.5,42.96
SEC-BTE-MTJ,35.0,100.0,48.0,4.8,89.6,15.5,0,2,1.077,1.128,0,100.0,0,15.5,31.72
SEC-BTE-MTJ,35.0,100.0,48.0,4.8,98.5,20.8,23,4,1.0,1.194,0,100.0,0,20.8,27.69
SEC-GGC-BTE,120.0,110.0,98.0,9.4,92.4,2.6,20,4,1.0,1.163,0,110.0,0,2.6,86.94
SEC-KOTA-SWM,108.0,130.0,58.0,6.2,60.0,1.3,13,1,1.0,1.162,1,60.0,0,1.3,129.43
SEC-GGC-BTE,120.0,110.0,98.0,9.4,104.5,15.5,19,4,1.0,1.105,0,110.0,0,15.5,81.96
SEC-KOTA-SWM,108.0,130.0,58.0,6.2,130.0,1.8,17,6,1.0,1.123,0,130.0,0,1.8,71.91
SEC-MTJ-AGC,54.0,120.0,45.0,4.2,97.7,6.2,10,3,1.0,1.487,0,120.0,0,6.2,51.13
SEC-SWM-GGC,64.0,120.0,48.0,5.1,106.0,2.7,21,0,1.089,1.238,0,120.0,0,2.7,49.57
SEC-GGC-BTE,120.0,110.0,98.0,9.4,102.5,5.5,4,4,1.0,1.102,0,110.0,0,5.5,77.09
SEC-KOTA-SWM,108.0,130.0,58.0,6.2,98.1,18.4,8,6,1.0,1.367,0,130.0,0,18.4,98.89
SEC-SWM-GGC,64.0,120.0,48.0,5.1,112.5,16.1,15,2,1.0,1.201,0,120.0,0,16.1,39.14
SEC-BTE-MTJ,35.0,100.0,48.0,4.8,77.5,6.3,5,4,1.0,1.027,0,100.0,0,6.3,25.06
SEC-GGC-BTE,120.0,110.0,98.0,9.4,89.9,6.1,1,1,1.228,1.042,0,110.0,0,6.1,99.15
SEC-KOTA-SWM,108.0,130.0,58.0,6.2,120.3,2.9,3,5,1.087,1.2,0,130.0,0,2.9,72.1
SEC-GGC-BTE,120.0,110.0,98.0,9.4,101.4,2.6,0,0,1.072,1.055,0,110.0,0,2.6,79.61
SEC-GGC-BTE,120.0,110.0,98.0,9.4,87.4,5.6,14,2,1.0,1.122,0,110.0,0,5.6,95.62
SEC-KOTA-SWM,108.0,130.0,58.0,6.2,110.6,2.0,8,2,1.157,1.062,0,130.0,0,2.0,70.67
SEC-MTJ-AGC,54.0,120.0,45.0,4.2,96.5,12.6,3,6,1.0,1.108,0,120.0,0,12.6,42.9
SEC-GGC-BTE,120.0,110.0,98.0,9.4,60.0,0.5,0,3,1.0,1.086,1,60.0,0,0.5,143.12
SEC-MTJ-AGC,54.0,120.0,45.0,4.2,111.0,8.1,5,1,1.0,1.026,0,120.0,0,8.1,25.65
SEC-KOTA-SWM,108.0,130.0,58.0,6.2,129.9,0.8,13,4,1.0,1.177,0,130.0,0,0.8,51.08
SEC-GGC-BTE,120.0,110.0,98.0,9.4,60.0,29.0,19,0,1.0,1.343,1,60.0,0,29.0,175.03
SEC-KOTA-SWM,108.0,130.0,58.0,6.2,98.0,4.8,16,5,1.0,1.033,0,130.0,0,4.8,65.1
SEC-SWM-GGC,64.0,120.0,48.0,5.1,112.5,0.9,17,2,1.147,1.219,0,120.0,0,0.9,53.03
SEC-BTE-MTJ,35.0,100.0,48.0,4.8,88.7,6.7,23,4,1.0,1.041,0,100.0,1,6.7,35.66
SEC-SWM-GGC,64.0,120.0,48.0,5.1,106.7,4.1,7,5,1.0,1.067,0,120.0,0,4.1,31.87
SEC-MTJ-AGC,54.0,120.0,45.0,4.2,111.2,8.0,21,2,1.0,1.309,0,120.0,0,8.0,36.36
SEC-MTJ-AGC,54.0,120.0,45.0,4.2,97.8,1.6,12,4,1.0,1.061,0,120.0,0,1.6,38.27
SEC-KOTA-SWM,108.0,130.0,58.0,6.2,119.4,1.3,15,0,1.0,1.153,0,130.0,0,1.3,67.72
SEC-GGC-BTE,120.0,110.0,98.0,9.4,103.8,20.3,8,1,1.0,1.46,0,110.0,0,20.3,97.13
SEC-GGC-BTE,120.0,110.0,98.0,9.4,85.0,11.7,0,2,1.0,1.194,0,110.0,0,11.7,104.32
SEC-KOTA-SWM,108.0,130.0,58.0,6.2,128.5,26.3,17,1,1.0,1.311,0,130.0,0,26.3,74.49
SEC-NDLS-KOTA,465.0,130.0,275.0,14.5,99.4,10.9,18,2,1.0,1.221,0,130.0,0,10.9,350.66
SEC-GGC-BTE,120.0,110.0,98.0,9.4,107.8,10.5,18,5,1.0,1.14,0,110.0,0,10.5,84.99
SEC-NDLS-KOTA,465.0,130.0,275.0,14.5,115.2,2.3,16,6,1.077,1.153,0,130.0,0,2.3,291.16
SEC-MTJ-AGC,54.0,120.0,45.0,4.2,98.0,1.2,14,2,1.107,1.306,0,120.0,0,1.2,44.72
SEC-MTJ-AGC,54.0,120.0,45.0,4.2,115.2,12.4,23,4,1.0,1.065,0,120.0,0,12.4,35.11
SEC-GGC-BTE,120.0,110.0,98.0,9.4,86.8,4.2,0,0,1.075,1.019,0,110.0,0,4.2,101.99
SEC-BTE-MTJ,35.0,100.0,48.0,4.8,93.3,8.0,7,4,1.255,1.216,0,100.0,0,8.0,29.57
SEC-BTE-MTJ,35.0,100.0,48.0,4.8,82.8,0.6,20,4,1.145,1.208,0,100.0,0,0.6,41.36
SEC-BTE-MTJ,35.0,100.0,48.0,4.8,81.1,4.9,20,0,1.264,1.177,0,100.0,0,4.9,42.93
SEC-SWM-GGC,64.0,120.0,48.0,5.1,60.0,7.1,14,6,1.225,1.097,1,60.0,0,7.1,92.18
SEC-SWM-GGC,64.0,120.0,48.0,5.1,105.7,3.4,14,5,1.0,1.053,0,120.0,1,3.4,52.12
SEC-MTJ-AGC,54.0,120.0,45.0,4.2,30.0,2.9,9,2,1.0,1.113,1,30.0,0,2.9,127.87
SEC-SWM-GGC,64.0,120.0,48.0,5.1,45.0,25.2,18,0,1.0,1.159,1,45.0,0,25.2,110.94
SEC-BTE-MTJ,35.0,100.0,48.0,4.8,92.6,5.3,18,1,1.0,1.22,0,100.0,0,5.3,25.61
SEC-GGC-BTE,120.0,110.0,98.0,9.4,85.5,2.5,16,3,1.073,1.06,0,110.0,0,2.5,104.51
SEC-SWM-GGC,64.0,120.0,48.0,5.1,119.7,4.1,2,3,1.0,1.142,0,120.0,0,4.1,37.39
SEC-BTE-MTJ,35.0,100.0,48.0,4.8,91.3,16.0,21,3,1.056,1.274,0,100.0,0,16.0,35.74
SEC-GGC-BTE,120.0,110.0,98.0,9.4,106.9,2.2,13,1,1.063,1.055,0,110.0,0,2.2,65.11
SEC-KOTA-SWM,108.0,130.0,58.0,6.2,108.0,0.9,1,1,1.292,1.193,0,130.0,0,0.9,89.89
SEC-GGC-BTE,120.0,110.0,98.0,9.4,96.7,0.2,17,5,1.0,1.239,0,110.0,0,0.2,80.8
SEC-GGC-BTE,120.0,110.0,98.0,9.4,105.1,8.6,12,3,1.282,1.092,0,110.0,0,8.6,113.54
SEC-KOTA-SWM,108.0,130.0,58.0,6.2,113.8,7.8,3,0,1.0,1.192,0,130.0,0,7.8,64.09
SEC-NDLS-KOTA,465.0,130.0,275.0,14.5,104.1,7.1,11,2,1.0,1.238,0,130.0,0,7.1,327.03
SEC-SWM-GGC,64.0,120.0,48.0,5.1,115.4,25.9,22,5,1.0,1.05,0,120.0,1,25.9,55.12
SEC-MTJ-AGC,54.0,120.0,45.0,4.2,101.9,5.3,5,3,1.0,1.082,0,120.0,0,5.3,29.13
SEC-BTE-MTJ,35.0,100.0,48.0,4.8,30.0,2.7,18,5,1.0,1.139,1,30.0,0,2.7,88.79
SEC-BTE-MTJ,35.0,100.0,48.0,4.8,81.6,4.4,13,0,1.217,1.089,0,100.0,0,4.4,36.27
SEC-SWM-GGC,64.0,120.0,48.0,5.1,45.0,7.9,14,5,1.18,1.048,1,45.0,0,7.9,119.39
SEC-SWM-GGC,64.0,120.0,48.0,5.1,109.1,1.6,6,5,1.185,1.175,0,120.0,0,1.6,56.45
SEC-MTJ-AGC,54.0,120.0,45.0,4.2,60.0,0.5,22,0,1.0,1.308,1,60.0,0,0.5,76.86
SEC-MTJ-AGC,54.0,120.0,45.0,4.2,45.0,3.9,14,0,1.0,1.046,1,45.0,0,3.9,80.26
SEC-GGC-BTE,120.0,110.0,98.0,9.4,91.7,3.1,14,6,1.0,1.219,0,110.0,0,3.1,87.62
SEC-KOTA-SWM,108.0,130.0,58.0,6.2,129.3,10.1,16,0,1.0,1.115,0,130.0,0,10.1,59.45
SEC-BTE-MTJ,35.0,100.0,48.0,4.8,83.9,2.5,12,6,1.0,1.049,0,100.0,0,2.5,25.28
SEC-BTE-MTJ,35.0,100.0,48.0,4.8,99.7,11.6,7,5,1.0,1.051,0,100.0,0,11.6,19.95
SEC-NDLS-KOTA,465.0,130.0,275.0,14.5,108.1,7.6,4,3,1.0,1.083,0,130.0,0,7.6,332.75
SEC-KOTA-SWM,108.0,130.0,58.0,6.2,104.6,10.5,10,5,1.0,1.368,0,130.0,0,10.5,75.07
SEC-MTJ-AGC,54.0,120.0,45.0,4.2,100.8,4.0,20,1,1.0,1.357,0,120.0,0,4.0,42.18
SEC-BTE-MTJ,35.0,100.0,48.0,4.8,98.8,7.4,10,6,1.167,1.233,0,100.0,0,7.4,21.41
SEC-SWM-GGC,64.0,120.0,48.0,5.1,45.0,2.8,20,2,1.284,1.33,1,45.0,0,2.8,147.56
SEC-SWM-GGC,64.0,120.0,48.0,5.1,111.2,4.3,13,3,1.0,1.104,0,120.0,0,4.3,36.49
SEC-NDLS-KOTA,465.0,130.0,275.0,14.5,109.3,2.3,9,2,1.24,1.218,0,130.0,0,2.3,370.43
SEC-SWM-GGC,64.0,120.0,48.0,5.1,103.3,0.6,2,6,1.299,1.148,0,120.0,0,0.6,47.47
SEC-KOTA-SWM,108.0,130.0,58.0,6.2,118.8,2.0,5,3,1.0,1.116,0,130.0,0,2.0,66.55
SEC-SWM-GGC,64.0,120.0,48.0,5.1,115.1,31.2,9,2,1.0,1.458,0,120.0,0,31.2,46.59
SEC-KOTA-SWM,108.0,130.0,58.0,6.2,127.1,4.4,14,1,1.0,1.142,0,130.0,0,4.4,56.3
SEC-SWM-GGC,64.0,120.0,48.0,5.1,103.3,3.3,15,5,1.0,1.06,0,120.0,0,3.3,38.94
SEC-BTE-MTJ,35.0,100.0,48.0,4.8,30.0,9.1,5,4,1.229,1.09,1,30.0,1,9.1,123.69
SEC-KOTA-SWM,108.0,130.0,58.0,6.2,60.0,22.8,21,4,1.0,1.114,1,60.0,1,22.8,152.76
SEC-SWM-GGC,64.0,120.0,48.0,5.1,114.2,3.6,4,0,1.0,1.09,0,120.0,0,3.6,40.03
SEC-KOTA-SWM,108.0,130.0,58.0,6.2,116.9,10.0,8,2,1.0,1.203,0,130.0,0,10.0,60.97
SEC-KOTA-SWM,108.0,130.0,58.0,6.2,130.0,2.3,23,0,1.0,1.162,0,130.0,0,2.3,58.79
SEC-MTJ-AGC,54.0,120.0,45.0,4.2,30.0,20.6,20,3,1.116,1.267,1,30.0,0,20.6,170.91
SEC-NDLS-KOTA,465.0,130.0,275.0,14.5,118.7,21.4,18,2,1.169,1.166,0,130.0,0,21.4,324.6
SEC-BTE-MTJ,35.0,100.0,48.0,4.8,82.5,3.2,16,5,1.0,1.072,0,100.0,0,3.2,26.5
SEC-MTJ-AGC,54.0,120.0,45.0,4.2,60.0,5.7,6,3,1.0,1.063,1,60.0,0,5.7,61.77
SEC-MTJ-AGC,54.0,120.0,45.0,4.2,109.6,15.3,17,2,1.059,1.396,0,120.0,0,15.3,61.42
SEC-MTJ-AGC,54.0,120.0,45.0,4.2,60.0,21.5,15,6,1.114,1.083,1,60.0,0,21.5,73.36
SEC-NDLS-KOTA,465.0,130.0,275.0,14.5,60.0,17.1,11,4,1.0,1.366,1,60.0,0,17.1,613.17
SEC-GGC-BTE,120.0,110.0,98.0,9.4,105.3,11.8,16,2,1.0,1.084,0,110.0,1,11.8,97.23
SEC-NDLS-KOTA,465.0,130.0,275.0,14.5,108.2,7.3,11,6,1.0,1.326,0,130.0,0,7.3,332.95
SEC-NDLS-KOTA,465.0,130.0,275.0,14.5,110.2,9.2,0,2,1.182,1.085,0,130.0,1,9.2,319.98
SEC-SWM-GGC,64.0,120.0,48.0,5.1,118.8,7.6,1,3,1.0,1.115,0,120.0,0,7.6,30.54
SEC-NDLS-KOTA,465.0,130.0,275.0,14.5,112.1,7.5,1,1,1.243,1.034,0,130.0,0,7.5,303.17
SEC-NDLS-KOTA,465.0,130.0,275.0,14.5,121.0,2.4,9,3,1.133,1.217,0,130.0,1,2.4,327.42
SEC-GGC-BTE,120.0,110.0,98.0,9.4,102.3,3.1,20,2,1.0,1.146,0,110.0,0,3.1,81.8
SEC-MTJ-AGC,54.0,120.0,45.0,4.2,45.0,18.9,13,1,1.159,1.157,1,45.0,0,18.9,106.84
SEC-GGC-BTE,120.0,110.0,98.0,9.4,94.8,3.8,21,0,1.0,1.269,0,110.0,0,3.8,87.19
SEC-KOTA-SWM,108.0,130.0,58.0,6.2,111.4,5.3,19,1,1.0,1.252,0,130.0,0,5.3,54.99
SEC-NDLS-KOTA,465.0,130.0,275.0,14.5,123.8,10.8,3,1,1.0,1.067,0,130.0,0,10.8,258.58
SEC-GGC-BTE,120.0,110.0,98.0,9.4,109.0,1.1,13,1,1.0,1.047,0,110.0,0,1.1,68.82
SEC-BTE-MTJ,35.0,100.0,48.0,4.8,94.4,0.0,3,0,1.0,1.042,0,100.0,0,0.0,21.07
SEC-BTE-MTJ,35.0,100.0,48.0,4.8,60.0,4.7,10,1,1.0,1.26,1,60.0,0,4.7,47.36
SEC-MTJ-AGC,54.0,120.0,45.0,4.2,109.0,3.4,13,1,1.0,1.075,0,120.0,0,3.4,34.46
SEC-BTE-MTJ,35.0,100.0,48.0,4.8,89.3,2.7,22,4,1.253,1.124,0,100.0,0,2.7,25.94
SEC-BTE-MTJ,35.0,100.0,48.0,4.8,92.2,45.8,16,3,1.0,1.138,0,100.0,0,45.8,32.03
SEC-KOTA-SWM,108.0,130.0,58.0,6.2,114.7,14.0,4,4,1.0,1.17,0,130.0,0,14.0,61.08
SEC-MTJ-AGC,54.0,120.0,45.0,4.2,104.8,10.2,14,2,1.0,1.125,0,120.0,0,10.2,32.13
SEC-SWM-GGC,64.0,120.0,48.0,5.1,45.0,9.8,10,2,1.08,1.39,1,45.0,0,9.8,135.31
SEC-SWM-GGC,64.0,120.0,48.0,5.1,30.0,6.0,6,1,1.0,1.085,1,30.0,0,6.0,154.96
SEC-NDLS-KOTA,465.0,130.0,275.0,14.5,60.0,15.8,15,0,1.053,1.103,1,60.0,0,15.8,586.37
SEC-MTJ-AGC,54.0,120.0,45.0,4.2,109.9,8.2,3,0,1.0,1.072,0,120.0,0,8.2,30.99
SEC-BTE-MTJ,35.0,100.0,48.0,4.8,85.1,27.3,18,3,1.0,1.322,0,100.0,0,27.3,42.32
SEC-SWM-GGC,64.0,120.0,48.0,5.1,102.3,2.9,10,6,1.173,1.361,0,120.0,0,2.9,59.94
SEC-SWM-GGC,64.0,120.0,48.0,5.1,91.1,3.1,7,3,1.0,1.026,0,120.0,0,3.1,45.76
SEC-MTJ-AGC,54.0,120.0,45.0,4.2,110.4,13.9,18,6,1.0,1.047,0,120.0,0,13.9,28.65
SEC-GGC-BTE,120.0,110.0,98.0,9.4,60.0,8.3,23,0,1.0,1.086,1,60.0,0,8.3,131.16
SEC-MTJ-AGC,54.0,120.0,45.0,4.2,30.0,5.5,20,1,1.0,1.411,1,30.0,1,5.5,178.72
SEC-KOTA-SWM,108.0,130.0,58.0,6.2,123.9,2.3,11,5,1.055,1.205,0,130.0,0,2.3,67.34
SEC-NDLS-KOTA,465.0,130.0,275.0,14.5,60.0,1.1,4,4,1.0,1.125,1,60.0,0,1.1,493.3
SEC-MTJ-AGC,54.0,120.0,45.0,4.2,115.1,0.1,19,3,1.0,1.243,0,120.0,0,0.1,34.33
SEC-GGC-BTE,120.0,110.0,98.0,9.4,87.8,15.2,8,4,1.0,1.147,0,110.0,0,15.2,97.58
SEC-GGC-BTE,120.0,110.0,98.0,9.4,89.0,6.2,12,4,1.0,1.147,0,110.0,1,6.2,109.47
SEC-BTE-MTJ,35.0,100.0,48.0,4.8,30.0,1.3,20,4,1.0,1.446,1,30.0,0,1.3,104.61
SEC-GGC-BTE,120.0,110.0,98.0,9.4,85.7,4.8,19,2,1.192,1.071,0,110.0,0,4.8,111.46
SEC-SWM-GGC,64.0,120.0,48.0,5.1,107.4,16.7,3,2,1.0,1.138,0,120.0,0,16.7,47.47
SEC-GGC-BTE,120.0,110.0,98.0,9.4,97.7,6.1,20,6,1.166,1.24,0,110.0,1,6.1,118.56
SEC-NDLS-KOTA,465.0,130.0,275.0,14.5,129.5,13.4,21,2,1.0,1.28,0,130.0,0,13.4,294.2
SEC-NDLS-KOTA,465.0,130.0,275.0,14.5,109.2,6.1,19,5,1.0,1.421,0,130.0,0,6.1,359.35
SEC-GGC-BTE,120.0,110.0,98.0,9.4,95.1,14.2,23,2,1.0,1.137,0,110.0,0,14.2,83.01
SEC-GGC-BTE,120.0,110.0,98.0,9.4,104.1,11.7,11,5,1.0,1.209,0,110.0,0,11.7,95.55
SEC-SWM-GGC,64.0,120.0,48.0,5.1,114.0,1.0,10,5,1.0,1.284,0,120.0,0,1.0,42.54
SEC-BTE-MTJ,35.0,100.0,48.0,4.8,96.7,0.1,16,1,1.0,1.113,0,100.0,0,0.1,21.75
SEC-NDLS-KOTA,465.0,130.0,275.0,14.5,101.8,6.9,1,4,1.0,1.116,0,130.0,0,6.9,285.7
SEC-GGC-BTE,120.0,110.0,98.0,9.4,89.7,0.5,17,6,1.0,1.29,0,110.0,0,0.5,91.16
SEC-GGC-BTE,120.0,110.0,98.0,9.4,60.0,65.8,23,2,1.0,1.198,1,60.0,0,65.8,151.71
SEC-MTJ-AGC,54.0,120.0,45.0,4.2,107.7,3.8,21,1,1.0,1.321,0,120.0,0,3.8,33.42
SEC-GGC-BTE,120.0,110.0,98.0,9.4,45.0,2.5,17,3,1.113,1.253,1,45.0,0,2.5,235.92
SEC-MTJ-AGC,54.0,120.0,45.0,4.2,93.1,0.5,6,6,1.0,1.011,0,120.0,0,0.5,40.67
SEC-KOTA-SWM,108.0,130.0,58.0,6.2,45.0,20.2,0,3,1.0,1.002,1,45.0,0,20.2,160.71
SEC-BTE-MTJ,35.0,100.0,48.0,4.8,83.7,6.8,7,3,1.141,1.067,0,100.0,0,6.8,45.28
SEC-NDLS-KOTA,465.0,130.0,275.0,14.5,118.9,24.7,5,6,1.0,1.057,0,130.0,0,24.7,259.13
SEC-BTE-MTJ,35.0,100.0,48.0,4.8,91.4,3.8,21,0,1.0,1.4,0,100.0,0,3.8,21.38
SEC-KOTA-SWM,108.0,130.0,58.0,6.2,120.7,1.7,17,0,1.0,1.189,0,130.0,0,1.7,75.48
SEC-MTJ-AGC,54.0,120.0,45.0,4.2,112.8,1.1,13,2,1.0,1.215,0,120.0,0,1.1,33.87
SEC-KOTA-SWM,108.0,130.0,58.0,6.2,101.8,2.5,18,5,1.0,1.301,0,130.0,0,2.5,75.93
SEC-GGC-BTE,120.0,110.0,98.0,9.4,60.0,1.3,16,0,1.0,1.108,1,60.0,0,1.3,153.98
SEC-KOTA-SWM,108.0,130.0,58.0,6.2,117.5,6.6,13,0,1.0,1.01,0,130.0,0,6.6,57.54
SEC-KOTA-SWM,108.0,130.0,58.0,6.2,123.1,1.6,7,0,1.0,1.249,0,130.0,0,1.6,61.19
SEC-MTJ-AGC,54.0,120.0,45.0,4.2,30.0,2.8,1,6,1.0,1.111,1,30.0,0,2.8,133.43
SEC-MTJ-AGC,54.0,120.0,45.0,4.2,93.8,11.3,21,6,1.123,1.201,0,120.0,0,11.3,45.12
SEC-NDLS-KOTA,465.0,130.0,275.0,14.5,116.4,15.7,2,0,1.0,1.059,0,130.0,0,15.7,238.66
SEC-SWM-GGC,64.0,120.0,48.0,5.1,115.3,13.3,22,0,1.0,1.058,0,120.0,1,13.3,51.21
SEC-MTJ-AGC,54.0,120.0,45.0,4.2,45.0,13.4,14,0,1.0,1.074,1,45.0,0,13.4,102.19
SEC-MTJ-AGC,54.0,120.0,45.0,4.2,98.7,5.1,2,6,1.135,1.059,0,120.0,0,5.1,46.03
SEC-SWM-GGC,64.0,120.0,48.0,5.1,104.4,12.6,3,1,1.102,1.037,0,120.0,0,12.6,43.29
SEC-NDLS-KOTA,465.0,130.0,275.0,14.5,105.7,12.5,5,4,1.0,1.221,0,130.0,0,12.5,330.91
SEC-KOTA-SWM,108.0,130.0,58.0,6.2,126.9,10.6,12,3,1.144,1.059,0,130.0,1,10.6,73.75
SEC-BTE-MTJ,35.0,100.0,48.0,4.8,60.0,10.0,0,3,1.0,1.099,1,60.0,0,10.0,39.86
SEC-NDLS-KOTA,465.0,130.0,275.0,14.5,116.8,23.6,19,0,1.0,1.236,0,130.0,0,23.6,269.95
SEC-BTE-MTJ,35.0,100.0,48.0,4.8,94.7,12.6,3,6,1.0,1.072,0,100.0,1,12.6,44.56
SEC-BTE-MTJ,35.0,100.0,48.0,4.8,95.9,0.6,7,6,1.197,1.063,0,100.0,0,0.6,29.69
SEC-NDLS-KOTA,465.0,130.0,275.0,14.5,126.8,35.9,5,3,1.0,1.039,0,130.0,0,35.9,226.57
SEC-GGC-BTE,120.0,110.0,98.0,9.4,98.3,17.2,19,4,1.0,1.44,0,110.0,0,17.2,77.35
SEC-MTJ-AGC,54.0,120.0,45.0,4.2,60.0,20.2,23,2,1.0,1.108,1,60.0,0,20.2,69.76
SEC-SWM-GGC,64.0,120.0,48.0,5.1,118.9,20.5,23,3,1.0,1.151,0,120.0,0,20.5,38.42
SEC-MTJ-AGC,54.0,120.0,45.0,4.2,100.2,20.0,20,5,1.0,1.292,0,120.0,0,20.0,48.62
SEC-SWM-GGC,64.0,120.0,48.0,5.1,100.4,7.8,14,3,1.0,1.096,0,120.0,0,7.8,44.68
SEC-GGC-BTE,120.0,110.0,98.0,9.4,86.6,21.7,13,3,1.24,1.041,0,110.0,0,21.7,138.44
SEC-GGC-BTE,120.0,110.0,98.0,9.4,106.2,22.7,3,0,1.0,1.122,0,110.0,1,22.7,104.59
SEC-MTJ-AGC,54.0,120.0,45.0,4.2,96.4,36.1,23,2,1.0,1.164,0,120.0,0,36.1,40.99
SEC-GGC-BTE,120.0,110.0,98.0,9.4,92.8,5.4,17,0,1.0,1.188,0,110.0,0,5.4,101.26
SEC-GGC-BTE,120.0,110.0,98.0,9.4,60.0,18.7,3,3,1.0,1.057,1,60.0,0,18.7,138.26
SEC-SWM-GGC,64.0,120.0,48.0,5.1,111.2,0.3,1,5,1.0,1.051,0,120.0,1,0.3,58.14
SEC-SWM-GGC,64.0,120.0,48.0,5.1,94.7,7.6,7,6,1.0,1.134,0,120.0,0,7.6,49.34
SEC-GGC-BTE,120.0,110.0,98.0,9.4,92.0,3.8,5,3,1.082,1.068,0,110.0,0,3.8,75.07
SEC-MTJ-AGC,54.0,120.0,45.0,4.2,104.3,3.0,16,0,1.0,1.06,0,120.0,0,3.0,35.66
SEC-SWM-GGC,64.0,120.0,48.0,5.1,119.2,3.8,22,6,1.0,1.104,0,120.0,1,3.8,58.99
SEC-KOTA-SWM,108.0,130.0,58.0,6.2,125.3,0.2,18,5,1.087,1.302,0,130.0,0,0.2,66.91
SEC-MTJ-AGC,54.0,120.0,45.0,4.2,101.7,5.4,14,0,1.0,1.046,0,120.0,0,5.4,40.18
SEC-GGC-BTE,120.0,110.0,98.0,9.4,30.0,37.9,3,6,1.0,1.123,1,30.0,0,37.9,289.89
SEC-MTJ-AGC,54.0,120.0,45.0,4.2,60.0,5.8,20,3,1.0,1.177,1,60.0,0,5.8,66.7
SEC-GGC-BTE,120.0,110.0,98.0,9.4,100.7,1.6,21,5,1.0,1.233,0,110.0,0,1.6,81.21
SEC-NDLS-KOTA,465.0,130.0,275.0,14.5,128.7,3.8,18,0,1.254,1.201,0,130.0,0,3.8,319.67
SEC-BTE-MTJ,35.0,100.0,48.0,4.8,60.0,41.4,9,0,1.136,1.161,1,60.0,1,41.4,55.96
SEC-SWM-GGC,64.0,120.0,48.0,5.1,107.1,16.2,0,4,1.263,1.114,0,120.0,0,16.2,58.12
SEC-NDLS-KOTA,465.0,130.0,275.0,14.5,119.1,25.8,13,4,1.0,1.13,0,130.0,0,25.8,278.12
SEC-MTJ-AGC,54.0,120.0,45.0,4.2,110.3,0.1,5,6,1.0,1.064,0,120.0,0,0.1,41.94
SEC-MTJ-AGC,54.0,120.0,45.0,4.2,102.4,27.4,17,2,1.0,1.193,0,120.0,0,27.4,60.41
SEC-SWM-GGC,64.0,120.0,48.0,5.1,117.5,9.4,3,3,1.248,1.173,0,120.0,0,9.4,41.44
SEC-KOTA-SWM,108.0,130.0,58.0,6.2,121.6,7.1,6,3,1.0,1.149,0,130.0,0,7.1,64.86
SEC-NDLS-KOTA,465.0,130.0,275.0,14.5,128.5,7.1,10,1,1.106,1.45,0,130.0,1,7.1,315.93
SEC-KOTA-SWM,108.0,130.0,58.0,6.2,109.3,5.8,10,0,1.105,1.307,0,130.0,0,5.8,81.49
SEC-SWM-GGC,64.0,120.0,48.0,5.1,95.1,31.5,16,2,1.0,1.022,0,120.0,0,31.5,56.69
SEC-MTJ-AGC,54.0,120.0,45.0,4.2,91.0,7.5,9,5,1.0,1.149,0,120.0,0,7.5,40.25
SEC-SWM-GGC,64.0,120.0,48.0,5.1,60.0,5.5,1,1,1.146,1.124,1,60.0,0,5.5,90.82
SEC-GGC-BTE,120.0,110.0,98.0,9.4,88.1,5.2,8,4,1.0,1.131,0,110.0,0,5.2,88.97
SEC-NDLS-KOTA,465.0,130.0,275.0,14.5,105.6,6.0,2,1,1.0,1.183,0,130.0,0,6.0,315.82
SEC-SWM-GGC,64.0,120.0,48.0,5.1,45.0,45.2,4,3,1.24,1.051,1,45.0,0,45.2,123.71
SEC-GGC-BTE,120.0,110.0,98.0,9.4,100.0,16.5,18,2,1.0,1.389,0,110.0,0,16.5,103.19
SEC-GGC-BTE,120.0,110.0,98.0,9.4,30.0,3.6,19,6,1.271,1.36,1,30.0,0,3.6,416.16
SEC-BTE-MTJ,35.0,100.0,48.0,4.8,87.7,19.9,14,1,1.0,1.028,0,100.0,0,19.9,30.89
SEC-BTE-MTJ,35.0,100.0,48.0,4.8,79.0,1.3,8,4,1.0,1.238,0,100.0,0,1.3,23.38
SEC-SWM-GGC,64.0,120.0,48.0,5.1,119.3,31.2,3,0,1.0,1.107,0,120.0,0,31.2,38.81
SEC-KOTA-SWM,108.0,130.0,58.0,6.2,102.4,2.5,2,1,1.0,1.058,0,130.0,0,2.5,74.33
SEC-MTJ-AGC,54.0,120.0,45.0,4.2,114.3,2.7,6,5,1.085,1.051,0,120.0,0,2.7,36.6
SEC-SWM-GGC,64.0,120.0,48.0,5.1,107.3,8.8,16,4,1.0,1.177,0,120.0,0,8.8,44.44
SEC-GGC-BTE,120.0,110.0,98.0,9.4,105.3,22.9,12,0,1.0,1.103,0,110.0,0,22.9,106.91
SEC-MTJ-AGC,54.0,120.0,45.0,4.2,106.5,6.1,1,3,1.0,1.1,0,120.0,0,6.1,36.4
SEC-MTJ-AGC,54.0,120.0,45.0,4.2,110.2,1.4,15,4,1.0,1.123,0,120.0,0,1.4,34.83
SEC-BTE-MTJ,35.0,100.0,48.0,4.8,93.1,26.0,6,2,1.298,1.092,0,100.0,0,26.0,39.38
SEC-BTE-MTJ,35.0,100.0,48.0,4.8,99.0,38.4,10,5,1.19,1.198,0,100.0,0,38.4,33.46
SEC-GGC-BTE,120.0,110.0,98.0,9.4,86.6,6.0,3,3,1.0,1.048,0,110.0,0,6.0,83.21
SEC-GGC-BTE,120.0,110.0,98.0,9.4,108.4,1.4,18,0,1.13,1.127,0,110.0,0,1.4,80.62
SEC-BTE-MTJ,35.0,100.0,48.0,4.8,76.4,65.9,6,1,1.0,1.198,0,100.0,0,65.9,38.42
SEC-SWM-GGC,64.0,120.0,48.0,5.1,30.0,4.2,9,1,1.0,1.093,1,30.0,0,4.2,158.66
SEC-BTE-MTJ,35.0,100.0,48.0,4.8,83.7,0.7,5,4,1.0,1.126,0,100.0,0,0.7,30.68
SEC-GGC-BTE,120.0,110.0,98.0,9.4,95.6,6.9,13,0,1.202,1.103,0,110.0,0,6.9,102.69
SEC-GGC-BTE,120.0,110.0,98.0,9.4,30.0,6.4,15,5,1.0,1.067,1,30.0,0,6.4,279.85
SEC-BTE-MTJ,35.0,100.0,48.0,4.8,99.4,16.8,13,1,1.0,1.157,0,100.0,0,16.8,27.36
SEC-NDLS-KOTA,465.0,130.0,275.0,14.5,103.4,0.1,17,1,1.058,1.281,0,130.0,0,0.1,339.71
SEC-MTJ-AGC,54.0,120.0,45.0,4.2,115.2,1.5,0,3,1.0,1.086,0,120.0,0,1.5,29.11
SEC-SWM-GGC,64.0,120.0,48.0,5.1,30.0,13.0,13,2,1.0,1.039,1,30.0,0,13.0,153.89
SEC-BTE-MTJ,35.0,100.0,48.0,4.8,97.5,9.3,2,5,1.0,1.14,0,100.0,0,9.3,27.83
SEC-KOTA-SWM,108.0,130.0,58.0,6.2,128.5,1.3,13,2,1.0,1.146,0,130.0,1,1.3,80.14
SEC-MTJ-AGC,54.0,120.0,45.0,4.2,93.6,21.6,5,2,1.0,1.094,0,120.0,0,21.6,44.11
SEC-SWM-GGC,64.0,120.0,48.0,5.1,100.9,22.2,11,3,1.072,1.148,0,120.0,0,22.2,44.66
SEC-NDLS-KOTA,465.0,130.0,275.0,14.5,119.9,10.6,22,4,1.0,1.088,0,130.0,0,10.6,248.59
SEC-BTE-MTJ,35.0,100.0,48.0,4.8,91.4,2.4,22,0,1.0,1.106,0,100.0,0,2.4,23.69
SEC-GGC-BTE,120.0,110.0,98.0,9.4,30.0,15.5,23,1,1.0,1.126,1,30.0,0,15.5,278.5
SEC-SWM-GGC,64.0,120.0,48.0,5.1,116.1,30.7,0,6,1.0,1.07,0,120.0,0,30.7,30.4
SEC-SWM-GGC,64.0,120.0,48.0,5.1,93.0,8.1,19,2,1.0,1.303,0,120.0,0,8.1,54.45
SEC-SWM-GGC,64.0,120.0,48.0,5.1,110.0,29.0,9,3,1.0,1.255,0,120.0,0,29.0,52.64
SEC-SWM-GGC,64.0,120.0,48.0,5.1,98.9,7.4,11,2,1.0,1.388,0,120.0,0,7.4,59.63
SEC-GGC-BTE,120.0,110.0,98.0,9.4,60.0,6.6,21,3,1.0,1.065,1,60.0,0,6.6,118.37
SEC-GGC-BTE,120.0,110.0,98.0,9.4,99.9,6.7,15,0,1.0,1.027,0,110.0,0,6.7,88.05
SEC-SWM-GGC,64.0,120.0,48.0,5.1,96.4,2.3,8,2,1.0,1.272,0,120.0,0,2.3,46.91
SEC-KOTA-SWM,108.0,130.0,58.0,6.2,30.0,8.8,8,3,1.0,1.254,1,30.0,0,8.8,285.92
SEC-SWM-GGC,64.0,120.0,48.0,5.1,103.8,9.2,10,5,1.0,1.12,0,120.0,0,9.2,47.37
SEC-NDLS-KOTA,465.0,130.0,275.0,14.5,112.6,1.9,1,3,1.0,1.108,0,130.0,0,1.9,272.91
SEC-NDLS-KOTA,465.0,130.0,275.0,14.5,118.2,1.3,12,6,1.0,1.069,0,130.0,0,1.3,248.88
SEC-GGC-BTE,120.0,110.0,98.0,9.4,86.3,0.8,20,3,1.0,1.182,0,110.0,0,0.8,90.15
SEC-BTE-MTJ,35.0,100.0,48.0,4.8,84.7,1.5,18,4,1.0,1.199,0,100.0,0,1.5,35.36
SEC-SWM-GGC,64.0,120.0,48.0,5.1,109.3,0.2,19,4,1.0,1.183,0,120.0,0,0.2,44.08
SEC-MTJ-AGC,54.0,120.0,45.0,4.2,105.2,5.2,22,2,1.0,1.013,0,120.0,0,5.2,25.82
SEC-NDLS-KOTA,465.0,130.0,275.0,14.5,30.0,2.3,2,6,1.0,1.084,1,30.0,0,2.3,999.21
SEC-NDLS-KOTA,465.0,130.0,275.0,14.5,101.1,2.2,22,0,1.0,1.081,0,130.0,0,2.2,283.51
SEC-SWM-GGC,64.0,120.0,48.0,5.1,60.0,7.3,15,1,1.0,1.184,1,60.0,0,7.3,79.72
SEC-NDLS-KOTA,465.0,130.0,275.0,14.5,110.2,1.0,21,3,1.0,1.291,0,130.0,1,1.0,324.61
SEC-GGC-BTE,120.0,110.0,98.0,9.4,45.0,9.6,2,3,1.0,1.034,1,45.0,0,9.6,169.31
SEC-SWM-GGC,64.0,120.0,48.0,5.1,106.4,14.3,19,0,1.108,1.343,0,120.0,0,14.3,39.79
SEC-NDLS-KOTA,465.0,130.0,275.0,14.5,127.1,1.2,22,0,1.0,1.091,0,130.0,1,1.2,262.93
SEC-KOTA-SWM,108.0,130.0,58.0,6.2,118.0,3.0,10,3,1.0,1.285,0,130.0,0,3.0,59.83
SEC-GGC-BTE,120.0,110.0,98.0,9.4,84.9,7.6,0,0,1.13,1.045,0,110.0,0,7.6,108.73
SEC-BTE-MTJ,35.0,100.0,48.0,4.8,76.2,2.5,15,4,1.153,1.196,0,100.0,0,2.5,39.11
SEC-BTE-MTJ,35.0,100.0,48.0,4.8,84.2,0.1,3,1,1.099,1.146,0,100.0,0,0.1,29.35
SEC-MTJ-AGC,54.0,120.0,45.0,4.2,99.0,10.0,17,3,1.0,1.097,0,120.0,1,10.0,48.5
SEC-SWM-GGC,64.0,120.0,48.0,5.1,60.0,31.5,7,6,1.0,1.126,1,60.0,0,31.5,82.77
SEC-MTJ-AGC,54.0,120.0,45.0,4.2,93.5,4.3,15,3,1.0,1.097,0,120.0,0,4.3,44.14
SEC-GGC-BTE,120.0,110.0,98.0,9.4,96.3,21.1,4,4,1.0,1.08,0,110.0,0,21.1,67.81
SEC-KOTA-SWM,108.0,130.0,58.0,6.2,30.0,4.4,13,2,1.296,1.076,1,30.0,0,4.4,323.24
SEC-MTJ-AGC,54.0,120.0,45.0,4.2,60.0,7.5,7,1,1.0,1.092,1,60.0,0,7.5,67.37
SEC-KOTA-SWM,108.0,130.0,58.0,6.2,60.0,26.3,21,3,1.0,1.102,1,60.0,0,26.3,141.32
SEC-KOTA-SWM,108.0,130.0,58.0,6.2,128.1,23.2,9,5,1.0,1.258,0,130.0,0,23.2,69.46
SEC-BTE-MTJ,35.0,100.0,48.0,4.8,86.7,5.0,22,0,1.0,1.095,0,100.0,1,5.0,35.34
SEC-MTJ-AGC,54.0,120.0,45.0,4.2,95.9,4.1,4,2,1.0,1.166,0,120.0,0,4.1,36.88
SEC-KOTA-SWM,108.0,130.0,58.0,6.2,129.9,5.3,19,3,1.291,1.25,0,130.0,0,5.3,81.67
SEC-KOTA-SWM,108.0,130.0,58.0,6.2,60.0,17.2,16,5,1.0,1.151,1,60.0,0,17.2,135.14
SEC-BTE-MTJ,35.0,100.0,48.0,4.8,89.4,24.4,1,6,1.0,1.25,0,100.0,0,24.4,31.45
SEC-BTE-MTJ,35.0,100.0,48.0,4.8,75.5,3.9,11,6,1.0,1.345,0,100.0,0,3.9,35.58
SEC-BTE-MTJ,35.0,100.0,48.0,4.8,96.3,4.2,9,2,1.0,1.182,0,100.0,0,4.2,25.47
SEC-MTJ-AGC,54.0,120.0,45.0,4.2,110.8,16.2,14,1,1.0,1.08,0,120.0,0,16.2,28.76
SEC-SWM-GGC,64.0,120.0,48.0,5.1,118.9,34.5,17,1,1.0,1.2,0,120.0,0,34.5,42.63
SEC-KOTA-SWM,108.0,130.0,58.0,6.2,103.7,3.4,15,4,1.0,1.047,0,130.0,0,3.4,72.69
SEC-NDLS-KOTA,465.0,130.0,275.0,14.5,105.1,3.1,3,6,1.271,1.049,0,130.0,0,3.1,347.46
SEC-GGC-BTE,120.0,110.0,98.0,9.4,90.5,7.3,8,2,1.241,1.254,0,110.0,0,7.3,89.14
SEC-SWM-GGC,64.0,120.0,48.0,5.1,45.0,4.0,14,0,1.0,1.147,1,45.0,1,4.0,127.95
SEC-NDLS-KOTA,465.0,130.0,275.0,14.5,119.9,3.4,20,4,1.0,1.292,0,130.0,0,3.4,297.76
SEC-GGC-BTE,120.0,110.0,98.0,9.4,94.6,9.4,5,6,1.0,1.213,0,110.0,0,9.4,67.8
SEC-SWM-GGC,64.0,120.0,48.0,5.1,103.2,2.6,17,2,1.0,1.104,0,120.0,0,2.6,47.36
SEC-SWM-GGC,64.0,120.0,48.0,5.1,107.3,0.1,2,0,1.135,1.054,0,120.0,0,0.1,41.01
SEC-MTJ-AGC,54.0,120.0,45.0,4.2,45.0,9.9,20,5,1.0,1.413,1,45.0,0,9.9,104.31
SEC-KOTA-SWM,108.0,130.0,58.0,6.2,115.1,5.9,4,5,1.0,1.111,0,130.0,0,5.9,55.42
SEC-GGC-BTE,120.0,110.0,98.0,9.4,98.9,25.4,20,6,1.181,1.34,0,110.0,0,25.4,95.32
SEC-GGC-BTE,120.0,110.0,98.0,9.4,95.2,4.6,0,4,1.0,1.137,0,110.0,0,4.6,79.65
SEC-GGC-BTE,120.0,110.0,98.0,9.4,109.4,15.3,7,4,1.0,1.228,0,110.0,0,15.3,68.83
SEC-NDLS-KOTA,465.0,130.0,275.0,14.5,124.8,9.1,18,1,1.0,1.484,0,130.0,0,9.1,284.38
SEC-NDLS-KOTA,465.0,130.0,275.0,14.5,105.4,21.7,0,1,1.0,1.189,0,130.0,0,21.7,306.22
SEC-SWM-GGC,64.0,120.0,48.0,5.1,45.0,11.8,0,6,1.0,1.142,1,45.0,0,11.8,110.39
SEC-MTJ-AGC,54.0,120.0,45.0,4.2,104.5,0.1,12,4,1.0,1.172,0,120.0,0,0.1,36.07
SEC-MTJ-AGC,54.0,120.0,45.0,4.2,30.0,0.8,4,0,1.0,1.073,1,30.0,0,0.8,140.48
SEC-GGC-BTE,120.0,110.0,98.0,9.4,60.0,16.0,10,6,1.0,1.214,1,60.0,0,16.0,172.14
SEC-BTE-MTJ,35.0,100.0,48.0,4.8,76.4,1.5,2,6,1.0,1.037,0,100.0,0,1.5,20.48
SEC-NDLS-KOTA,465.0,130.0,275.0,14.5,129.6,8.1,2,2,1.0,1.156,0,130.0,0,8.1,229.17
SEC-MTJ-AGC,54.0,120.0,45.0,4.2,118.4,11.4,8,3,1.134,1.221,0,120.0,0,11.4,38.65
SEC-SWM-GGC,64.0,120.0,48.0,5.1,98.5,8.1,19,3,1.0,1.2,0,120.0,1,8.1,70.39
SEC-NDLS-KOTA,465.0,130.0,275.0,14.5,101.5,1.9,9,3,1.0,1.255,0,130.0,0,1.9,332.04
SEC-BTE-MTJ,35.0,100.0,48.0,4.8,88.3,7.4,16,6,1.059,1.101,0,100.0,0,7.4,34.76
SEC-BTE-MTJ,35.0,100.0,48.0,4.8,77.6,36.7,2,1,1.0,1.03,0,100.0,0,36.7,37.79
SEC-NDLS-KOTA,465.0,130.0,275.0,14.5,126.5,11.2,11,1,1.0,1.269,0,130.0,0,11.2,274.36
SEC-KOTA-SWM,108.0,130.0,58.0,6.2,101.9,2.6,19,5,1.0,1.343,0,130.0,0,2.6,79.93
SEC-KOTA-SWM,108.0,130.0,58.0,6.2,125.8,0.8,7,5,1.0,1.184,0,130.0,0,0.8,75.59
SEC-BTE-MTJ,35.0,100.0,48.0,4.8,79.6,0.8,15,1,1.0,1.128,0,100.0,0,0.8,26.66
SEC-MTJ-AGC,54.0,120.0,45.0,4.2,104.9,13.6,17,1,1.0,1.149,0,120.0,0,13.6,33.89
SEC-NDLS-KOTA,465.0,130.0,275.0,14.5,111.9,1.0,11,6,1.0,1.094,0,130.0,0,1.0,255.68
SEC-BTE-MTJ,35.0,100.0,48.0,4.8,89.7,48.8,15,6,1.0,1.027,0,100.0,0,48.8,39.62
SEC-KOTA-SWM,108.0,130.0,58.0,6.2,110.8,3.6,22,0,1.0,1.07,0,130.0,0,3.6,53.61
SEC-GGC-BTE,120.0,110.0,98.0,9.4,30.0,1.6,13,5,1.145,1.118,1,30.0,1,1.6,338.49
SEC-SWM-GGC,64.0,120.0,48.0,5.1,108.4,8.9,6,0,1.0,1.086,0,120.0,0,8.9,31.11
SEC-KOTA-SWM,108.0,130.0,58.0,6.2,111.4,0.2,4,1,1.0,1.138,0,130.0,0,0.2,53.02
SEC-SWM-GGC,64.0,120.0,48.0,5.1,95.7,23.5,15,6,1.0,1.113,0,120.0,0,23.5,49.46
SEC-KOTA-SWM,108.0,130.0,58.0,6.2,110.2,9.9,6,1,1.102,1.167,0,130.0,0,9.9,63.44
SEC-NDLS-KOTA,465.0,130.0,275.0,14.5,102.1,9.0,18,5,1.0,1.248,0,130.0,0,9.0,315.32
SEC-KOTA-SWM,108.0,130.0,58.0,6.2,127.1,1.1,2,3,1.249,1.006,0,130.0,0,1.1,52.31
SEC-MTJ-AGC,54.0,120.0,45.0,4.2,103.2,3.7,18,6,1.0,1.036,0,120.0,0,3.7,25.97
SEC-NDLS-KOTA,465.0,130.0,275.0,14.5,105.6,4.5,13,5,1.0,1.1,0,130.0,0,4.5,289.1
SEC-KOTA-SWM,108.0,130.0,58.0,6.2,115.6,16.0,23,0,1.157,1.076,0,130.0,0,16.0,57.7
SEC-GGC-BTE,120.0,110.0,98.0,9.4,105.2,18.1,11,4,1.0,1.075,0,110.0,0,18.1,65.62
SEC-NDLS-KOTA,465.0,130.0,275.0,14.5,129.7,10.2,6,6,1.0,1.161,0,130.0,0,10.2,258.18
SEC-SWM-GGC,64.0,120.0,48.0,5.1,60.0,10.0,14,4,1.0,1.033,1,60.0,0,10.0,76.42
SEC-MTJ-AGC,54.0,120.0,45.0,4.2,108.7,3.1,10,4,1.0,1.323,0,120.0,0,3.1,58.5
SEC-KOTA-SWM,108.0,130.0,58.0,6.2,127.3,2.8,7,6,1.0,1.183,0,130.0,0,2.8,58.29
SEC-NDLS-KOTA,465.0,130.0,275.0,14.5,127.7,0.3,3,2,1.0,1.159,0,130.0,0,0.3,213.61
SEC-SWM-GGC,64.0,120.0,48.0,5.1,115.8,6.4,12,6,1.0,1.111,0,120.0,0,6.4,35.57
SEC-MTJ-AGC,54.0,120.0,45.0,4.2,30.0,17.7,12,0,1.0,1.167,1,30.0,0,17.7,154.21
SEC-NDLS-KOTA,465.0,130.0,275.0,14.5,117.7,5.3,17,2,1.0,1.376,0,130.0,0,5.3,303.84
SEC-KOTA-SWM,108.0,130.0,58.0,6.2,101.2,1.1,22,4,1.0,1.056,0,130.0,0,1.1,65.14
SEC-GGC-BTE,120.0,110.0,98.0,9.4,91.0,6.5,13,4,1.0,1.098,0,110.0,0,6.5,84.99
SEC-MTJ-AGC,54.0,120.0,45.0,4.2,105.3,6.3,17,3,1.0,1.218,0,120.0,0,6.3,29.77
SEC-GGC-BTE,120.0,110.0,98.0,9.4,101.3,15.0,13,5,1.255,1.018,0,110.0,0,15.0,103.97
SEC-MTJ-AGC,54.0,120.0,45.0,4.2,97.2,9.4,12,5,1.17,1.134,0,120.0,0,9.4,49.11
SEC-GGC-BTE,120.0,110.0,98.0,9.4,45.0,0.4,9,6,1.0,1.24,1,45.0,0,0.4,204.52
SEC-MTJ-AGC,54.0,120.0,45.0,4.2,45.0,4.6,1,1,1.0,1.101,1,45.0,0,4.6,89.01
SEC-SWM-GGC,64.0,120.0,48.0,5.1,97.0,1.1,22,4,1.0,1.086,0,120.0,0,1.1,37.49
SEC-KOTA-SWM,108.0,130.0,58.0,6.2,116.2,3.4,9,2,1.115,1.22,0,130.0,0,3.4,74.47
SEC-NDLS-KOTA,465.0,130.0,275.0,14.5,119.7,13.6,6,3,1.0,1.085,0,130.0,0,13.6,249.03
SEC-KOTA-SWM,108.0,130.0,58.0,6.2,45.0,2.0,23,5,1.0,1.067,1,45.0,0,2.0,165.12
SEC-NDLS-KOTA,465.0,130.0,275.0,14.5,128.5,20.5,9,3,1.0,1.381,0,130.0,0,20.5,261.4
SEC-MTJ-AGC,54.0,120.0,45.0,4.2,103.6,5.2,1,2,1.138,1.082,0,120.0,0,5.2,35.89
SEC-GGC-BTE,120.0,110.0,98.0,9.4,30.0,8.4,18,4,1.0,1.331,1,30.0,0,8.4,315.32
SEC-KOTA-SWM,108.0,130.0,58.0,6.2,45.0,6.0,1,2,1.0,1.108,1,45.0,0,6.0,173.69
SEC-MTJ-AGC,54.0,120.0,45.0,4.2,101.1,2.8,0,5,1.0,1.033,0,120.0,0,2.8,30.83
SEC-KOTA-SWM,108.0,130.0,58.0,6.2,60.0,39.7,7,4,1.0,1.108,1,60.0,0,39.7,149.19
SEC-GGC-BTE,120.0,110.0,98.0,9.4,45.0,4.2,5,3,1.0,1.081,1,45.0,0,4.2,198.19
SEC-SWM-GGC,64.0,120.0,48.0,5.1,45.0,10.1,9,2,1.0,1.358,1,45.0,0,10.1,120.32
SEC-SWM-GGC,64.0,120.0,48.0,5.1,118.7,2.8,22,3,1.0,1.146,0,120.0,0,2.8,36.28
SEC-MTJ-AGC,54.0,120.0,45.0,4.2,118.8,2.3,13,2,1.0,1.147,0,120.0,0,2.3,29.42
SEC-SWM-GGC,64.0,120.0,48.0,5.1,30.0,10.5,15,6,1.0,1.121,1,30.0,0,10.5,179.32
SEC-SWM-GGC,64.0,120.0,48.0,5.1,92.5,0.1,3,2,1.0,1.027,0,120.0,0,0.1,48.36
SEC-BTE-MTJ,35.0,100.0,48.0,4.8,60.0,24.4,15,6,1.0,1.078,1,60.0,0,24.4,47.39
SEC-GGC-BTE,120.0,110.0,98.0,9.4,103.1,0.0,20,4,1.0,1.222,0,110.0,0,0.0,74.31
SEC-KOTA-SWM,108.0,130.0,58.0,6.2,116.6,36.8,16,6,1.0,1.12,0,130.0,0,36.8,67.61
SEC-KOTA-SWM,108.0,130.0,58.0,6.2,103.7,2.8,20,1,1.0,1.169,0,130.0,0,2.8,70.3
SEC-GGC-BTE,120.0,110.0,98.0,9.4,45.0,3.5,1,1,1.0,1.028,1,45.0,1,3.5,177.96
SEC-KOTA-SWM,108.0,130.0,58.0,6.2,30.0,3.2,12,3,1.13,1.085,1,30.0,0,3.2,266.87
SEC-GGC-BTE,120.0,110.0,98.0,9.4,104.0,3.6,13,0,1.0,1.031,0,110.0,0,3.6,62.18
SEC-GGC-BTE,120.0,110.0,98.0,9.4,88.5,10.8,0,0,1.0,1.159,0,110.0,0,10.8,99.14
SEC-BTE-MTJ,35.0,100.0,48.0,4.8,85.1,9.6,8,4,1.227,1.329,0,100.0,0,9.6,49.23
SEC-NDLS-KOTA,465.0,130.0,275.0,14.5,105.0,3.7,20,5,1.0,1.258,0,130.0,1,3.7,343.71
SEC-GGC-BTE,120.0,110.0,98.0,9.4,60.0,2.8,19,5,1.0,1.267,1,60.0,0,2.8,162.33
SEC-SWM-GGC,64.0,120.0,48.0,5.1,118.5,5.5,10,3,1.139,1.22,0,120.0,0,5.5,38.52
SEC-MTJ-AGC,54.0,120.0,45.0,4.2,60.0,11.5,11,5,1.192,1.32,1,60.0,0,11.5,87.18
SEC-GGC-BTE,120.0,110.0,98.0,9.4,100.5,14.1,0,1,1.0,1.033,0,110.0,0,14.1,75.32
SEC-GGC-BTE,120.0,110.0,98.0,9.4,30.0,18.0,2,3,1.0,1.105,1,30.0,0,18.0,268.28
SEC-KOTA-SWM,108.0,130.0,58.0,6.2,100.6,10.4,17,0,1.0,1.127,0,130.0,0,10.4,68.37
SEC-SWM-GGC,64.0,120.0,48.0,5.1,100.4,54.0,8,2,1.093,1.113,0,120.0,1,54.0,62.67
SEC-GGC-BTE,120.0,110.0,98.0,9.4,60.0,12.6,3,6,1.0,1.108,1,60.0,0,12.6,139.31
SEC-BTE-MTJ,35.0,100.0,48.0,4.8,79.3,1.1,3,2,1.0,1.072,0,100.0,0,1.1,32.05
SEC-MTJ-AGC,54.0,120.0,45.0,4.2,117.9,2.7,18,2,1.0,1.156,0,120.0,0,2.7,36.12
SEC-MTJ-AGC,54.0,120.0,45.0,4.2,119.2,2.8,0,3,1.0,1.227,0,120.0,0,2.8,36.67
SEC-KOTA-SWM,108.0,130.0,58.0,6.2,122.2,0.0,11,3,1.118,1.118,0,130.0,0,0.0,55.11
SEC-MTJ-AGC,54.0,120.0,45.0,4.2,97.9,7.3,5,1,1.0,1.187,0,120.0,0,7.3,36.46
SEC-SWM-GGC,64.0,120.0,48.0,5.1,98.3,0.1,15,0,1.289,1.055,0,120.0,0,0.1,57.7
SEC-NDLS-KOTA,465.0,130.0,275.0,14.5,30.0,11.7,0,6,1.0,1.092,1,30.0,0,11.7,1032.4
SEC-BTE-MTJ,35.0,100.0,48.0,4.8,93.2,29.9,14,6,1.059,1.156,0,100.0,0,29.9,26.3
SEC-MTJ-AGC,54.0,120.0,45.0,4.2,45.0,2.0,17,3,1.0,1.216,1,45.0,0,2.0,92.44
SEC-GGC-BTE,120.0,110.0,98.0,9.4,104.4,6.6,13,1,1.0,1.138,0,110.0,0,6.6,90.95
SEC-SWM-GGC,64.0,120.0,48.0,5.1,119.5,6.8,2,3,1.139,1.144,0,120.0,0,6.8,43.64
SEC-KOTA-SWM,108.0,130.0,58.0,6.2,104.3,17.2,12,0,1.11,1.2,0,130.0,0,17.2,75.63
SEC-MTJ-AGC,54.0,120.0,45.0,4.2,111.9,1.8,9,3,1.0,1.177,0,120.0,0,1.8,33.34
SEC-KOTA-SWM,108.0,130.0,58.0,6.2,103.5,2.4,13,4,1.0,1.119,0,130.0,0,2.4,79.64
SEC-SWM-GGC,64.0,120.0,48.0,5.1,97.3,10.8,8,5,1.0,1.254,0,120.0,0,10.8,46.69
SEC-NDLS-KOTA,465.0,130.0,275.0,14.5,114.7,12.9,23,5,1.0,1.084,0,130.0,0,12.9,272.67
SEC-BTE-MTJ,35.0,100.0,48.0,4.8,30.0,6.0,2,3,1.0,1.146,1,30.0,0,6.0,100.87
SEC-NDLS-KOTA,465.0,130.0,275.0,14.5,112.0,1.4,11,4,1.0,1.208,0,130.0,0,1.4,292.19
SEC-KOTA-SWM,108.0,130.0,58.0,6.2,101.2,4.8,12,5,1.0,1.081,0,130.0,0,4.8,67.24
SEC-MTJ-AGC,54.0,120.0,45.0,4.2,114.7,12.6,6,0,1.137,1.062,0,120.0,0,12.6,39.77
SEC-NDLS-KOTA,465.0,130.0,275.0,14.5,118.2,0.5,14,4,1.0,1.134,0,130.0,0,0.5,262.44
SEC-KOTA-SWM,108.0,130.0,58.0,6.2,119.4,2.0,3,4,1.0,1.139,0,130.0,0,2.0,62.24
SEC-BTE-MTJ,35.0,100.0,48.0,4.8,87.9,12.0,6,0,1.154,1.035,0,100.0,0,12.0,28.19
SEC-NDLS-KOTA,465.0,130.0,275.0,14.5,119.1,16.8,11,6,1.151,1.192,0,130.0,0,16.8,323.25
SEC-NDLS-KOTA,465.0,130.0,275.0,14.5,121.7,10.0,8,6,1.0,1.218,0,130.0,0,10.0,288.41
SEC-BTE-MTJ,35.0,100.0,48.0,4.8,84.0,2.6,21,1,1.0,1.4,0,100.0,0,2.6,37.86
SEC-MTJ-AGC,54.0,120.0,45.0,4.2,113.7,5.6,1,2,1.082,1.169,0,120.0,0,5.6,25.65
SEC-MTJ-AGC,54.0,120.0,45.0,4.2,94.1,11.7,5,4,1.0,1.046,0,120.0,1,11.7,64.54
SEC-BTE-MTJ,35.0,100.0,48.0,4.8,86.4,3.7,21,6,1.0,1.434,0,100.0,0,3.7,37.19
SEC-SWM-GGC,64.0,120.0,48.0,5.1,106.9,12.3,6,0,1.0,1.213,0,120.0,0,12.3,35.39
SEC-BTE-MTJ,35.0,100.0,48.0,4.8,30.0,4.5,14,3,1.117,1.097,1,30.0,1,4.5,123.42
SEC-KOTA-SWM,108.0,130.0,58.0,6.2,111.0,4.6,1,6,1.134,1.128,0,130.0,0,4.6,76.63
SEC-GGC-BTE,120.0,110.0,98.0,9.4,89.4,13.6,20,6,1.0,1.184,0,110.0,0,13.6,83.49
SEC-KOTA-SWM,108.0,130.0,58.0,6.2,117.7,25.0,8,0,1.0,1.406,0,130.0,0,25.0,69.47
SEC-GGC-BTE,120.0,110.0,98.0,9.4,89.3,7.0,17,6,1.0,1.244,0,110.0,0,7.0,90.9
SEC-BTE-MTJ,35.0,100.0,48.0,4.8,98.0,0.0,3,6,1.0,1.125,0,100.0,0,0.0,33.04
SEC-NDLS-KOTA,465.0,130.0,275.0,14.5,114.4,20.6,14,3,1.0,1.083,0,130.0,0,20.6,264.84
SEC-GGC-BTE,120.0,110.0,98.0,9.4,89.1,5.3,11,5,1.0,1.248,0,110.0,0,5.3,91.85
SEC-SWM-GGC,64.0,120.0,48.0,5.1,92.3,5.2,0,0,1.082,1.096,0,120.0,0,5.2,59.43
SEC-NDLS-KOTA,465.0,130.0,275.0,14.5,99.0,10.3,14,1,1.096,1.139,0,130.0,0,10.3,330.1
SEC-BTE-MTJ,35.0,100.0,48.0,4.8,78.0,0.7,10,2,1.136,1.419,0,100.0,0,0.7,38.7
SEC-GGC-BTE,120.0,110.0,98.0,9.4,97.2,7.9,3,6,1.0,1.036,0,110.0,0,7.9,93.46
SEC-MTJ-AGC,54.0,120.0,45.0,4.2,108.2,5.9,5,5,1.131,1.005,0,120.0,0,5.9,30.65
SEC-KOTA-SWM,108.0,130.0,58.0,6.2,119.0,12.2,1,0,1.108,1.115,0,130.0,0,12.2,70.39
SEC-BTE-MTJ,35.0,100.0,48.0,4.8,95.4,10.0,8,3,1.092,1.319,0,100.0,0,10.0,33.61
SEC-GGC-BTE,120.0,110.0,98.0,9.4,104.6,30.7,13,6,1.0,1.047,0,110.0,0,30.7,75.76
SEC-NDLS-KOTA,465.0,130.0,275.0,14.5,108.1,4.8,18,1,1.0,1.383,0,130.0,0,4.8,327.23
SEC-MTJ-AGC,54.0,120.0,45.0,4.2,118.0,2.4,13,3,1.0,1.133,0,120.0,0,2.4,32.08
SEC-BTE-MTJ,35.0,100.0,48.0,4.8,96.1,4.5,10,2,1.0,1.263,0,100.0,0,4.5,33.86
SEC-KOTA-SWM,108.0,130.0,58.0,6.2,45.0,9.8,17,3,1.086,1.323,1,45.0,0,9.8,208.97
SEC-MTJ-AGC,54.0,120.0,45.0,4.2,93.9,2.4,20,5,1.0,1.246,0,120.0,0,2.4,35.82
SEC-KOTA-SWM,108.0,130.0,58.0,6.2,101.0,1.7,11,6,1.0,1.27,0,130.0,0,1.7,81.27
SEC-BTE-MTJ,35.0,100.0,48.0,4.8,95.8,7.1,22,1,1.0,1.105,0,100.0,0,7.1,29.13
SEC-NDLS-KOTA,465.0,130.0,275.0,14.5,126.3,0.0,0,4,1.0,1.019,0,130.0,0,0.0,226.41
SEC-BTE-MTJ,35.0,100.0,48.0,4.8,80.6,2.7,5,5,1.108,1.122,0,100.0,0,2.7,33.59
SEC-MTJ-AGC,54.0,120.0,45.0,4.2,100.2,18.0,2,0,1.0,1.072,0,120.0,0,18.0,45.94
SEC-MTJ-AGC,54.0,120.0,45.0,4.2,30.0,17.3,2,0,1.084,1.088,1,30.0,0,17.3,147.55
SEC-MTJ-AGC,54.0,120.0,45.0,4.2,101.0,5.1,18,1,1.0,1.305,0,120.0,0,5.1,41.49
SEC-KOTA-SWM,108.0,130.0,58.0,6.2,105.5,8.1,16,5,1.0,1.284,0,130.0,0,8.1,77.33
SEC-BTE-MTJ,35.0,100.0,48.0,4.8,30.0,9.0,3,4,1.0,1.058,1,30.0,0,9.0,84.16
SEC-NDLS-KOTA,465.0,130.0,275.0,14.5,122.1,20.1,0,1,1.11,1.103,0,130.0,0,20.1,306.71
SEC-SWM-GGC,64.0,120.0,48.0,5.1,94.3,2.2,15,6,1.071,1.024,0,120.0,0,2.2,48.09
SEC-MTJ-AGC,54.0,120.0,45.0,4.2,104.0,13.9,0,5,1.13,1.041,0,120.0,0,13.9,43.59
SEC-GGC-BTE,120.0,110.0,98.0,9.4,83.0,23.9,16,1,1.0,1.156,0,110.0,0,23.9,112.97
SEC-SWM-GGC,64.0,120.0,48.0,5.1,95.0,4.3,11,3,1.0,1.286,0,120.0,1,4.3,70.74
SEC-KOTA-SWM,108.0,130.0,58.0,6.2,103.5,5.0,13,6,1.0,1.027,0,130.0,0,5.0,72.49
SEC-KOTA-SWM,108.0,130.0,58.0,6.2,60.0,19.1,15,2,1.0,1.133,1,60.0,0,19.1,145.06
SEC-SWM-GGC,64.0,120.0,48.0,5.1,90.5,0.9,4,4,1.0,1.087,0,120.0,0,0.9,41.28
SEC-GGC-BTE,120.0,110.0,98.0,9.4,103.6,0.1,18,2,1.0,1.271,0,110.0,1,0.1,81.63
SEC-SWM-GGC,64.0,120.0,48.0,5.1,110.7,5.7,17,5,1.0,1.189,0,120.0,0,5.7,37.03
SEC-BTE-MTJ,35.0,100.0,48.0,4.8,82.8,1.4,5,3,1.11,1.099,0,100.0,0,1.4,39.22
SEC-BTE-MTJ,35.0,100.0,48.0,4.8,80.4,13.9,6,6,1.145,1.111,0,100.0,0,13.9,36.72
SEC-KOTA-SWM,108.0,130.0,58.0,6.2,101.5,0.3,6,0,1.298,1.037,0,130.0,0,0.3,100.98
SEC-KOTA-SWM,108.0,130.0,58.0,6.2,101.7,5.8,5,5,1.0,1.202,0,130.0,0,5.8,79.09
SEC-SWM-GGC,64.0,120.0,48.0,5.1,113.8,32.8,1,0,1.0,1.21,0,120.0,0,32.8,46.84
SEC-MTJ-AGC,54.0,120.0,45.0,4.2,60.0,26.8,4,5,1.0,1.09,1,60.0,0,26.8,69.04
SEC-MTJ-AGC,54.0,120.0,45.0,4.2,30.0,12.4,8,4,1.0,1.295,1,30.0,0,12.4,156.09
SEC-SWM-GGC,64.0,120.0,48.0,5.1,60.0,5.7,18,2,1.126,1.153,1,60.0,0,5.7,90.85
SEC-MTJ-AGC,54.0,120.0,45.0,4.2,45.0,25.1,14,0,1.0,1.188,1,45.0,0,25.1,98.69
SEC-BTE-MTJ,35.0,100.0,48.0,4.8,79.8,7.8,7,6,1.0,1.045,0,100.0,0,7.8,23.57
SEC-GGC-BTE,120.0,110.0,98.0,9.4,93.7,12.0,4,4,1.202,1.079,0,110.0,0,12.0,86.97
SEC-KOTA-SWM,108.0,130.0,58.0,6.2,60.0,2.2,0,5,1.109,1.088,1,60.0,0,2.2,149.05
SEC-KOTA-SWM,108.0,130.0,58.0,6.2,108.2,19.3,2,5,1.0,1.027,0,130.0,0,19.3,67.55
SEC-NDLS-KOTA,465.0,130.0,275.0,14.5,104.1,4.0,12,5,1.0,1.158,0,130.0,0,4.0,278.25
SEC-BTE-MTJ,35.0,100.0,48.0,4.8,79.9,9.1,15,1,1.0,1.199,0,100.0,0,9.1,28.95
SEC-SWM-GGC,64.0,120.0,48.0,5.1,92.5,13.7,16,6,1.0,1.091,0,120.0,1,13.7,51.31
SEC-SWM-GGC,64.0,120.0,48.0,5.1,110.9,10.6,9,5,1.0,1.372,0,120.0,0,10.6,50.95
SEC-GGC-BTE,120.0,110.0,98.0,9.4,30.0,7.5,9,2,1.226,1.423,1,30.0,0,7.5,413.57
SEC-MTJ-AGC,54.0,120.0,45.0,4.2,113.2,12.5,11,3,1.0,1.203,0,120.0,0,12.5,25.65
SEC-MTJ-AGC,54.0,120.0,45.0,4.2,45.0,5.9,23,1,1.0,1.062,1,45.0,0,5.9,86.1
SEC-BTE-MTJ,35.0,100.0,48.0,4.8,96.3,7.0,9,3,1.0,1.254,0,100.0,0,7.0,37.68
SEC-KOTA-SWM,108.0,130.0,58.0,6.2,118.7,3.4,9,6,1.111,1.215,0,130.0,0,3.4,72.64
SEC-NDLS-KOTA,465.0,130.0,275.0,14.5,125.1,0.1,16,3,1.0,1.069,0,130.0,0,0.1,244.66
SEC-BTE-MTJ,35.0,100.0,48.0,4.8,86.8,5.2,0,4,1.094,1.055,0,100.0,0,5.2,34.81
SEC-KOTA-SWM,108.0,130.0,58.0,6.2,60.0,28.4,15,3,1.0,1.091,1,60.0,0,28.4,132.62
SEC-GGC-BTE,120.0,110.0,98.0,9.4,107.3,32.5,20,5,1.164,1.326,0,110.0,0,32.5,99.1
SEC-KOTA-SWM,108.0,130.0,58.0,6.2,110.6,2.4,1,2,1.0,1.138,0,130.0,0,2.4,68.33
SEC-KOTA-SWM,108.0,130.0,58.0,6.2,121.6,1.5,5,1,1.0,1.021,0,130.0,0,1.5,51.4
SEC-MTJ-AGC,54.0,120.0,45.0,4.2,97.9,2.6,23,4,1.062,1.041,0,120.0,0,2.6,35.95
SEC-NDLS-KOTA,465.0,130.0,275.0,14.5,114.8,9.5,2,1,1.0,1.129,0,130.0,0,9.5,274.78
SEC-BTE-MTJ,35.0,100.0,48.0,4.8,45.0,2.5,22,3,1.0,1.093,1,45.0,0,2.5,59.37
SEC-BTE-MTJ,35.0,100.0,48.0,4.8,45.0,17.0,14,4,1.0,1.09,1,45.0,0,17.0,53.62
SEC-BTE-MTJ,35.0,100.0,48.0,4.8,86.0,4.0,5,3,1.0,1.178,0,100.0,0,4.0,33.98
SEC-KOTA-SWM,108.0,130.0,58.0,6.2,30.0,1.9,5,0,1.282,1.168,1,30.0,0,1.9,331.66
SEC-NDLS-KOTA,465.0,130.0,275.0,14.5,99.7,2.3,11,0,1.076,1.408,0,130.0,0,2.3,388.9
SEC-BTE-MTJ,35.0,100.0,48.0,4.8,85.4,2.1,12,6,1.0,1.129,0,100.0,0,2.1,25.58
SEC-SWM-GGC,64.0,120.0,48.0,5.1,101.1,5.4,18,4,1.0,1.126,0,120.0,0,5.4,57.7
SEC-GGC-BTE,120.0,110.0,98.0,9.4,103.4,9.0,23,0,1.128,1.111,0,110.0,0,9.0,88.81
SEC-BTE-MTJ,35.0,100.0,48.0,4.8,30.0,10.3,11,5,1.0,1.416,1,30.0,0,10.3,100.73
SEC-GGC-BTE,120.0,110.0,98.0,9.4,89.9,10.8,7,3,1.0,1.046,0,110.0,0,10.8,86.03
SEC-BTE-MTJ,35.0,100.0,48.0,4.8,95.8,6.4,14,3,1.0,1.114,0,100.0,0,6.4,31.79
SEC-BTE-MTJ,35.0,100.0,48.0,4.8,88.9,29.7,23,6,1.0,1.117,0,100.0,0,29.7,33.04
SEC-MTJ-AGC,54.0,120.0,45.0,4.2,93.1,38.3,4,5,1.0,1.151,0,120.0,0,38.3,41.72
SEC-NDLS-KOTA,465.0,130.0,275.0,14.5,126.2,27.8,18,3,1.076,1.29,0,130.0,0,27.8,293.68
SEC-SWM-GGC,64.0,120.0,48.0,5.1,60.0,0.9,5,0,1.0,1.091,1,60.0,0,0.9,83.03
SEC-NDLS-KOTA,465.0,130.0,275.0,14.5,122.3,1.1,0,4,1.0,1.035,0,130.0,0,1.1,228.81
SEC-GGC-BTE,120.0,110.0,98.0,9.4,91.8,12.9,10,3,1.0,1.146,0,110.0,0,12.9,84.47
SEC-MTJ-AGC,54.0,120.0,45.0,4.2,99.3,14.0,6,3,1.0,1.124,0,120.0,0,14.0,35.47
SEC-KOTA-SWM,108.0,130.0,58.0,6.2,108.1,3.7,13,6,1.081,1.097,0,130.0,0,3.7,74.11
SEC-GGC-BTE,120.0,110.0,98.0,9.4,30.0,9.3,14,3,1.0,1.157,1,30.0,0,9.3,287.24
SEC-KOTA-SWM,108.0,130.0,58.0,6.2,115.7,11.3,15,5,1.0,1.122,0,130.0,0,11.3,69.09
SEC-GGC-BTE,120.0,110.0,98.0,9.4,84.9,5.0,2,5,1.0,1.099,0,110.0,0,5.0,89.94
SEC-GGC-BTE,120.0,110.0,98.0,9.4,107.1,0.2,13,2,1.0,1.023,0,110.0,0,0.2,73.3
SEC-NDLS-KOTA,465.0,130.0,275.0,14.5,107.2,17.5,20,2,1.0,1.345,0,130.0,0,17.5,336.34
SEC-GGC-BTE,120.0,110.0,98.0,9.4,60.0,6.0,12,6,1.0,1.07,1,60.0,0,6.0,148.91
SEC-SWM-GGC,64.0,120.0,48.0,5.1,106.2,2.4,10,0,1.0,1.174,0,120.0,0,2.4,49.97
SEC-BTE-MTJ,35.0,100.0,48.0,4.8,91.5,8.7,1,0,1.0,1.049,0,100.0,1,8.7,36.13
SEC-NDLS-KOTA,465.0,130.0,275.0,14.5,115.1,5.3,13,5,1.0,1.139,0,130.0,0,5.3,270.04
SEC-KOTA-SWM,108.0,130.0,58.0,6.2,129.9,1.0,20,3,1.104,1.39,0,130.0,0,1.0,73.91
SEC-KOTA-SWM,108.0,130.0,58.0,6.2,118.7,0.3,15,2,1.0,1.045,0,130.0,0,0.3,61.77
SEC-KOTA-SWM,108.0,130.0,58.0,6.2,111.2,19.0,5,5,1.0,1.047,0,130.0,0,19.0,64.94
SEC-MTJ-AGC,54.0,120.0,45.0,4.2,116.9,0.6,5,2,1.084,1.096,0,120.0,0,0.6,39.41
SEC-GGC-BTE,120.0,110.0,98.0,9.4,85.9,6.7,10,4,1.0,1.268,0,110.0,0,6.7,88.56
SEC-MTJ-AGC,54.0,120.0,45.0,4.2,110.8,1.6,1,6,1.0,1.069,0,120.0,0,1.6,31.97
SEC-NDLS-KOTA,465.0,130.0,275.0,14.5,30.0,24.4,23,2,1.0,1.103,1,30.0,0,24.4,1032.02
SEC-BTE-MTJ,35.0,100.0,48.0,4.8,79.6,9.1,12,3,1.0,1.171,0,100.0,0,9.1,41.7
SEC-BTE-MTJ,35.0,100.0,48.0,4.8,60.0,0.8,15,5,1.0,1.081,1,60.0,0,0.8,47.1
SEC-NDLS-KOTA,465.0,130.0,275.0,14.5,103.1,21.7,14,2,1.0,1.053,0,130.0,0,21.7,271.24
SEC-BTE-MTJ,35.0,100.0,48.0,4.8,92.5,5.1,5,0,1.0,1.133,0,100.0,0,5.1,19.95
SEC-SWM-GGC,64.0,120.0,48.0,5.1,103.2,9.6,22,0,1.067,1.264,0,120.0,0,9.6,48.39
SEC-SWM-GGC,64.0,120.0,48.0,5.1,118.8,3.7,2,4,1.297,1.064,0,120.0,0,3.7,38.04
SEC-MTJ-AGC,54.0,120.0,45.0,4.2,115.9,5.3,5,5,1.0,1.053,0,120.0,0,5.3,27.77
SEC-MTJ-AGC,54.0,120.0,45.0,4.2,96.9,8.1,13,3,1.074,1.11,0,120.0,0,8.1,31.08
SEC-KOTA-SWM,108.0,130.0,58.0,6.2,45.0,4.4,8,5,1.0,1.286,1,45.0,0,4.4,195.71
SEC-NDLS-KOTA,465.0,130.0,275.0,14.5,60.0,9.1,9,4,1.0,1.266,1,60.0,0,9.1,553.99
SEC-MTJ-AGC,54.0,120.0,45.0,4.2,99.5,7.7,20,4,1.0,1.094,0,120.0,0,7.7,30.62
SEC-NDLS-KOTA,465.0,130.0,275.0,14.5,104.6,35.4,22,0,1.132,1.055,0,130.0,0,35.4,314.12
SEC-GGC-BTE,120.0,110.0,98.0,9.4,60.0,11.4,8,0,1.0,1.171,1,60.0,0,11.4,151.67
SEC-MTJ-AGC,54.0,120.0,45.0,4.2,112.2,16.7,8,2,1.0,1.433,0,120.0,1,16.7,58.78
SEC-NDLS-KOTA,465.0,130.0,275.0,14.5,30.0,24.7,7,4,1.0,1.04,1,30.0,0,24.7,996.84
SEC-BTE-MTJ,35.0,100.0,48.0,4.8,76.5,3.9,22,1,1.0,1.106,0,100.0,0,3.9,30.8
SEC-KOTA-SWM,108.0,130.0,58.0,6.2,125.8,0.6,14,0,1.0,1.06,0,130.0,0,0.6,59.08
SEC-MTJ-AGC,54.0,120.0,45.0,4.2,93.3,5.6,2,1,1.0,1.114,0,120.0,0,5.6,41.01
SEC-SWM-GGC,64.0,120.0,48.0,5.1,101.8,3.5,6,5,1.0,1.071,0,120.0,0,3.5,47.2
SEC-GGC-BTE,120.0,110.0,98.0,9.4,102.4,9.5,12,5,1.0,1.086,0,110.0,0,9.5,66.23
SEC-GGC-BTE,120.0,110.0,98.0,9.4,88.2,4.1,13,6,1.066,1.162,0,110.0,0,4.1,93.12
SEC-NDLS-KOTA,465.0,130.0,275.0,14.5,115.9,6.0,22,1,1.0,1.055,0,130.0,0,6.0,251.44
SEC-NDLS-KOTA,465.0,130.0,275.0,14.5,45.0,31.8,22,0,1.0,1.041,1,45.0,1,31.8,668.98
SEC-SWM-GGC,64.0,120.0,48.0,5.1,108.3,7.3,11,6,1.09,1.121,0,120.0,0,7.3,36.95
SEC-GGC-BTE,120.0,110.0,98.0,9.4,30.0,6.3,21,0,1.0,1.084,1,30.0,0,6.3,271.59
SEC-BTE-MTJ,35.0,100.0,48.0,4.8,84.1,3.7,17,3,1.0,1.174,0,100.0,0,3.7,26.28
SEC-BTE-MTJ,35.0,100.0,48.0,4.8,94.8,3.8,0,5,1.0,1.14,0,100.0,0,3.8,19.95
SEC-NDLS-KOTA,465.0,130.0,275.0,14.5,110.7,37.5,10,5,1.089,1.312,0,130.0,0,37.5,324.74
SEC-MTJ-AGC,54.0,120.0,45.0,4.2,30.0,10.4,23,3,1.0,1.033,1,30.0,0,10.4,123.23
SEC-BTE-MTJ,35.0,100.0,48.0,4.8,84.5,0.6,3,0,1.0,1.104,0,100.0,0,0.6,25.6
SEC-GGC-BTE,120.0,110.0,98.0,9.4,60.0,4.2,7,3,1.0,1.125,1,60.0,0,4.2,138.22
SEC-BTE-MTJ,35.0,100.0,48.0,4.8,84.2,20.3,10,6,1.279,1.288,0,100.0,0,20.3,43.32
SEC-BTE-MTJ,35.0,100.0,48.0,4.8,82.3,7.1,14,2,1.135,1.068,0,100.0,0,7.1,33.73
SEC-GGC-BTE,120.0,110.0,98.0,9.4,96.2,11.2,1,6,1.0,1.167,0,110.0,0,11.2,94.2
SEC-KOTA-SWM,108.0,130.0,58.0,6.2,124.6,10.7,4,4,1.0,1.009,0,130.0,0,10.7,53.24
SEC-NDLS-KOTA,465.0,130.0,275.0,14.5,109.4,7.9,13,0,1.0,1.126,0,130.0,0,7.9,262.25
SEC-KOTA-SWM,108.0,130.0,58.0,6.2,110.1,0.4,18,5,1.0,1.136,0,130.0,0,0.4,56.2
SEC-KOTA-SWM,108.0,130.0,58.0,6.2,30.0,36.8,12,0,1.0,1.067,1,30.0,0,36.8,237.57
SEC-BTE-MTJ,35.0,100.0,48.0,4.8,30.0,4.8,21,1,1.0,1.401,1,30.0,0,4.8,100.8
SEC-BTE-MTJ,35.0,100.0,48.0,4.8,77.8,10.9,12,0,1.0,1.094,0,100.0,0,10.9,26.16
SEC-GGC-BTE,120.0,110.0,98.0,9.4,95.9,0.1,2,2,1.0,1.135,0,110.0,0,0.1,62.18
SEC-KOTA-SWM,108.0,130.0,58.0,6.2,115.0,48.4,18,5,1.0,1.19,0,130.0,0,48.4,62.48
SEC-NDLS-KOTA,465.0,130.0,275.0,14.5,129.7,0.2,23,2,1.094,1.086,0,130.0,0,0.2,237.81
SEC-MTJ-AGC,54.0,120.0,45.0,4.2,91.0,3.9,21,5,1.0,1.335,0,120.0,0,3.9,43.13
SEC-NDLS-KOTA,465.0,130.0,275.0,14.5,121.2,6.3,18,2,1.0,1.359,0,130.0,1,6.3,298.32
SEC-KOTA-SWM,108.0,130.0,58.0,6.2,126.2,9.7,4,3,1.092,1.111,0,130.0,0,9.7,67.81
SEC-MTJ-AGC,54.0,120.0,45.0,4.2,116.7,35.6,10,5,1.0,1.35,0,120.0,0,35.6,35.98
SEC-NDLS-KOTA,465.0,130.0,275.0,14.5,118.7,6.8,7,1,1.0,1.069,0,130.0,0,6.8,250.46
SEC-GGC-BTE,120.0,110.0,98.0,9.4,95.8,7.4,13,5,1.0,1.175,0,110.0,0,7.4,95.47
SEC-GGC-BTE,120.0,110.0,98.0,9.4,97.2,0.6,23,0,1.0,1.097,0,110.0,1,0.6,84.5
SEC-BTE-MTJ,35.0,100.0,48.0,4.8,93.1,1.4,21,0,1.0,1.3,0,100.0,0,1.4,26.41
SEC-GGC-BTE,120.0,110.0,98.0,9.4,108.2,1.0,15,1,1.0,1.05,0,110.0,0,1.0,65.43
SEC-SWM-GGC,64.0,120.0,48.0,5.1,116.4,24.8,20,3,1.0,1.306,0,120.0,0,24.8,55.68
SEC-GGC-BTE,120.0,110.0,98.0,9.4,87.3,25.9,2,5,1.0,1.097,0,110.0,0,25.9,88.33
SEC-MTJ-AGC,54.0,120.0,45.0,4.2,110.4,23.2,1,2,1.079,1.046,0,120.0,0,23.2,29.53
SEC-BTE-MTJ,35.0,100.0,48.0,4.8,77.1,9.7,8,1,1.0,1.026,0,100.0,0,9.7,26.57
SEC-GGC-BTE,120.0,110.0,98.0,9.4,108.2,0.7,17,2,1.0,1.288,0,110.0,0,0.7,99.69
SEC-BTE-MTJ,35.0,100.0,48.0,4.8,91.5,1.2,12,5,1.0,1.114,0,100.0,0,1.2,22.07
SEC-KOTA-SWM,108.0,130.0,58.0,6.2,45.0,10.9,8,5,1.0,1.345,1,45.0,0,10.9,199.28
SEC-NDLS-KOTA,465.0,130.0,275.0,14.5,45.0,13.5,20,3,1.0,1.044,1,45.0,0,13.5,641.62
SEC-NDLS-KOTA,465.0,130.0,275.0,14.5,117.6,6.6,11,2,1.0,1.291,0,130.0,0,6.6,288.57
SEC-SWM-GGC,64.0,120.0,48.0,5.1,109.4,0.5,16,1,1.0,1.046,0,120.0,0,0.5,38.05
SEC-GGC-BTE,120.0,110.0,98.0,9.4,60.0,2.2,7,4,1.0,1.088,1,60.0,0,2.2,166.09
SEC-SWM-GGC,64.0,120.0,48.0,5.1,45.0,10.2,2,0,1.0,1.193,1,45.0,0,10.2,123.48
SEC-GGC-BTE,120.0,110.0,98.0,9.4,99.6,25.8,7,0,1.0,1.138,0,110.0,0,25.8,86.53
SEC-KOTA-SWM,108.0,130.0,58.0,6.2,128.1,8.1,3,6,1.0,1.118,0,130.0,0,8.1,55.64
SEC-GGC-BTE,120.0,110.0,98.0,9.4,88.7,5.0,23,4,1.121,1.223,0,110.0,0,5.0,103.51
SEC-GGC-BTE,120.0,110.0,98.0,9.4,106.7,1.7,6,6,1.0,1.045,0,110.0,0,1.7,78.49
SEC-KOTA-SWM,108.0,130.0,58.0,6.2,128.7,2.0,20,6,1.0,1.421,0,130.0,0,2.0,73.61
SEC-GGC-BTE,120.0,110.0,98.0,9.4,30.0,9.1,6,2,1.0,1.034,1,30.0,1,9.1,278.85
SEC-SWM-GGC,64.0,120.0,48.0,5.1,102.5,22.7,12,6,1.0,1.072,0,120.0,0,22.7,53.96
SEC-GGC-BTE,120.0,110.0,98.0,9.4,85.2,8.0,8,1,1.0,1.135,0,110.0,0,8.0,90.96
SEC-GGC-BTE,120.0,110.0,98.0,9.4,60.0,5.9,0,1,1.0,1.165,1,60.0,0,5.9,144.92
SEC-KOTA-SWM,108.0,130.0,58.0,6.2,45.0,9.3,23,1,1.0,1.176,1,45.0,0,9.3,191.67
SEC-KOTA-SWM,108.0,130.0,58.0,6.2,103.9,10.7,15,5,1.0,1.068,0,130.0,0,10.7,79.78
SEC-SWM-GGC,64.0,120.0,48.0,5.1,30.0,4.5,11,4,1.0,1.316,1,30.0,0,4.5,168.25
SEC-MTJ-AGC,54.0,120.0,45.0,4.2,30.0,16.9,0,3,1.0,1.15,1,30.0,0,16.9,151.44
SEC-MTJ-AGC,54.0,120.0,45.0,4.2,100.9,17.0,22,3,1.0,1.103,0,120.0,0,17.0,36.38
SEC-KOTA-SWM,108.0,130.0,58.0,6.2,99.9,9.5,16,0,1.073,1.043,0,130.0,0,9.5,64.73
SEC-GGC-BTE,120.0,110.0,98.0,9.4,83.9,4.8,13,6,1.0,1.077,0,110.0,1,4.8,105.41
SEC-NDLS-KOTA,465.0,130.0,275.0,14.5,126.7,16.7,23,4,1.0,1.034,0,130.0,0,16.7,208.78
SEC-NDLS-KOTA,465.0,130.0,275.0,14.5,115.7,2.4,15,1,1.0,1.031,0,130.0,1,2.4,296.06
SEC-MTJ-AGC,54.0,120.0,45.0,4.2,119.2,7.6,14,6,1.0,1.081,0,120.0,1,7.6,55.14
SEC-MTJ-AGC,54.0,120.0,45.0,4.2,118.1,1.4,7,5,1.0,1.102,0,120.0,0,1.4,29.78
SEC-GGC-BTE,120.0,110.0,98.0,9.4,91.5,4.4,9,4,1.224,1.331,0,110.0,0,4.4,122.15
SEC-SWM-GGC,64.0,120.0,48.0,5.1,102.1,23.0,21,5,1.0,1.138,0,120.0,0,23.0,53.62
SEC-KOTA-SWM,108.0,130.0,58.0,6.2,102.2,0.1,9,3,1.0,1.133,0,130.0,0,0.1,54.24
SEC-MTJ-AGC,54.0,120.0,45.0,4.2,93.3,5.0,6,1,1.119,1.021,0,120.0,0,5.0,44.44
SEC-KOTA-SWM,108.0,130.0,58.0,6.2,111.8,24.4,5,5,1.0,1.097,0,130.0,0,24.4,67.52
SEC-SWM-GGC,64.0,120.0,48.0,5.1,102.0,50.7,3,2,1.0,1.092,0,120.0,0,50.7,57.01
SEC-SWM-GGC,64.0,120.0,48.0,5.1,103.2,9.8,7,4,1.27,1.252,0,120.0,0,9.8,56.96
SEC-BTE-MTJ,35.0,100.0,48.0,4.8,85.4,7.5,18,0,1.0,1.33,0,100.0,0,7.5,28.46
SEC-NDLS-KOTA,465.0,130.0,275.0,14.5,108.4,5.5,7,2,1.0,1.104,0,130.0,0,5.5,308.21
SEC-BTE-MTJ,35.0,100.0,48.0,4.8,80.2,4.9,11,6,1.091,1.416,0,100.0,0,4.9,39.38
SEC-NDLS-KOTA,465.0,130.0,275.0,14.5,114.9,3.1,3,6,1.062,1.058,0,130.0,0,3.1,296.32
SEC-BTE-MTJ,35.0,100.0,48.0,4.8,83.6,3.4,6,1,1.0,1.07,0,100.0,0,3.4,19.95
SEC-GGC-BTE,120.0,110.0,98.0,9.4,90.1,6.7,3,6,1.104,1.058,0,110.0,0,6.7,96.23
SEC-NDLS-KOTA,465.0,130.0,275.0,14.5,121.0,34.5,18,3,1.0,1.202,0,130.0,0,34.5,260.4
SEC-BTE-MTJ,35.0,100.0,48.0,4.8,86.0,0.4,16,5,1.101,1.227,0,100.0,1,0.4,51.26
SEC-KOTA-SWM,108.0,130.0,58.0,6.2,120.9,4.0,20,4,1.0,1.228,0,130.0,0,4.0,55.7
SEC-BTE-MTJ,35.0,100.0,48.0,4.8,85.8,4.7,17,4,1.0,1.415,0,100.0,1,4.7,51.2
SEC-SWM-GGC,64.0,120.0,48.0,5.1,98.9,0.8,16,2,1.0,1.05,0,120.0,0,0.8,40.69
SEC-NDLS-KOTA,465.0,130.0,275.0,14.5,108.5,2.3,1,4,1.231,1.132,0,130.0,0,2.3,327.48
SEC-NDLS-KOTA,465.0,130.0,275.0,14.5,129.6,3.2,10,6,1.0,1.293,0,130.0,0,3.2,262.27
SEC-KOTA-SWM,108.0,130.0,58.0,6.2,97.9,2.0,7,4,1.236,1.113,0,130.0,0,2.0,86.71
SEC-SWM-GGC,64.0,120.0,48.0,5.1,102.6,3.2,18,5,1.0,1.204,0,120.0,0,3.2,45.85
SEC-KOTA-SWM,108.0,130.0,58.0,6.2,108.9,4.6,0,2,1.0,1.043,0,130.0,0,4.6,58.13
SEC-KOTA-SWM,108.0,130.0,58.0,6.2,30.0,23.6,4,2,1.0,1.069,1,30.0,0,23.6,241.99
SEC-GGC-BTE,120.0,110.0,98.0,9.4,30.0,20.9,15,1,1.0,1.088,1,30.0,0,20.9,279.51
SEC-MTJ-AGC,54.0,120.0,45.0,4.2,104.0,3.8,12,3,1.0,1.056,0,120.0,0,3.8,29.04
SEC-NDLS-KOTA,465.0,130.0,275.0,14.5,129.3,1.0,15,0,1.0,1.081,0,130.0,1,1.0,254.34
SEC-NDLS-KOTA,465.0,130.0,275.0,14.5,120.7,3.1,15,2,1.169,1.098,0,130.0,0,3.1,253.9
SEC-KOTA-SWM,108.0,130.0,58.0,6.2,100.8,0.3,21,2,1.0,1.287,0,130.0,0,0.3,89.08
SEC-BTE-MTJ,35.0,100.0,48.0,4.8,86.5,10.6,10,4,1.0,1.369,0,100.0,0,10.6,44.41
SEC-NDLS-KOTA,465.0,130.0,275.0,14.5,115.0,14.1,11,1,1.0,1.25,0,130.0,0,14.1,288.92
SEC-GGC-BTE,120.0,110.0,98.0,9.4,98.7,15.6,0,5,1.0,1.021,0,110.0,0,15.6,77.26
SEC-GGC-BTE,120.0,110.0,98.0,9.4,105.8,5.5,15,6,1.0,1.077,0,110.0,0,5.5,82.76
SEC-NDLS-KOTA,465.0,130.0,275.0,14.5,117.2,41.6,22,4,1.227,1.037,0,130.0,0,41.6,325.65
SEC-NDLS-KOTA,465.0,130.0,275.0,14.5,122.0,9.0,5,1,1.271,1.066,0,130.0,0,9.0,304.58
SEC-MTJ-AGC,54.0,120.0,45.0,4.2,117.3,2.4,19,2,1.192,1.194,0,120.0,0,2.4,43.87
SEC-BTE-MTJ,35.0,100.0,48.0,4.8,30.0,31.9,7,2,1.0,1.035,1,30.0,0,31.9,78.49
SEC-SWM-GGC,64.0,120.0,48.0,5.1,116.5,2.7,2,2,1.0,1.066,0,120.0,0,2.7,40.84
SEC-SWM-GGC,64.0,120.0,48.0,5.1,111.0,3.7,10,4,1.0,1.17,0,120.0,0,3.7,40.27
SEC-BTE-MTJ,35.0,100.0,48.0,4.8,82.2,8.6,23,0,1.0,1.056,0,100.0,0,8.6,19.95
SEC-MTJ-AGC,54.0,120.0,45.0,4.2,103.6,8.2,23,0,1.0,1.113,0,120.0,1,8.2,55.97
SEC-SWM-GGC,64.0,120.0,48.0,5.1,117.3,0.8,9,5,1.0,1.345,0,120.0,0,0.8,38.42
SEC-SWM-GGC,64.0,120.0,48.0,5.1,91.6,7.0,4,6,1.0,1.045,0,120.0,0,7.0,61.45
SEC-KOTA-SWM,108.0,130.0,58.0,6.2,100.2,3.2,11,2,1.0,1.396,0,130.0,0,3.2,95.5
SEC-KOTA-SWM,108.0,130.0,58.0,6.2,106.7,4.0,1,4,1.0,1.133,0,130.0,0,4.0,67.15
SEC-GGC-BTE,120.0,110.0,98.0,9.4,90.6,3.2,13,0,1.0,1.046,0,110.0,0,3.2,93.76
SEC-KOTA-SWM,108.0,130.0,58.0,6.2,60.0,2.0,7,1,1.083,1.025,1,60.0,0,2.0,133.81
SEC-KOTA-SWM,108.0,130.0,58.0,6.2,119.4,26.8,20,3,1.0,1.282,0,130.0,0,26.8,82.16
SEC-BTE-MTJ,35.0,100.0,48.0,4.8,99.5,0.5,23,6,1.0,1.108,0,100.0,0,0.5,31.93
SEC-NDLS-KOTA,465.0,130.0,275.0,14.5,117.7,22.6,9,4,1.0,1.314,0,130.0,0,22.6,295.0
SEC-MTJ-AGC,54.0,120.0,45.0,4.2,107.9,15.8,20,0,1.281,1.371,0,120.0,0,15.8,51.26
SEC-NDLS-KOTA,465.0,130.0,275.0,14.5,122.9,29.9,22,4,1.0,1.25,0,130.0,0,29.9,299.02
SEC-BTE-MTJ,35.0,100.0,48.0,4.8,86.1,11.0,0,5,1.0,1.108,0,100.0,0,11.0,28.29
SEC-KOTA-SWM,108.0,130.0,58.0,6.2,98.2,10.4,2,4,1.0,1.035,0,130.0,0,10.4,47.35
SEC-KOTA-SWM,108.0,130.0,58.0,6.2,102.4,0.7,0,3,1.0,1.114,0,130.0,0,0.7,71.54
SEC-KOTA-SWM,108.0,130.0,58.0,6.2,127.0,1.8,17,3,1.0,1.294,0,130.0,1,1.8,71.47
SEC-GGC-BTE,120.0,110.0,98.0,9.4,45.0,0.1,17,5,1.108,1.279,1,45.0,0,0.1,253.54
SEC-NDLS-KOTA,465.0,130.0,275.0,14.5,107.4,18.7,15,3,1.0,1.109,0,130.0,0,18.7,271.42
SEC-KOTA-SWM,108.0,130.0,58.0,6.2,126.6,4.7,7,4,1.0,1.047,0,130.0,0,4.7,54.18
SEC-NDLS-KOTA,465.0,130.0,275.0,14.5,114.0,27.2,9,5,1.0,1.198,0,130.0,0,27.2,274.99
SEC-KOTA-SWM,108.0,130.0,58.0,6.2,111.4,3.2,6,4,1.102,1.17,0,130.0,0,3.2,67.51
SEC-BTE-MTJ,35.0,100.0,48.0,4.8,60.0,21.3,1,0,1.0,1.07,1,60.0,0,21.3,41.29
SEC-MTJ-AGC,54.0,120.0,45.0,4.2,109.6,20.0,18,5,1.0,1.203,0,120.0,0,20.0,38.53
SEC-GGC-BTE,120.0,110.0,98.0,9.4,98.6,8.7,9,2,1.0,1.185,0,110.0,1,8.7,99.05
SEC-SWM-GGC,64.0,120.0,48.0,5.1,45.0,8.6,19,6,1.0,1.255,1,45.0,0,8.6,122.85
SEC-NDLS-KOTA,465.0,130.0,275.0,14.5,60.0,12.7,17,1,1.0,1.28,1,60.0,0,12.7,561.13
SEC-MTJ-AGC,54.0,120.0,45.0,4.2,117.4,7.6,0,1,1.0,1.189,0,120.0,0,7.6,33.38
SEC-NDLS-KOTA,465.0,130.0,275.0,14.5,60.0,0.5,20,3,1.089,1.267,1,60.0,0,0.5,658.46
SEC-NDLS-KOTA,465.0,130.0,275.0,14.5,100.8,3.2,4,5,1.276,1.093,0,130.0,0,3.2,363.07
SEC-MTJ-AGC,54.0,120.0,45.0,4.2,30.0,2.7,21,0,1.113,1.503,1,30.0,0,2.7,182.46
SEC-GGC-BTE,120.0,110.0,98.0,9.4,94.8,9.5,0,6,1.0,1.032,0,110.0,0,9.5,94.5
SEC-MTJ-AGC,54.0,120.0,45.0,4.2,116.7,14.9,11,3,1.0,1.149,0,120.0,0,14.9,34.78
SEC-NDLS-KOTA,465.0,130.0,275.0,14.5,106.8,15.1,5,5,1.0,1.022,0,130.0,1,15.1,271.03
SEC-SWM-GGC,64.0,120.0,48.0,5.1,100.2,6.2,1,1,1.0,1.057,0,120.0,0,6.2,41.42
SEC-NDLS-KOTA,465.0,130.0,275.0,14.5,107.7,6.4,5,6,1.0,1.133,0,130.0,0,6.4,305.43
SEC-SWM-GGC,64.0,120.0,48.0,5.1,60.0,36.2,11,2,1.0,1.307,1,60.0,0,36.2,82.57
SEC-MTJ-AGC,54.0,120.0,45.0,4.2,102.0,8.1,15,4,1.0,1.055,0,120.0,0,8.1,32.01
SEC-KOTA-SWM,108.0,130.0,58.0,6.2,115.7,10.0,15,3,1.0,1.049,0,130.0,0,10.0,57.01
SEC-GGC-BTE,120.0,110.0,98.0,9.4,108.3,11.0,4,0,1.0,1.012,0,110.0,0,11.0,62.18
SEC-NDLS-KOTA,465.0,130.0,275.0,14.5,109.7,5.6,21,1,1.0,1.158,0,130.0,0,5.6,300.29
SEC-NDLS-KOTA,465.0,130.0,275.0,14.5,30.0,0.2,3,6,1.0,1.096,1,30.0,0,0.2,996.5
SEC-SWM-GGC,64.0,120.0,48.0,5.1,100.0,9.6,10,2,1.178,1.297,0,120.0,1,9.6,88.5
SEC-NDLS-KOTA,465.0,130.0,275.0,14.5,107.4,6.3,22,1,1.067,1.133,0,130.0,0,6.3,313.93
SEC-BTE-MTJ,35.0,100.0,48.0,4.8,85.4,1.4,9,6,1.0,1.232,0,100.0,0,1.4,34.21
SEC-KOTA-SWM,108.0,130.0,58.0,6.2,122.1,0.9,23,4,1.0,1.082,0,130.0,0,0.9,47.35
SEC-KOTA-SWM,108.0,130.0,58.0,6.2,108.6,18.3,20,1,1.0,1.224,0,130.0,0,18.3,74.65
SEC-NDLS-KOTA,465.0,130.0,275.0,14.5,107.4,15.5,19,4,1.0,1.339,0,130.0,0,15.5,328.79
SEC-NDLS-KOTA,465.0,130.0,275.0,14.5,127.7,0.8,15,0,1.0,1.03,0,130.0,0,0.8,239.92
SEC-NDLS-KOTA,465.0,130.0,275.0,14.5,126.5,13.2,21,1,1.0,1.309,0,130.0,0,13.2,288.87
SEC-KOTA-SWM,108.0,130.0,58.0,6.2,97.8,8.6,8,4,1.0,1.374,0,130.0,1,8.6,99.63
SEC-GGC-BTE,120.0,110.0,98.0,9.4,30.0,1.7,3,1,1.0,1.132,1,30.0,0,1.7,288.56
SEC-NDLS-KOTA,465.0,130.0,275.0,14.5,117.6,17.9,9,6,1.182,1.346,0,130.0,0,17.9,362.1
SEC-NDLS-KOTA,465.0,130.0,275.0,14.5,60.0,15.3,21,1,1.0,1.374,1,60.0,0,15.3,635.97
SEC-NDLS-KOTA,465.0,130.0,275.0,14.5,126.2,1.5,22,6,1.0,1.042,0,130.0,0,1.5,228.64
SEC-GGC-BTE,120.0,110.0,98.0,9.4,109.1,9.2,22,4,1.0,1.094,0,110.0,0,9.2,85.22
SEC-KOTA-SWM,108.0,130.0,58.0,6.2,98.8,1.0,3,3,1.129,1.207,0,130.0,0,1.0,90.74
SEC-SWM-GGC,64.0,120.0,48.0,5.1,90.6,18.7,17,1,1.0,1.412,0,120.0,0,18.7,49.67
SEC-GGC-BTE,120.0,110.0,98.0,9.4,98.7,25.6,2,3,1.0,1.056,0,110.0,0,25.6,76.99
SEC-SWM-GGC,64.0,120.0,48.0,5.1,117.9,26.9,7,1,1.0,1.028,0,120.0,0,26.9,51.55
SEC-BTE-MTJ,35.0,100.0,48.0,4.8,96.4,7.2,20,0,1.0,1.216,0,100.0,0,7.2,32.94
SEC-BTE-MTJ,35.0,100.0,48.0,4.8,81.5,33.5,6,5,1.265,1.15,0,100.0,0,33.5,49.03
SEC-KOTA-SWM,108.0,130.0,58.0,6.2,114.0,21.5,13,1,1.0,1.027,0,130.0,0,21.5,74.07
SEC-SWM-GGC,64.0,120.0,48.0,5.1,93.1,18.3,4,0,1.0,1.065,0,120.0,0,18.3,61.85
SEC-BTE-MTJ,35.0,100.0,48.0,4.8,80.9,7.1,14,1,1.0,1.087,0,100.0,0,7.1,21.83
SEC-NDLS-KOTA,465.0,130.0,275.0,14.5,116.6,20.8,10,5,1.0,1.256,0,130.0,0,20.8,288.44
SEC-BTE-MTJ,35.0,100.0,48.0,4.8,95.3,2.4,22,5,1.0,1.068,0,100.0,0,2.4,24.57
SEC-KOTA-SWM,108.0,130.0,58.0,6.2,108.0,16.5,3,6,1.0,1.256,0,130.0,0,16.5,74.1
SEC-BTE-MTJ,35.0,100.0,48.0,4.8,86.7,0.2,11,5,1.082,1.452,0,100.0,0,0.2,29.78
SEC-SWM-GGC,64.0,120.0,48.0,5.1,107.5,3.8,7,0,1.0,1.159,0,120.0,0,3.8,53.49
SEC-MTJ-AGC,54.0,120.0,45.0,4.2,107.4,6.2,14,5,1.0,1.089,0,120.0,0,6.2,31.34
SEC-BTE-MTJ,35.0,100.0,48.0,4.8,75.2,8.9,22,3,1.0,1.155,0,100.0,0,8.9,39.42
SEC-NDLS-KOTA,465.0,130.0,275.0,14.5,97.8,0.4,2,2,1.0,1.09,0,130.0,0,0.4,296.89
SEC-KOTA-SWM,108.0,130.0,58.0,6.2,128.9,4.3,21,5,1.0,1.253,0,130.0,0,4.3,67.57
SEC-SWM-GGC,64.0,120.0,48.0,5.1,96.3,10.9,15,3,1.143,1.175,0,120.0,0,10.9,61.22
SEC-NDLS-KOTA,465.0,130.0,275.0,14.5,98.5,7.5,23,2,1.0,1.055,0,130.0,0,7.5,291.44
SEC-BTE-MTJ,35.0,100.0,48.0,4.8,98.7,21.0,1,4,1.0,1.24,0,100.0,0,21.0,23.8
SEC-BTE-MTJ,35.0,100.0,48.0,4.8,79.4,7.2,5,0,1.0,1.158,0,100.0,0,7.2,30.01
SEC-KOTA-SWM,108.0,130.0,58.0,6.2,108.8,18.1,18,2,1.286,1.146,0,130.0,0,18.1,91.25
SEC-MTJ-AGC,54.0,120.0,45.0,4.2,111.9,8.4,0,4,1.0,1.022,0,120.0,0,8.4,28.14
SEC-KOTA-SWM,108.0,130.0,58.0,6.2,125.9,21.6,12,3,1.0,1.157,0,130.0,0,21.6,49.92
SEC-GGC-BTE,120.0,110.0,98.0,9.4,91.3,6.9,4,2,1.166,1.108,0,110.0,0,6.9,106.9
SEC-BTE-MTJ,35.0,100.0,48.0,4.8,30.0,8.4,13,3,1.0,1.049,1,30.0,0,8.4,77.78
SEC-KOTA-SWM,108.0,130.0,58.0,6.2,112.3,26.8,11,1,1.0,1.262,0,130.0,0,26.8,68.94
SEC-SWM-GGC,64.0,120.0,48.0,5.1,95.1,31.0,14,3,1.065,1.054,0,120.0,0,31.0,39.81
SEC-NDLS-KOTA,465.0,130.0,275.0,14.5,101.2,35.4,11,3,1.074,1.275,0,130.0,0,35.4,364.76
SEC-SWM-GGC,64.0,120.0,48.0,5.1,100.7,2.1,0,3,1.064,1.07,0,120.0,0,2.1,44.26
SEC-BTE-MTJ,35.0,100.0,48.0,4.8,86.6,10.2,14,1,1.082,1.039,0,100.0,1,10.2,45.68
SEC-SWM-GGC,64.0,120.0,48.0,5.1,93.6,7.0,19,5,1.0,1.439,0,120.0,0,7.0,47.87
SEC-KOTA-SWM,108.0,130.0,58.0,6.2,103.3,1.2,6,4,1.0,1.128,0,130.0,0,1.2,59.23
SEC-KOTA-SWM,108.0,130.0,58.0,6.2,128.2,14.5,17,4,1.0,1.361,0,130.0,1,14.5,77.29
SEC-GGC-BTE,120.0,110.0,98.0,9.4,84.6,0.6,16,0,1.0,1.097,0,110.0,0,0.6,78.58
SEC-BTE-MTJ,35.0,100.0,48.0,4.8,86.0,49.1,7,4,1.0,1.123,0,100.0,0,49.1,19.95
SEC-KOTA-SWM,108.0,130.0,58.0,6.2,106.1,2.5,8,5,1.0,1.29,0,130.0,0,2.5,78.27
SEC-BTE-MTJ,35.0,100.0,48.0,4.8,98.9,15.3,9,0,1.137,1.219,0,100.0,0,15.3,45.0
SEC-BTE-MTJ,35.0,100.0,48.0,4.8,99.8,0.0,14,6,1.0,1.089,0,100.0,0,0.0,28.3
SEC-BTE-MTJ,35.0,100.0,48.0,4.8,80.6,2.0,6,6,1.0,1.187,0,100.0,0,2.0,24.07
SEC-KOTA-SWM,108.0,130.0,58.0,6.2,97.7,4.9,10,0,1.0,1.149,0,130.0,0,4.9,79.93
SEC-KOTA-SWM,108.0,130.0,58.0,6.2,113.0,19.7,7,2,1.0,1.059,0,130.0,0,19.7,58.38
SEC-MTJ-AGC,54.0,120.0,45.0,4.2,115.5,6.8,23,5,1.0,1.141,0,120.0,0,6.8,25.94
SEC-KOTA-SWM,108.0,130.0,58.0,6.2,109.0,8.2,7,1,1.0,1.028,0,130.0,0,8.2,54.71
SEC-KOTA-SWM,108.0,130.0,58.0,6.2,125.9,5.2,10,5,1.0,1.204,0,130.0,0,5.2,75.37
SEC-MTJ-AGC,54.0,120.0,45.0,4.2,91.6,12.3,18,4,1.0,1.267,0,120.0,0,12.3,47.11
SEC-BTE-MTJ,35.0,100.0,48.0,4.8,92.3,7.1,17,0,1.0,1.326,0,100.0,1,7.1,47.17
SEC-GGC-BTE,120.0,110.0,98.0,9.4,86.9,6.1,8,3,1.0,1.313,0,110.0,0,6.1,122.89
SEC-NDLS-KOTA,465.0,130.0,275.0,14.5,125.3,18.5,1,3,1.0,1.046,0,130.0,1,18.5,246.89
SEC-SWM-GGC,64.0,120.0,48.0,5.1,45.0,7.6,4,4,1.194,1.231,1,45.0,0,7.6,134.6
SEC-BTE-MTJ,35.0,100.0,48.0,4.8,98.6,1.9,3,4,1.0,1.12,0,100.0,0,1.9,27.03
SEC-KOTA-SWM,108.0,130.0,58.0,6.2,110.9,21.6,6,5,1.0,1.092,0,130.0,0,21.6,66.08
SEC-SWM-GGC,64.0,120.0,48.0,5.1,110.1,3.2,14,6,1.0,1.226,0,120.0,1,3.2,56.41
SEC-GGC-BTE,120.0,110.0,98.0,9.4,85.5,2.9,0,2,1.0,1.123,0,110.0,1,2.9,107.66
SEC-BTE-MTJ,35.0,100.0,48.0,4.8,95.5,11.8,14,0,1.064,1.208,0,100.0,0,11.8,21.23
SEC-KOTA-SWM,108.0,130.0,58.0,6.2,109.0,10.8,3,0,1.0,1.17,0,130.0,0,10.8,69.12
SEC-KOTA-SWM,108.0,130.0,58.0,6.2,126.2,14.6,13,1,1.146,1.122,0,130.0,0,14.6,64.27
SEC-SWM-GGC,64.0,120.0,48.0,5.1,30.0,0.1,2,4,1.0,1.258,1,30.0,1,0.1,183.1
SEC-MTJ-AGC,54.0,120.0,45.0,4.2,103.1,5.4,16,4,1.0,1.165,0,120.0,0,5.4,25.65
SEC-GGC-BTE,120.0,110.0,98.0,9.4,102.0,15.6,0,3,1.0,1.034,0,110.0,1,15.6,77.41
SEC-GGC-BTE,120.0,110.0,98.0,9.4,97.0,21.0,5,6,1.0,1.146,0,110.0,0,21.0,62.18
SEC-MTJ-AGC,54.0,120.0,45.0,4.2,114.1,4.9,8,2,1.0,1.314,0,120.0,0,4.9,37.43
SEC-MTJ-AGC,54.0,120.0,45.0,4.2,98.2,4.0,2,5,1.0,1.143,0,120.0,0,4.0,33.95
SEC-NDLS-KOTA,465.0,130.0,275.0,14.5,106.6,14.7,11,1,1.0,1.268,0,130.0,0,14.7,327.43
SEC-MTJ-AGC,54.0,120.0,45.0,4.2,30.0,2.4,6,0,1.0,1.087,1,30.0,0,2.4,126.15
SEC-KOTA-SWM,108.0,130.0,58.0,6.2,30.0,0.7,8,2,1.0,1.401,1,30.0,0,0.7,291.26
SEC-GGC-BTE,120.0,110.0,98.0,9.4,90.1,0.9,21,1,1.0,1.142,0,110.0,0,0.9,70.9
SEC-KOTA-SWM,108.0,130.0,58.0,6.2,60.0,7.5,23,1,1.0,1.091,1,60.0,0,7.5,128.55
SEC-GGC-BTE,120.0,110.0,98.0,9.4,109.1,6.9,17,6,1.0,1.16,0,110.0,0,6.9,91.42
SEC-KOTA-SWM,108.0,130.0,58.0,6.2,125.4,1.3,4,3,1.0,1.088,0,130.0,0,1.3,47.35
SEC-GGC-BTE,120.0,110.0,98.0,9.4,99.3,0.4,6,6,1.285,1.203,0,110.0,0,0.4,107.43
SEC-NDLS-KOTA,465.0,130.0,275.0,14.5,103.2,15.2,12,4,1.0,1.19,0,130.0,0,15.2,315.26
SEC-GGC-BTE,120.0,110.0,98.0,9.4,84.1,13.9,16,0,1.0,1.043,0,110.0,0,13.9,93.91
SEC-NDLS-KOTA,465.0,130.0,275.0,14.5,99.6,12.1,6,2,1.0,1.146,0,130.0,0,12.1,348.14
SEC-NDLS-KOTA,465.0,130.0,275.0,14.5,119.3,17.4,3,5,1.136,1.095,0,130.0,0,17.4,278.13
SEC-GGC-BTE,120.0,110.0,98.0,9.4,83.1,1.8,2,2,1.183,1.028,0,110.0,1,1.8,123.31
SEC-BTE-MTJ,35.0,100.0,48.0,4.8,77.2,11.4,15,4,1.0,1.005,0,100.0,0,11.4,35.05
SEC-GGC-BTE,120.0,110.0,98.0,9.4,45.0,29.7,22,4,1.0,1.076,1,45.0,0,29.7,205.42
SEC-GGC-BTE,120.0,110.0,98.0,9.4,60.0,4.5,11,6,1.112,1.308,1,60.0,0,4.5,194.67
SEC-GGC-BTE,120.0,110.0,98.0,9.4,100.5,39.8,17,5,1.0,1.389,0,110.0,0,39.8,93.41
SEC-NDLS-KOTA,465.0,130.0,275.0,14.5,121.1,6.2,20,2,1.0,1.337,0,130.0,0,6.2,279.33
SEC-SWM-GGC,64.0,120.0,48.0,5.1,119.1,0.7,5,4,1.229,1.038,0,120.0,0,0.7,34.33
SEC-NDLS-KOTA,465.0,130.0,275.0,14.5,120.4,15.9,6,3,1.0,1.135,0,130.0,1,15.9,264.63
SEC-NDLS-KOTA,465.0,130.0,275.0,14.5,115.4,3.1,0,4,1.0,1.109,0,130.0,0,3.1,275.33
SEC-GGC-BTE,120.0,110.0,98.0,9.4,103.9,0.7,10,1,1.0,1.222,0,110.0,0,0.7,68.87
SEC-SWM-GGC,64.0,120.0,48.0,5.1,30.0,1.2,21,3,1.0,1.214,1,30.0,0,1.2,162.5
SEC-KOTA-SWM,108.0,130.0,58.0,6.2,127.1,2.3,0,4,1.0,1.059,0,130.0,0,2.3,53.03
SEC-SWM-GGC,64.0,120.0,48.0,5.1,108.4,0.2,15,0,1.0,1.091,0,120.0,0,0.2,38.78
SEC-GGC-BTE,120.0,110.0,98.0,9.4,102.5,3.2,4,0,1.0,1.061,0,110.0,0,3.2,68.42
SEC-BTE-MTJ,35.0,100.0,48.0,4.8,45.0,42.8,6,2,1.0,1.192,1,45.0,0,42.8,68.89
SEC-BTE-MTJ,35.0,100.0,48.0,4.8,76.3,12.8,19,0,1.0,1.085,0,100.0,1,12.8,49.57
SEC-SWM-GGC,64.0,120.0,48.0,5.1,107.4,7.8,14,6,1.0,1.084,0,120.0,1,7.8,50.62
SEC-MTJ-AGC,54.0,120.0,45.0,4.2,45.0,10.9,22,6,1.118,1.027,1,45.0,0,10.9,92.98
SEC-MTJ-AGC,54.0,120.0,45.0,4.2,93.4,11.9,0,5,1.286,1.021,0,120.0,0,11.9,52.11
SEC-NDLS-KOTA,465.0,130.0,275.0,14.5,106.8,2.9,0,1,1.0,1.165,0,130.0,0,2.9,300.51
SEC-MTJ-AGC,54.0,120.0,45.0,4.2,91.5,23.4,19,3,1.0,1.448,0,120.0,0,23.4,52.18
SEC-SWM-GGC,64.0,120.0,48.0,5.1,103.2,7.2,9,0,1.0,1.373,0,120.0,0,7.2,53.41
SEC-GGC-BTE,120.0,110.0,98.0,9.4,89.8,1.2,5,0,1.277,1.132,0,110.0,1,1.2,129.5
SEC-BTE-MTJ,35.0,100.0,48.0,4.8,79.6,17.0,0,4,1.0,1.008,0,100.0,0,17.0,25.6
SEC-SWM-GGC,64.0,120.0,48.0,5.1,109.6,7.2,13,1,1.0,1.052,0,120.0,0,7.2,30.4
SEC-SWM-GGC,64.0,120.0,48.0,5.1,91.9,0.4,7,1,1.0,1.016,0,120.0,0,0.4,30.96
SEC-SWM-GGC,64.0,120.0,48.0,5.1,103.1,22.0,6,4,1.142,1.049,0,120.0,0,22.0,45.87
SEC-KOTA-SWM,108.0,130.0,58.0,6.2,123.0,6.8,16,0,1.0,1.172,0,130.0,0,6.8,62.23
SEC-KOTA-SWM,108.0,130.0,58.0,6.2,127.7,10.3,20,4,1.0,1.228,0,130.0,0,10.3,67.35
SEC-KOTA-SWM,108.0,130.0,58.0,6.2,130.0,12.2,16,1,1.0,1.154,0,130.0,0,12.2,48.19
SEC-NDLS-KOTA,465.0,130.0,275.0,14.5,45.0,0.0,6,6,1.0,1.036,1,45.0,0,0.0,648.7
SEC-SWM-GGC,64.0,120.0,48.0,5.1,114.5,6.3,7,1,1.0,1.031,0,120.0,0,6.3,36.38
SEC-KOTA-SWM,108.0,130.0,58.0,6.2,126.6,24.9,5,0,1.132,1.041,0,130.0,0,24.9,68.66
SEC-KOTA-SWM,108.0,130.0,58.0,6.2,121.0,5.5,4,5,1.071,1.222,0,130.0,0,5.5,70.59
SEC-BTE-MTJ,35.0,100.0,48.0,4.8,90.4,21.1,23,3,1.052,1.052,0,100.0,0,21.1,29.07
SEC-MTJ-AGC,54.0,120.0,45.0,4.2,111.4,11.5,11,1,1.0,1.467,0,120.0,0,11.5,39.69
SEC-BTE-MTJ,35.0,100.0,48.0,4.8,96.5,34.4,9,0,1.13,1.388,0,100.0,0,34.4,23.54
SEC-GGC-BTE,120.0,110.0,98.0,9.4,89.1,5.6,15,5,1.0,1.058,0,110.0,0,5.6,82.37
SEC-GGC-BTE,120.0,110.0,98.0,9.4,97.1,10.9,6,5,1.0,1.047,0,110.0,0,10.9,72.48
SEC-KOTA-SWM,108.0,130.0,58.0,6.2,103.3,14.6,3,3,1.0,1.014,0,130.0,0,14.6,82.29
SEC-KOTA-SWM,108.0,130.0,58.0,6.2,106.3,7.8,5,4,1.0,1.164,0,130.0,0,7.8,74.92
SEC-MTJ-AGC,54.0,120.0,45.0,4.2,94.5,2.7,7,3,1.0,1.134,0,120.0,0,2.7,36.79
SEC-KOTA-SWM,108.0,130.0,58.0,6.2,60.0,56.1,23,1,1.0,1.067,1,60.0,0,56.1,127.15
SEC-NDLS-KOTA,465.0,130.0,275.0,14.5,124.9,9.1,16,0,1.0,1.193,0,130.0,0,9.1,243.23
SEC-SWM-GGC,64.0,120.0,48.0,5.1,91.4,3.2,22,1,1.0,1.125,0,120.0,0,3.2,50.7
SEC-NDLS-KOTA,465.0,130.0,275.0,14.5,97.8,15.2,0,2,1.297,1.057,0,130.0,0,15.2,406.61
SEC-KOTA-SWM,108.0,130.0,58.0,6.2,45.0,33.7,17,3,1.0,1.368,1,45.0,0,33.7,201.49
SEC-NDLS-KOTA,465.0,130.0,275.0,14.5,119.4,3.6,7,4,1.0,1.149,0,130.0,1,3.6,277.43
SEC-MTJ-AGC,54.0,120.0,45.0,4.2,102.1,51.0,21,3,1.0,1.504,0,120.0,0,51.0,36.6
SEC-NDLS-KOTA,465.0,130.0,275.0,14.5,99.1,6.3,13,4,1.0,1.099,0,130.0,0,6.3,312.52
SEC-BTE-MTJ,35.0,100.0,48.0,4.8,45.0,11.0,0,0,1.0,1.267,1,45.0,0,11.0,66.54
SEC-SWM-GGC,64.0,120.0,48.0,5.1,92.1,2.5,15,6,1.0,1.226,0,120.0,0,2.5,53.02
SEC-BTE-MTJ,35.0,100.0,48.0,4.8,45.0,2.2,2,5,1.108,1.069,1,45.0,0,2.2,56.91
SEC-NDLS-KOTA,465.0,130.0,275.0,14.5,45.0,0.3,15,4,1.0,1.035,1,45.0,0,0.3,662.89
SEC-KOTA-SWM,108.0,130.0,58.0,6.2,123.7,18.2,12,1,1.0,1.153,0,130.0,0,18.2,47.35
SEC-MTJ-AGC,54.0,120.0,45.0,4.2,45.0,11.3,1,5,1.111,1.208,1,45.0,0,11.3,106.52
SEC-NDLS-KOTA,465.0,130.0,275.0,14.5,115.8,2.5,17,5,1.0,1.28,0,130.0,0,2.5,298.71
SEC-MTJ-AGC,54.0,120.0,45.0,4.2,92.0,2.2,3,4,1.0,1.106,0,120.0,0,2.2,27.77
SEC-KOTA-SWM,108.0,130.0,58.0,6.2,99.7,2.2,18,2,1.289,1.281,0,130.0,0,2.2,100.12
SEC-KOTA-SWM,108.0,130.0,58.0,6.2,118.5,1.1,23,2,1.0,1.125,0,130.0,0,1.1,79.82
SEC-SWM-GGC,64.0,120.0,48.0,5.1,111.8,6.0,4,3,1.068,1.04,0,120.0,0,6.0,30.99
SEC-SWM-GGC,64.0,120.0,48.0,5.1,30.0,6.6,8,2,1.0,1.378,1,30.0,0,6.6,186.0
SEC-SWM-GGC,64.0,120.0,48.0,5.1,97.1,41.4,10,5,1.096,1.46,0,120.0,0,41.4,74.01
SEC-MTJ-AGC,54.0,120.0,45.0,4.2,45.0,16.5,14,3,1.144,1.292,1,45.0,0,16.5,116.29
SEC-GGC-BTE,120.0,110.0,98.0,9.4,93.8,34.1,23,4,1.266,1.212,0,110.0,0,34.1,143.3
SEC-GGC-BTE,120.0,110.0,98.0,9.4,87.8,7.0,3,0,1.0,1.192,0,110.0,1,7.0,110.47
SEC-SWM-GGC,64.0,120.0,48.0,5.1,103.1,13.0,1,1,1.0,1.068,0,120.0,0,13.0,39.68
SEC-GGC-BTE,120.0,110.0,98.0,9.4,30.0,13.5,21,2,1.079,1.33,1,30.0,0,13.5,345.47
SEC-GGC-BTE,120.0,110.0,98.0,9.4,107.4,17.0,18,3,1.189,1.295,0,110.0,0,17.0,90.66
SEC-KOTA-SWM,108.0,130.0,58.0,6.2,100.0,5.3,9,5,1.0,1.273,0,130.0,0,5.3,78.54
SEC-MTJ-AGC,54.0,120.0,45.0,4.2,93.9,18.7,5,1,1.0,1.017,0,120.0,0,18.7,37.54
SEC-GGC-BTE,120.0,110.0,98.0,9.4,45.0,1.8,3,1,1.285,1.221,1,45.0,0,1.8,245.7
SEC-GGC-BTE,120.0,110.0,98.0,9.4,85.9,20.2,15,6,1.0,1.061,0,110.0,0,20.2,88.65
SEC-BTE-MTJ,35.0,100.0,48.0,4.8,95.0,9.6,11,6,1.0,1.34,0,100.0,0,9.6,27.28
SEC-SWM-GGC,64.0,120.0,48.0,5.1,107.8,12.5,2,5,1.273,1.018,0,120.0,0,12.5,47.27
SEC-MTJ-AGC,54.0,120.0,45.0,4.2,119.2,0.7,11,3,1.0,1.185,0,120.0,0,0.7,35.74
SEC-KOTA-SWM,108.0,130.0,58.0,6.2,117.2,4.5,14,5,1.0,1.035,0,130.0,0,4.5,50.56
SEC-BTE-MTJ,35.0,100.0,48.0,4.8,98.5,4.2,0,6,1.0,1.004,0,100.0,0,4.2,26.51
SEC-KOTA-SWM,108.0,130.0,58.0,6.2,125.6,13.2,17,1,1.0,1.169,0,130.0,1,13.2,75.05
SEC-GGC-BTE,120.0,110.0,98.0,9.4,107.5,10.8,17,3,1.228,1.227,0,110.0,0,10.8,84.56
SEC-MTJ-AGC,54.0,120.0,45.0,4.2,110.0,12.5,3,2,1.251,1.077,0,120.0,0,12.5,41.04
SEC-MTJ-AGC,54.0,120.0,45.0,4.2,108.9,0.7,19,3,1.0,1.102,0,120.0,1,0.7,54.18
SEC-KOTA-SWM,108.0,130.0,58.0,6.2,60.0,15.6,0,6,1.174,1.145,1,60.0,1,15.6,177.73
SEC-GGC-BTE,120.0,110.0,98.0,9.4,107.6,0.7,17,2,1.0,1.173,0,110.0,0,0.7,70.59
SEC-SWM-GGC,64.0,120.0,48.0,5.1,112.4,23.5,14,3,1.0,1.177,0,120.0,0,23.5,46.18
SEC-GGC-BTE,120.0,110.0,98.0,9.4,60.0,6.7,6,4,1.127,1.088,1,60.0,0,6.7,148.92
SEC-SWM-GGC,64.0,120.0,48.0,5.1,45.0,25.3,4,0,1.0,1.131,1,45.0,0,25.3,111.44
SEC-MTJ-AGC,54.0,120.0,45.0,4.2,98.4,5.0,3,4,1.0,1.08,0,120.0,0,5.0,42.12
SEC-KOTA-SWM,108.0,130.0,58.0,6.2,121.3,1.5,16,1,1.0,1.166,0,130.0,1,1.5,76.51
SEC-MTJ-AGC,54.0,120.0,45.0,4.2,106.3,1.3,9,3,1.0,1.282,0,120.0,1,1.3,50.12
SEC-GGC-BTE,120.0,110.0,98.0,9.4,96.2,4.6,6,5,1.0,1.157,0,110.0,0,4.6,83.93
SEC-SWM-GGC,64.0,120.0,48.0,5.1,92.4,2.0,2,1,1.0,1.15,0,120.0,0,2.0,51.84
SEC-BTE-MTJ,35.0,100.0,48.0,4.8,92.7,8.9,17,0,1.0,1.395,0,100.0,1,8.9,35.28
SEC-MTJ-AGC,54.0,120.0,45.0,4.2,115.6,6.0,6,2,1.0,1.087,0,120.0,0,6.0,37.17
SEC-BTE-MTJ,35.0,100.0,48.0,4.8,95.5,11.2,14,6,1.0,1.086,0,100.0,0,11.2,26.43
SEC-MTJ-AGC,54.0,120.0,45.0,4.2,94.0,5.3,1,0,1.0,1.042,0,120.0,0,5.3,33.09
SEC-NDLS-KOTA,465.0,130.0,275.0,14.5,60.0,7.9,4,6,1.0,1.187,1,60.0,0,7.9,585.38
SEC-NDLS-KOTA,465.0,130.0,275.0,14.5,119.2,1.6,3,3,1.0,1.036,0,130.0,1,1.6,260.76
SEC-KOTA-SWM,108.0,130.0,58.0,6.2,117.1,2.9,1,0,1.0,1.074,0,130.0,0,2.9,47.35
SEC-GGC-BTE,120.0,110.0,98.0,9.4,108.4,18.1,17,0,1.0,1.227,0,110.0,0,18.1,75.09
SEC-KOTA-SWM,108.0,130.0,58.0,6.2,45.0,0.9,17,5,1.13,1.307,1,45.0,0,0.9,224.35
SEC-NDLS-KOTA,465.0,130.0,275.0,14.5,106.3,19.5,19,2,1.0,1.245,0,130.0,0,19.5,310.69
SEC-KOTA-SWM,108.0,130.0,58.0,6.2,60.0,20.1,7,1,1.0,1.143,1,60.0,0,20.1,142.49
SEC-BTE-MTJ,35.0,100.0,48.0,4.8,76.9,11.7,11,1,1.0,1.38,0,100.0,0,11.7,33.38
SEC-SWM-GGC,64.0,120.0,48.0,5.1,92.8,3.6,3,4,1.0,1.062,0,120.0,0,3.6,37.11
SEC-NDLS-KOTA,465.0,130.0,275.0,14.5,60.0,6.4,17,5,1.0,1.222,1,60.0,0,6.4,557.77
SEC-MTJ-AGC,54.0,120.0,45.0,4.2,104.1,11.7,11,3,1.0,1.156,0,120.0,0,11.7,34.3
SEC-GGC-BTE,120.0,110.0,98.0,9.4,102.7,3.7,22,1,1.0,1.034,0,110.0,0,3.7,86.51
SEC-BTE-MTJ,35.0,100.0,48.0,4.8,90.2,0.7,16,6,1.0,1.097,0,100.0,0,0.7,29.17
SEC-MTJ-AGC,54.0,120.0,45.0,4.2,45.0,2.6,13,3,1.0,1.052,1,45.0,0,2.6,75.45
SEC-MTJ-AGC,54.0,120.0,45.0,4.2,119.9,1.1,20,5,1.0,1.391,0,120.0,0,1.1,43.72
SEC-SWM-GGC,64.0,120.0,48.0,5.1,107.2,11.7,16,0,1.0,1.206,0,120.0,0,11.7,38.66
SEC-SWM-GGC,64.0,120.0,48.0,5.1,90.8,24.6,4,5,1.0,1.184,0,120.0,0,24.6,50.04
SEC-NDLS-KOTA,465.0,130.0,275.0,14.5,125.7,30.5,11,4,1.0,1.367,0,130.0,0,30.5,281.22
SEC-BTE-MTJ,35.0,100.0,48.0,4.8,77.1,4.8,0,5,1.0,1.05,0,100.0,0,4.8,30.37
SEC-GGC-BTE,120.0,110.0,98.0,9.4,102.6,6.9,7,5,1.183,1.042,0,110.0,0,6.9,87.48
SEC-GGC-BTE,120.0,110.0,98.0,9.4,82.8,11.2,22,5,1.0,1.109,0,110.0,0,11.2,125.0
SEC-BTE-MTJ,35.0,100.0,48.0,4.8,96.1,2.9,2,6,1.0,1.221,0,100.0,0,2.9,19.95
SEC-NDLS-KOTA,465.0,130.0,275.0,14.5,128.5,4.5,3,4,1.255,1.08,0,130.0,0,4.5,306.93
SEC-SWM-GGC,64.0,120.0,48.0,5.1,97.6,13.6,13,5,1.0,1.11,0,120.0,0,13.6,50.71
SEC-KOTA-SWM,108.0,130.0,58.0,6.2,125.9,40.4,7,1,1.0,1.028,0,130.0,0,40.4,65.1
SEC-MTJ-AGC,54.0,120.0,45.0,4.2,60.0,4.8,8,5,1.191,1.299,1,60.0,0,4.8,80.54
SEC-NDLS-KOTA,465.0,130.0,275.0,14.5,60.0,11.8,2,0,1.135,1.074,1,60.0,0,11.8,561.29
SEC-KOTA-SWM,108.0,130.0,58.0,6.2,45.0,6.1,3,3,1.0,1.043,1,45.0,0,6.1,177.72
SEC-BTE-MTJ,35.0,100.0,48.0,4.8,93.9,0.5,19,6,1.0,1.342,0,100.0,0,0.5,32.01
SEC-KOTA-SWM,108.0,130.0,58.0,6.2,120.9,5.3,8,6,1.0,1.244,0,130.0,0,5.3,72.49
SEC-SWM-GGC,64.0,120.0,48.0,5.1,96.0,8.5,13,4,1.0,1.049,0,120.0,0,8.5,38.78
SEC-GGC-BTE,120.0,110.0,98.0,9.4,107.6,9.6,4,2,1.0,1.108,0,110.0,0,9.6,79.57
SEC-GGC-BTE,120.0,110.0,98.0,9.4,105.9,0.2,7,4,1.0,1.087,0,110.0,0,0.2,62.18
SEC-GGC-BTE,120.0,110.0,98.0,9.4,108.4,12.3,6,1,1.0,1.063,0,110.0,1,12.3,99.9
SEC-NDLS-KOTA,465.0,130.0,275.0,14.5,116.9,3.3,0,1,1.125,1.072,0,130.0,1,3.3,292.68
SEC-MTJ-AGC,54.0,120.0,45.0,4.2,97.1,26.1,23,6,1.0,1.049,0,120.0,0,26.1,37.3
SEC-NDLS-KOTA,465.0,130.0,275.0,14.5,117.0,3.8,9,0,1.0,1.1,0,130.0,0,3.8,291.98
SEC-KOTA-SWM,108.0,130.0,58.0,6.2,104.4,7.9,7,4,1.0,1.142,0,130.0,0,7.9,69.97
SEC-MTJ-AGC,54.0,120.0,45.0,4.2,117.2,10.6,8,5,1.0,1.265,0,120.0,0,10.6,31.99
SEC-MTJ-AGC,54.0,120.0,45.0,4.2,118.9,11.2,21,2,1.0,1.32,0,120.0,0,11.2,35.04
SEC-GGC-BTE,120.0,110.0,98.0,9.4,86.6,0.4,4,2,1.0,1.072,0,110.0,0,0.4,88.04
SEC-NDLS-KOTA,465.0,130.0,275.0,14.5,111.4,19.4,7,1,1.0,1.022,0,130.0,0,19.4,240.89
SEC-NDLS-KOTA,465.0,130.0,275.0,14.5,45.0,10.0,18,0,1.127,1.198,1,45.0,0,10.0,831.78
SEC-KOTA-SWM,108.0,130.0,58.0,6.2,114.1,24.3,19,0,1.0,1.244,0,130.0,0,24.3,64.91
SEC-BTE-MTJ,35.0,100.0,48.0,4.8,91.9,1.9,7,6,1.234,1.213,0,100.0,0,1.9,24.04
SEC-SWM-GGC,64.0,120.0,48.0,5.1,60.0,7.0,1,6,1.0,1.086,1,60.0,1,7.0,93.97
SEC-BTE-MTJ,35.0,100.0,48.0,4.8,93.7,11.3,19,1,1.0,1.177,0,100.0,0,11.3,19.95
SEC-KOTA-SWM,108.0,130.0,58.0,6.2,125.4,7.6,21,0,1.104,1.244,0,130.0,0,7.6,62.12
SEC-BTE-MTJ,35.0,100.0,48.0,4.8,98.7,6.7,18,0,1.0,1.197,0,100.0,0,6.7,21.03
SEC-NDLS-KOTA,465.0,130.0,275.0,14.5,128.6,2.0,12,5,1.143,1.066,0,130.0,0,2.0,260.81
SEC-MTJ-AGC,54.0,120.0,45.0,4.2,45.0,19.2,15,6,1.0,1.141,1,45.0,0,19.2,102.71
SEC-GGC-BTE,120.0,110.0,98.0,9.4,107.1,16.9,17,4,1.26,1.229,0,110.0,0,16.9,94.93
SEC-MTJ-AGC,54.0,120.0,45.0,4.2,104.6,3.0,6,4,1.0,1.063,0,120.0,0,3.0,29.19
SEC-GGC-BTE,120.0,110.0,98.0,9.4,90.2,2.1,6,6,1.0,1.155,0,110.0,0,2.1,104.63
SEC-NDLS-KOTA,465.0,130.0,275.0,14.5,107.7,7.9,23,6,1.0,1.088,0,130.0,0,7.9,233.85
SEC-BTE-MTJ,35.0,100.0,48.0,4.8,99.9,42.3,16,1,1.101,1.036,0,100.0,0,42.3,22.83
SEC-BTE-MTJ,35.0,100.0,48.0,4.8,79.0,12.5,23,2,1.0,1.218,0,100.0,0,12.5,31.99
SEC-NDLS-KOTA,465.0,130.0,275.0,14.5,45.0,11.1,10,3,1.0,1.258,1,45.0,0,11.1,770.33
SEC-KOTA-SWM,108.0,130.0,58.0,6.2,117.6,3.5,12,3,1.0,1.064,0,130.0,0,3.5,47.35
SEC-MTJ-AGC,54.0,120.0,45.0,4.2,96.6,3.9,22,4,1.198,1.051,0,120.0,0,3.9,30.47
SEC-KOTA-SWM,108.0,130.0,58.0,6.2,45.0,0.1,12,0,1.0,1.051,1,45.0,0,0.1,158.66
SEC-NDLS-KOTA,465.0,130.0,275.0,14.5,129.3,1.5,23,2,1.0,1.069,0,130.0,1,1.5,244.77
SEC-BTE-MTJ,35.0,100.0,48.0,4.8,90.9,13.1,10,0,1.0,1.4,0,100.0,0,13.1,29.8
SEC-GGC-BTE,120.0,110.0,98.0,9.4,83.1,5.8,8,6,1.0,1.147,0,110.0,0,5.8,86.91
SEC-KOTA-SWM,108.0,130.0,58.0,6.2,98.6,34.8,0,2,1.0,1.104,0,130.0,0,34.8,62.85
SEC-SWM-GGC,64.0,120.0,48.0,5.1,101.4,17.2,2,2,1.148,1.271,0,120.0,0,17.2,57.37
SEC-GGC-BTE,120.0,110.0,98.0,9.4,84.4,2.5,9,1,1.0,1.32,0,110.0,1,2.5,116.72
SEC-MTJ-AGC,54.0,120.0,45.0,4.2,118.0,10.1,10,4,1.116,1.353,0,120.0,0,10.1,45.94
SEC-NDLS-KOTA,465.0,130.0,275.0,14.5,117.3,41.2,18,4,1.0,1.399,0,130.0,0,41.2,308.58
SEC-GGC-BTE,120.0,110.0,98.0,9.4,90.3,0.3,0,6,1.0,1.075,0,110.0,0,0.3,69.96
SEC-SWM-GGC,64.0,120.0,48.0,5.1,95.4,2.8,21,4,1.255,1.11,0,120.0,0,2.8,52.67
SEC-NDLS-KOTA,465.0,130.0,275.0,14.5,30.0,1.3,22,6,1.23,1.087,1,30.0,0,1.3,1277.92
SEC-BTE-MTJ,35.0,100.0,48.0,4.8,86.6,5.3,17,1,1.074,1.304,0,100.0,0,5.3,34.1
SEC-KOTA-SWM,108.0,130.0,58.0,6.2,106.5,5.2,3,2,1.0,1.033,0,130.0,0,5.2,57.01
SEC-KOTA-SWM,108.0,130.0,58.0,6.2,105.8,11.7,11,1,1.0,1.366,0,130.0,0,11.7,79.26
SEC-MTJ-AGC,54.0,120.0,45.0,4.2,45.0,2.6,16,4,1.0,1.015,1,45.0,0,2.6,80.4
SEC-BTE-MTJ,35.0,100.0,48.0,4.8,79.0,5.6,15,4,1.0,1.079,0,100.0,0,5.6,22.15
SEC-NDLS-KOTA,465.0,130.0,275.0,14.5,101.2,7.4,18,4,1.241,1.225,0,130.0,0,7.4,399.41
SEC-NDLS-KOTA,465.0,130.0,275.0,14.5,120.1,1.6,13,0,1.0,1.201,0,130.0,0,1.6,271.87
SEC-GGC-BTE,120.0,110.0,98.0,9.4,103.5,10.0,16,4,1.0,1.147,0,110.0,0,10.0,82.28
SEC-MTJ-AGC,54.0,120.0,45.0,4.2,97.2,5.6,2,3,1.0,1.046,0,120.0,0,5.6,37.49
SEC-GGC-BTE,120.0,110.0,98.0,9.4,30.0,10.9,8,6,1.142,1.385,1,30.0,0,10.9,393.26
SEC-BTE-MTJ,35.0,100.0,48.0,4.8,82.0,11.4,9,2,1.242,1.412,0,100.0,1,11.4,59.43
SEC-SWM-GGC,64.0,120.0,48.0,5.1,106.0,8.9,9,4,1.0,1.213,0,120.0,0,8.9,31.49
SEC-NDLS-KOTA,465.0,130.0,275.0,14.5,113.2,25.6,14,6,1.0,1.03,0,130.0,0,25.6,264.31
SEC-NDLS-KOTA,465.0,130.0,275.0,14.5,45.0,2.4,11,1,1.0,1.103,1,45.0,0,2.4,668.9
SEC-MTJ-AGC,54.0,120.0,45.0,4.2,103.6,19.1,17,6,1.0,1.418,0,120.0,0,19.1,48.85
SEC-NDLS-KOTA,465.0,130.0,275.0,14.5,102.8,4.3,22,3,1.086,1.064,0,130.0,0,4.3,342.79
SEC-SWM-GGC,64.0,120.0,48.0,5.1,113.6,3.0,12,6,1.0,1.042,0,120.0,0,3.0,39.17
SEC-NDLS-KOTA,465.0,130.0,275.0,14.5,101.6,6.2,14,3,1.0,1.082,0,130.0,1,6.2,296.18
SEC-SWM-GGC,64.0,120.0,48.0,5.1,105.9,1.9,23,0,1.0,1.085,0,120.0,1,1.9,52.47
SEC-SWM-GGC,64.0,120.0,48.0,5.1,100.9,10.2,17,6,1.247,1.098,0,120.0,0,10.2,48.18
SEC-NDLS-KOTA,465.0,130.0,275.0,14.5,103.9,5.8,23,6,1.0,1.095,0,130.0,0,5.8,291.56
SEC-KOTA-SWM,108.0,130.0,58.0,6.2,109.9,3.0,19,2,1.071,1.137,0,130.0,0,3.0,80.3
SEC-GGC-BTE,120.0,110.0,98.0,9.4,85.0,17.0,13,6,1.098,1.104,0,110.0,0,17.0,106.39
SEC-MTJ-AGC,54.0,120.0,45.0,4.2,92.0,2.8,7,6,1.0,1.186,0,120.0,0,2.8,40.5
SEC-BTE-MTJ,35.0,100.0,48.0,4.8,82.0,0.9,11,4,1.0,1.361,0,100.0,0,0.9,36.68
SEC-SWM-GGC,64.0,120.0,48.0,5.1,106.5,25.2,18,4,1.086,1.055,0,120.0,0,25.2,39.13
SEC-KOTA-SWM,108.0,130.0,58.0,6.2,109.4,6.2,17,4,1.0,1.197,0,130.0,0,6.2,68.74
SEC-MTJ-AGC,54.0,120.0,45.0,4.2,115.3,12.1,14,6,1.0,1.096,0,120.0,0,12.1,26.19
SEC-KOTA-SWM,108.0,130.0,58.0,6.2,124.8,29.3,19,5,1.063,1.372,0,130.0,0,29.3,71.82
SEC-KOTA-SWM,108.0,130.0,58.0,6.2,111.4,7.9,10,3,1.0,1.355,0,130.0,0,7.9,89.44
SEC-NDLS-KOTA,465.0,130.0,275.0,14.5,125.5,3.3,10,5,1.0,1.12,0,130.0,0,3.3,238.55
SEC-KOTA-SWM,108.0,130.0,58.0,6.2,100.8,8.0,3,1,1.0,1.131,0,130.0,0,8.0,71.27
SEC-MTJ-AGC,54.0,120.0,45.0,4.2,116.8,2.0,18,2,1.297,1.241,0,120.0,0,2.0,47.62
SEC-KOTA-SWM,108.0,130.0,58.0,6.2,123.8,7.0,9,2,1.0,1.054,0,130.0,0,7.0,52.46
SEC-GGC-BTE,120.0,110.0,98.0,9.4,105.8,4.5,10,0,1.0,1.229,0,110.0,0,4.5,70.45
SEC-KOTA-SWM,108.0,130.0,58.0,6.2,109.2,13.5,22,1,1.0,1.087,0,130.0,0,13.5,72.25
SEC-GGC-BTE,120.0,110.0,98.0,9.4,88.8,15.7,0,0,1.0,1.025,0,110.0,0,15.7,84.72
SEC-BTE-MTJ,35.0,100.0,48.0,4.8,78.4,7.5,21,3,1.0,1.286,0,100.0,0,7.5,29.35
SEC-SWM-GGC,64.0,120.0,48.0,5.1,109.7,17.7,10,4,1.0,1.285,0,120.0,0,17.7,41.84
SEC-GGC-BTE,120.0,110.0,98.0,9.4,85.6,0.1,14,6,1.0,1.184,0,110.0,0,0.1,115.22
SEC-KOTA-SWM,108.0,130.0,58.0,6.2,120.5,6.3,12,2,1.081,1.057,0,130.0,0,6.3,65.64
SEC-KOTA-SWM,108.0,130.0,58.0,6.2,45.0,0.6,19,1,1.141,1.232,1,45.0,0,0.6,206.53
SEC-KOTA-SWM,108.0,130.0,58.0,6.2,123.8,2.5,22,5,1.0,1.103,0,130.0,0,2.5,52.19
SEC-SWM-GGC,64.0,120.0,48.0,5.1,98.8,22.8,10,6,1.191,1.383,0,120.0,0,22.8,60.45
SEC-BTE-MTJ,35.0,100.0,48.0,4.8,95.5,7.2,2,3,1.229,1.164,0,100.0,0,7.2,37.12
SEC-BTE-MTJ,35.0,100.0,48.0,4.8,60.0,16.2,8,2,1.0,1.119,1,60.0,0,16.2,42.59
SEC-NDLS-KOTA,465.0,130.0,275.0,14.5,103.0,19.5,11,2,1.116,1.154,0,130.0,1,19.5,360.52
SEC-BTE-MTJ,35.0,100.0,48.0,4.8,95.9,20.2,16,3,1.179,1.063,0,100.0,1,20.2,42.67
SEC-MTJ-AGC,54.0,120.0,45.0,4.2,112.1,7.0,4,0,1.085,1.02,0,120.0,0,7.0,29.9
SEC-GGC-BTE,120.0,110.0,98.0,9.4,107.6,8.5,8,0,1.098,1.299,0,110.0,0,8.5,94.35
SEC-KOTA-SWM,108.0,130.0,58.0,6.2,60.0,7.1,14,0,1.193,1.169,1,60.0,0,7.1,156.06
SEC-GGC-BTE,120.0,110.0,98.0,9.4,107.3,1.8,7,0,1.0,1.136,0,110.0,0,1.8,78.9
SEC-KOTA-SWM,108.0,130.0,58.0,6.2,124.7,7.2,11,2,1.0,1.069,0,130.0,0,7.2,58.77
SEC-BTE-MTJ,35.0,100.0,48.0,4.8,83.2,15.8,23,6,1.082,1.075,0,100.0,0,15.8,22.79
SEC-NDLS-KOTA,465.0,130.0,275.0,14.5,100.1,15.3,8,1,1.0,1.24,0,130.0,0,15.3,329.07
SEC-GGC-BTE,120.0,110.0,98.0,9.4,102.8,38.3,14,2,1.0,1.044,0,110.0,0,38.3,76.01
SEC-MTJ-AGC,54.0,120.0,45.0,4.2,97.7,0.5,8,1,1.0,1.264,0,120.0,0,0.5,34.52
SEC-GGC-BTE,120.0,110.0,98.0,9.4,107.8,0.2,11,4,1.113,1.228,0,110.0,0,0.2,88.11
SEC-NDLS-KOTA,465.0,130.0,275.0,14.5,116.1,7.7,23,2,1.0,1.128,0,130.0,0,7.7,269.99
SEC-KOTA-SWM,108.0,130.0,58.0,6.2,123.2,3.8,3,3,1.143,1.182,0,130.0,0,3.8,66.78
SEC-SWM-GGC,64.0,120.0,48.0,5.1,105.1,3.9,17,6,1.0,1.189,0,120.0,0,3.9,43.49
SEC-NDLS-KOTA,465.0,130.0,275.0,14.5,115.1,9.3,15,5,1.0,1.053,0,130.0,0,9.3,253.0
SEC-SWM-GGC,64.0,120.0,48.0,5.1,95.5,9.6,12,6,1.0,1.204,0,120.0,0,9.6,54.71
SEC-BTE-MTJ,35.0,100.0,48.0,4.8,30.0,3.8,2,5,1.215,1.033,1,30.0,0,3.8,105.41
SEC-BTE-MTJ,35.0,100.0,48.0,4.8,97.4,3.9,3,4,1.0,1.071,0,100.0,0,3.9,22.85
SEC-GGC-BTE,120.0,110.0,98.0,9.4,90.3,12.5,11,5,1.0,1.453,0,110.0,0,12.5,109.23
SEC-BTE-MTJ,35.0,100.0,48.0,4.8,97.0,0.2,7,2,1.0,1.12,0,100.0,0,0.2,19.95
SEC-MTJ-AGC,54.0,120.0,45.0,4.2,107.8,13.5,17,3,1.0,1.272,0,120.0,1,13.5,53.89
SEC-KOTA-SWM,108.0,130.0,58.0,6.2,125.1,1.3,7,5,1.0,1.054,0,130.0,0,1.3,53.91
SEC-MTJ-AGC,54.0,120.0,45.0,4.2,105.5,13.5,15,6,1.0,1.158,0,120.0,0,13.5,45.28
SEC-MTJ-AGC,54.0,120.0,45.0,4.2,100.7,8.6,7,1,1.0,1.163,0,120.0,0,8.6,34.97
SEC-KOTA-SWM,108.0,130.0,58.0,6.2,45.0,0.9,16,1,1.0,1.021,1,45.0,0,0.9,154.12
SEC-BTE-MTJ,35.0,100.0,48.0,4.8,85.0,27.7,15,3,1.0,1.184,0,100.0,0,27.7,41.04
SEC-BTE-MTJ,35.0,100.0,48.0,4.8,91.9,9.6,10,0,1.0,1.252,0,100.0,0,9.6,24.78
SEC-BTE-MTJ,35.0,100.0,48.0,4.8,97.9,1.8,2,5,1.0,1.111,0,100.0,0,1.8,22.65
SEC-GGC-BTE,120.0,110.0,98.0,9.4,45.0,0.5,21,1,1.0,1.378,1,45.0,0,0.5,227.58
SEC-KOTA-SWM,108.0,130.0,58.0,6.2,129.1,2.1,2,2,1.0,1.08,0,130.0,0,2.1,47.35
SEC-MTJ-AGC,54.0,120.0,45.0,4.2,108.0,27.1,5,4,1.282,1.077,0,120.0,0,27.1,40.96
SEC-SWM-GGC,64.0,120.0,48.0,5.1,112.4,1.8,23,0,1.134,1.032,0,120.0,0,1.8,39.62
SEC-KOTA-SWM,108.0,130.0,58.0,6.2,102.8,12.8,20,3,1.253,1.206,0,130.0,0,12.8,101.13
SEC-SWM-GGC,64.0,120.0,48.0,5.1,30.0,7.6,22,4,1.0,1.158,1,30.0,0,7.6,172.16
SEC-MTJ-AGC,54.0,120.0,45.0,4.2,117.6,1.5,20,1,1.0,1.379,0,120.0,0,1.5,40.21
SEC-GGC-BTE,120.0,110.0,98.0,9.4,104.9,2.2,2,1,1.0,1.108,0,110.0,1,2.2,86.79
SEC-MTJ-AGC,54.0,120.0,45.0,4.2,109.0,5.0,9,5,1.0,1.436,0,120.0,0,5.0,40.05
SEC-NDLS-KOTA,465.0,130.0,275.0,14.5,129.0,25.5,19,4,1.0,1.19,0,130.0,0,25.5,244.21
SEC-NDLS-KOTA,465.0,130.0,275.0,14.5,121.7,18.4,13,5,1.0,1.03,0,130.0,0,18.4,238.92
SEC-SWM-GGC,64.0,120.0,48.0,5.1,93.5,9.5,9,5,1.0,1.387,0,120.0,0,9.5,56.29
SEC-GGC-BTE,120.0,110.0,98.0,9.4,87.1,8.6,16,0,1.11,1.06,0,110.0,1,8.6,124.99
SEC-SWM-GGC,64.0,120.0,48.0,5.1,118.0,5.9,21,1,1.0,1.452,0,120.0,0,5.9,39.3
SEC-GGC-BTE,120.0,110.0,98.0,9.4,100.7,0.5,4,1,1.0,1.059,0,110.0,0,0.5,74.34
SEC-GGC-BTE,120.0,110.0,98.0,9.4,101.7,3.1,15,0,1.0,1.051,0,110.0,1,3.1,85.29
SEC-KOTA-SWM,108.0,130.0,58.0,6.2,105.3,1.9,14,2,1.0,1.151,0,130.0,0,1.9,80.55
SEC-MTJ-AGC,54.0,120.0,45.0,4.2,93.0,2.4,22,3,1.0,1.068,0,120.0,0,2.4,34.0
SEC-NDLS-KOTA,465.0,130.0,275.0,14.5,105.4,2.6,20,4,1.0,1.19,0,130.0,0,2.6,300.92
SEC-MTJ-AGC,54.0,120.0,45.0,4.2,113.2,13.8,13,3,1.0,1.127,0,120.0,0,13.8,31.6
SEC-GGC-BTE,120.0,110.0,98.0,9.4,30.0,12.4,0,3,1.222,1.175,1,30.0,0,12.4,330.93
SEC-GGC-BTE,120.0,110.0,98.0,9.4,94.2,2.7,12,2,1.0,1.283,0,110.0,0,2.7,88.83
SEC-KOTA-SWM,108.0,130.0,58.0,6.2,111.0,0.7,5,5,1.0,1.099,0,130.0,0,0.7,57.83
SEC-MTJ-AGC,54.0,120.0,45.0,4.2,93.1,0.6,16,4,1.091,1.156,0,120.0,0,0.6,40.79
SEC-KOTA-SWM,108.0,130.0,58.0,6.2,115.1,2.6,14,0,1.0,1.158,0,130.0,0,2.6,65.35
SEC-KOTA-SWM,108.0,130.0,58.0,6.2,105.1,12.0,12,0,1.0,1.169,0,130.0,0,12.0,76.88
SEC-GGC-BTE,120.0,110.0,98.0,9.4,95.5,1.8,10,0,1.0,1.256,0,110.0,0,1.8,81.17
SEC-KOTA-SWM,108.0,130.0,58.0,6.2,106.4,9.3,5,6,1.0,1.088,0,130.0,0,9.3,67.89
SEC-SWM-GGC,64.0,120.0,48.0,5.1,116.5,3.0,16,0,1.0,1.09,0,120.0,1,3.0,54.38
SEC-GGC-BTE,120.0,110.0,98.0,9.4,84.9,24.6,6,5,1.0,1.13,0,110.0,0,24.6,98.66
SEC-KOTA-SWM,108.0,130.0,58.0,6.2,115.7,3.2,13,1,1.169,1.103,0,130.0,0,3.2,77.77
SEC-KOTA-SWM,108.0,130.0,58.0,6.2,114.5,0.0,10,2,1.134,1.372,0,130.0,0,0.0,88.44
SEC-KOTA-SWM,108.0,130.0,58.0,6.2,125.3,51.2,14,1,1.0,1.008,0,130.0,0,51.2,54.72
SEC-SWM-GGC,64.0,120.0,48.0,5.1,93.5,1.6,21,0,1.0,1.233,0,120.0,0,1.6,57.53
SEC-MTJ-AGC,54.0,120.0,45.0,4.2,112.6,0.1,7,4,1.0,1.089,0,120.0,0,0.1,62.6
SEC-BTE-MTJ,35.0,100.0,48.0,4.8,95.2,0.1,9,3,1.0,1.312,0,100.0,0,0.1,19.95
SEC-MTJ-AGC,54.0,120.0,45.0,4.2,116.6,7.9,13,6,1.0,1.058,0,120.0,0,7.9,30.02
SEC-SWM-GGC,64.0,120.0,48.0,5.1,60.0,24.3,21,5,1.0,1.265,1,60.0,0,24.3,95.23
SEC-KOTA-SWM,108.0,130.0,58.0,6.2,122.9,25.4,4,4,1.0,1.017,0,130.0,0,25.4,47.35
SEC-NDLS-KOTA,465.0,130.0,275.0,14.5,105.9,6.8,2,1,1.081,1.191,0,130.0,0,6.8,327.66
SEC-BTE-MTJ,35.0,100.0,48.0,4.8,85.6,28.5,13,3,1.253,1.098,0,100.0,0,28.5,42.28
SEC-BTE-MTJ,35.0,100.0,48.0,4.8,94.7,2.9,13,2,1.0,1.144,0,100.0,0,2.9,25.93
SEC-KOTA-SWM,108.0,130.0,58.0,6.2,45.0,0.1,19,6,1.0,1.111,1,45.0,0,0.1,179.4
SEC-SWM-GGC,64.0,120.0,48.0,5.1,102.5,22.4,7,4,1.0,1.21,0,120.0,0,22.4,40.8
SEC-KOTA-SWM,108.0,130.0,58.0,6.2,113.9,17.1,0,4,1.25,1.041,0,130.0,0,17.1,78.35
SEC-NDLS-KOTA,465.0,130.0,275.0,14.5,125.9,1.0,3,2,1.0,1.093,0,130.0,0,1.0,225.47
SEC-NDLS-KOTA,465.0,130.0,275.0,14.5,111.1,3.3,2,5,1.0,1.095,0,130.0,0,3.3,313.88
SEC-GGC-BTE,120.0,110.0,98.0,9.4,89.1,30.1,1,1,1.0,1.193,0,110.0,0,30.1,97.4
SEC-GGC-BTE,120.0,110.0,98.0,9.4,105.9,8.8,1,2,1.058,1.107,0,110.0,0,8.8,69.42
SEC-GGC-BTE,120.0,110.0,98.0,9.4,100.2,0.8,13,6,1.27,1.05,0,110.0,0,0.8,90.16
SEC-BTE-MTJ,35.0,100.0,48.0,4.8,91.3,1.1,2,4,1.183,1.025,0,100.0,0,1.1,19.95
SEC-SWM-GGC,64.0,120.0,48.0,5.1,100.6,5.9,22,4,1.294,1.077,0,120.0,0,5.9,54.64
SEC-GGC-BTE,120.0,110.0,98.0,9.4,108.6,12.7,19,1,1.128,1.264,0,110.0,0,12.7,91.55
SEC-BTE-MTJ,35.0,100.0,48.0,4.8,84.6,5.4,4,2,1.0,1.061,0,100.0,0,5.4,27.67
SEC-BTE-MTJ,35.0,100.0,48.0,4.8,90.4,4.8,20,3,1.0,1.151,0,100.0,0,4.8,29.73
SEC-NDLS-KOTA,465.0,130.0,275.0,14.5,121.2,4.7,19,1,1.0,1.133,0,130.0,1,4.7,239.7
SEC-NDLS-KOTA,465.0,130.0,275.0,14.5,111.9,11.9,13,2,1.0,1.072,0,130.0,0,11.9,255.06
SEC-MTJ-AGC,54.0,120.0,45.0,4.2,114.2,35.9,14,3,1.0,1.059,0,120.0,0,35.9,35.85
SEC-BTE-MTJ,35.0,100.0,48.0,4.8,82.8,12.8,8,2,1.0,1.198,0,100.0,0,12.8,31.43
SEC-SWM-GGC,64.0,120.0,48.0,5.1,100.8,14.4,5,5,1.0,1.104,0,120.0,0,14.4,41.44
SEC-GGC-BTE,120.0,110.0,98.0,9.4,92.8,6.5,11,6,1.0,1.208,0,110.0,0,6.5,101.24
SEC-MTJ-AGC,54.0,120.0,45.0,4.2,119.3,1.5,18,5,1.0,1.3,0,120.0,1,1.5,45.13
SEC-BTE-MTJ,35.0,100.0,48.0,4.8,99.6,1.8,4,4,1.0,1.098,0,100.0,0,1.8,24.47
SEC-KOTA-SWM,108.0,130.0,58.0,6.2,129.8,11.3,11,5,1.0,1.236,0,130.0,0,11.3,67.93
SEC-MTJ-AGC,54.0,120.0,45.0,4.2,30.0,13.2,10,0,1.0,1.188,1,30.0,0,13.2,141.91
SEC-GGC-BTE,120.0,110.0,98.0,9.4,107.2,7.2,11,0,1.0,1.129,0,110.0,1,7.2,86.7
SEC-SWM-GGC,64.0,120.0,48.0,5.1,93.3,2.0,17,0,1.137,1.353,0,120.0,1,2.0,75.46
SEC-MTJ-AGC,54.0,120.0,45.0,4.2,45.0,0.8,1,3,1.0,1.074,1,45.0,0,0.8,82.42
SEC-GGC-BTE,120.0,110.0,98.0,9.4,96.5,3.3,15,5,1.051,1.051,0,110.0,0,3.3,77.38
SEC-NDLS-KOTA,465.0,130.0,275.0,14.5,114.7,49.7,17,6,1.0,1.183,0,130.0,0,49.7,270.73
SEC-MTJ-AGC,54.0,120.0,45.0,4.2,108.0,7.0,13,1,1.0,1.152,0,120.0,0,7.0,29.66
SEC-KOTA-SWM,108.0,130.0,58.0,6.2,60.0,12.3,13,4,1.0,1.086,1,60.0,0,12.3,125.26
SEC-GGC-BTE,120.0,110.0,98.0,9.4,91.7,0.3,21,4,1.0,1.22,0,110.0,1,0.3,112.57
SEC-GGC-BTE,120.0,110.0,98.0,9.4,100.1,9.8,6,5,1.0,1.246,0,110.0,0,9.8,86.42
SEC-SWM-GGC,64.0,120.0,48.0,5.1,45.0,0.4,2,3,1.0,1.057,1,45.0,0,0.4,104.22
SEC-SWM-GGC,64.0,120.0,48.0,5.1,91.8,22.1,15,5,1.0,1.038,0,120.0,0,22.1,41.82
SEC-NDLS-KOTA,465.0,130.0,275.0,14.5,128.6,19.6,5,0,1.0,1.192,0,130.0,0,19.6,239.65
SEC-MTJ-AGC,54.0,120.0,45.0,4.2,119.0,0.3,3,5,1.0,1.161,0,120.0,0,0.3,27.73
SEC-NDLS-KOTA,465.0,130.0,275.0,14.5,99.8,66.9,20,2,1.288,1.26,0,130.0,0,66.9,446.07
SEC-SWM-GGC,64.0,120.0,48.0,5.1,119.3,2.4,21,2,1.09,1.412,0,120.0,0,2.4,47.24
SEC-MTJ-AGC,54.0,120.0,45.0,4.2,30.0,12.9,6,1,1.0,1.135,1,30.0,0,12.9,140.99
SEC-NDLS-KOTA,465.0,130.0,275.0,14.5,123.6,11.6,4,2,1.0,1.145,0,130.0,0,11.6,260.28
SEC-KOTA-SWM,108.0,130.0,58.0,6.2,45.0,5.5,12,5,1.0,1.094,1,45.0,0,5.5,181.35
SEC-NDLS-KOTA,465.0,130.0,275.0,14.5,97.7,3.2,8,6,1.0,1.311,0,130.0,0,3.2,357.2
SEC-GGC-BTE,120.0,110.0,98.0,9.4,106.6,4.7,20,6,1.0,1.257,0,110.0,0,4.7,74.19
SEC-NDLS-KOTA,465.0,130.0,275.0,14.5,118.6,16.6,23,3,1.231,1.279,0,130.0,1,16.6,377.76
SEC-GGC-BTE,120.0,110.0,98.0,9.4,99.9,7.6,12,3,1.0,1.034,0,110.0,0,7.6,63.04
SEC-MTJ-AGC,54.0,120.0,45.0,4.2,110.5,5.7,20,1,1.0,1.208,0,120.0,0,5.7,36.28
SEC-KOTA-SWM,108.0,130.0,58.0,6.2,108.4,6.2,14,0,1.062,1.139,0,130.0,0,6.2,63.84
SEC-NDLS-KOTA,465.0,130.0,275.0,14.5,117.2,5.5,6,1,1.0,1.107,0,130.0,1,5.5,272.32
SEC-GGC-BTE,120.0,110.0,98.0,9.4,30.0,19.7,22,2,1.0,1.111,1,30.0,0,19.7,287.07
SEC-NDLS-KOTA,465.0,130.0,275.0,14.5,104.0,14.3,3,3,1.0,1.094,0,130.0,0,14.3,297.88
SEC-SWM-GGC,64.0,120.0,48.0,5.1,108.7,3.4,11,5,1.177,1.236,0,120.0,0,3.4,46.08
SEC-KOTA-SWM,108.0,130.0,58.0,6.2,102.5,0.5,11,6,1.0,1.204,0,130.0,0,0.5,65.82
SEC-GGC-BTE,120.0,110.0,98.0,9.4,108.9,4.5,0,1,1.0,1.06,0,110.0,0,4.5,62.18
SEC-BTE-MTJ,35.0,100.0,48.0,4.8,82.6,14.1,19,1,1.26,1.4,0,100.0,0,14.1,34.79
SEC-KOTA-SWM,108.0,130.0,58.0,6.2,60.0,1.6,5,4,1.0,1.091,1,60.0,0,1.6,126.47
SEC-NDLS-KOTA,465.0,130.0,275.0,14.5,100.1,3.9,0,6,1.0,1.023,0,130.0,0,3.9,285.48
SEC-NDLS-KOTA,465.0,130.0,275.0,14.5,116.3,5.8,18,6,1.098,1.148,0,130.0,0,5.8,278.83
SEC-BTE-MTJ,35.0,100.0,48.0,4.8,76.1,2.2,18,2,1.0,1.187,0,100.0,0,2.2,29.9
SEC-MTJ-AGC,54.0,120.0,45.0,4.2,116.4,3.7,16,5,1.0,1.05,0,120.0,1,3.7,44.2
SEC-NDLS-KOTA,465.0,130.0,275.0,14.5,60.0,6.8,7,1,1.104,1.073,1,60.0,0,6.8,590.01
SEC-KOTA-SWM,108.0,130.0,58.0,6.2,119.3,4.7,3,1,1.0,1.2,0,130.0,0,4.7,65.02
SEC-KOTA-SWM,108.0,130.0,58.0,6.2,30.0,5.5,7,6,1.0,1.115,1,30.0,0,5.5,253.94
SEC-BTE-MTJ,35.0,100.0,48.0,4.8,30.0,3.8,10,3,1.0,1.363,1,30.0,0,3.8,107.64
SEC-BTE-MTJ,35.0,100.0,48.0,4.8,93.1,1.4,10,6,1.0,1.194,0,100.0,1,1.4,35.78
SEC-GGC-BTE,120.0,110.0,98.0,9.4,99.8,33.3,11,1,1.0,1.293,0,110.0,0,33.3,97.74
SEC-NDLS-KOTA,465.0,130.0,275.0,14.5,104.7,1.8,16,3,1.0,1.037,0,130.0,0,1.8,264.38
SEC-NDLS-KOTA,465.0,130.0,275.0,14.5,100.6,13.1,8,1,1.0,1.337,0,130.0,0,13.1,333.74
SEC-NDLS-KOTA,465.0,130.0,275.0,14.5,117.5,12.0,11,1,1.208,1.221,0,130.0,0,12.0,349.13
SEC-KOTA-SWM,108.0,130.0,58.0,6.2,100.5,5.7,0,0,1.0,1.027,0,130.0,0,5.7,65.75
SEC-MTJ-AGC,54.0,120.0,45.0,4.2,119.3,28.6,5,2,1.0,1.083,0,120.0,0,28.6,31.64
SEC-SWM-GGC,64.0,120.0,48.0,5.1,114.9,17.4,17,4,1.0,1.147,0,120.0,1,17.4,68.4
SEC-GGC-BTE,120.0,110.0,98.0,9.4,94.0,2.3,11,6,1.0,1.13,0,110.0,1,2.3,107.73
SEC-NDLS-KOTA,465.0,130.0,275.0,14.5,120.6,22.1,9,0,1.0,1.117,0,130.0,0,22.1,242.98
SEC-BTE-MTJ,35.0,100.0,48.0,4.8,80.5,0.2,11,1,1.0,1.162,0,100.0,0,0.2,39.16
SEC-BTE-MTJ,35.0,100.0,48.0,4.8,83.7,1.5,8,6,1.0,1.439,0,100.0,1,1.5,41.36
SEC-MTJ-AGC,54.0,120.0,45.0,4.2,97.8,4.8,17,6,1.128,1.39,0,120.0,0,4.8,45.4
SEC-BTE-MTJ,35.0,100.0,48.0,4.8,86.2,0.1,0,1,1.0,1.158,0,100.0,0,0.1,25.05
SEC-NDLS-KOTA,465.0,130.0,275.0,14.5,45.0,0.9,1,6,1.0,1.153,1,45.0,0,0.9,739.54
SEC-MTJ-AGC,54.0,120.0,45.0,4.2,98.3,1.7,11,5,1.0,1.176,0,120.0,0,1.7,38.03
SEC-SWM-GGC,64.0,120.0,48.0,5.1,103.5,3.8,17,3,1.087,1.454,0,120.0,0,3.8,53.48
SEC-BTE-MTJ,35.0,100.0,48.0,4.8,97.0,1.9,14,0,1.0,1.055,0,100.0,1,1.9,39.32
SEC-BTE-MTJ,35.0,100.0,48.0,4.8,89.3,15.3,17,4,1.0,1.26,0,100.0,0,15.3,44.92
SEC-KOTA-SWM,108.0,130.0,58.0,6.2,98.5,7.9,23,6,1.0,1.129,0,130.0,0,7.9,66.9
SEC-BTE-MTJ,35.0,100.0,48.0,4.8,82.9,38.2,2,1,1.0,1.059,0,100.0,0,38.2,32.24
SEC-KOTA-SWM,108.0,130.0,58.0,6.2,111.4,0.8,8,5,1.0,1.189,0,130.0,0,0.8,70.37
SEC-GGC-BTE,120.0,110.0,98.0,9.4,97.4,39.3,3,2,1.0,1.109,0,110.0,0,39.3,87.39
SEC-MTJ-AGC,54.0,120.0,45.0,4.2,96.6,2.0,11,6,1.0,1.248,0,120.0,0,2.0,47.72
SEC-BTE-MTJ,35.0,100.0,48.0,4.8,86.4,2.0,9,3,1.276,1.117,0,100.0,0,2.0,33.19
SEC-BTE-MTJ,35.0,100.0,48.0,4.8,87.8,10.3,19,2,1.161,1.221,0,100.0,0,10.3,22.63
SEC-SWM-GGC,64.0,120.0,48.0,5.1,113.3,2.3,7,3,1.0,1.025,0,120.0,0,2.3,32.4
SEC-MTJ-AGC,54.0,120.0,45.0,4.2,93.4,1.9,21,0,1.0,1.43,0,120.0,0,1.9,47.54
SEC-NDLS-KOTA,465.0,130.0,275.0,14.5,60.0,7.9,21,1,1.0,1.176,1,60.0,0,7.9,563.59
SEC-NDLS-KOTA,465.0,130.0,275.0,14.5,45.0,1.1,23,3,1.098,1.064,1,45.0,0,1.1,723.89
SEC-KOTA-SWM,108.0,130.0,58.0,6.2,112.3,13.0,6,1,1.279,1.273,0,130.0,0,13.0,81.84
SEC-MTJ-AGC,54.0,120.0,45.0,4.2,93.0,4.5,16,0,1.0,1.129,0,120.0,0,4.5,39.98
SEC-SWM-GGC,64.0,120.0,48.0,5.1,118.4,20.5,16,2,1.0,1.07,0,120.0,0,20.5,37.27
SEC-NDLS-KOTA,465.0,130.0,275.0,14.5,126.4,9.3,22,0,1.0,1.161,0,130.0,0,9.3,277.6
SEC-GGC-BTE,120.0,110.0,98.0,9.4,60.0,23.5,1,3,1.117,1.12,1,60.0,0,23.5,168.73
SEC-KOTA-SWM,108.0,130.0,58.0,6.2,101.2,1.7,23,6,1.0,1.169,0,130.0,0,1.7,77.89
SEC-GGC-BTE,120.0,110.0,98.0,9.4,104.3,13.4,14,4,1.099,1.077,0,110.0,0,13.4,95.56
SEC-GGC-BTE,120.0,110.0,98.0,9.4,87.7,4.9,10,3,1.0,1.354,0,110.0,0,4.9,108.25
SEC-BTE-MTJ,35.0,100.0,48.0,4.8,79.7,6.9,12,1,1.0,1.091,0,100.0,0,6.9,30.94
SEC-SWM-GGC,64.0,120.0,48.0,5.1,30.0,2.3,18,5,1.0,1.039,1,30.0,0,2.3,164.29
SEC-GGC-BTE,120.0,110.0,98.0,9.4,101.5,2.0,22,1,1.0,1.187,0,110.0,0,2.0,80.56
SEC-NDLS-KOTA,465.0,130.0,275.0,14.5,105.2,20.8,13,1,1.0,1.085,0,130.0,0,20.8,291.94
SEC-MTJ-AGC,54.0,120.0,45.0,4.2,106.9,1.4,13,6,1.069,1.088,0,120.0,0,1.4,25.65
SEC-BTE-MTJ,35.0,100.0,48.0,4.8,87.5,5.4,3,1,1.0,1.155,0,100.0,0,5.4,19.95
SEC-GGC-BTE,120.0,110.0,98.0,9.4,96.7,13.1,9,0,1.0,1.472,0,110.0,1,13.1,125.87
SEC-KOTA-SWM,108.0,130.0,58.0,6.2,119.5,2.1,21,4,1.0,1.339,0,130.0,1,2.1,95.81
SEC-BTE-MTJ,35.0,100.0,48.0,4.8,82.5,8.2,10,5,1.0,1.409,0,100.0,0,8.2,29.99
SEC-KOTA-SWM,108.0,130.0,58.0,6.2,98.5,4.6,4,2,1.0,1.115,0,130.0,0,4.6,72.99
SEC-MTJ-AGC,54.0,120.0,45.0,4.2,30.0,30.5,2,2,1.0,1.051,1,30.0,1,30.5,159.38
SEC-SWM-GGC,64.0,120.0,48.0,5.1,99.2,13.8,10,5,1.134,1.242,0,120.0,0,13.8,58.01
SEC-BTE-MTJ,35.0,100.0,48.0,4.8,92.3,48.5,4,2,1.0,1.05,0,100.0,0,48.5,28.28
SEC-BTE-MTJ,35.0,100.0,48.0,4.8,45.0,4.5,4,0,1.0,1.102,1,45.0,0,4.5,53.18
SEC-BTE-MTJ,35.0,100.0,48.0,4.8,89.7,5.2,9,6,1.244,1.297,0,100.0,0,5.2,22.82
SEC-BTE-MTJ,35.0,100.0,48.0,4.8,30.0,0.5,6,2,1.0,1.19,1,30.0,0,0.5,90.31
SEC-KOTA-SWM,108.0,130.0,58.0,6.2,109.9,6.1,14,0,1.0,1.024,0,130.0,0,6.1,48.49
SEC-SWM-GGC,64.0,120.0,48.0,5.1,101.5,43.4,19,6,1.0,1.205,0,120.0,0,43.4,35.79
SEC-MTJ-AGC,54.0,120.0,45.0,4.2,30.0,26.6,1,1,1.058,1.106,1,30.0,0,26.6,154.9
SEC-MTJ-AGC,54.0,120.0,45.0,4.2,103.4,5.8,14,4,1.24,1.076,0,120.0,0,5.8,43.33
SEC-NDLS-KOTA,465.0,130.0,275.0,14.5,30.0,10.5,21,0,1.0,1.319,1,30.0,0,10.5,1208.38
SEC-GGC-BTE,120.0,110.0,98.0,9.4,45.0,7.1,0,4,1.0,1.107,1,45.0,0,7.1,208.55
SEC-NDLS-KOTA,465.0,130.0,275.0,14.5,119.2,13.5,18,5,1.0,1.287,0,130.0,0,13.5,266.55
SEC-MTJ-AGC,54.0,120.0,45.0,4.2,30.0,8.1,18,2,1.0,1.37,1,30.0,0,8.1,152.86
SEC-BTE-MTJ,35.0,100.0,48.0,4.8,99.1,19.0,19,6,1.0,1.363,0,100.0,0,19.0,22.22
SEC-MTJ-AGC,54.0,120.0,45.0,4.2,103.0,8.9,12,5,1.077,1.116,0,120.0,0,8.9,45.47
SEC-GGC-BTE,120.0,110.0,98.0,9.4,102.2,11.3,8,5,1.0,1.474,0,110.0,0,11.3,86.0
SEC-SWM-GGC,64.0,120.0,48.0,5.1,92.8,2.9,12,4,1.0,1.163,0,120.0,0,2.9,42.22
SEC-BTE-MTJ,35.0,100.0,48.0,4.8,80.8,17.3,11,1,1.0,1.201,0,100.0,0,17.3,35.93
SEC-BTE-MTJ,35.0,100.0,48.0,4.8,45.0,8.4,5,4,1.0,1.139,1,45.0,0,8.4,61.48
SEC-NDLS-KOTA,465.0,130.0,275.0,14.5,126.0,16.6,22,1,1.18,1.126,0,130.0,0,16.6,268.8
SEC-KOTA-SWM,108.0,130.0,58.0,6.2,45.0,3.1,7,0,1.0,1.08,1,45.0,0,3.1,172.65
SEC-SWM-GGC,64.0,120.0,48.0,5.1,113.4,7.8,10,2,1.0,1.172,0,120.0,0,7.8,30.4
SEC-BTE-MTJ,35.0,100.0,48.0,4.8,60.0,21.9,23,5,1.0,1.016,1,60.0,0,21.9,40.93
SEC-NDLS-KOTA,465.0,130.0,275.0,14.5,113.6,4.1,23,1,1.0,1.048,0,130.0,0,4.1,258.87
SEC-BTE-MTJ,35.0,100.0,48.0,4.8,87.7,7.9,10,5,1.0,1.395,0,100.0,0,7.9,34.71
SEC-GGC-BTE,120.0,110.0,98.0,9.4,83.0,4.3,8,2,1.136,1.158,0,110.0,0,4.3,118.41
SEC-SWM-GGC,64.0,120.0,48.0,5.1,99.8,8.0,15,3,1.0,1.088,0,120.0,1,8.0,54.51
SEC-GGC-BTE,120.0,110.0,98.0,9.4,45.0,4.8,18,5,1.0,1.432,1,45.0,0,4.8,240.77
SEC-KOTA-SWM,108.0,130.0,58.0,6.2,111.3,8.0,11,3,1.0,1.059,0,130.0,0,8.0,66.02
SEC-NDLS-KOTA,465.0,130.0,275.0,14.5,116.0,33.4,14,2,1.0,1.021,0,130.0,1,33.4,235.82
SEC-BTE-MTJ,35.0,100.0,48.0,4.8,95.7,29.5,4,2,1.0,1.083,0,100.0,0,29.5,28.7
SEC-GGC-BTE,120.0,110.0,98.0,9.4,87.1,4.8,7,3,1.0,1.122,0,110.0,1,4.8,116.47
SEC-NDLS-KOTA,465.0,130.0,275.0,14.5,107.9,0.4,15,3,1.0,1.135,0,130.0,1,0.4,290.85
SEC-KOTA-SWM,108.0,130.0,58.0,6.2,45.0,29.2,17,5,1.0,1.188,1,45.0,0,29.2,207.27
SEC-MTJ-AGC,54.0,120.0,45.0,4.2,45.0,2.9,23,6,1.088,1.03,1,45.0,0,2.9,99.22
SEC-SWM-GGC,64.0,120.0,48.0,5.1,60.0,34.0,16,3,1.0,1.058,1,60.0,0,34.0,80.54
SEC-KOTA-SWM,108.0,130.0,58.0,6.2,60.0,15.2,7,4,1.0,1.059,1,60.0,0,15.2,142.63
SEC-SWM-GGC,64.0,120.0,48.0,5.1,60.0,0.6,19,5,1.0,1.234,1,60.0,0,0.6,71.48
SEC-NDLS-KOTA,465.0,130.0,275.0,14.5,99.6,23.2,18,4,1.149,1.365,0,130.0,0,23.2,397.28
SEC-KOTA-SWM,108.0,130.0,58.0,6.2,97.7,2.3,21,3,1.229,1.325,0,130.0,0,2.3,106.6
SEC-GGC-BTE,120.0,110.0,98.0,9.4,88.1,5.6,20,0,1.0,1.213,0,110.0,0,5.6,98.24
SEC-MTJ-AGC,54.0,120.0,45.0,4.2,95.2,0.7,4,6,1.056,1.122,0,120.0,0,0.7,33.17
SEC-KOTA-SWM,108.0,130.0,58.0,6.2,123.1,12.2,5,1,1.0,1.133,0,130.0,0,12.2,47.35
SEC-KOTA-SWM,108.0,130.0,58.0,6.2,117.5,12.7,14,5,1.0,1.044,0,130.0,0,12.7,63.09
SEC-MTJ-AGC,54.0,120.0,45.0,4.2,103.9,8.1,2,4,1.143,1.169,0,120.0,0,8.1,44.0
SEC-GGC-BTE,120.0,110.0,98.0,9.4,95.0,6.1,19,3,1.0,1.299,0,110.0,0,6.1,95.41
SEC-GGC-BTE,120.0,110.0,98.0,9.4,86.3,21.0,23,6,1.07,1.067,0,110.0,0,21.0,113.14
SEC-NDLS-KOTA,465.0,130.0,275.0,14.5,103.6,1.6,16,5,1.0,1.194,0,130.0,0,1.6,334.25
SEC-NDLS-KOTA,465.0,130.0,275.0,14.5,114.2,0.3,1,3,1.0,1.099,0,130.0,0,0.3,251.34
SEC-BTE-MTJ,35.0,100.0,48.0,4.8,81.9,14.8,17,3,1.0,1.126,0,100.0,0,14.8,21.99
SEC-KOTA-SWM,108.0,130.0,58.0,6.2,101.7,24.0,12,3,1.104,1.061,0,130.0,0,24.0,68.94
SEC-MTJ-AGC,54.0,120.0,45.0,4.2,106.6,7.5,15,2,1.0,1.03,0,120.0,1,7.5,37.75
SEC-SWM-GGC,64.0,120.0,48.0,5.1,92.5,6.2,20,0,1.0,1.206,0,120.0,0,6.2,43.02
SEC-KOTA-SWM,108.0,130.0,58.0,6.2,45.0,8.9,2,2,1.275,1.132,1,45.0,0,8.9,213.17
SEC-MTJ-AGC,54.0,120.0,45.0,4.2,98.3,3.9,6,2,1.0,1.178,0,120.0,0,3.9,34.67
SEC-KOTA-SWM,108.0,130.0,58.0,6.2,126.3,20.4,10,2,1.0,1.411,0,130.0,0,20.4,69.15
SEC-BTE-MTJ,35.0,100.0,48.0,4.8,91.8,22.1,9,1,1.104,1.351,0,100.0,0,22.1,28.98
SEC-MTJ-AGC,54.0,120.0,45.0,4.2,110.5,4.3,6,1,1.111,1.012,0,120.0,0,4.3,34.23
SEC-MTJ-AGC,54.0,120.0,45.0,4.2,99.1,5.1,12,4,1.0,1.022,0,120.0,0,5.1,27.97
SEC-KOTA-SWM,108.0,130.0,58.0,6.2,100.9,18.0,8,5,1.0,1.349,0,130.0,0,18.0,82.15
SEC-SWM-GGC,64.0,120.0,48.0,5.1,107.5,1.1,22,1,1.0,1.028,0,120.0,1,1.1,61.27
SEC-MTJ-AGC,54.0,120.0,45.0,4.2,91.0,0.6,21,5,1.0,1.144,0,120.0,0,0.6,41.38
SEC-SWM-GGC,64.0,120.0,48.0,5.1,100.0,4.5,23,6,1.0,1.28,0,120.0,0,4.5,55.83
SEC-SWM-GGC,64.0,120.0,48.0,5.1,117.5,20.2,7,5,1.0,1.084,0,120.0,0,20.2,36.7
SEC-SWM-GGC,64.0,120.0,48.0,5.1,114.4,0.9,7,2,1.0,1.234,0,120.0,0,0.9,42.47
SEC-KOTA-SWM,108.0,130.0,58.0,6.2,117.1,2.4,17,3,1.093,1.336,0,130.0,0,2.4,70.15
SEC-MTJ-AGC,54.0,120.0,45.0,4.2,30.0,2.2,23,6,1.0,1.021,1,30.0,0,2.2,127.07
SEC-BTE-MTJ,35.0,100.0,48.0,4.8,60.0,4.0,11,1,1.0,1.064,1,60.0,0,4.0,39.02
SEC-NDLS-KOTA,465.0,130.0,275.0,14.5,121.5,16.6,2,1,1.0,1.119,0,130.0,0,16.6,251.51
SEC-SWM-GGC,64.0,120.0,48.0,5.1,95.6,9.3,9,6,1.059,1.517,0,120.0,0,9.3,46.42
SEC-KOTA-SWM,108.0,130.0,58.0,6.2,125.3,2.1,0,1,1.145,1.104,0,130.0,0,2.1,56.83
SEC-SWM-GGC,64.0,120.0,48.0,5.1,106.3,3.6,14,1,1.0,1.021,0,120.0,0,3.6,56.66
SEC-GGC-BTE,120.0,110.0,98.0,9.4,60.0,8.6,0,4,1.0,1.02,1,60.0,0,8.6,116.46
SEC-SWM-GGC,64.0,120.0,48.0,5.1,112.4,8.4,18,4,1.0,1.229,0,120.0,0,8.4,37.84
SEC-SWM-GGC,64.0,120.0,48.0,5.1,100.6,6.0,6,6,1.0,1.078,0,120.0,0,6.0,39.65
SEC-BTE-MTJ,35.0,100.0,48.0,4.8,99.3,5.8,3,3,1.165,1.251,0,100.0,0,5.8,22.6
SEC-MTJ-AGC,54.0,120.0,45.0,4.2,110.7,20.6,15,4,1.0,1.065,0,120.0,0,20.6,41.17
SEC-KOTA-SWM,108.0,130.0,58.0,6.2,98.6,3.0,1,0,1.0,1.082,0,130.0,0,3.0,66.04
SEC-KOTA-SWM,108.0,130.0,58.0,6.2,126.8,9.1,14,2,1.0,1.158,0,130.0,1,9.1,78.41
SEC-SWM-GGC,64.0,120.0,48.0,5.1,110.0,22.6,17,3,1.0,1.32,0,120.0,0,22.6,53.14
SEC-SWM-GGC,64.0,120.0,48.0,5.1,30.0,6.9,9,0,1.0,1.267,1,30.0,0,6.9,168.09
SEC-BTE-MTJ,35.0,100.0,48.0,4.8,95.3,6.6,14,4,1.0,1.116,0,100.0,0,6.6,31.6
SEC-KOTA-SWM,108.0,130.0,58.0,6.2,111.1,11.1,0,1,1.0,1.062,0,130.0,0,11.1,66.84
SEC-KOTA-SWM,108.0,130.0,58.0,6.2,115.7,0.6,20,2,1.0,1.313,0,130.0,0,0.6,76.78
SEC-MTJ-AGC,54.0,120.0,45.0,4.2,30.0,13.5,21,2,1.055,1.315,1,30.0,0,13.5,163.03
SEC-MTJ-AGC,54.0,120.0,45.0,4.2,107.5,4.8,14,4,1.0,1.047,0,120.0,0,4.8,26.06
SEC-NDLS-KOTA,465.0,130.0,275.0,14.5,97.5,5.2,19,5,1.0,1.248,0,130.0,0,5.2,347.47
SEC-BTE-MTJ,35.0,100.0,48.0,4.8,88.7,6.8,10,0,1.0,1.332,0,100.0,0,6.8,33.19
SEC-NDLS-KOTA,465.0,130.0,275.0,14.5,115.5,6.6,23,2,1.0,1.157,0,130.0,0,6.6,255.05
SEC-MTJ-AGC,54.0,120.0,45.0,4.2,30.0,6.0,6,1,1.258,1.199,1,30.0,0,6.0,189.47
SEC-NDLS-KOTA,465.0,130.0,275.0,14.5,129.3,2.7,11,1,1.0,1.323,0,130.0,1,2.7,292.89
SEC-GGC-BTE,120.0,110.0,98.0,9.4,107.0,52.6,15,4,1.263,1.134,0,110.0,0,52.6,102.44
SEC-GGC-BTE,120.0,110.0,98.0,9.4,104.7,4.5,20,5,1.0,1.359,0,110.0,0,4.5,97.36
SEC-NDLS-KOTA,465.0,130.0,275.0,14.5,119.1,7.2,2,3,1.078,1.13,0,130.0,1,7.2,314.33
SEC-BTE-MTJ,35.0,100.0,48.0,4.8,86.9,6.3,20,4,1.0,1.254,0,100.0,0,6.3,23.47
SEC-KOTA-SWM,108.0,130.0,58.0,6.2,113.6,16.3,13,0,1.0,1.112,0,130.0,0,16.3,55.67
SEC-MTJ-AGC,54.0,120.0,45.0,4.2,109.2,28.2,0,3,1.0,1.022,0,120.0,0,28.2,33.8
SEC-GGC-BTE,120.0,110.0,98.0,9.4,88.1,12.3,6,4,1.105,1.129,0,110.0,0,12.3,96.91
SEC-NDLS-KOTA,465.0,130.0,275.0,14.5,116.4,7.7,23,0,1.0,1.024,0,130.0,0,7.7,238.86
SEC-KOTA-SWM,108.0,130.0,58.0,6.2,101.9,7.2,2,4,1.0,1.001,0,130.0,0,7.2,58.94
SEC-KOTA-SWM,108.0,130.0,58.0,6.2,105.3,4.7,21,2,1.0,1.257,0,130.0,1,4.7,95.08
SEC-GGC-BTE,120.0,110.0,98.0,9.4,99.2,0.3,2,1,1.0,1.145,0,110.0,1,0.3,86.74
SEC-SWM-GGC,64.0,120.0,48.0,5.1,119.1,23.8,19,3,1.0,1.164,0,120.0,0,23.8,42.11
SEC-MTJ-AGC,54.0,120.0,45.0,4.2,91.7,24.8,14,5,1.0,1.135,0,120.0,0,24.8,42.15
SEC-BTE-MTJ,35.0,100.0,48.0,4.8,99.7,0.2,3,5,1.0,1.123,0,100.0,0,0.2,19.95
SEC-BTE-MTJ,35.0,100.0,48.0,4.8,97.9,8.7,0,3,1.0,1.047,0,100.0,0,8.7,19.95
SEC-GGC-BTE,120.0,110.0,98.0,9.4,91.8,18.2,19,2,1.0,1.254,0,110.0,0,18.2,98.29
SEC-BTE-MTJ,35.0,100.0,48.0,4.8,90.5,2.8,6,1,1.0,1.185,0,100.0,0,2.8,25.19
SEC-KOTA-SWM,108.0,130.0,58.0,6.2,110.1,25.0,1,6,1.0,1.003,0,130.0,0,25.0,85.7
SEC-BTE-MTJ,35.0,100.0,48.0,4.8,86.4,0.5,9,2,1.091,1.137,0,100.0,0,0.5,31.43
SEC-BTE-MTJ,35.0,100.0,48.0,4.8,94.4,0.6,10,6,1.137,1.323,0,100.0,0,0.6,28.93
SEC-KOTA-SWM,108.0,130.0,58.0,6.2,123.7,6.7,4,3,1.0,1.023,0,130.0,0,6.7,49.7
SEC-NDLS-KOTA,465.0,130.0,275.0,14.5,113.3,2.7,16,3,1.0,1.033,0,130.0,0,2.7,248.82
SEC-KOTA-SWM,108.0,130.0,58.0,6.2,30.0,1.4,11,6,1.051,1.162,1,30.0,0,1.4,279.03
SEC-BTE-MTJ,35.0,100.0,48.0,4.8,77.4,2.3,19,3,1.134,1.286,0,100.0,0,2.3,42.78
SEC-GGC-BTE,120.0,110.0,98.0,9.4,83.8,1.7,9,5,1.0,1.333,0,110.0,1,1.7,138.82
SEC-SWM-GGC,64.0,120.0,48.0,5.1,98.1,14.8,10,3,1.0,1.112,0,120.0,0,14.8,38.71
SEC-SWM-GGC,64.0,120.0,48.0,5.1,91.4,9.3,4,6,1.0,1.089,0,120.0,0,9.3,40.22
SEC-GGC-BTE,120.0,110.0,98.0,9.4,86.8,10.2,11,6,1.0,1.168,0,110.0,0,10.2,88.58
SEC-NDLS-KOTA,465.0,130.0,275.0,14.5,99.1,3.0,8,2,1.0,1.333,0,130.0,0,3.0,323.29
SEC-GGC-BTE,120.0,110.0,98.0,9.4,84.7,3.4,16,5,1.052,1.237,0,110.0,0,3.4,91.73
SEC-BTE-MTJ,35.0,100.0,48.0,4.8,94.1,6.6,16,3,1.093,1.115,0,100.0,0,6.6,29.67
SEC-BTE-MTJ,35.0,100.0,48.0,4.8,45.0,10.6,14,6,1.0,1.062,1,45.0,0,10.6,56.1
SEC-BTE-MTJ,35.0,100.0,48.0,4.8,92.8,7.3,0,0,1.0,1.029,0,100.0,0,7.3,24.34
SEC-KOTA-SWM,108.0,130.0,58.0,6.2,109.4,4.7,3,2,1.0,1.262,0,130.0,0,4.7,69.87
SEC-KOTA-SWM,108.0,130.0,58.0,6.2,106.1,6.0,3,3,1.0,1.113,0,130.0,0,6.0,68.22
SEC-MTJ-AGC,54.0,120.0,45.0,4.2,99.8,42.8,8,2,1.233,1.169,0,120.0,0,42.8,43.43
SEC-SWM-GGC,64.0,120.0,48.0,5.1,107.7,5.1,14,4,1.209,1.055,0,120.0,1,5.1,57.29
SEC-SWM-GGC,64.0,120.0,48.0,5.1,105.8,5.2,19,1,1.0,1.14,0,120.0,0,5.2,47.28
SEC-MTJ-AGC,54.0,120.0,45.0,4.2,60.0,10.0,21,0,1.14,1.283,1,60.0,0,10.0,84.32
SEC-SWM-GGC,64.0,120.0,48.0,5.1,30.0,6.7,4,1,1.0,1.148,1,30.0,0,6.7,157.23
SEC-MTJ-AGC,54.0,120.0,45.0,4.2,45.0,0.4,6,6,1.0,1.17,1,45.0,0,0.4,100.24
SEC-KOTA-SWM,108.0,130.0,58.0,6.2,45.0,20.9,7,1,1.1,1.134,1,45.0,0,20.9,195.34
SEC-NDLS-KOTA,465.0,130.0,275.0,14.5,107.8,4.2,15,4,1.0,1.04,0,130.0,0,4.2,275.65
SEC-NDLS-KOTA,465.0,130.0,275.0,14.5,99.9,3.0,15,0,1.0,1.151,0,130.0,0,3.0,323.16
SEC-KOTA-SWM,108.0,130.0,58.0,6.2,122.8,44.6,22,2,1.0,1.195,0,130.0,1,44.6,95.16
SEC-NDLS-KOTA,465.0,130.0,275.0,14.5,126.5,8.5,7,4,1.0,1.051,0,130.0,1,8.5,250.76
SEC-MTJ-AGC,54.0,120.0,45.0,4.2,45.0,6.4,15,1,1.0,1.105,1,45.0,0,6.4,92.22
SEC-MTJ-AGC,54.0,120.0,45.0,4.2,118.3,6.4,22,3,1.0,1.042,0,120.0,0,6.4,36.45
SEC-BTE-MTJ,35.0,100.0,48.0,4.8,78.7,0.8,13,2,1.0,1.019,0,100.0,0,0.8,31.92
SEC-MTJ-AGC,54.0,120.0,45.0,4.2,30.0,12.0,12,6,1.0,1.127,1,30.0,0,12.0,144.93
SEC-BTE-MTJ,35.0,100.0,48.0,4.8,76.3,13.6,14,6,1.0,1.098,0,100.0,0,13.6,32.02
SEC-SWM-GGC,64.0,120.0,48.0,5.1,114.4,2.8,0,5,1.0,1.117,0,120.0,0,2.8,30.4
SEC-MTJ-AGC,54.0,120.0,45.0,4.2,106.8,1.0,12,4,1.0,1.122,0,120.0,0,1.0,29.83
SEC-BTE-MTJ,35.0,100.0,48.0,4.8,94.1,9.5,2,5,1.119,1.119,0,100.0,0,9.5,29.14
SEC-NDLS-KOTA,465.0,130.0,275.0,14.5,127.6,14.8,19,0,1.132,1.383,0,130.0,1,14.8,328.45
SEC-NDLS-KOTA,465.0,130.0,275.0,14.5,116.8,3.1,2,4,1.072,1.107,0,130.0,0,3.1,271.16
SEC-NDLS-KOTA,465.0,130.0,275.0,14.5,106.0,6.5,14,4,1.0,1.182,0,130.0,0,6.5,299.75
SEC-GGC-BTE,120.0,110.0,98.0,9.4,45.0,1.0,12,3,1.0,1.151,1,45.0,0,1.0,190.91
SEC-SWM-GGC,64.0,120.0,48.0,5.1,113.3,2.3,23,2,1.0,1.009,0,120.0,0,2.3,45.68
SEC-KOTA-SWM,108.0,130.0,58.0,6.2,120.9,35.0,15,2,1.284,1.02,0,130.0,0,35.0,72.1
SEC-KOTA-SWM,108.0,130.0,58.0,6.2,30.0,1.2,4,4,1.101,1.069,1,30.0,0,1.2,267.12
SEC-BTE-MTJ,35.0,100.0,48.0,4.8,91.7,0.4,21,2,1.0,1.067,0,100.0,0,0.4,19.95
SEC-KOTA-SWM,108.0,130.0,58.0,6.2,45.0,20.1,10,1,1.0,1.128,1,45.0,0,20.1,173.64
SEC-MTJ-AGC,54.0,120.0,45.0,4.2,45.0,6.8,18,0,1.0,1.215,1,45.0,0,6.8,94.94
SEC-GGC-BTE,120.0,110.0,98.0,9.4,88.3,6.6,9,0,1.209,1.226,0,110.0,0,6.6,123.38
SEC-KOTA-SWM,108.0,130.0,58.0,6.2,60.0,5.8,2,5,1.0,1.158,1,60.0,0,5.8,138.02
SEC-NDLS-KOTA,465.0,130.0,275.0,14.5,130.0,30.4,4,6,1.0,1.079,0,130.0,0,30.4,215.62
SEC-KOTA-SWM,108.0,130.0,58.0,6.2,120.7,26.2,14,0,1.232,1.175,0,130.0,1,26.2,105.16
SEC-MTJ-AGC,54.0,120.0,45.0,4.2,103.9,6.8,19,6,1.09,1.173,0,120.0,0,6.8,38.15
SEC-KOTA-SWM,108.0,130.0,58.0,6.2,110.4,3.0,4,3,1.0,1.156,0,130.0,1,3.0,81.1
SEC-KOTA-SWM,108.0,130.0,58.0,6.2,122.9,3.4,11,5,1.0,1.365,0,130.0,0,3.4,66.63
SEC-MTJ-AGC,54.0,120.0,45.0,4.2,45.0,6.4,9,1,1.0,1.221,1,45.0,0,6.4,102.08
SEC-MTJ-AGC,54.0,120.0,45.0,4.2,98.0,7.8,6,1,1.0,1.067,0,120.0,1,7.8,53.89
SEC-NDLS-KOTA,465.0,130.0,275.0,14.5,125.6,3.7,19,3,1.095,1.176,0,130.0,0,3.7,299.95
SEC-BTE-MTJ,35.0,100.0,48.0,4.8,76.5,7.0,11,2,1.0,1.143,0,100.0,0,7.0,42.29
SEC-MTJ-AGC,54.0,120.0,45.0,4.2,93.9,6.4,8,4,1.09,1.271,0,120.0,0,6.4,43.34
SEC-GGC-BTE,120.0,110.0,98.0,9.4,100.5,10.8,23,4,1.119,1.028,0,110.0,0,10.8,82.62
SEC-KOTA-SWM,108.0,130.0,58.0,6.2,114.0,9.2,16,2,1.0,1.09,0,130.0,0,9.2,72.0
SEC-KOTA-SWM,108.0,130.0,58.0,6.2,129.7,0.1,12,0,1.0,1.108,0,130.0,0,0.1,57.07
SEC-GGC-BTE,120.0,110.0,98.0,9.4,100.0,6.2,19,1,1.0,1.494,0,110.0,0,6.2,89.53
SEC-MTJ-AGC,54.0,120.0,45.0,4.2,30.0,9.3,1,1,1.0,1.085,1,30.0,1,9.3,152.09
SEC-NDLS-KOTA,465.0,130.0,275.0,14.5,122.7,13.8,3,0,1.0,1.169,0,130.0,0,13.8,234.93
SEC-BTE-MTJ,35.0,100.0,48.0,4.8,85.5,6.2,20,5,1.226,1.191,0,100.0,0,6.2,39.62
SEC-SWM-GGC,64.0,120.0,48.0,5.1,114.1,21.6,4,0,1.0,1.029,0,120.0,1,21.6,53.67
SEC-BTE-MTJ,35.0,100.0,48.0,4.8,97.3,5.0,15,6,1.249,1.056,0,100.0,0,5.0,25.66
SEC-NDLS-KOTA,465.0,130.0,275.0,14.5,129.3,2.4,13,1,1.0,1.078,0,130.0,1,2.4,241.06
SEC-GGC-BTE,120.0,110.0,98.0,9.4,109.3,4.3,15,0,1.0,1.025,0,110.0,0,4.3,63.64
SEC-MTJ-AGC,54.0,120.0,45.0,4.2,94.1,2.1,8,0,1.0,1.411,0,120.0,0,2.1,37.92
SEC-BTE-MTJ,35.0,100.0,48.0,4.8,99.3,4.6,10,6,1.0,1.299,0,100.0,0,4.6,31.62
SEC-MTJ-AGC,54.0,120.0,45.0,4.2,106.0,5.4,9,6,1.0,1.294,0,120.0,0,5.4,30.8
SEC-NDLS-KOTA,465.0,130.0,275.0,14.5,112.5,7.0,8,5,1.0,1.335,0,130.0,0,7.0,320.76
SEC-KOTA-SWM,108.0,130.0,58.0,6.2,121.6,4.5,16,3,1.0,1.19,0,130.0,0,4.5,57.75
SEC-GGC-BTE,120.0,110.0,98.0,9.4,84.4,7.1,10,1,1.0,1.237,0,110.0,0,7.1,108.24
SEC-KOTA-SWM,108.0,130.0,58.0,6.2,105.0,51.0,3,2,1.0,1.096,0,130.0,0,51.0,74.85
SEC-KOTA-SWM,108.0,130.0,58.0,6.2,103.2,8.7,5,0,1.0,1.007,0,130.0,0,8.7,74.9
SEC-GGC-BTE,120.0,110.0,98.0,9.4,94.4,0.3,16,2,1.0,1.251,0,110.0,0,0.3,80.12
SEC-BTE-MTJ,35.0,100.0,48.0,4.8,89.9,8.8,21,2,1.0,1.365,0,100.0,0,8.8,33.64
SEC-NDLS-KOTA,465.0,130.0,275.0,14.5,129.2,3.7,9,2,1.0,1.127,0,130.0,0,3.7,254.53
SEC-BTE-MTJ,35.0,100.0,48.0,4.8,85.8,0.0,5,3,1.268,1.115,0,100.0,0,0.0,37.32
SEC-KOTA-SWM,108.0,130.0,58.0,6.2,100.7,7.2,11,4,1.0,1.224,0,130.0,0,7.2,73.31
SEC-NDLS-KOTA,465.0,130.0,275.0,14.5,123.1,0.7,10,1,1.0,1.188,0,130.0,0,0.7,271.01
SEC-KOTA-SWM,108.0,130.0,58.0,6.2,123.4,8.9,10,4,1.208,1.103,0,130.0,0,8.9,73.88
SEC-MTJ-AGC,54.0,120.0,45.0,4.2,103.3,10.1,8,0,1.0,1.266,0,120.0,0,10.1,33.5
SEC-SWM-GGC,64.0,120.0,48.0,5.1,96.3,2.0,4,3,1.0,1.093,0,120.0,0,2.0,41.54
SEC-KOTA-SWM,108.0,130.0,58.0,6.2,99.2,1.2,2,6,1.0,1.016,0,130.0,0,1.2,67.08
SEC-KOTA-SWM,108.0,130.0,58.0,6.2,45.0,53.1,7,5,1.0,1.073,1,45.0,1,53.1,185.69
SEC-KOTA-SWM,108.0,130.0,58.0,6.2,117.6,11.7,13,4,1.0,1.05,0,130.0,0,11.7,47.35
SEC-GGC-BTE,120.0,110.0,98.0,9.4,60.0,5.5,9,6,1.092,1.079,1,60.0,0,5.5,162.33
SEC-SWM-GGC,64.0,120.0,48.0,5.1,103.4,5.3,5,1,1.0,1.175,0,120.0,0,5.3,36.85
SEC-GGC-BTE,120.0,110.0,98.0,9.4,101.7,11.8,7,6,1.0,1.123,0,110.0,0,11.8,82.71
SEC-NDLS-KOTA,465.0,130.0,275.0,14.5,60.0,25.4,14,2,1.0,1.082,1,60.0,0,25.4,507.5
SEC-SWM-GGC,64.0,120.0,48.0,5.1,95.4,2.2,10,3,1.0,1.113,0,120.0,0,2.2,38.69
SEC-MTJ-AGC,54.0,120.0,45.0,4.2,103.2,6.5,9,3,1.0,1.24,0,120.0,0,6.5,26.86
SEC-SWM-GGC,64.0,120.0,48.0,5.1,117.9,2.7,5,2,1.056,1.1,0,120.0,0,2.7,44.48
SEC-BTE-MTJ,35.0,100.0,48.0,4.8,80.5,32.6,18,4,1.0,1.252,0,100.0,0,32.6,41.64
SEC-GGC-BTE,120.0,110.0,98.0,9.4,91.9,0.7,17,6,1.0,1.391,0,110.0,0,0.7,104.86
SEC-BTE-MTJ,35.0,100.0,48.0,4.8,95.5,2.1,19,6,1.0,1.186,0,100.0,0,2.1,31.59
SEC-GGC-BTE,120.0,110.0,98.0,9.4,101.3,35.3,4,3,1.0,1.205,0,110.0,0,35.3,95.07
SEC-GGC-BTE,120.0,110.0,98.0,9.4,97.3,21.5,23,0,1.0,1.069,0,110.0,0,21.5,67.55
SEC-SWM-GGC,64.0,120.0,48.0,5.1,113.1,8.9,1,4,1.0,1.136,0,120.0,0,8.9,39.81
SEC-NDLS-KOTA,465.0,130.0,275.0,14.5,122.2,8.0,16,4,1.0,1.118,0,130.0,0,8.0,257.87
SEC-KOTA-SWM,108.0,130.0,58.0,6.2,30.0,2.0,3,3,1.0,1.101,1,30.0,0,2.0,266.52
SEC-NDLS-KOTA,465.0,130.0,275.0,14.5,60.0,1.2,23,4,1.0,1.159,1,60.0,0,1.2,553.21
SEC-SWM-GGC,64.0,120.0,48.0,5.1,114.1,8.7,20,4,1.172,1.338,0,120.0,1,8.7,65.37
SEC-NDLS-KOTA,465.0,130.0,275.0,14.5,105.8,14.7,20,1,1.0,1.194,0,130.0,0,14.7,308.21
SEC-GGC-BTE,120.0,110.0,98.0,9.4,60.0,7.5,7,1,1.0,1.151,1,60.0,0,7.5,138.55
SEC-BTE-MTJ,35.0,100.0,48.0,4.8,94.6,26.2,8,1,1.0,1.481,0,100.0,0,26.2,50.02
SEC-NDLS-KOTA,465.0,130.0,275.0,14.5,119.2,2.1,12,4,1.0,1.041,0,130.0,0,2.1,247.53
SEC-KOTA-SWM,108.0,130.0,58.0,6.2,108.7,16.1,14,0,1.0,1.088,0,130.0,0,16.1,63.74
SEC-BTE-MTJ,35.0,100.0,48.0,4.8,98.7,1.7,16,6,1.052,1.016,0,100.0,0,1.7,25.12
SEC-SWM-GGC,64.0,120.0,48.0,5.1,94.0,0.8,20,1,1.0,1.13,0,120.0,0,0.8,32.92
SEC-BTE-MTJ,35.0,100.0,48.0,4.8,94.6,7.1,1,2,1.0,1.088,0,100.0,1,7.1,54.33
SEC-BTE-MTJ,35.0,100.0,48.0,4.8,93.9,6.8,5,3,1.0,1.009,0,100.0,0,6.8,19.95
SEC-SWM-GGC,64.0,120.0,48.0,5.1,100.7,3.9,0,2,1.119,1.055,0,120.0,1,3.9,58.93
SEC-KOTA-SWM,108.0,130.0,58.0,6.2,102.2,8.6,23,0,1.0,1.109,0,130.0,0,8.6,75.55
SEC-MTJ-AGC,54.0,120.0,45.0,4.2,118.0,0.6,15,4,1.0,1.049,0,120.0,0,0.6,28.17
SEC-GGC-BTE,120.0,110.0,98.0,9.4,88.6,1.1,16,2,1.13,1.183,0,110.0,0,1.1,93.2
SEC-KOTA-SWM,108.0,130.0,58.0,6.2,113.1,7.6,10,6,1.0,1.121,0,130.0,0,7.6,65.48
SEC-BTE-MTJ,35.0,100.0,48.0,4.8,81.6,2.4,12,4,1.0,1.134,0,100.0,1,2.4,45.0
SEC-NDLS-KOTA,465.0,130.0,275.0,14.5,127.9,2.0,21,4,1.0,1.222,0,130.0,0,2.0,245.44
SEC-MTJ-AGC,54.0,120.0,45.0,4.2,91.2,33.3,15,5,1.0,1.052,0,120.0,0,33.3,25.65
SEC-MTJ-AGC,54.0,120.0,45.0,4.2,103.6,12.1,15,2,1.0,1.038,0,120.0,0,12.1,40.97
SEC-KOTA-SWM,108.0,130.0,58.0,6.2,116.8,4.2,17,5,1.0,1.291,0,130.0,0,4.2,73.05
SEC-NDLS-KOTA,465.0,130.0,275.0,14.5,118.9,8.6,7,3,1.0,1.028,0,130.0,0,8.6,239.91
SEC-SWM-GGC,64.0,120.0,48.0,5.1,104.2,21.3,15,2,1.0,1.089,0,120.0,0,21.3,40.56
SEC-SWM-GGC,64.0,120.0,48.0,5.1,117.8,3.6,12,4,1.145,1.013,0,120.0,0,3.6,48.43
SEC-NDLS-KOTA,465.0,130.0,275.0,14.5,105.0,1.5,12,1,1.0,1.137,0,130.0,0,1.5,322.52
SEC-KOTA-SWM,108.0,130.0,58.0,6.2,116.3,3.5,4,2,1.0,1.132,0,130.0,0,3.5,70.09
SEC-SWM-GGC,64.0,120.0,48.0,5.1,91.3,9.7,6,1,1.0,1.036,0,120.0,0,9.7,37.08
SEC-BTE-MTJ,35.0,100.0,48.0,4.8,45.0,25.2,16,0,1.0,1.106,1,45.0,0,25.2,65.86
SEC-NDLS-KOTA,465.0,130.0,275.0,14.5,109.0,12.7,19,5,1.0,1.198,0,130.0,0,12.7,302.08
SEC-NDLS-KOTA,465.0,130.0,275.0,14.5,125.1,6.1,1,5,1.0,1.073,0,130.0,0,6.1,242.17
SEC-KOTA-SWM,108.0,130.0,58.0,6.2,108.5,16.3,10,6,1.186,1.086,0,130.0,0,16.3,78.76
SEC-BTE-MTJ,35.0,100.0,48.0,4.8,30.0,11.3,4,0,1.0,1.037,1,30.0,0,11.3,86.41
SEC-SWM-GGC,64.0,120.0,48.0,5.1,104.7,3.9,14,4,1.0,1.063,0,120.0,0,3.9,41.63
SEC-NDLS-KOTA,465.0,130.0,275.0,14.5,30.0,2.4,4,1,1.0,1.033,1,30.0,0,2.4,959.09
SEC-SWM-GGC,64.0,120.0,48.0,5.1,103.0,11.7,19,5,1.099,1.313,0,120.0,0,11.7,47.94
SEC-NDLS-KOTA,465.0,130.0,275.0,14.5,105.1,12.9,4,2,1.0,1.023,0,130.0,1,12.9,306.3
SEC-BTE-MTJ,35.0,100.0,48.0,4.8,86.9,17.2,9,0,1.179,1.312,0,100.0,0,17.2,37.66
SEC-BTE-MTJ,35.0,100.0,48.0,4.8,85.8,6.5,11,4,1.0,1.198,0,100.0,0,6.5,30.32
SEC-GGC-BTE,120.0,110.0,98.0,9.4,91.4,23.5,22,6,1.201,1.126,0,110.0,0,23.5,110.63
SEC-KOTA-SWM,108.0,130.0,58.0,6.2,124.1,10.6,1,0,1.0,1.044,0,130.0,0,10.6,49.15
SEC-GGC-BTE,120.0,110.0,98.0,9.4,95.7,3.2,18,0,1.0,1.349,0,110.0,0,3.2,96.94
SEC-NDLS-KOTA,465.0,130.0,275.0,14.5,107.1,23.6,13,1,1.0,1.138,0,130.0,0,23.6,286.21
SEC-NDLS-KOTA,465.0,130.0,275.0,14.5,124.9,6.2,21,3,1.061,1.33,0,130.0,0,6.2,291.22
SEC-KOTA-SWM,108.0,130.0,58.0,6.2,125.8,18.1,20,5,1.0,1.436,0,130.0,0,18.1,83.67
SEC-GGC-BTE,120.0,110.0,98.0,9.4,109.1,25.0,1,1,1.0,1.14,0,110.0,0,25.0,96.15
SEC-GGC-BTE,120.0,110.0,98.0,9.4,106.7,5.0,9,3,1.219,1.248,0,110.0,0,5.0,105.42
SEC-KOTA-SWM,108.0,130.0,58.0,6.2,110.6,4.5,15,0,1.0,1.091,0,130.0,1,4.5,86.33
SEC-KOTA-SWM,108.0,130.0,58.0,6.2,100.6,12.1,22,2,1.0,1.107,0,130.0,0,12.1,67.39
SEC-GGC-BTE,120.0,110.0,98.0,9.4,109.1,27.0,17,5,1.224,1.201,0,110.0,0,27.0,114.2
SEC-BTE-MTJ,35.0,100.0,48.0,4.8,95.3,2.2,13,3,1.0,1.105,0,100.0,0,2.2,24.0
SEC-GGC-BTE,120.0,110.0,98.0,9.4,102.0,11.6,19,1,1.0,1.244,0,110.0,0,11.6,88.11
SEC-SWM-GGC,64.0,120.0,48.0,5.1,45.0,12.2,15,1,1.0,1.098,1,45.0,0,12.2,102.24
SEC-BTE-MTJ,35.0,100.0,48.0,4.8,91.1,8.3,3,0,1.094,1.118,0,100.0,0,8.3,19.95
SEC-KOTA-SWM,108.0,130.0,58.0,6.2,115.2,4.0,17,6,1.176,1.454,0,130.0,0,4.0,83.14
SEC-NDLS-KOTA,465.0,130.0,275.0,14.5,100.6,5.2,6,4,1.0,1.161,0,130.0,0,5.2,335.07
SEC-KOTA-SWM,108.0,130.0,58.0,6.2,99.5,0.3,6,6,1.0,1.104,0,130.0,0,0.3,59.33
SEC-BTE-MTJ,35.0,100.0,48.0,4.8,45.0,20.8,6,3,1.0,1.095,1,45.0,1,20.8,81.07
SEC-BTE-MTJ,35.0,100.0,48.0,4.8,83.5,8.5,10,6,1.0,1.114,0,100.0,0,8.5,28.0
SEC-MTJ-AGC,54.0,120.0,45.0,4.2,45.0,18.5,0,6,1.116,1.127,1,45.0,0,18.5,103.5
SEC-BTE-MTJ,35.0,100.0,48.0,4.8,96.4,2.3,22,3,1.118,1.039,0,100.0,0,2.3,22.29
SEC-BTE-MTJ,35.0,100.0,48.0,4.8,98.0,7.9,0,3,1.0,1.123,0,100.0,0,7.9,28.38
SEC-NDLS-KOTA,465.0,130.0,275.0,14.5,60.0,0.4,3,2,1.0,1.124,1,60.0,0,0.4,511.42
SEC-KOTA-SWM,108.0,130.0,58.0,6.2,101.6,21.4,0,3,1.0,1.102,0,130.0,0,21.4,71.72
SEC-NDLS-KOTA,465.0,130.0,275.0,14.5,126.5,0.1,2,5,1.25,1.057,0,130.0,0,0.1,276.14
SEC-NDLS-KOTA,465.0,130.0,275.0,14.5,118.0,1.0,10,6,1.186,1.273,0,130.0,0,1.0,358.59
SEC-SWM-GGC,64.0,120.0,48.0,5.1,30.0,16.4,12,4,1.083,1.086,1,30.0,0,16.4,178.95
SEC-KOTA-SWM,108.0,130.0,58.0,6.2,129.6,22.8,19,1,1.061,1.27,0,130.0,0,22.8,64.09
SEC-MTJ-AGC,54.0,120.0,45.0,4.2,101.8,18.0,4,6,1.0,1.074,0,120.0,0,18.0,33.98
SEC-MTJ-AGC,54.0,120.0,45.0,4.2,107.8,6.1,15,6,1.278,1.193,0,120.0,0,6.1,41.73
SEC-GGC-BTE,120.0,110.0,98.0,9.4,110.0,1.7,3,4,1.139,1.146,0,110.0,1,1.7,92.98
SEC-KOTA-SWM,108.0,130.0,58.0,6.2,120.6,0.2,14,5,1.137,1.143,0,130.0,0,0.2,59.1
SEC-NDLS-KOTA,465.0,130.0,275.0,14.5,100.3,9.2,17,3,1.0,1.216,0,130.0,0,9.2,308.22
SEC-SWM-GGC,64.0,120.0,48.0,5.1,60.0,6.3,16,6,1.29,1.138,1,60.0,0,6.3,90.12
SEC-MTJ-AGC,54.0,120.0,45.0,4.2,114.2,9.9,9,0,1.0,1.318,0,120.0,0,9.9,40.29
SEC-MTJ-AGC,54.0,120.0,45.0,4.2,105.2,9.0,12,5,1.204,1.058,0,120.0,0,9.0,49.6
SEC-GGC-BTE,120.0,110.0,98.0,9.4,92.1,5.0,23,3,1.22,1.011,0,110.0,0,5.0,86.33
SEC-KOTA-SWM,108.0,130.0,58.0,6.2,102.1,7.7,6,5,1.0,1.094,0,130.0,0,7.7,67.2
SEC-SWM-GGC,64.0,120.0,48.0,5.1,45.0,14.2,18,1,1.0,1.441,1,45.0,0,14.2,125.74
SEC-BTE-MTJ,35.0,100.0,48.0,4.8,88.3,12.2,5,2,1.21,1.034,0,100.0,0,12.2,28.89
SEC-MTJ-AGC,54.0,120.0,45.0,4.2,109.0,0.1,16,1,1.14,1.076,0,120.0,0,0.1,33.77
SEC-GGC-BTE,120.0,110.0,98.0,9.4,99.2,15.6,13,1,1.0,1.135,0,110.0,0,15.6,85.04
SEC-SWM-GGC,64.0,120.0,48.0,5.1,109.1,1.5,17,0,1.264,1.322,0,120.0,0,1.5,61.38
SEC-GGC-BTE,120.0,110.0,98.0,9.4,99.7,18.1,13,6,1.248,1.103,0,110.0,0,18.1,105.18
SEC-GGC-BTE,120.0,110.0,98.0,9.4,109.7,1.8,21,4,1.0,1.23,0,110.0,1,1.8,76.19
SEC-BTE-MTJ,35.0,100.0,48.0,4.8,83.8,26.8,16,1,1.159,1.035,0,100.0,0,26.8,34.28
SEC-SWM-GGC,64.0,120.0,48.0,5.1,114.2,5.2,10,2,1.074,1.362,0,120.0,0,5.2,47.05
SEC-KOTA-SWM,108.0,130.0,58.0,6.2,98.0,3.7,19,5,1.0,1.329,0,130.0,1,3.7,89.19
SEC-BTE-MTJ,35.0,100.0,48.0,4.8,86.4,0.4,21,2,1.0,1.36,0,100.0,1,0.4,56.32
SEC-SWM-GGC,64.0,120.0,48.0,5.1,96.5,8.9,13,4,1.28,1.087,0,120.0,0,8.9,51.5
SEC-KOTA-SWM,108.0,130.0,58.0,6.2,116.3,25.3,23,3,1.105,1.031,0,130.0,0,25.3,75.02
SEC-MTJ-AGC,54.0,120.0,45.0,4.2,113.1,17.0,4,6,1.218,1.127,0,120.0,0,17.0,39.88
SEC-KOTA-SWM,108.0,130.0,58.0,6.2,127.0,28.9,22,4,1.0,1.002,0,130.0,0,28.9,47.63
SEC-SWM-GGC,64.0,120.0,48.0,5.1,108.1,8.7,16,6,1.186,1.069,0,120.0,0,8.7,41.31
SEC-SWM-GGC,64.0,120.0,48.0,5.1,91.0,5.2,15,1,1.0,1.059,0,120.0,0,5.2,52.22
SEC-KOTA-SWM,108.0,130.0,58.0,6.2,102.3,18.5,21,3,1.0,1.3,0,130.0,0,18.5,87.8
SEC-GGC-BTE,120.0,110.0,98.0,9.4,30.0,2.5,10,4,1.0,1.134,1,30.0,0,2.5,302.97
SEC-GGC-BTE,120.0,110.0,98.0,9.4,93.5,1.6,11,0,1.0,1.328,0,110.0,0,1.6,104.76
SEC-BTE-MTJ,35.0,100.0,48.0,4.8,79.1,18.3,22,4,1.0,1.088,0,100.0,0,18.3,47.44
SEC-MTJ-AGC,54.0,120.0,45.0,4.2,105.5,0.4,7,1,1.064,1.112,0,120.0,0,0.4,33.25
SEC-GGC-BTE,120.0,110.0,98.0,9.4,105.1,12.8,16,6,1.0,1.106,0,110.0,1,12.8,83.64
SEC-KOTA-SWM,108.0,130.0,58.0,6.2,60.0,13.8,4,5,1.142,1.024,1,60.0,1,13.8,160.91
SEC-SWM-GGC,64.0,120.0,48.0,5.1,103.3,3.8,23,6,1.0,1.039,0,120.0,0,3.8,30.4
SEC-KOTA-SWM,108.0,130.0,58.0,6.2,45.0,13.0,22,1,1.0,1.05,1,45.0,0,13.0,168.39
SEC-GGC-BTE,120.0,110.0,98.0,9.4,96.6,4.1,19,5,1.0,1.161,0,110.0,0,4.1,95.77
SEC-BTE-MTJ,35.0,100.0,48.0,4.8,30.0,7.3,18,6,1.0,1.211,1,30.0,0,7.3,92.24
SEC-MTJ-AGC,54.0,120.0,45.0,4.2,45.0,8.1,19,5,1.107,1.364,1,45.0,1,8.1,124.85
SEC-SWM-GGC,64.0,120.0,48.0,5.1,60.0,6.1,12,5,1.0,1.077,1,60.0,0,6.1,76.14
SEC-KOTA-SWM,108.0,130.0,58.0,6.2,110.2,8.1,22,5,1.0,1.098,0,130.0,0,8.1,65.01
SEC-GGC-BTE,120.0,110.0,98.0,9.4,105.7,3.1,22,3,1.0,1.092,0,110.0,0,3.1,87.92
SEC-MTJ-AGC,54.0,120.0,45.0,4.2,60.0,2.2,23,0,1.0,1.053,1,60.0,0,2.2,65.14
SEC-KOTA-SWM,108.0,130.0,58.0,6.2,113.5,15.0,5,3,1.0,1.226,0,130.0,0,15.0,73.7
SEC-SWM-GGC,64.0,120.0,48.0,5.1,96.8,21.1,20,6,1.0,1.182,0,120.0,0,21.1,57.45
SEC-SWM-GGC,64.0,120.0,48.0,5.1,103.3,5.0,20,3,1.0,1.346,0,120.0,0,5.0,51.31
SEC-SWM-GGC,64.0,120.0,48.0,5.1,60.0,8.4,2,2,1.161,1.122,1,60.0,0,8.4,94.24
SEC-SWM-GGC,64.0,120.0,48.0,5.1,93.6,13.6,19,4,1.0,1.323,0,120.0,0,13.6,54.16
SEC-GGC-BTE,120.0,110.0,98.0,9.4,108.4,2.5,7,4,1.0,1.046,0,110.0,0,2.5,79.84
SEC-SWM-GGC,64.0,120.0,48.0,5.1,94.7,6.5,0,5,1.136,1.069,0,120.0,0,6.5,54.89
SEC-KOTA-SWM,108.0,130.0,58.0,6.2,104.9,6.9,11,2,1.0,1.173,0,130.0,0,6.9,64.18
SEC-KOTA-SWM,108.0,130.0,58.0,6.2,106.6,1.9,0,6,1.128,1.161,0,130.0,0,1.9,76.01
SEC-NDLS-KOTA,465.0,130.0,275.0,14.5,111.6,12.4,0,5,1.0,1.133,0,130.0,0,12.4,284.6
SEC-BTE-MTJ,35.0,100.0,48.0,4.8,92.8,17.8,5,6,1.0,1.037,0,100.0,0,17.8,29.07
SEC-GGC-BTE,120.0,110.0,98.0,9.4,84.8,40.2,1,3,1.07,1.036,0,110.0,1,40.2,139.21
SEC-NDLS-KOTA,465.0,130.0,275.0,14.5,99.3,2.8,23,6,1.0,1.071,0,130.0,0,2.8,308.76
SEC-KOTA-SWM,108.0,130.0,58.0,6.2,120.7,3.1,6,5,1.0,1.034,0,130.0,0,3.1,50.41
SEC-GGC-BTE,120.0,110.0,98.0,9.4,93.8,6.4,23,2,1.0,1.151,0,110.0,0,6.4,67.0
SEC-NDLS-KOTA,465.0,130.0,275.0,14.5,126.0,30.4,4,3,1.0,1.086,0,130.0,1,30.4,231.94
SEC-KOTA-SWM,108.0,130.0,58.0,6.2,99.4,15.6,16,1,1.0,1.198,0,130.0,0,15.6,83.6
SEC-KOTA-SWM,108.0,130.0,58.0,6.2,98.7,18.9,19,5,1.0,1.409,0,130.0,0,18.9,93.05
SEC-GGC-BTE,120.0,110.0,98.0,9.4,60.0,9.7,23,5,1.0,1.155,1,60.0,0,9.7,153.22
SEC-GGC-BTE,120.0,110.0,98.0,9.4,45.0,15.7,18,1,1.0,1.273,1,45.0,0,15.7,238.6
SEC-GGC-BTE,120.0,110.0,98.0,9.4,89.3,9.9,2,5,1.084,1.014,0,110.0,0,9.9,99.5
SEC-SWM-GGC,64.0,120.0,48.0,5.1,101.2,1.1,6,5,1.055,1.187,0,120.0,0,1.1,49.67
SEC-MTJ-AGC,54.0,120.0,45.0,4.2,92.3,2.6,2,6,1.0,1.131,0,120.0,0,2.6,39.94
SEC-MTJ-AGC,54.0,120.0,45.0,4.2,94.0,34.1,19,1,1.0,1.316,0,120.0,0,34.1,41.28
SEC-BTE-MTJ,35.0,100.0,48.0,4.8,100.0,7.4,10,0,1.0,1.121,0,100.0,0,7.4,20.62
SEC-MTJ-AGC,54.0,120.0,45.0,4.2,98.2,0.3,17,0,1.0,1.365,0,120.0,0,0.3,43.63
SEC-GGC-BTE,120.0,110.0,98.0,9.4,105.9,18.9,3,5,1.0,1.153,0,110.0,0,18.9,91.17
SEC-MTJ-AGC,54.0,120.0,45.0,4.2,91.7,25.0,5,2,1.0,1.111,0,120.0,0,25.0,45.9
SEC-BTE-MTJ,35.0,100.0,48.0,4.8,87.2,7.7,18,3,1.0,1.095,0,100.0,0,7.7,27.16
SEC-BTE-MTJ,35.0,100.0,48.0,4.8,82.8,5.8,0,0,1.0,1.162,0,100.0,0,5.8,19.95
SEC-NDLS-KOTA,465.0,130.0,275.0,14.5,108.0,9.9,1,2,1.0,1.07,0,130.0,0,9.9,278.81
SEC-MTJ-AGC,54.0,120.0,45.0,4.2,60.0,14.5,9,4,1.0,1.257,1,60.0,0,14.5,63.8
SEC-BTE-MTJ,35.0,100.0,48.0,4.8,30.0,6.2,6,1,1.0,1.045,1,30.0,0,6.2,85.55
SEC-MTJ-AGC,54.0,120.0,45.0,4.2,115.7,11.3,19,0,1.0,1.143,0,120.0,0,11.3,32.96
SEC-GGC-BTE,120.0,110.0,98.0,9.4,86.9,1.2,5,0,1.0,1.099,0,110.0,1,1.2,92.04
SEC-NDLS-KOTA,465.0,130.0,275.0,14.5,118.5,9.7,5,1,1.0,1.04,0,130.0,0,9.7,249.04
SEC-NDLS-KOTA,465.0,130.0,275.0,14.5,60.0,19.3,22,1,1.0,1.138,1,60.0,1,19.3,548.87
SEC-NDLS-KOTA,465.0,130.0,275.0,14.5,100.1,17.8,15,3,1.0,1.072,0,130.0,0,17.8,313.62
SEC-GGC-BTE,120.0,110.0,98.0,9.4,92.4,2.7,19,1,1.0,1.212,0,110.0,0,2.7,85.14
SEC-SWM-GGC,64.0,120.0,48.0,5.1,111.5,10.0,4,0,1.0,1.131,0,120.0,0,10.0,30.4
SEC-SWM-GGC,64.0,120.0,48.0,5.1,108.3,2.9,15,5,1.0,1.039,0,120.0,0,2.9,46.63
SEC-KOTA-SWM,108.0,130.0,58.0,6.2,122.5,8.2,0,5,1.0,1.175,0,130.0,0,8.2,56.07
SEC-NDLS-KOTA,465.0,130.0,275.0,14.5,112.9,26.0,10,1,1.0,1.288,0,130.0,0,26.0,281.71
SEC-NDLS-KOTA,465.0,130.0,275.0,14.5,60.0,39.7,20,5,1.0,1.288,1,60.0,0,39.7,577.37
SEC-GGC-BTE,120.0,110.0,98.0,9.4,88.5,31.6,4,5,1.0,1.189,0,110.0,0,31.6,99.58
SEC-MTJ-AGC,54.0,120.0,45.0,4.2,115.5,4.1,16,6,1.222,1.076,0,120.0,0,4.1,46.52
SEC-BTE-MTJ,35.0,100.0,48.0,4.8,75.5,9.0,6,4,1.0,1.051,0,100.0,0,9.0,30.57
SEC-KOTA-SWM,108.0,130.0,58.0,6.2,101.5,3.5,10,5,1.145,1.195,0,130.0,0,3.5,94.34
SEC-NDLS-KOTA,465.0,130.0,275.0,14.5,124.6,4.5,4,4,1.0,1.122,0,130.0,0,4.5,262.13
SEC-NDLS-KOTA,465.0,130.0,275.0,14.5,114.8,8.7,6,4,1.263,1.151,0,130.0,0,8.7,336.72
SEC-GGC-BTE,120.0,110.0,98.0,9.4,109.6,26.7,10,4,1.117,1.203,0,110.0,0,26.7,79.11
SEC-SWM-GGC,64.0,120.0,48.0,5.1,104.8,0.7,23,0,1.0,1.056,0,120.0,0,0.7,41.94
SEC-NDLS-KOTA,465.0,130.0,275.0,14.5,118.2,16.1,16,5,1.0,1.102,0,130.0,0,16.1,279.15
SEC-GGC-BTE,120.0,110.0,98.0,9.4,97.5,18.1,18,0,1.099,1.298,0,110.0,0,18.1,108.46
SEC-GGC-BTE,120.0,110.0,98.0,9.4,89.4,9.4,7,5,1.0,1.231,0,110.0,0,9.4,97.45
SEC-GGC-BTE,120.0,110.0,98.0,9.4,86.9,2.7,14,2,1.0,1.036,0,110.0,0,2.7,87.16
SEC-NDLS-KOTA,465.0,130.0,275.0,14.5,99.5,11.6,18,6,1.0,1.432,0,130.0,0,11.6,373.07
SEC-KOTA-SWM,108.0,130.0,58.0,6.2,101.2,4.1,5,5,1.0,1.104,0,130.0,0,4.1,74.25
SEC-MTJ-AGC,54.0,120.0,45.0,4.2,98.3,3.2,10,6,1.0,1.334,0,120.0,0,3.2,42.52
SEC-SWM-GGC,64.0,120.0,48.0,5.1,96.9,21.5,7,1,1.0,1.211,0,120.0,0,21.5,52.19
SEC-NDLS-KOTA,465.0,130.0,275.0,14.5,110.6,2.8,21,1,1.0,1.255,0,130.0,0,2.8,301.86
SEC-SWM-GGC,64.0,120.0,48.0,5.1,113.2,9.5,9,4,1.0,1.336,0,120.0,0,9.5,36.17
SEC-BTE-MTJ,35.0,100.0,48.0,4.8,60.0,3.8,22,3,1.0,1.076,1,60.0,0,3.8,32.17
SEC-SWM-GGC,64.0,120.0,48.0,5.1,91.4,15.2,3,1,1.0,1.166,0,120.0,0,15.2,54.41
SEC-GGC-BTE,120.0,110.0,98.0,9.4,90.8,7.7,1,3,1.161,1.162,0,110.0,0,7.7,107.85
SEC-MTJ-AGC,54.0,120.0,45.0,4.2,98.7,7.7,15,0,1.095,1.053,0,120.0,0,7.7,35.47
SEC-SWM-GGC,64.0,120.0,48.0,5.1,116.8,8.8,13,5,1.0,1.087,0,120.0,0,8.8,41.79
SEC-KOTA-SWM,108.0,130.0,58.0,6.2,97.7,3.4,7,5,1.277,1.083,0,130.0,0,3.4,86.31
SEC-BTE-MTJ,35.0,100.0,48.0,4.8,90.7,7.3,9,0,1.0,1.253,0,100.0,0,7.3,36.29
SEC-BTE-MTJ,35.0,100.0,48.0,4.8,30.0,1.8,2,2,1.0,1.028,1,30.0,0,1.8,77.16
SEC-BTE-MTJ,35.0,100.0,48.0,4.8,78.8,29.9,0,2,1.0,1.191,0,100.0,0,29.9,37.05
SEC-GGC-BTE,120.0,110.0,98.0,9.4,94.7,4.2,9,2,1.0,1.22,0,110.0,1,4.2,114.18
SEC-NDLS-KOTA,465.0,130.0,275.0,14.5,110.7,11.5,1,5,1.0,1.048,0,130.0,0,11.5,256.66
SEC-BTE-MTJ,35.0,100.0,48.0,4.8,91.4,2.2,15,6,1.0,1.158,0,100.0,0,2.2,24.85
SEC-GGC-BTE,120.0,110.0,98.0,9.4,100.5,5.6,11,6,1.0,1.305,0,110.0,0,5.6,119.83
SEC-MTJ-AGC,54.0,120.0,45.0,4.2,119.8,8.9,10,4,1.087,1.29,0,120.0,0,8.9,38.52
SEC-SWM-GGC,64.0,120.0,48.0,5.1,90.4,10.0,1,0,1.0,1.166,0,120.0,1,10.0,65.11
SEC-BTE-MTJ,35.0,100.0,48.0,4.8,75.6,3.8,9,5,1.0,1.299,0,100.0,0,3.8,32.08
SEC-NDLS-KOTA,465.0,130.0,275.0,14.5,114.0,12.3,18,1,1.0,1.292,0,130.0,0,12.3,288.38
SEC-GGC-BTE,120.0,110.0,98.0,9.4,103.3,1.4,10,2,1.109,1.2,0,110.0,0,1.4,92.83
SEC-MTJ-AGC,54.0,120.0,45.0,4.2,96.6,6.0,7,0,1.0,1.044,0,120.0,0,6.0,43.13
SEC-GGC-BTE,120.0,110.0,98.0,9.4,108.5,21.7,2,0,1.0,1.148,0,110.0,0,21.7,93.63
SEC-KOTA-SWM,108.0,130.0,58.0,6.2,124.7,0.3,17,3,1.0,1.118,0,130.0,0,0.3,54.77
SEC-MTJ-AGC,54.0,120.0,45.0,4.2,99.3,3.4,18,1,1.095,1.422,0,120.0,0,3.4,52.64
SEC-BTE-MTJ,35.0,100.0,48.0,4.8,45.0,10.2,7,5,1.0,1.237,1,45.0,0,10.2,66.34
SEC-SWM-GGC,64.0,120.0,48.0,5.1,118.1,1.3,16,5,1.0,1.126,0,120.0,0,1.3,34.53
SEC-BTE-MTJ,35.0,100.0,48.0,4.8,75.6,14.7,18,2,1.0,1.464,0,100.0,0,14.7,40.16
SEC-MTJ-AGC,54.0,120.0,45.0,4.2,95.8,18.1,20,0,1.0,1.439,0,120.0,0,18.1,47.89
SEC-NDLS-KOTA,465.0,130.0,275.0,14.5,100.8,6.1,5,1,1.103,1.032,0,130.0,0,6.1,317.26
SEC-BTE-MTJ,35.0,100.0,48.0,4.8,91.3,28.9,10,0,1.0,1.143,0,100.0,0,28.9,34.54
SEC-SWM-GGC,64.0,120.0,48.0,5.1,100.2,6.2,14,2,1.0,1.16,0,120.0,0,6.2,35.68
SEC-SWM-GGC,64.0,120.0,48.0,5.1,105.0,53.7,0,0,1.108,1.137,0,120.0,1,53.7,69.26
SEC-SWM-GGC,64.0,120.0,48.0,5.1,104.2,10.3,15,4,1.092,1.158,0,120.0,0,10.3,48.38
SEC-GGC-BTE,120.0,110.0,98.0,9.4,94.2,4.4,23,5,1.0,1.053,0,110.0,0,4.4,93.1
SEC-BTE-MTJ,35.0,100.0,48.0,4.8,94.9,9.8,11,3,1.0,1.087,0,100.0,0,9.8,29.82
SEC-BTE-MTJ,35.0,100.0,48.0,4.8,86.9,10.4,18,5,1.0,1.376,0,100.0,0,10.4,31.51
SEC-MTJ-AGC,54.0,120.0,45.0,4.2,93.9,2.6,14,6,1.0,1.006,0,120.0,0,2.6,34.63
SEC-SWM-GGC,64.0,120.0,48.0,5.1,105.2,3.2,22,2,1.0,1.167,0,120.0,0,3.2,35.8
SEC-SWM-GGC,64.0,120.0,48.0,5.1,60.0,11.0,3,5,1.0,1.088,1,60.0,1,11.0,81.3
SEC-KOTA-SWM,108.0,130.0,58.0,6.2,122.9,17.5,11,5,1.0,1.1,0,130.0,0,17.5,60.49
SEC-GGC-BTE,120.0,110.0,98.0,9.4,99.8,4.3,21,6,1.0,1.349,0,110.0,0,4.3,83.94
SEC-NDLS-KOTA,465.0,130.0,275.0,14.5,101.6,7.9,7,5,1.0,1.055,0,130.0,0,7.9,294.29
SEC-MTJ-AGC,54.0,120.0,45.0,4.2,100.0,9.2,22,3,1.0,1.067,0,120.0,0,9.2,43.27
SEC-MTJ-AGC,54.0,120.0,45.0,4.2,30.0,7.2,4,5,1.0,1.07,1,30.0,0,7.2,134.66
SEC-BTE-MTJ,35.0,100.0,48.0,4.8,95.1,13.3,9,1,1.085,1.316,0,100.0,0,13.3,34.99
SEC-NDLS-KOTA,465.0,130.0,275.0,14.5,105.6,17.8,17,3,1.129,1.172,0,130.0,0,17.8,378.87
SEC-KOTA-SWM,108.0,130.0,58.0,6.2,125.8,8.2,23,3,1.0,1.067,0,130.0,0,8.2,50.06
SEC-MTJ-AGC,54.0,120.0,45.0,4.2,116.4,4.1,14,2,1.0,1.263,0,120.0,0,4.1,25.65
SEC-BTE-MTJ,35.0,100.0,48.0,4.8,30.0,13.1,20,5,1.258,1.2,1,30.0,0,13.1,113.36
SEC-SWM-GGC,64.0,120.0,48.0,5.1,60.0,7.6,17,4,1.0,1.182,1,60.0,0,7.6,80.19
SEC-BTE-MTJ,35.0,100.0,48.0,4.8,77.7,18.6,4,2,1.197,1.103,0,100.0,0,18.6,50.23
SEC-NDLS-KOTA,465.0,130.0,275.0,14.5,124.4,12.7,10,1,1.117,1.181,0,130.0,0,12.7,275.63
SEC-KOTA-SWM,108.0,130.0,58.0,6.2,125.8,2.1,11,0,1.0,1.519,0,130.0,0,2.1,67.5
SEC-NDLS-KOTA,465.0,130.0,275.0,14.5,118.6,4.9,19,2,1.0,1.129,0,130.0,0,4.9,297.32
SEC-MTJ-AGC,54.0,120.0,45.0,4.2,95.8,5.5,9,2,1.0,1.144,0,120.0,1,5.5,70.28
SEC-NDLS-KOTA,465.0,130.0,275.0,14.5,122.0,14.7,6,4,1.21,1.011,0,130.0,0,14.7,287.58
SEC-GGC-BTE,120.0,110.0,98.0,9.4,89.6,5.3,7,2,1.0,1.031,0,110.0,0,5.3,70.97
SEC-MTJ-AGC,54.0,120.0,45.0,4.2,116.8,4.0,23,5,1.0,1.115,0,120.0,0,4.0,46.32
SEC-MTJ-AGC,54.0,120.0,45.0,4.2,117.2,6.7,14,3,1.0,1.087,0,120.0,0,6.7,27.82
SEC-MTJ-AGC,54.0,120.0,45.0,4.2,116.8,28.5,9,6,1.0,1.234,0,120.0,0,28.5,34.95
SEC-KOTA-SWM,108.0,130.0,58.0,6.2,117.8,4.2,3,5,1.0,1.065,0,130.0,0,4.2,65.03
SEC-KOTA-SWM,108.0,130.0,58.0,6.2,113.3,23.4,4,6,1.0,1.144,0,130.0,1,23.4,86.58
SEC-SWM-GGC,64.0,120.0,48.0,5.1,94.4,5.6,11,0,1.0,1.116,0,120.0,0,5.6,36.2
SEC-NDLS-KOTA,465.0,130.0,275.0,14.5,122.1,9.5,17,1,1.0,1.15,0,130.0,1,9.5,239.57
SEC-NDLS-KOTA,465.0,130.0,275.0,14.5,112.0,5.4,1,1,1.0,1.042,0,130.0,0,5.4,258.71
SEC-MTJ-AGC,54.0,120.0,45.0,4.2,114.8,2.6,3,4,1.0,1.043,0,120.0,0,2.6,25.65
SEC-BTE-MTJ,35.0,100.0,48.0,4.8,85.7,0.4,17,1,1.0,1.203,0,100.0,0,0.4,35.33
SEC-NDLS-KOTA,465.0,130.0,275.0,14.5,110.0,7.4,14,5,1.0,1.134,0,130.0,1,7.4,335.56
SEC-GGC-BTE,120.0,110.0,98.0,9.4,102.6,37.0,5,6,1.115,1.246,0,110.0,0,37.0,98.72
SEC-BTE-MTJ,35.0,100.0,48.0,4.8,79.4,15.6,20,4,1.0,1.225,0,100.0,0,15.6,52.74
SEC-BTE-MTJ,35.0,100.0,48.0,4.8,82.6,8.8,9,5,1.097,1.236,0,100.0,0,8.8,31.07
SEC-GGC-BTE,120.0,110.0,98.0,9.4,94.8,1.2,9,1,1.0,1.281,0,110.0,0,1.2,98.57
SEC-KOTA-SWM,108.0,130.0,58.0,6.2,45.0,17.3,0,2,1.062,1.155,1,45.0,0,17.3,201.85
SEC-KOTA-SWM,108.0,130.0,58.0,6.2,108.7,7.1,7,1,1.0,1.104,0,130.0,1,7.1,78.37
SEC-KOTA-SWM,108.0,130.0,58.0,6.2,127.6,16.2,17,6,1.0,1.405,0,130.0,0,16.2,70.47
SEC-KOTA-SWM,108.0,130.0,58.0,6.2,45.0,26.6,7,2,1.0,1.094,1,45.0,0,26.6,180.99
SEC-SWM-GGC,64.0,120.0,48.0,5.1,92.7,3.5,12,1,1.0,1.268,0,120.0,0,3.5,50.33
SEC-KOTA-SWM,108.0,130.0,58.0,6.2,124.5,12.1,2,4,1.237,1.099,0,130.0,0,12.1,67.36
SEC-SWM-GGC,64.0,120.0,48.0,5.1,60.0,5.8,22,6,1.0,1.121,1,60.0,0,5.8,81.15
SEC-KOTA-SWM,108.0,130.0,58.0,6.2,100.3,35.7,9,3,1.0,1.158,0,130.0,0,35.7,85.93
SEC-GGC-BTE,120.0,110.0,98.0,9.4,90.4,0.2,14,0,1.0,1.045,0,110.0,0,0.2,76.5
SEC-SWM-GGC,64.0,120.0,48.0,5.1,111.6,1.1,8,0,1.0,1.254,0,120.0,1,1.1,63.54
SEC-GGC-BTE,120.0,110.0,98.0,9.4,84.5,0.3,23,2,1.072,1.134,0,110.0,1,0.3,110.27
SEC-SWM-GGC,64.0,120.0,48.0,5.1,45.0,9.6,4,0,1.0,1.031,1,45.0,0,9.6,102.26
SEC-NDLS-KOTA,465.0,130.0,275.0,14.5,100.1,6.2,6,3,1.0,1.057,0,130.0,0,6.2,299.23
SEC-BTE-MTJ,35.0,100.0,48.0,4.8,90.9,6.8,20,3,1.0,1.364,0,100.0,0,6.8,27.18
SEC-NDLS-KOTA,465.0,130.0,275.0,14.5,120.9,11.5,22,4,1.121,1.023,0,130.0,0,11.5,263.39
SEC-MTJ-AGC,54.0,120.0,45.0,4.2,105.7,0.4,16,6,1.277,1.104,0,120.0,0,0.4,42.1
SEC-MTJ-AGC,54.0,120.0,45.0,4.2,97.5,11.8,19,1,1.0,1.155,0,120.0,0,11.8,28.06
SEC-GGC-BTE,120.0,110.0,98.0,9.4,94.3,2.7,13,6,1.247,1.132,0,110.0,0,2.7,95.05
SEC-KOTA-SWM,108.0,130.0,58.0,6.2,98.5,51.3,17,6,1.0,1.168,0,130.0,0,51.3,83.03
SEC-GGC-BTE,120.0,110.0,98.0,9.4,104.1,0.8,2,5,1.0,1.148,0,110.0,0,0.8,69.85
SEC-GGC-BTE,120.0,110.0,98.0,9.4,101.3,3.5,0,2,1.0,1.08,0,110.0,1,3.5,103.42
SEC-MTJ-AGC,54.0,120.0,45.0,4.2,96.5,4.9,19,0,1.205,1.415,0,120.0,0,4.9,61.97
SEC-NDLS-KOTA,465.0,130.0,275.0,14.5,100.9,7.8,22,6,1.0,1.117,0,130.0,0,7.8,297.67
SEC-SWM-GGC,64.0,120.0,48.0,5.1,100.1,6.5,21,3,1.0,1.285,0,120.0,0,6.5,49.79
SEC-SWM-GGC,64.0,120.0,48.0,5.1,110.2,2.3,21,3,1.095,1.116,0,120.0,0,2.3,42.38
SEC-NDLS-KOTA,465.0,130.0,275.0,14.5,107.6,12.0,20,3,1.0,1.17,0,130.0,1,12.0,302.53
SEC-BTE-MTJ,35.0,100.0,48.0,4.8,89.7,27.8,23,1,1.208,1.092,0,100.0,0,27.8,20.03
SEC-NDLS-KOTA,465.0,130.0,275.0,14.5,112.3,6.0,2,3,1.0,1.044,0,130.0,0,6.0,267.37
SEC-BTE-MTJ,35.0,100.0,48.0,4.8,79.5,19.2,18,1,1.0,1.285,0,100.0,0,19.2,33.36
SEC-MTJ-AGC,54.0,120.0,45.0,4.2,45.0,15.4,0,6,1.0,1.101,1,45.0,0,15.4,79.02
SEC-MTJ-AGC,54.0,120.0,45.0,4.2,45.0,0.5,3,5,1.0,1.088,1,45.0,0,0.5,96.16
SEC-KOTA-SWM,108.0,130.0,58.0,6.2,45.0,1.5,14,4,1.0,1.09,1,45.0,1,1.5,190.71
SEC-BTE-MTJ,35.0,100.0,48.0,4.8,83.9,6.4,16,5,1.0,1.034,0,100.0,1,6.4,33.98
SEC-KOTA-SWM,108.0,130.0,58.0,6.2,30.0,0.5,9,4,1.0,1.258,1,30.0,0,0.5,269.08
SEC-BTE-MTJ,35.0,100.0,48.0,4.8,95.3,7.5,6,0,1.0,1.093,0,100.0,0,7.5,19.95
SEC-SWM-GGC,64.0,120.0,48.0,5.1,95.6,7.9,18,4,1.0,1.282,0,120.0,0,7.9,46.94
SEC-BTE-MTJ,35.0,100.0,48.0,4.8,88.1,9.9,2,1,1.0,1.065,0,100.0,0,9.9,30.49
SEC-BTE-MTJ,35.0,100.0,48.0,4.8,79.1,6.6,10,1,1.078,1.148,0,100.0,0,6.6,25.02
SEC-NDLS-KOTA,465.0,130.0,275.0,14.5,129.4,16.1,12,1,1.0,1.074,0,130.0,0,16.1,232.51
SEC-MTJ-AGC,54.0,120.0,45.0,4.2,95.0,0.3,5,4,1.0,1.081,0,120.0,1,0.3,49.89
SEC-BTE-MTJ,35.0,100.0,48.0,4.8,98.3,8.8,5,2,1.0,1.106,0,100.0,0,8.8,31.03
SEC-NDLS-KOTA,465.0,130.0,275.0,14.5,60.0,22.0,23,0,1.241,1.075,1,60.0,0,22.0,618.73
SEC-MTJ-AGC,54.0,120.0,45.0,4.2,98.7,2.3,5,4,1.0,1.109,0,120.0,0,2.3,35.72
SEC-MTJ-AGC,54.0,120.0,45.0,4.2,106.1,2.1,21,2,1.167,1.05,0,120.0,0,2.1,41.59
SEC-KOTA-SWM,108.0,130.0,58.0,6.2,118.7,2.4,10,4,1.0,1.443,0,130.0,0,2.4,77.18
SEC-MTJ-AGC,54.0,120.0,45.0,4.2,93.9,18.8,8,2,1.0,1.186,0,120.0,0,18.8,44.88
SEC-MTJ-AGC,54.0,120.0,45.0,4.2,112.3,3.3,20,0,1.067,1.322,0,120.0,0,3.3,39.49
SEC-BTE-MTJ,35.0,100.0,48.0,4.8,86.7,5.5,17,5,1.0,1.261,0,100.0,0,5.5,39.14
SEC-BTE-MTJ,35.0,100.0,48.0,4.8,87.2,1.3,22,5,1.0,1.095,0,100.0,0,1.3,24.93
SEC-KOTA-SWM,108.0,130.0,58.0,6.2,30.0,18.5,12,4,1.0,1.018,1,30.0,0,18.5,233.93
SEC-KOTA-SWM,108.0,130.0,58.0,6.2,104.9,6.3,9,5,1.0,1.461,0,130.0,0,6.3,88.25
SEC-NDLS-KOTA,465.0,130.0,275.0,14.5,60.0,5.0,11,2,1.05,1.272,1,60.0,0,5.0,605.53
SEC-SWM-GGC,64.0,120.0,48.0,5.1,98.1,2.7,11,2,1.0,1.305,0,120.0,0,2.7,51.33
SEC-BTE-MTJ,35.0,100.0,48.0,4.8,30.0,17.9,15,0,1.0,1.035,1,30.0,1,17.9,103.86
SEC-GGC-BTE,120.0,110.0,98.0,9.4,89.7,7.8,3,1,1.145,1.103,0,110.0,0,7.8,101.72
SEC-KOTA-SWM,108.0,130.0,58.0,6.2,116.7,27.7,21,6,1.0,1.134,0,130.0,0,27.7,54.95
SEC-BTE-MTJ,35.0,100.0,48.0,4.8,78.0,8.3,14,3,1.0,1.15,0,100.0,0,8.3,28.32
SEC-MTJ-AGC,54.0,120.0,45.0,4.2,94.5,10.6,16,2,1.0,1.128,0,120.0,0,10.6,37.76
SEC-SWM-GGC,64.0,120.0,48.0,5.1,99.4,4.2,14,2,1.0,1.126,0,120.0,0,4.2,40.66
SEC-KOTA-SWM,108.0,130.0,58.0,6.2,109.0,9.4,22,5,1.0,1.25,0,130.0,0,9.4,55.39
SEC-BTE-MTJ,35.0,100.0,48.0,4.8,30.0,22.1,0,6,1.0,1.066,1,30.0,0,22.1,89.17
SEC-SWM-GGC,64.0,120.0,48.0,5.1,96.1,8.1,3,5,1.249,1.099,0,120.0,0,8.1,57.51
SEC-KOTA-SWM,108.0,130.0,58.0,6.2,45.0,40.5,2,6,1.0,1.037,1,45.0,1,40.5,179.69
SEC-NDLS-KOTA,465.0,130.0,275.0,14.5,109.2,8.5,22,4,1.0,1.035,0,130.0,1,8.5,266.57
SEC-SWM-GGC,64.0,120.0,48.0,5.1,107.3,4.7,19,6,1.0,1.515,0,120.0,0,4.7,54.92
SEC-SWM-GGC,64.0,120.0,48.0,5.1,60.0,6.8,1,0,1.0,1.185,1,60.0,0,6.8,80.7
SEC-BTE-MTJ,35.0,100.0,48.0,4.8,91.3,2.5,12,0,1.0,1.146,0,100.0,0,2.5,24.53
SEC-SWM-GGC,64.0,120.0,48.0,5.1,91.7,13.8,8,3,1.0,1.249,0,120.0,0,13.8,57.32
SEC-SWM-GGC,64.0,120.0,48.0,5.1,117.3,0.7,5,1,1.0,1.283,0,120.0,0,0.7,33.72
SEC-BTE-MTJ,35.0,100.0,48.0,4.8,90.3,4.3,18,3,1.0,1.27,0,100.0,0,4.3,29.79
SEC-GGC-BTE,120.0,110.0,98.0,9.4,106.0,18.9,12,4,1.0,1.15,0,110.0,0,18.9,87.13
SEC-NDLS-KOTA,465.0,130.0,275.0,14.5,113.5,5.2,11,1,1.236,1.242,0,130.0,0,5.2,378.68
SEC-SWM-GGC,64.0,120.0,48.0,5.1,117.6,46.3,9,0,1.0,1.312,0,120.0,0,46.3,43.85
SEC-MTJ-AGC,54.0,120.0,45.0,4.2,105.9,6.7,10,1,1.0,1.321,0,120.0,0,6.7,42.73
SEC-SWM-GGC,64.0,120.0,48.0,5.1,108.8,8.2,20,4,1.0,1.11,0,120.0,0,8.2,35.01
SEC-MTJ-AGC,54.0,120.0,45.0,4.2,112.4,11.2,12,1,1.06,1.076,0,120.0,0,11.2,29.14
SEC-KOTA-SWM,108.0,130.0,58.0,6.2,99.2,11.7,10,0,1.29,1.378,0,130.0,0,11.7,117.57
SEC-NDLS-KOTA,465.0,130.0,275.0,14.5,114.5,0.0,4,3,1.0,1.035,0,130.0,0,0.0,251.96
SEC-KOTA-SWM,108.0,130.0,58.0,6.2,121.8,0.1,13,5,1.067,1.111,0,130.0,0,0.1,56.09
SEC-SWM-GGC,64.0,120.0,48.0,5.1,112.4,15.7,13,5,1.0,1.112,0,120.0,0,15.7,32.24
SEC-KOTA-SWM,108.0,130.0,58.0,6.2,122.5,15.9,20,0,1.0,1.236,0,130.0,0,15.9,69.87
SEC-MTJ-AGC,54.0,120.0,45.0,4.2,114.9,9.5,16,1,1.0,1.064,0,120.0,0,9.5,25.65
SEC-MTJ-AGC,54.0,120.0,45.0,4.2,114.9,0.2,12,0,1.106,1.088,0,120.0,0,0.2,40.32
SEC-BTE-MTJ,35.0,100.0,48.0,4.8,80.9,14.4,2,1,1.0,1.229,0,100.0,0,14.4,29.68
SEC-KOTA-SWM,108.0,130.0,58.0,6.2,127.4,8.6,20,0,1.0,1.213,0,130.0,1,8.6,71.74
SEC-BTE-MTJ,35.0,100.0,48.0,4.8,77.3,14.0,18,1,1.081,1.31,0,100.0,0,14.0,36.49
SEC-MTJ-AGC,54.0,120.0,45.0,4.2,97.9,0.0,7,0,1.0,1.133,0,120.0,0,0.0,39.7
SEC-BTE-MTJ,35.0,100.0,48.0,4.8,93.2,0.1,5,2,1.0,1.137,0,100.0,0,0.1,37.09
SEC-MTJ-AGC,54.0,120.0,45.0,4.2,45.0,13.2,12,2,1.0,1.032,1,45.0,0,13.2,79.14
SEC-GGC-BTE,120.0,110.0,98.0,9.4,98.8,3.4,1,1,1.0,1.115,0,110.0,0,3.4,65.58
SEC-NDLS-KOTA,465.0,130.0,275.0,14.5,105.5,22.3,2,6,1.0,1.157,0,130.0,0,22.3,315.37
SEC-KOTA-SWM,108.0,130.0,58.0,6.2,128.2,6.5,14,1,1.0,1.093,0,130.0,0,6.5,52.23
SEC-GGC-BTE,120.0,110.0,98.0,9.4,109.3,40.4,18,3,1.0,1.304,0,110.0,0,40.4,114.18
SEC-KOTA-SWM,108.0,130.0,58.0,6.2,118.9,3.2,16,3,1.0,1.041,0,130.0,0,3.2,52.68
SEC-NDLS-KOTA,465.0,130.0,275.0,14.5,117.1,3.8,12,2,1.0,1.05,0,130.0,0,3.8,267.86
SEC-BTE-MTJ,35.0,100.0,48.0,4.8,45.0,5.3,13,3,1.0,1.108,1,45.0,0,5.3,52.81
SEC-MTJ-AGC,54.0,120.0,45.0,4.2,91.0,8.7,22,4,1.0,1.018,0,120.0,0,8.7,41.54
SEC-SWM-GGC,64.0,120.0,48.0,5.1,113.1,7.5,5,4,1.0,1.218,0,120.0,0,7.5,40.18
SEC-BTE-MTJ,35.0,100.0,48.0,4.8,99.1,1.6,16,3,1.082,1.068,0,100.0,0,1.6,36.74
SEC-BTE-MTJ,35.0,100.0,48.0,4.8,79.8,6.1,11,2,1.158,1.162,0,100.0,0,6.1,33.76
SEC-KOTA-SWM,108.0,130.0,58.0,6.2,104.9,1.1,12,4,1.0,1.033,0,130.0,0,1.1,65.27
SEC-KOTA-SWM,108.0,130.0,58.0,6.2,111.4,1.3,11,3,1.0,1.364,0,130.0,0,1.3,71.12
SEC-NDLS-KOTA,465.0,130.0,275.0,14.5,129.9,12.7,8,3,1.231,1.109,0,130.0,0,12.7,275.96
SEC-KOTA-SWM,108.0,130.0,58.0,6.2,117.1,2.3,1,4,1.249,1.068,0,130.0,0,2.3,76.57
SEC-BTE-MTJ,35.0,100.0,48.0,4.8,96.3,11.3,7,0,1.083,1.081,0,100.0,0,11.3,29.91
SEC-SWM-GGC,64.0,120.0,48.0,5.1,119.3,1.0,21,4,1.0,1.191,0,120.0,0,1.0,37.3
SEC-KOTA-SWM,108.0,130.0,58.0,6.2,45.0,19.1,7,5,1.0,1.035,1,45.0,0,19.1,161.81
SEC-SWM-GGC,64.0,120.0,48.0,5.1,110.7,13.0,2,4,1.144,1.195,0,120.0,0,13.0,46.12
SEC-GGC-BTE,120.0,110.0,98.0,9.4,94.3,13.2,12,5,1.281,1.11,0,110.0,0,13.2,102.09
SEC-MTJ-AGC,54.0,120.0,45.0,4.2,109.7,15.5,11,6,1.0,1.157,0,120.0,0,15.5,42.57
SEC-SWM-GGC,64.0,120.0,48.0,5.1,102.5,5.8,16,3,1.0,1.21,0,120.0,0,5.8,43.06
SEC-BTE-MTJ,35.0,100.0,48.0,4.8,75.7,10.0,7,2,1.194,1.068,0,100.0,0,10.0,31.71
SEC-NDLS-KOTA,465.0,130.0,275.0,14.5,45.0,12.9,1,2,1.0,1.068,1,45.0,0,12.9,673.47
SEC-GGC-BTE,120.0,110.0,98.0,9.4,98.2,1.9,1,1,1.0,1.111,0,110.0,0,1.9,99.4
SEC-BTE-MTJ,35.0,100.0,48.0,4.8,89.9,20.5,9,1,1.084,1.233,0,100.0,0,20.5,41.07
SEC-GGC-BTE,120.0,110.0,98.0,9.4,92.5,1.5,10,4,1.0,1.364,0,110.0,0,1.5,93.25
SEC-NDLS-KOTA,465.0,130.0,275.0,14.5,110.1,1.0,20,2,1.0,1.325,0,130.0,0,1.0,298.7
SEC-SWM-GGC,64.0,120.0,48.0,5.1,96.0,19.5,2,1,1.227,1.043,0,120.0,0,19.5,51.31
SEC-MTJ-AGC,54.0,120.0,45.0,4.2,109.2,1.9,6,6,1.0,1.151,0,120.0,0,1.9,32.74
SEC-KOTA-SWM,108.0,130.0,58.0,6.2,106.4,11.3,12,5,1.0,1.136,0,130.0,0,11.3,57.78
SEC-MTJ-AGC,54.0,120.0,45.0,4.2,106.5,4.8,23,0,1.0,1.119,0,120.0,0,4.8,32.73
SEC-MTJ-AGC,54.0,120.0,45.0,4.2,115.9,2.4,12,3,1.0,1.216,0,120.0,0,2.4,25.65
SEC-KOTA-SWM,108.0,130.0,58.0,6.2,30.0,14.3,0,2,1.0,1.073,1,30.0,0,14.3,239.94
SEC-NDLS-KOTA,465.0,130.0,275.0,14.5,99.7,23.6,16,5,1.0,1.113,0,130.0,0,23.6,298.08
SEC-NDLS-KOTA,465.0,130.0,275.0,14.5,98.6,1.8,19,4,1.0,1.154,0,130.0,0,1.8,298.87
SEC-NDLS-KOTA,465.0,130.0,275.0,14.5,110.4,14.7,23,5,1.0,1.039,0,130.0,0,14.7,258.55
SEC-KOTA-SWM,108.0,130.0,58.0,6.2,106.4,2.2,13,5,1.0,1.153,0,130.0,0,2.2,67.59
SEC-SWM-GGC,64.0,120.0,48.0,5.1,105.2,10.5,10,0,1.0,1.234,0,120.0,1,10.5,62.91
SEC-MTJ-AGC,54.0,120.0,45.0,4.2,118.5,22.6,9,6,1.0,1.204,0,120.0,0,22.6,43.3
SEC-KOTA-SWM,108.0,130.0,58.0,6.2,108.3,3.9,19,5,1.091,1.271,0,130.0,1,3.9,87.57
SEC-SWM-GGC,64.0,120.0,48.0,5.1,93.6,6.2,21,6,1.0,1.179,0,120.0,0,6.2,38.22
SEC-NDLS-KOTA,465.0,130.0,275.0,14.5,112.1,12.9,20,4,1.137,1.261,0,130.0,0,12.9,326.73
SEC-NDLS-KOTA,465.0,130.0,275.0,14.5,125.1,1.3,10,3,1.138,1.102,0,130.0,0,1.3,274.51
SEC-GGC-BTE,120.0,110.0,98.0,9.4,88.9,7.3,4,0,1.0,1.059,0,110.0,0,7.3,87.19
SEC-MTJ-AGC,54.0,120.0,45.0,4.2,96.3,31.3,16,6,1.0,1.08,0,120.0,0,31.3,36.11
SEC-MTJ-AGC,54.0,120.0,45.0,4.2,118.0,7.7,18,5,1.0,1.114,0,120.0,1,7.7,38.72
SEC-GGC-BTE,120.0,110.0,98.0,9.4,86.1,2.2,17,1,1.0,1.072,0,110.0,0,2.2,84.66
SEC-SWM-GGC,64.0,120.0,48.0,5.1,107.7,10.6,21,0,1.256,1.34,0,120.0,1,10.6,69.23
SEC-SWM-GGC,64.0,120.0,48.0,5.1,60.0,20.4,10,6,1.0,1.337,1,60.0,1,20.4,106.05
SEC-MTJ-AGC,54.0,120.0,45.0,4.2,106.4,0.1,7,3,1.0,1.043,0,120.0,0,0.1,32.94
SEC-MTJ-AGC,54.0,120.0,45.0,4.2,60.0,5.5,13,5,1.0,1.057,1,60.0,0,5.5,71.22
SEC-SWM-GGC,64.0,120.0,48.0,5.1,45.0,2.2,14,0,1.0,1.045,1,45.0,1,2.2,111.05
SEC-MTJ-AGC,54.0,120.0,45.0,4.2,116.2,1.3,22,5,1.0,1.179,0,120.0,0,1.3,38.63
SEC-KOTA-SWM,108.0,130.0,58.0,6.2,97.9,0.4,10,6,1.0,1.188,0,130.0,0,0.4,80.48
SEC-KOTA-SWM,108.0,130.0,58.0,6.2,129.1,1.7,0,6,1.0,1.046,0,130.0,0,1.7,47.35
SEC-SWM-GGC,64.0,120.0,48.0,5.1,115.7,6.1,20,5,1.0,1.496,0,120.0,0,6.1,44.74
SEC-BTE-MTJ,35.0,100.0,48.0,4.8,60.0,7.6,18,2,1.0,1.296,1,60.0,0,7.6,43.27
SEC-MTJ-AGC,54.0,120.0,45.0,4.2,104.5,13.3,10,6,1.0,1.217,0,120.0,0,13.3,38.21
SEC-MTJ-AGC,54.0,120.0,45.0,4.2,117.6,13.2,13,1,1.198,1.072,0,120.0,0,13.2,35.19
SEC-GGC-BTE,120.0,110.0,98.0,9.4,60.0,11.6,4,5,1.147,1.118,1,60.0,0,11.6,170.12
SEC-BTE-MTJ,35.0,100.0,48.0,4.8,89.4,7.5,20,4,1.0,1.205,0,100.0,0,7.5,28.69
SEC-NDLS-KOTA,465.0,130.0,275.0,14.5,112.0,41.6,5,6,1.0,1.093,0,130.0,0,41.6,272.51
SEC-SWM-GGC,64.0,120.0,48.0,5.1,106.0,0.2,8,4,1.0,1.427,0,120.0,0,0.2,53.05
SEC-SWM-GGC,64.0,120.0,48.0,5.1,90.1,43.4,11,1,1.0,1.19,0,120.0,0,43.4,52.96
SEC-BTE-MTJ,35.0,100.0,48.0,4.8,96.3,31.8,3,3,1.0,1.05,0,100.0,0,31.8,26.7
SEC-SWM-GGC,64.0,120.0,48.0,5.1,107.2,4.8,6,4,1.0,1.088,0,120.0,0,4.8,49.71
SEC-SWM-GGC,64.0,120.0,48.0,5.1,100.6,0.3,18,4,1.277,1.376,0,120.0,0,0.3,55.01
SEC-BTE-MTJ,35.0,100.0,48.0,4.8,30.0,1.5,2,0,1.14,1.056,1,30.0,0,1.5,98.29
SEC-KOTA-SWM,108.0,130.0,58.0,6.2,122.7,4.7,18,6,1.0,1.424,0,130.0,0,4.7,65.28
SEC-MTJ-AGC,54.0,120.0,45.0,4.2,111.5,3.8,6,2,1.0,1.094,0,120.0,0,3.8,25.97
SEC-MTJ-AGC,54.0,120.0,45.0,4.2,117.1,1.7,12,1,1.0,1.074,0,120.0,0,1.7,25.65
SEC-BTE-MTJ,35.0,100.0,48.0,4.8,89.9,2.4,17,0,1.0,1.489,0,100.0,0,2.4,29.08
SEC-BTE-MTJ,35.0,100.0,48.0,4.8,86.9,1.4,23,3,1.0,1.104,0,100.0,0,1.4,19.95
SEC-NDLS-KOTA,465.0,130.0,275.0,14.5,116.2,3.7,11,0,1.0,1.431,0,130.0,1,3.7,304.86
SEC-SWM-GGC,64.0,120.0,48.0,5.1,98.5,15.9,14,6,1.0,1.065,0,120.0,0,15.9,49.1
SEC-MTJ-AGC,54.0,120.0,45.0,4.2,30.0,1.9,1,0,1.057,1.187,1,30.0,0,1.9,139.19
SEC-MTJ-AGC,54.0,120.0,45.0,4.2,112.8,4.6,15,2,1.228,1.043,0,120.0,0,4.6,32.72
SEC-KOTA-SWM,108.0,130.0,58.0,6.2,114.9,7.4,8,4,1.0,1.262,0,130.0,0,7.4,65.53
SEC-BTE-MTJ,35.0,100.0,48.0,4.8,88.3,9.3,7,3,1.176,1.141,0,100.0,0,9.3,36.07
SEC-KOTA-SWM,108.0,130.0,58.0,6.2,108.4,15.1,19,4,1.0,1.157,0,130.0,0,15.1,76.59
SEC-BTE-MTJ,35.0,100.0,48.0,4.8,91.5,3.1,2,2,1.149,1.066,0,100.0,0,3.1,25.24
SEC-KOTA-SWM,108.0,130.0,58.0,6.2,106.6,4.1,15,0,1.0,1.057,0,130.0,0,4.1,71.1
SEC-KOTA-SWM,108.0,130.0,58.0,6.2,103.6,4.1,3,3,1.0,1.07,0,130.0,0,4.1,76.06
SEC-BTE-MTJ,35.0,100.0,48.0,4.8,88.6,3.7,12,3,1.099,1.035,0,100.0,0,3.7,19.95
SEC-SWM-GGC,64.0,120.0,48.0,5.1,91.8,8.3,17,3,1.0,1.26,0,120.0,1,8.3,66.21
SEC-KOTA-SWM,108.0,130.0,58.0,6.2,60.0,6.2,4,0,1.0,1.125,1,60.0,0,6.2,134.2
SEC-KOTA-SWM,108.0,130.0,58.0,6.2,114.7,22.1,14,2,1.0,1.235,0,130.0,0,22.1,77.14
SEC-KOTA-SWM,108.0,130.0,58.0,6.2,102.0,1.5,16,3,1.0,1.205,0,130.0,0,1.5,83.84
SEC-SWM-GGC,64.0,120.0,48.0,5.1,106.3,19.5,4,6,1.285,1.061,0,120.0,0,19.5,56.18
SEC-BTE-MTJ,35.0,100.0,48.0,4.8,93.3,5.0,0,2,1.0,1.054,0,100.0,0,5.0,21.71
SEC-SWM-GGC,64.0,120.0,48.0,5.1,93.8,10.2,11,0,1.0,1.396,0,120.0,0,10.2,44.77
SEC-BTE-MTJ,35.0,100.0,48.0,4.8,92.6,8.6,5,5,1.0,1.212,0,100.0,0,8.6,34.24
SEC-MTJ-AGC,54.0,120.0,45.0,4.2,101.1,15.5,23,6,1.0,1.092,0,120.0,0,15.5,44.99
SEC-NDLS-KOTA,465.0,130.0,275.0,14.5,118.8,18.0,16,4,1.0,1.185,0,130.0,0,18.0,289.8
SEC-NDLS-KOTA,465.0,130.0,275.0,14.5,98.0,0.6,4,0,1.097,1.168,0,130.0,0,0.6,346.55
SEC-BTE-MTJ,35.0,100.0,48.0,4.8,30.0,21.0,18,6,1.0,1.149,1,30.0,0,21.0,95.79
SEC-MTJ-AGC,54.0,120.0,45.0,4.2,101.7,1.7,8,5,1.0,1.12,0,120.0,0,1.7,34.48
SEC-KOTA-SWM,108.0,130.0,58.0,6.2,105.3,13.8,14,3,1.0,1.124,0,130.0,0,13.8,72.18
SEC-BTE-MTJ,35.0,100.0,48.0,4.8,78.6,6.1,13,3,1.0,1.102,0,100.0,0,6.1,30.85
SEC-MTJ-AGC,54.0,120.0,45.0,4.2,104.5,2.6,21,1,1.059,1.28,0,120.0,1,2.6,65.55
SEC-KOTA-SWM,108.0,130.0,58.0,6.2,129.5,20.6,20,2,1.0,1.105,0,130.0,0,20.6,54.38
SEC-BTE-MTJ,35.0,100.0,48.0,4.8,60.0,15.9,19,4,1.0,1.388,1,60.0,0,15.9,52.4
SEC-NDLS-KOTA,465.0,130.0,275.0,14.5,100.1,4.1,11,2,1.0,1.146,0,130.0,0,4.1,290.92
SEC-GGC-BTE,120.0,110.0,98.0,9.4,93.3,29.0,4,2,1.115,1.112,0,110.0,0,29.0,92.26
SEC-GGC-BTE,120.0,110.0,98.0,9.4,86.6,7.2,12,5,1.0,1.158,0,110.0,0,7.2,106.13
SEC-GGC-BTE,120.0,110.0,98.0,9.4,107.2,31.6,10,5,1.0,1.31,0,110.0,0,31.6,99.59
SEC-MTJ-AGC,54.0,120.0,45.0,4.2,105.9,16.6,10,5,1.0,1.34,0,120.0,0,16.6,35.97
SEC-SWM-GGC,64.0,120.0,48.0,5.1,100.0,15.1,18,2,1.0,1.38,0,120.0,0,15.1,61.64
SEC-SWM-GGC,64.0,120.0,48.0,5.1,94.4,3.7,13,6,1.0,1.038,0,120.0,0,3.7,34.84
SEC-KOTA-SWM,108.0,130.0,58.0,6.2,30.0,9.2,4,6,1.0,1.137,1,30.0,0,9.2,263.91
SEC-KOTA-SWM,108.0,130.0,58.0,6.2,105.2,37.4,18,3,1.0,1.134,0,130.0,0,37.4,83.5
SEC-SWM-GGC,64.0,120.0,48.0,5.1,118.4,2.5,14,4,1.0,1.02,0,120.0,0,2.5,36.24
SEC-KOTA-SWM,108.0,130.0,58.0,6.2,60.0,3.7,6,6,1.0,1.08,1,60.0,0,3.7,129.28
SEC-NDLS-KOTA,465.0,130.0,275.0,14.5,119.6,1.7,2,0,1.0,1.045,0,130.0,0,1.7,217.19
SEC-NDLS-KOTA,465.0,130.0,275.0,14.5,99.4,21.5,5,6,1.0,1.07,0,130.0,0,21.5,306.63
SEC-MTJ-AGC,54.0,120.0,45.0,4.2,100.8,17.1,11,1,1.0,1.167,0,120.0,0,17.1,36.36
SEC-BTE-MTJ,35.0,100.0,48.0,4.8,87.0,16.2,11,6,1.093,1.168,0,100.0,0,16.2,34.27
SEC-SWM-GGC,64.0,120.0,48.0,5.1,30.0,3.8,16,3,1.0,1.06,1,30.0,0,3.8,152.34
SEC-SWM-GGC,64.0,120.0,48.0,5.1,60.0,6.6,3,5,1.0,1.164,1,60.0,0,6.6,78.7
SEC-SWM-GGC,64.0,120.0,48.0,5.1,60.0,6.0,12,3,1.0,1.092,1,60.0,0,6.0,79.83
SEC-MTJ-AGC,54.0,120.0,45.0,4.2,111.4,27.5,0,4,1.0,1.019,0,120.0,0,27.5,43.78
SEC-SWM-GGC,64.0,120.0,48.0,5.1,108.9,3.6,13,0,1.0,1.075,0,120.0,1,3.6,54.92
SEC-GGC-BTE,120.0,110.0,98.0,9.4,103.1,2.6,7,5,1.0,1.098,0,110.0,1,2.6,91.22
SEC-BTE-MTJ,35.0,100.0,48.0,4.8,92.5,8.3,8,4,1.0,1.126,0,100.0,0,8.3,27.07
SEC-BTE-MTJ,35.0,100.0,48.0,4.8,90.5,3.0,21,6,1.054,1.356,0,100.0,0,3.0,32.86
SEC-KOTA-SWM,108.0,130.0,58.0,6.2,108.0,14.4,8,0,1.0,1.197,0,130.0,0,14.4,56.79
SEC-GGC-BTE,120.0,110.0,98.0,9.4,45.0,7.5,8,4,1.0,1.362,1,45.0,0,7.5,227.11
SEC-SWM-GGC,64.0,120.0,48.0,5.1,100.9,0.9,10,1,1.187,1.279,0,120.0,0,0.9,64.33
SEC-MTJ-AGC,54.0,120.0,45.0,4.2,91.9,0.7,6,5,1.0,1.109,0,120.0,0,0.7,33.13
SEC-NDLS-KOTA,465.0,130.0,275.0,14.5,102.5,12.0,6,4,1.082,1.007,0,130.0,1,12.0,310.57
SEC-NDLS-KOTA,465.0,130.0,275.0,14.5,127.9,10.3,20,0,1.0,1.099,0,130.0,0,10.3,236.21
SEC-KOTA-SWM,108.0,130.0,58.0,6.2,120.9,14.7,10,5,1.0,1.381,0,130.0,0,14.7,79.37
SEC-GGC-BTE,120.0,110.0,98.0,9.4,45.0,4.6,15,3,1.0,1.03,1,45.0,0,4.6,187.89
SEC-NDLS-KOTA,465.0,130.0,275.0,14.5,107.0,51.6,12,1,1.0,1.092,0,130.0,0,51.6,282.02
SEC-GGC-BTE,120.0,110.0,98.0,9.4,88.8,0.7,4,4,1.277,1.071,0,110.0,0,0.7,119.49
SEC-KOTA-SWM,108.0,130.0,58.0,6.2,102.0,3.3,15,1,1.0,1.075,0,130.0,0,3.3,73.72
SEC-MTJ-AGC,54.0,120.0,45.0,4.2,101.9,4.7,17,4,1.207,1.157,0,120.0,0,4.7,48.74
SEC-NDLS-KOTA,465.0,130.0,275.0,14.5,60.0,2.4,3,2,1.0,1.082,1,60.0,1,2.4,536.55
SEC-GGC-BTE,120.0,110.0,98.0,9.4,90.0,6.5,0,6,1.0,1.105,0,110.0,0,6.5,66.17
SEC-MTJ-AGC,54.0,120.0,45.0,4.2,103.4,30.1,15,3,1.0,1.162,0,120.0,1,30.1,54.89
SEC-KOTA-SWM,108.0,130.0,58.0,6.2,124.8,15.7,6,5,1.087,1.086,0,130.0,0,15.7,77.66
SEC-GGC-BTE,120.0,110.0,98.0,9.4,45.0,4.1,15,4,1.187,1.092,1,45.0,0,4.1,213.34
SEC-NDLS-KOTA,465.0,130.0,275.0,14.5,103.8,0.2,15,2,1.0,1.099,0,130.0,0,0.2,258.0
SEC-BTE-MTJ,35.0,100.0,48.0,4.8,82.3,0.9,6,4,1.0,1.016,0,100.0,0,0.9,23.73
SEC-MTJ-AGC,54.0,120.0,45.0,4.2,102.5,11.1,21,3,1.105,1.229,0,120.0,0,11.1,44.98
SEC-SWM-GGC,64.0,120.0,48.0,5.1,109.2,1.6,8,2,1.0,1.25,0,120.0,0,1.6,66.54
SEC-KOTA-SWM,108.0,130.0,58.0,6.2,113.7,10.7,8,5,1.0,1.348,0,130.0,0,10.7,79.35
SEC-SWM-GGC,64.0,120.0,48.0,5.1,118.1,23.1,5,3,1.0,1.083,0,120.0,0,23.1,30.4
SEC-BTE-MTJ,35.0,100.0,48.0,4.8,95.4,0.3,12,2,1.0,1.028,0,100.0,0,0.3,20.74
SEC-KOTA-SWM,108.0,130.0,58.0,6.2,127.5,18.6,14,5,1.0,1.11,0,130.0,0,18.6,59.41
SEC-MTJ-AGC,54.0,120.0,45.0,4.2,116.0,39.6,8,1,1.0,1.372,0,120.0,0,39.6,42.17
SEC-NDLS-KOTA,465.0,130.0,275.0,14.5,108.6,25.5,0,3,1.0,1.17,0,130.0,0,25.5,292.4
SEC-KOTA-SWM,108.0,130.0,58.0,6.2,30.0,3.5,8,0,1.0,1.036,1,30.0,0,3.5,226.7
SEC-NDLS-KOTA,465.0,130.0,275.0,14.5,111.6,36.5,0,5,1.0,1.061,0,130.0,0,36.5,272.39
SEC-BTE-MTJ,35.0,100.0,48.0,4.8,30.0,5.5,5,6,1.0,1.086,1,30.0,0,5.5,88.61
SEC-GGC-BTE,120.0,110.0,98.0,9.4,101.3,6.5,5,0,1.0,1.171,0,110.0,0,6.5,71.56
SEC-SWM-GGC,64.0,120.0,48.0,5.1,45.0,2.8,14,3,1.0,1.021,1,45.0,0,2.8,109.19
SEC-KOTA-SWM,108.0,130.0,58.0,6.2,99.0,12.5,19,3,1.0,1.194,0,130.0,0,12.5,67.83
SEC-NDLS-KOTA,465.0,130.0,275.0,14.5,124.9,0.5,16,6,1.0,1.154,0,130.0,0,0.5,249.02
SEC-BTE-MTJ,35.0,100.0,48.0,4.8,85.1,3.9,16,5,1.0,1.091,0,100.0,0,3.9,20.1
SEC-GGC-BTE,120.0,110.0,98.0,9.4,87.6,4.0,3,3,1.0,1.046,0,110.0,1,4.0,93.99
SEC-NDLS-KOTA,465.0,130.0,275.0,14.5,106.1,0.6,20,2,1.0,1.413,0,130.0,0,0.6,371.73
SEC-BTE-MTJ,35.0,100.0,48.0,4.8,86.1,0.2,18,5,1.0,1.153,0,100.0,0,0.2,34.66
SEC-GGC-BTE,120.0,110.0,98.0,9.4,90.3,4.2,10,5,1.0,1.316,0,110.0,0,4.2,105.28
SEC-NDLS-KOTA,465.0,130.0,275.0,14.5,129.5,1.0,17,6,1.0,1.374,0,130.0,1,1.0,292.31
SEC-NDLS-KOTA,465.0,130.0,275.0,14.5,108.7,3.4,10,5,1.0,1.355,0,130.0,0,3.4,328.79
SEC-NDLS-KOTA,465.0,130.0,275.0,14.5,107.7,19.9,17,1,1.0,1.372,0,130.0,0,19.9,365.7
SEC-BTE-MTJ,35.0,100.0,48.0,4.8,97.5,4.1,15,4,1.0,1.038,0,100.0,1,4.1,42.97
SEC-NDLS-KOTA,465.0,130.0,275.0,14.5,45.0,3.8,18,4,1.089,1.186,1,45.0,0,3.8,801.73
SEC-NDLS-KOTA,465.0,130.0,275.0,14.5,102.7,16.3,2,1,1.0,1.045,0,130.0,0,16.3,301.28
SEC-SWM-GGC,64.0,120.0,48.0,5.1,60.0,10.5,15,6,1.0,1.105,1,60.0,0,10.5,77.74
SEC-GGC-BTE,120.0,110.0,98.0,9.4,82.8,23.4,15,0,1.0,1.057,0,110.0,0,23.4,89.48
SEC-NDLS-KOTA,465.0,130.0,275.0,14.5,106.5,6.6,5,5,1.106,1.172,0,130.0,0,6.6,321.47
SEC-KOTA-SWM,108.0,130.0,58.0,6.2,101.3,3.8,4,5,1.0,1.101,0,130.0,0,3.8,64.04
SEC-MTJ-AGC,54.0,120.0,45.0,4.2,94.3,10.2,18,6,1.0,1.128,0,120.0,0,10.2,41.6
SEC-KOTA-SWM,108.0,130.0,58.0,6.2,30.0,8.8,14,2,1.0,1.037,1,30.0,0,8.8,238.94
SEC-NDLS-KOTA,465.0,130.0,275.0,14.5,100.5,5.5,21,3,1.0,1.259,0,130.0,0,5.5,329.68
SEC-SWM-GGC,64.0,120.0,48.0,5.1,30.0,16.7,1,5,1.0,1.097,1,30.0,0,16.7,174.08
SEC-MTJ-AGC,54.0,120.0,45.0,4.2,60.0,14.2,7,0,1.0,1.082,1,60.0,0,14.2,59.67
SEC-SWM-GGC,64.0,120.0,48.0,5.1,60.0,18.8,16,4,1.0,1.097,1,60.0,0,18.8,81.29
SEC-GGC-BTE,120.0,110.0,98.0,9.4,101.5,5.4,14,1,1.0,1.207,0,110.0,0,5.4,79.33
SEC-BTE-MTJ,35.0,100.0,48.0,4.8,91.6,0.3,0,0,1.0,1.059,0,100.0,0,0.3,35.25
SEC-KOTA-SWM,108.0,130.0,58.0,6.2,60.0,21.3,14,1,1.181,1.114,1,60.0,0,21.3,147.54
SEC-BTE-MTJ,35.0,100.0,48.0,4.8,93.0,3.4,0,5,1.0,1.095,0,100.0,1,3.4,39.61
SEC-MTJ-AGC,54.0,120.0,45.0,4.2,91.1,10.6,17,6,1.0,1.098,0,120.0,0,10.6,37.27
SEC-BTE-MTJ,35.0,100.0,48.0,4.8,78.8,2.0,13,3,1.0,1.048,0,100.0,0,2.0,24.98
SEC-SWM-GGC,64.0,120.0,48.0,5.1,100.6,0.5,2,6,1.0,1.141,0,120.0,0,0.5,33.36
SEC-KOTA-SWM,108.0,130.0,58.0,6.2,128.4,4.8,20,0,1.07,1.321,0,130.0,0,4.8,69.2
SEC-GGC-BTE,120.0,110.0,98.0,9.4,103.2,0.7,22,6,1.0,1.093,0,110.0,0,0.7,74.08
SEC-GGC-BTE,120.0,110.0,98.0,9.4,87.9,26.4,14,6,1.059,1.095,0,110.0,0,26.4,112.2
SEC-MTJ-AGC,54.0,120.0,45.0,4.2,114.5,0.6,13,2,1.0,1.039,0,120.0,0,0.6,25.65
SEC-GGC-BTE,120.0,110.0,98.0,9.4,106.5,20.9,10,6,1.0,1.283,0,110.0,0,20.9,76.9
SEC-MTJ-AGC,54.0,120.0,45.0,4.2,60.0,10.6,1,5,1.273,1.12,1,60.0,0,10.6,86.01
SEC-GGC-BTE,120.0,110.0,98.0,9.4,82.6,10.8,11,0,1.0,1.326,0,110.0,0,10.8,107.37
SEC-SWM-GGC,64.0,120.0,48.0,5.1,99.8,13.4,22,4,1.0,1.127,0,120.0,0,13.4,48.93
SEC-MTJ-AGC,54.0,120.0,45.0,4.2,106.7,12.4,19,5,1.0,1.459,0,120.0,0,12.4,38.04
SEC-KOTA-SWM,108.0,130.0,58.0,6.2,108.2,5.6,18,4,1.18,1.121,0,130.0,0,5.6,80.65
SEC-MTJ-AGC,54.0,120.0,45.0,4.2,106.5,31.9,15,3,1.0,1.025,0,120.0,0,31.9,38.68
SEC-GGC-BTE,120.0,110.0,98.0,9.4,86.2,5.1,2,1,1.0,1.024,0,110.0,1,5.1,113.87
SEC-KOTA-SWM,108.0,130.0,58.0,6.2,111.9,20.4,14,5,1.078,1.145,0,130.0,0,20.4,85.76
SEC-BTE-MTJ,35.0,100.0,48.0,4.8,60.0,2.2,15,6,1.0,1.047,1,60.0,1,2.2,50.79
SEC-MTJ-AGC,54.0,120.0,45.0,4.2,113.4,3.7,2,3,1.083,1.018,0,120.0,0,3.7,38.68
SEC-SWM-GGC,64.0,120.0,48.0,5.1,91.7,4.1,20,0,1.0,1.159,0,120.0,0,4.1,53.38
SEC-MTJ-AGC,54.0,120.0,45.0,4.2,99.3,33.8,5,2,1.0,1.159,0,120.0,0,33.8,52.85
SEC-GGC-BTE,120.0,110.0,98.0,9.4,101.1,0.1,16,2,1.0,1.09,0,110.0,0,0.1,105.29
SEC-NDLS-KOTA,465.0,130.0,275.0,14.5,108.7,0.5,6,3,1.064,1.124,0,130.0,0,0.5,276.73
SEC-GGC-BTE,120.0,110.0,98.0,9.4,109.4,5.9,14,5,1.129,1.161,0,110.0,0,5.9,87.87
SEC-BTE-MTJ,35.0,100.0,48.0,4.8,45.0,7.8,18,1,1.1,1.367,1,45.0,0,7.8,81.67
SEC-NDLS-KOTA,465.0,130.0,275.0,14.5,98.0,0.5,16,4,1.0,1.195,0,130.0,0,0.5,334.82
SEC-KOTA-SWM,108.0,130.0,58.0,6.2,108.2,5.8,11,0,1.225,1.283,0,130.0,0,5.8,110.84
SEC-GGC-BTE,120.0,110.0,98.0,9.4,98.5,0.8,1,1,1.097,1.121,0,110.0,0,0.8,86.99
SEC-NDLS-KOTA,465.0,130.0,275.0,14.5,60.0,0.6,0,1,1.0,1.077,1,60.0,0,0.6,510.7
SEC-MTJ-AGC,54.0,120.0,45.0,4.2,109.9,9.8,18,1,1.0,1.392,0,120.0,0,9.8,37.51
SEC-GGC-BTE,120.0,110.0,98.0,9.4,100.5,31.8,0,5,1.284,1.052,0,110.0,0,31.8,81.02
SEC-KOTA-SWM,108.0,130.0,58.0,6.2,121.9,2.3,7,1,1.0,1.018,0,130.0,0,2.3,50.63
SEC-NDLS-KOTA,465.0,130.0,275.0,14.5,119.9,0.0,4,6,1.0,1.075,0,130.0,0,0.0,282.72
SEC-SWM-GGC,64.0,120.0,48.0,5.1,45.0,0.6,0,0,1.0,1.227,1,45.0,1,0.6,121.71
SEC-MTJ-AGC,54.0,120.0,45.0,4.2,101.7,0.1,16,3,1.0,1.071,0,120.0,0,0.1,33.8
SEC-BTE-MTJ,35.0,100.0,48.0,4.8,99.4,0.7,16,5,1.0,1.097,0,100.0,0,0.7,21.51
SEC-KOTA-SWM,108.0,130.0,58.0,6.2,45.0,15.7,18,0,1.09,1.454,1,45.0,0,15.7,233.18
SEC-SWM-GGC,64.0,120.0,48.0,5.1,96.8,7.8,10,0,1.0,1.311,0,120.0,1,7.8,52.22
SEC-KOTA-SWM,108.0,130.0,58.0,6.2,124.9,14.2,13,5,1.102,1.021,0,130.0,0,14.2,57.31
SEC-MTJ-AGC,54.0,120.0,45.0,4.2,91.4,9.2,19,3,1.0,1.315,0,120.0,0,9.2,40.82
SEC-KOTA-SWM,108.0,130.0,58.0,6.2,114.7,1.0,22,3,1.0,1.125,0,130.0,0,1.0,74.31
SEC-KOTA-SWM,108.0,130.0,58.0,6.2,116.0,0.1,12,4,1.0,1.026,0,130.0,0,0.1,51.4
SEC-BTE-MTJ,35.0,100.0,48.0,4.8,30.0,0.9,11,3,1.0,1.425,1,30.0,0,0.9,110.75
SEC-BTE-MTJ,35.0,100.0,48.0,4.8,95.6,16.2,7,0,1.0,1.065,0,100.0,0,16.2,19.95
SEC-KOTA-SWM,108.0,130.0,58.0,6.2,100.5,6.0,14,4,1.0,1.026,0,130.0,0,6.0,54.1
SEC-SWM-GGC,64.0,120.0,48.0,5.1,108.4,0.1,10,3,1.0,1.123,0,120.0,0,0.1,35.19
SEC-KOTA-SWM,108.0,130.0,58.0,6.2,102.3,9.4,4,1,1.0,1.102,0,130.0,1,9.4,81.59
SEC-SWM-GGC,64.0,120.0,48.0,5.1,119.2,11.6,5,1,1.0,1.041,0,120.0,0,11.6,38.86
SEC-BTE-MTJ,35.0,100.0,48.0,4.8,98.8,23.9,21,3,1.0,1.351,0,100.0,0,23.9,28.15
SEC-SWM-GGC,64.0,120.0,48.0,5.1,113.2,6.4,4,6,1.0,1.048,0,120.0,0,6.4,39.28
SEC-NDLS-KOTA,465.0,130.0,275.0,14.5,120.5,15.5,11,1,1.0,1.233,0,130.0,0,15.5,276.4
SEC-NDLS-KOTA,465.0,130.0,275.0,14.5,124.8,9.1,20,3,1.11,1.228,0,130.0,0,9.1,301.5
SEC-BTE-MTJ,35.0,100.0,48.0,4.8,93.1,0.1,15,5,1.0,1.115,0,100.0,0,0.1,20.31
SEC-SWM-GGC,64.0,120.0,48.0,5.1,104.0,19.4,22,0,1.0,1.079,0,120.0,0,19.4,55.81
SEC-MTJ-AGC,54.0,120.0,45.0,4.2,116.2,0.0,13,6,1.0,1.034,0,120.0,0,0.0,32.77
SEC-NDLS-KOTA,465.0,130.0,275.0,14.5,117.2,14.0,5,3,1.0,1.088,0,130.0,0,14.0,265.17
SEC-MTJ-AGC,54.0,120.0,45.0,4.2,60.0,8.2,5,3,1.0,1.146,1,60.0,0,8.2,73.2
SEC-KOTA-SWM,108.0,130.0,58.0,6.2,60.0,0.1,1,0,1.0,1.171,1,60.0,1,0.1,150.81
SEC-NDLS-KOTA,465.0,130.0,275.0,14.5,107.4,4.2,17,0,1.0,1.237,0,130.0,0,4.2,306.65
SEC-NDLS-KOTA,465.0,130.0,275.0,14.5,97.5,6.0,0,1,1.115,1.087,0,130.0,0,6.0,324.45
SEC-NDLS-KOTA,465.0,130.0,275.0,14.5,60.0,2.0,10,0,1.063,1.105,1,60.0,0,2.0,558.33
SEC-SWM-GGC,64.0,120.0,48.0,5.1,99.7,1.4,9,0,1.093,1.158,0,120.0,0,1.4,42.16
SEC-SWM-GGC,64.0,120.0,48.0,5.1,111.3,15.2,4,4,1.0,1.084,0,120.0,0,15.2,39.27
SEC-NDLS-KOTA,465.0,130.0,275.0,14.5,60.0,21.9,18,3,1.188,1.166,1,60.0,0,21.9,637.93
SEC-MTJ-AGC,54.0,120.0,45.0,4.2,104.0,0.8,23,6,1.0,1.13,0,120.0,0,0.8,38.88
SEC-BTE-MTJ,35.0,100.0,48.0,4.8,75.4,2.6,7,3,1.0,1.038,0,100.0,0,2.6,19.95
SEC-SWM-GGC,64.0,120.0,48.0,5.1,117.3,0.3,8,6,1.0,1.115,0,120.0,0,0.3,42.66
SEC-SWM-GGC,64.0,120.0,48.0,5.1,94.7,6.5,12,3,1.0,1.162,0,120.0,0,6.5,39.87
SEC-KOTA-SWM,108.0,130.0,58.0,6.2,30.0,1.8,5,0,1.098,1.175,1,30.0,0,1.8,276.1
SEC-NDLS-KOTA,465.0,130.0,275.0,14.5,45.0,15.4,1,0,1.0,1.116,1,45.0,0,15.4,692.58
SEC-NDLS-KOTA,465.0,130.0,275.0,14.5,30.0,5.3,8,5,1.0,1.292,1,30.0,0,5.3,1183.65
SEC-BTE-MTJ,35.0,100.0,48.0,4.8,77.9,12.1,6,2,1.0,1.045,0,100.0,1,12.1,50.7
SEC-KOTA-SWM,108.0,130.0,58.0,6.2,128.6,2.1,6,1,1.088,1.065,0,130.0,1,2.1,75.7
SEC-BTE-MTJ,35.0,100.0,48.0,4.8,87.0,21.9,3,6,1.0,1.131,0,100.0,0,21.9,24.62
SEC-NDLS-KOTA,465.0,130.0,275.0,14.5,125.5,0.9,11,0,1.0,1.395,0,130.0,0,0.9,283.76
SEC-BTE-MTJ,35.0,100.0,48.0,4.8,92.8,6.5,0,2,1.0,1.3,0,100.0,0,6.5,36.2
SEC-BTE-MTJ,35.0,100.0,48.0,4.8,91.8,1.8,3,5,1.0,1.078,0,100.0,0,1.8,23.26
SEC-MTJ-AGC,54.0,120.0,45.0,4.2,113.7,12.7,15,3,1.0,1.08,0,120.0,1,12.7,38.84
SEC-GGC-BTE,120.0,110.0,98.0,9.4,107.3,0.4,4,5,1.0,1.087,0,110.0,0,0.4,84.69
SEC-GGC-BTE,120.0,110.0,98.0,9.4,89.8,9.9,4,2,1.0,1.084,0,110.0,0,9.9,73.02
SEC-MTJ-AGC,54.0,120.0,45.0,4.2,115.0,3.4,20,1,1.0,1.189,0,120.0,0,3.4,38.54
SEC-SWM-GGC,64.0,120.0,48.0,5.1,90.6,47.5,9,2,1.0,1.15,0,120.0,0,47.5,55.53
SEC-GGC-BTE,120.0,110.0,98.0,9.4,90.1,1.6,7,5,1.0,1.104,0,110.0,0,1.6,73.64
SEC-GGC-BTE,120.0,110.0,98.0,9.4,97.1,7.0,23,6,1.187,1.144,0,110.0,0,7.0,118.21
SEC-NDLS-KOTA,465.0,130.0,275.0,14.5,104.9,6.5,17,6,1.122,1.436,0,130.0,0,6.5,445.15
SEC-MTJ-AGC,54.0,120.0,45.0,4.2,109.9,5.8,15,3,1.0,1.197,0,120.0,0,5.8,38.46
SEC-MTJ-AGC,54.0,120.0,45.0,4.2,96.8,2.4,5,4,1.0,1.169,0,120.0,0,2.4,43.19
SEC-MTJ-AGC,54.0,120.0,45.0,4.2,102.3,4.3,19,5,1.157,1.337,0,120.0,0,4.3,47.19
SEC-SWM-GGC,64.0,120.0,48.0,5.1,90.9,21.4,4,2,1.098,1.081,0,120.0,1,21.4,61.1
SEC-KOTA-SWM,108.0,130.0,58.0,6.2,103.2,10.0,11,1,1.0,1.24,0,130.0,0,10.0,91.21
SEC-KOTA-SWM,108.0,130.0,58.0,6.2,124.0,37.6,22,0,1.118,1.076,0,130.0,0,37.6,77.04
SEC-MTJ-AGC,54.0,120.0,45.0,4.2,91.4,2.6,6,0,1.0,1.125,0,120.0,1,2.6,52.75
SEC-SWM-GGC,64.0,120.0,48.0,5.1,45.0,0.2,21,3,1.256,1.228,1,45.0,0,0.2,135.54
SEC-NDLS-KOTA,465.0,130.0,275.0,14.5,104.4,11.1,19,6,1.0,1.173,0,130.0,0,11.1,311.48
SEC-BTE-MTJ,35.0,100.0,48.0,4.8,79.8,0.4,14,6,1.0,1.039,0,100.0,0,0.4,25.81
SEC-GGC-BTE,120.0,110.0,98.0,9.4,95.8,5.9,20,2,1.0,1.287,0,110.0,0,5.9,93.25
SEC-GGC-BTE,120.0,110.0,98.0,9.4,105.8,10.0,0,6,1.0,1.052,0,110.0,0,10.0,74.91
SEC-GGC-BTE,120.0,110.0,98.0,9.4,30.0,20.9,22,0,1.0,1.023,1,30.0,0,20.9,264.62
SEC-KOTA-SWM,108.0,130.0,58.0,6.2,122.5,11.3,11,2,1.0,1.186,0,130.0,0,11.3,59.04
SEC-MTJ-AGC,54.0,120.0,45.0,4.2,101.3,10.5,10,0,1.272,1.097,0,120.0,0,10.5,49.76
SEC-MTJ-AGC,54.0,120.0,45.0,4.2,99.8,13.7,17,0,1.12,1.153,0,120.0,0,13.7,42.17
SEC-SWM-GGC,64.0,120.0,48.0,5.1,115.6,0.4,15,0,1.0,1.153,0,120.0,0,0.4,30.4
SEC-NDLS-KOTA,465.0,130.0,275.0,14.5,104.0,13.1,7,5,1.0,1.139,0,130.0,0,13.1,283.66
SEC-BTE-MTJ,35.0,100.0,48.0,4.8,92.0,2.9,9,5,1.0,1.202,0,100.0,0,2.9,27.84
SEC-NDLS-KOTA,465.0,130.0,275.0,14.5,115.5,3.0,6,3,1.098,1.076,0,130.0,0,3.0,269.88
SEC-KOTA-SWM,108.0,130.0,58.0,6.2,111.2,19.5,4,4,1.0,1.13,0,130.0,0,19.5,85.47
SEC-SWM-GGC,64.0,120.0,48.0,5.1,97.4,3.6,22,5,1.0,1.109,0,120.0,0,3.6,51.2
SEC-MTJ-AGC,54.0,120.0,45.0,4.2,91.7,3.2,10,2,1.0,1.1,0,120.0,0,3.2,31.3
SEC-KOTA-SWM,108.0,130.0,58.0,6.2,126.2,6.7,8,1,1.0,1.317,0,130.0,1,6.7,90.71
SEC-GGC-BTE,120.0,110.0,98.0,9.4,92.0,26.2,20,0,1.0,1.231,0,110.0,0,26.2,96.14
SEC-KOTA-SWM,108.0,130.0,58.0,6.2,30.0,1.1,2,3,1.0,1.187,1,30.0,0,1.1,268.86
SEC-SWM-GGC,64.0,120.0,48.0,5.1,30.0,8.0,21,2,1.1,1.374,1,30.0,0,8.0,200.38
SEC-SWM-GGC,64.0,120.0,48.0,5.1,103.8,2.4,0,6,1.137,1.057,0,120.0,0,2.4,40.88
SEC-MTJ-AGC,54.0,120.0,45.0,4.2,119.8,9.5,17,5,1.086,1.075,0,120.0,1,9.5,45.22
SEC-KOTA-SWM,108.0,130.0,58.0,6.2,120.7,39.1,22,4,1.0,1.048,0,130.0,0,39.1,47.93
SEC-MTJ-AGC,54.0,120.0,45.0,4.2,95.3,8.8,4,0,1.068,1.007,0,120.0,0,8.8,38.58
SEC-KOTA-SWM,108.0,130.0,58.0,6.2,114.5,0.6,4,5,1.0,1.017,0,130.0,0,0.6,47.35
SEC-GGC-BTE,120.0,110.0,98.0,9.4,60.0,6.4,23,0,1.0,1.069,1,60.0,0,6.4,150.15
SEC-NDLS-KOTA,465.0,130.0,275.0,14.5,115.8,25.6,5,4,1.099,1.077,0,130.0,0,25.6,289.53
SEC-BTE-MTJ,35.0,100.0,48.0,4.8,85.9,3.9,7,6,1.0,1.098,0,100.0,0,3.9,40.76
SEC-SWM-GGC,64.0,120.0,48.0,5.1,106.9,7.6,18,3,1.063,1.249,0,120.0,1,7.6,70.59
SEC-MTJ-AGC,54.0,120.0,45.0,4.2,115.8,7.4,8,1,1.0,1.296,0,120.0,1,7.4,48.64
SEC-GGC-BTE,120.0,110.0,98.0,9.4,30.0,19.5,15,1,1.204,1.198,1,30.0,0,19.5,346.99
SEC-MTJ-AGC,54.0,120.0,45.0,4.2,102.5,3.7,5,0,1.134,1.051,0,120.0,0,3.7,46.75
SEC-SWM-GGC,64.0,120.0,48.0,5.1,112.3,15.7,9,0,1.0,1.13,0,120.0,0,15.7,35.24
SEC-BTE-MTJ,35.0,100.0,48.0,4.8,89.9,11.6,13,4,1.0,1.176,0,100.0,0,11.6,28.71
SEC-GGC-BTE,120.0,110.0,98.0,9.4,91.2,13.5,11,6,1.08,1.168,0,110.0,0,13.5,110.24
SEC-MTJ-AGC,54.0,120.0,45.0,4.2,90.1,8.8,20,4,1.0,1.248,0,120.0,0,8.8,38.95
SEC-GGC-BTE,120.0,110.0,98.0,9.4,107.7,8.5,14,3,1.105,1.164,0,110.0,0,8.5,83.13
SEC-KOTA-SWM,108.0,130.0,58.0,6.2,119.1,5.4,8,6,1.294,1.147,0,130.0,1,5.4,99.93
SEC-NDLS-KOTA,465.0,130.0,275.0,14.5,113.8,7.4,9,1,1.0,1.155,0,130.0,1,7.4,304.72
SEC-KOTA-SWM,108.0,130.0,58.0,6.2,60.0,16.8,19,2,1.0,1.188,1,60.0,0,16.8,141.74
SEC-MTJ-AGC,54.0,120.0,45.0,4.2,106.9,20.3,23,0,1.0,1.091,0,120.0,0,20.3,29.09
SEC-MTJ-AGC,54.0,120.0,45.0,4.2,30.0,26.4,2,4,1.0,1.119,1,30.0,0,26.4,139.56
SEC-GGC-BTE,120.0,110.0,98.0,9.4,84.5,1.2,4,2,1.0,1.035,0,110.0,0,1.2,89.6
SEC-MTJ-AGC,54.0,120.0,45.0,4.2,116.5,29.0,19,0,1.0,1.309,0,120.0,1,29.0,42.33
SEC-KOTA-SWM,108.0,130.0,58.0,6.2,126.7,13.5,3,0,1.0,1.066,0,130.0,0,13.5,59.22
SEC-NDLS-KOTA,465.0,130.0,275.0,14.5,129.6,19.1,14,2,1.207,1.064,0,130.0,0,19.1,277.98
SEC-BTE-MTJ,35.0,100.0,48.0,4.8,77.2,21.9,15,6,1.292,1.041,0,100.0,1,21.9,54.56
SEC-BTE-MTJ,35.0,100.0,48.0,4.8,30.0,3.4,22,4,1.119,1.105,1,30.0,0,3.4,98.06
SEC-BTE-MTJ,35.0,100.0,48.0,4.8,80.6,18.7,18,2,1.0,1.203,0,100.0,1,18.7,58.97
SEC-SWM-GGC,64.0,120.0,48.0,5.1,30.0,12.1,9,1,1.0,1.254,1,30.0,0,12.1,179.42
SEC-MTJ-AGC,54.0,120.0,45.0,4.2,30.0,14.6,10,3,1.134,1.372,1,30.0,0,14.6,185.19
SEC-KOTA-SWM,108.0,130.0,58.0,6.2,123.7,7.1,6,5,1.091,1.031,0,130.0,0,7.1,54.62
SEC-NDLS-KOTA,465.0,130.0,275.0,14.5,121.0,6.7,2,1,1.253,1.041,0,130.0,0,6.7,338.81
SEC-BTE-MTJ,35.0,100.0,48.0,4.8,83.6,25.3,9,3,1.0,1.312,0,100.0,0,25.3,38.39
SEC-SWM-GGC,64.0,120.0,48.0,5.1,101.5,0.7,8,5,1.0,1.144,0,120.0,0,0.7,51.02
SEC-BTE-MTJ,35.0,100.0,48.0,4.8,76.9,1.8,17,0,1.0,1.092,0,100.0,0,1.8,28.99
SEC-BTE-MTJ,35.0,100.0,48.0,4.8,77.2,1.4,13,1,1.0,1.056,0,100.0,0,1.4,34.75
SEC-MTJ-AGC,54.0,120.0,45.0,4.2,45.0,1.3,0,3,1.0,1.09,1,45.0,0,1.3,78.81
SEC-MTJ-AGC,54.0,120.0,45.0,4.2,104.6,69.5,18,5,1.0,1.191,0,120.0,0,69.5,42.46
SEC-KOTA-SWM,108.0,130.0,58.0,6.2,126.1,15.8,2,5,1.057,1.132,0,130.0,0,15.8,77.79
SEC-MTJ-AGC,54.0,120.0,45.0,4.2,30.0,25.5,19,2,1.0,1.435,1,30.0,0,25.5,164.29
SEC-NDLS-KOTA,465.0,130.0,275.0,14.5,116.0,1.4,14,1,1.0,1.017,0,130.0,0,1.4,235.67
SEC-NDLS-KOTA,465.0,130.0,275.0,14.5,116.2,8.7,18,0,1.217,1.191,0,130.0,0,8.7,333.49
SEC-BTE-MTJ,35.0,100.0,48.0,4.8,87.5,3.9,13,5,1.0,1.077,0,100.0,0,3.9,35.83
SEC-BTE-MTJ,35.0,100.0,48.0,4.8,84.6,13.5,2,6,1.0,1.057,0,100.0,0,13.5,27.81
SEC-MTJ-AGC,54.0,120.0,45.0,4.2,60.0,8.9,22,3,1.0,1.131,1,60.0,0,8.9,85.89
SEC-NDLS-KOTA,465.0,130.0,275.0,14.5,121.7,11.2,16,5,1.0,1.012,0,130.0,0,11.2,239.02
SEC-BTE-MTJ,35.0,100.0,48.0,4.8,60.0,3.3,18,6,1.0,1.254,1,60.0,0,3.3,44.67
SEC-MTJ-AGC,54.0,120.0,45.0,4.2,107.9,13.3,6,2,1.077,1.111,0,120.0,1,13.3,42.22
SEC-NDLS-KOTA,465.0,130.0,275.0,14.5,129.3,6.6,14,6,1.0,1.133,0,130.0,0,6.6,231.69
SEC-GGC-BTE,120.0,110.0,98.0,9.4,106.6,3.9,20,5,1.264,1.194,0,110.0,0,3.9,102.63
SEC-BTE-MTJ,35.0,100.0,48.0,4.8,86.7,13.8,0,2,1.132,1.012,0,100.0,0,13.8,27.1
SEC-NDLS-KOTA,465.0,130.0,275.0,14.5,129.3,2.3,22,0,1.0,1.25,0,130.0,0,2.3,253.05
SEC-BTE-MTJ,35.0,100.0,48.0,4.8,84.1,3.5,11,4,1.0,1.033,0,100.0,0,3.5,24.67
SEC-NDLS-KOTA,465.0,130.0,275.0,14.5,45.0,0.2,7,4,1.0,1.041,1,45.0,1,0.2,668.26
SEC-SWM-GGC,64.0,120.0,48.0,5.1,45.0,6.0,12,3,1.0,1.005,1,45.0,0,6.0,109.21
SEC-GGC-BTE,120.0,110.0,98.0,9.4,97.7,36.7,21,4,1.0,1.159,0,110.0,0,36.7,76.7
SEC-KOTA-SWM,108.0,130.0,58.0,6.2,107.4,9.1,21,1,1.0,1.108,0,130.0,0,9.1,77.53
SEC-SWM-GGC,64.0,120.0,48.0,5.1,60.0,2.4,20,0,1.0,1.278,1,60.0,0,2.4,89.08
SEC-SWM-GGC,64.0,120.0,48.0,5.1,102.0,23.3,4,0,1.0,1.026,0,120.0,0,23.3,48.71
SEC-MTJ-AGC,54.0,120.0,45.0,4.2,100.6,9.5,13,2,1.0,1.085,0,120.0,0,9.5,39.42
SEC-BTE-MTJ,35.0,100.0,48.0,4.8,81.4,35.0,8,0,1.0,1.207,0,100.0,0,35.0,21.37
SEC-BTE-MTJ,35.0,100.0,48.0,4.8,93.4,20.7,17,6,1.0,1.16,0,100.0,0,20.7,25.35
SEC-KOTA-SWM,108.0,130.0,58.0,6.2,30.0,5.2,5,3,1.0,1.071,1,30.0,0,5.2,242.72
SEC-BTE-MTJ,35.0,100.0,48.0,4.8,85.7,5.1,19,2,1.0,1.284,0,100.0,0,5.1,30.43
SEC-SWM-GGC,64.0,120.0,48.0,5.1,116.6,14.6,21,1,1.0,1.346,0,120.0,0,14.6,48.34
SEC-KOTA-SWM,108.0,130.0,58.0,6.2,105.8,2.7,22,0,1.0,1.134,0,130.0,0,2.7,63.53
SEC-NDLS-KOTA,465.0,130.0,275.0,14.5,99.1,8.5,15,3,1.0,1.192,0,130.0,0,8.5,291.95
SEC-NDLS-KOTA,465.0,130.0,275.0,14.5,60.0,17.8,10,3,1.0,1.223,1,60.0,0,17.8,570.05
SEC-GGC-BTE,120.0,110.0,98.0,9.4,109.2,16.5,21,4,1.0,1.32,0,110.0,0,16.5,90.77
SEC-MTJ-AGC,54.0,120.0,45.0,4.2,60.0,11.3,1,6,1.198,1.131,1,60.0,0,11.3,80.89
SEC-KOTA-SWM,108.0,130.0,58.0,6.2,99.3,7.4,12,3,1.0,1.037,0,130.0,0,7.4,64.96
SEC-BTE-MTJ,35.0,100.0,48.0,4.8,78.7,16.1,7,6,1.072,1.113,0,100.0,0,16.1,36.89
SEC-GGC-BTE,120.0,110.0,98.0,9.4,30.0,2.2,11,3,1.158,1.263,1,30.0,0,2.2,358.21
SEC-SWM-GGC,64.0,120.0,48.0,5.1,93.7,10.7,22,3,1.0,1.215,0,120.0,0,10.7,53.6
SEC-MTJ-AGC,54.0,120.0,45.0,4.2,98.2,2.3,11,1,1.0,1.122,0,120.0,1,2.3,44.58
SEC-MTJ-AGC,54.0,120.0,45.0,4.2,104.7,2.3,16,3,1.0,1.027,0,120.0,0,2.3,28.0
SEC-BTE-MTJ,35.0,100.0,48.0,4.8,98.7,9.6,19,0,1.214,1.356,0,100.0,1,9.6,49.53
SEC-SWM-GGC,64.0,120.0,48.0,5.1,101.3,2.3,12,5,1.178,1.061,0,120.0,0,2.3,57.81
SEC-NDLS-KOTA,465.0,130.0,275.0,14.5,119.1,13.9,11,6,1.0,1.323,0,130.0,0,13.9,300.97
SEC-KOTA-SWM,108.0,130.0,58.0,6.2,111.5,34.2,9,5,1.0,1.328,0,130.0,0,34.2,87.97
SEC-KOTA-SWM,108.0,130.0,58.0,6.2,113.9,2.0,18,0,1.0,1.378,0,130.0,0,2.0,69.06
SEC-NDLS-KOTA,465.0,130.0,275.0,14.5,45.0,4.5,14,2,1.0,1.031,1,45.0,0,4.5,679.72
SEC-SWM-GGC,64.0,120.0,48.0,5.1,111.9,20.8,12,2,1.0,1.127,0,120.0,1,20.8,75.72
SEC-BTE-MTJ,35.0,100.0,48.0,4.8,30.0,2.7,0,3,1.0,1.053,1,30.0,0,2.7,78.54
SEC-NDLS-KOTA,465.0,130.0,275.0,14.5,119.1,22.3,16,1,1.101,1.048,0,130.0,0,22.3,290.36
SEC-GGC-BTE,120.0,110.0,98.0,9.4,97.1,1.7,18,6,1.0,1.237,0,110.0,0,1.7,113.23
SEC-BTE-MTJ,35.0,100.0,48.0,4.8,88.3,8.3,15,4,1.0,1.183,0,100.0,0,8.3,20.55
SEC-GGC-BTE,120.0,110.0,98.0,9.4,104.6,2.0,4,1,1.155,1.169,0,110.0,0,2.0,78.71
SEC-BTE-MTJ,35.0,100.0,48.0,4.8,45.0,3.2,3,2,1.061,1.101,1,45.0,0,3.2,61.17
SEC-BTE-MTJ,35.0,100.0,48.0,4.8,30.0,27.3,15,0,1.267,1.07,1,30.0,0,27.3,105.24
SEC-GGC-BTE,120.0,110.0,98.0,9.4,89.6,7.5,0,2,1.0,1.058,0,110.0,0,7.5,93.75
SEC-SWM-GGC,64.0,120.0,48.0,5.1,110.4,12.0,2,3,1.0,1.084,0,120.0,0,12.0,43.91
SEC-KOTA-SWM,108.0,130.0,58.0,6.2,103.7,0.6,16,4,1.241,1.193,0,130.0,0,0.6,89.15
SEC-SWM-GGC,64.0,120.0,48.0,5.1,104.9,2.7,14,2,1.0,1.051,0,120.0,0,2.7,36.08
SEC-BTE-MTJ,35.0,100.0,48.0,4.8,89.0,1.4,0,4,1.0,1.038,0,100.0,0,1.4,21.95
SEC-MTJ-AGC,54.0,120.0,45.0,4.2,97.0,28.3,17,4,1.0,1.218,0,120.0,0,28.3,43.39
SEC-NDLS-KOTA,465.0,130.0,275.0,14.5,128.3,4.4,4,4,1.0,1.121,0,130.0,1,4.4,285.74
SEC-MTJ-AGC,54.0,120.0,45.0,4.2,108.9,17.3,9,0,1.0,1.304,0,120.0,0,17.3,37.46
SEC-MTJ-AGC,54.0,120.0,45.0,4.2,96.0,17.7,6,1,1.216,1.102,0,120.0,0,17.7,46.91
SEC-GGC-BTE,120.0,110.0,98.0,9.4,45.0,3.6,1,2,1.0,1.075,1,45.0,0,3.6,185.27
SEC-GGC-BTE,120.0,110.0,98.0,9.4,84.8,2.8,2,4,1.0,1.104,0,110.0,0,2.8,104.97
SEC-NDLS-KOTA,465.0,130.0,275.0,14.5,111.8,25.5,14,3,1.0,1.094,0,130.0,0,25.5,258.23
SEC-MTJ-AGC,54.0,120.0,45.0,4.2,99.6,19.3,15,5,1.0,1.104,0,120.0,0,19.3,27.04
SEC-GGC-BTE,120.0,110.0,98.0,9.4,89.7,11.8,17,1,1.0,1.219,0,110.0,1,11.8,117.66
SEC-KOTA-SWM,108.0,130.0,58.0,6.2,101.1,4.8,17,6,1.09,1.323,0,130.0,0,4.8,84.45
SEC-BTE-MTJ,35.0,100.0,48.0,4.8,82.9,1.1,17,5,1.0,1.457,0,100.0,0,1.1,42.29
SEC-NDLS-KOTA,465.0,130.0,275.0,14.5,30.0,13.2,6,3,1.0,1.069,1,30.0,0,13.2,1004.88
SEC-SWM-GGC,64.0,120.0,48.0,5.1,94.5,9.9,1,1,1.0,1.195,0,120.0,0,9.9,40.28
SEC-NDLS-KOTA,465.0,130.0,275.0,14.5,116.2,14.1,0,3,1.0,1.152,0,130.0,0,14.1,254.69
SEC-NDLS-KOTA,465.0,130.0,275.0,14.5,125.7,3.9,14,1,1.0,1.151,0,130.0,0,3.9,264.37
SEC-MTJ-AGC,54.0,120.0,45.0,4.2,30.0,7.9,2,0,1.248,1.077,1,30.0,0,7.9,152.65
SEC-BTE-MTJ,35.0,100.0,48.0,4.8,77.0,10.0,14,2,1.0,1.049,0,100.0,0,10.0,25.07
SEC-GGC-BTE,120.0,110.0,98.0,9.4,30.0,6.2,7,0,1.133,1.096,1,30.0,0,6.2,315.79
SEC-NDLS-KOTA,465.0,130.0,275.0,14.5,45.0,10.7,0,6,1.0,1.046,1,45.0,0,10.7,676.8
SEC-SWM-GGC,64.0,120.0,48.0,5.1,95.1,15.7,20,3,1.14,1.202,0,120.0,0,15.7,58.55
SEC-SWM-GGC,64.0,120.0,48.0,5.1,100.2,4.1,17,5,1.0,1.184,0,120.0,0,4.1,46.28
SEC-GGC-BTE,120.0,110.0,98.0,9.4,82.6,1.5,6,2,1.0,1.134,0,110.0,0,1.5,93.34
SEC-SWM-GGC,64.0,120.0,48.0,5.1,115.7,12.4,16,6,1.0,1.142,0,120.0,0,12.4,52.18
SEC-BTE-MTJ,35.0,100.0,48.0,4.8,82.2,0.9,10,3,1.0,1.179,0,100.0,0,0.9,39.71
SEC-KOTA-SWM,108.0,130.0,58.0,6.2,113.4,15.2,7,4,1.0,1.15,0,130.0,0,15.2,76.82
SEC-NDLS-KOTA,465.0,130.0,275.0,14.5,126.5,21.0,4,2,1.0,1.121,0,130.0,0,21.0,219.41
SEC-SWM-GGC,64.0,120.0,48.0,5.1,97.2,11.8,5,2,1.215,1.091,0,120.0,0,11.8,53.65
SEC-MTJ-AGC,54.0,120.0,45.0,4.2,116.2,0.3,1,4,1.0,1.125,0,120.0,0,0.3,30.72
SEC-GGC-BTE,120.0,110.0,98.0,9.4,105.4,8.7,4,6,1.0,1.082,0,110.0,0,8.7,89.08
SEC-SWM-GGC,64.0,120.0,48.0,5.1,92.4,14.3,9,0,1.0,1.314,0,120.0,0,14.3,52.12
SEC-BTE-MTJ,35.0,100.0,48.0,4.8,95.0,0.1,5,4,1.0,1.132,0,100.0,0,0.1,37.71
SEC-NDLS-KOTA,465.0,130.0,275.0,14.5,119.7,6.6,20,3,1.0,1.204,0,130.0,0,6.6,285.72
SEC-NDLS-KOTA,465.0,130.0,275.0,14.5,108.3,2.2,13,4,1.0,1.151,0,130.0,1,2.2,306.63
SEC-NDLS-KOTA,465.0,130.0,275.0,14.5,104.5,0.7,5,5,1.0,1.049,0,130.0,0,0.7,285.94
SEC-NDLS-KOTA,465.0,130.0,275.0,14.5,101.5,6.3,4,2,1.0,1.189,0,130.0,0,6.3,291.33
SEC-KOTA-SWM,108.0,130.0,58.0,6.2,101.6,13.6,7,4,1.0,1.145,0,130.0,0,13.6,75.54
SEC-BTE-MTJ,35.0,100.0,48.0,4.8,91.1,19.0,22,1,1.106,1.026,0,100.0,0,19.0,42.12
SEC-SWM-GGC,64.0,120.0,48.0,5.1,112.1,13.8,1,4,1.0,1.145,0,120.0,0,13.8,43.72
SEC-MTJ-AGC,54.0,120.0,45.0,4.2,90.7,5.8,17,6,1.0,1.127,0,120.0,0,5.8,46.99
SEC-NDLS-KOTA,465.0,130.0,275.0,14.5,107.7,14.9,9,6,1.0,1.169,0,130.0,1,14.9,324.75
SEC-KOTA-SWM,108.0,130.0,58.0,6.2,123.5,4.3,3,0,1.097,1.032,0,130.0,1,4.3,78.41
SEC-BTE-MTJ,35.0,100.0,48.0,4.8,60.0,9.3,18,1,1.0,1.096,1,60.0,0,9.3,40.41
SEC-GGC-BTE,120.0,110.0,98.0,9.4,86.6,11.2,23,5,1.0,1.065,0,110.0,0,11.2,78.23
SEC-SWM-GGC,64.0,120.0,48.0,5.1,96.1,3.6,18,6,1.0,1.285,0,120.0,0,3.6,47.62
SEC-GGC-BTE,120.0,110.0,98.0,9.4,103.1,0.1,16,0,1.146,1.164,0,110.0,0,0.1,111.64
SEC-SWM-GGC,64.0,120.0,48.0,5.1,107.1,3.8,14,6,1.0,1.059,0,120.0,0,3.8,48.21
SEC-SWM-GGC,64.0,120.0,48.0,5.1,97.5,5.9,11,6,1.0,1.309,0,120.0,0,5.9,42.8
SEC-NDLS-KOTA,465.0,130.0,275.0,14.5,30.0,20.8,11,6,1.0,1.258,1,30.0,1,20.8,1170.27
SEC-NDLS-KOTA,465.0,130.0,275.0,14.5,126.9,7.4,10,2,1.0,1.112,0,130.0,0,7.4,249.99
SEC-MTJ-AGC,54.0,120.0,45.0,4.2,110.9,8.2,21,1,1.0,1.303,0,120.0,0,8.2,43.94
SEC-MTJ-AGC,54.0,120.0,45.0,4.2,95.9,13.9,9,4,1.0,1.276,0,120.0,0,13.9,46.63
SEC-SWM-GGC,64.0,120.0,48.0,5.1,112.4,1.0,14,1,1.0,1.046,0,120.0,0,1.0,30.4
SEC-SWM-GGC,64.0,120.0,48.0,5.1,109.1,8.7,21,0,1.0,1.244,0,120.0,0,8.7,49.6
SEC-MTJ-AGC,54.0,120.0,45.0,4.2,93.0,9.1,14,1,1.0,1.035,0,120.0,0,9.1,36.23
SEC-KOTA-SWM,108.0,130.0,58.0,6.2,105.7,11.4,17,3,1.0,1.349,0,130.0,0,11.4,78.83
SEC-BTE-MTJ,35.0,100.0,48.0,4.8,60.0,3.5,0,2,1.0,1.076,1,60.0,0,3.5,42.75
SEC-KOTA-SWM,108.0,130.0,58.0,6.2,30.0,2.6,9,0,1.0,1.036,1,30.0,0,2.6,260.62
SEC-NDLS-KOTA,465.0,130.0,275.0,14.5,30.0,3.0,3,6,1.0,1.19,1,30.0,0,3.0,1096.44
SEC-GGC-BTE,120.0,110.0,98.0,9.4,94.6,7.3,7,1,1.0,1.027,0,110.0,0,7.3,77.19
SEC-GGC-BTE,120.0,110.0,98.0,9.4,96.5,0.3,13,4,1.0,1.012,0,110.0,0,0.3,69.13
SEC-NDLS-KOTA,465.0,130.0,275.0,14.5,103.5,12.1,11,5,1.0,1.158,0,130.0,0,12.1,352.25
SEC-KOTA-SWM,108.0,130.0,58.0,6.2,129.9,12.7,2,4,1.0,1.131,0,130.0,0,12.7,60.3
SEC-GGC-BTE,120.0,110.0,98.0,9.4,30.0,4.7,1,2,1.0,1.039,1,30.0,0,4.7,262.14
SEC-SWM-GGC,64.0,120.0,48.0,5.1,106.9,0.9,22,5,1.0,1.092,0,120.0,0,0.9,41.6
SEC-BTE-MTJ,35.0,100.0,48.0,4.8,30.0,6.6,8,2,1.0,1.233,1,30.0,1,6.6,103.99
SEC-BTE-MTJ,35.0,100.0,48.0,4.8,82.5,21.0,19,5,1.0,1.434,0,100.0,0,21.0,39.82
SEC-MTJ-AGC,54.0,120.0,45.0,4.2,102.8,9.4,2,6,1.0,1.031,0,120.0,0,9.4,45.46
SEC-SWM-GGC,64.0,120.0,48.0,5.1,99.7,4.2,0,5,1.088,1.128,0,120.0,0,4.2,52.66
SEC-GGC-BTE,120.0,110.0,98.0,9.4,87.3,0.4,7,4,1.0,1.187,0,110.0,0,0.4,77.53
SEC-NDLS-KOTA,465.0,130.0,275.0,14.5,101.2,3.3,9,5,1.0,1.37,0,130.0,0,3.3,348.32
SEC-NDLS-KOTA,465.0,130.0,275.0,14.5,109.2,11.3,22,5,1.244,1.105,0,130.0,0,11.3,361.83
SEC-SWM-GGC,64.0,120.0,48.0,5.1,95.8,7.9,16,0,1.0,1.161,0,120.0,0,7.9,42.33
SEC-NDLS-KOTA,465.0,130.0,275.0,14.5,103.6,10.6,16,4,1.0,1.163,0,130.0,0,10.6,260.24
SEC-NDLS-KOTA,465.0,130.0,275.0,14.5,97.8,17.4,13,5,1.0,1.043,0,130.0,0,17.4,315.92
SEC-BTE-MTJ,35.0,100.0,48.0,4.8,45.0,6.2,20,0,1.0,1.202,1,45.0,0,6.2,63.56
SEC-MTJ-AGC,54.0,120.0,45.0,4.2,100.9,3.9,15,5,1.0,1.078,0,120.0,0,3.9,26.62
SEC-NDLS-KOTA,465.0,130.0,275.0,14.5,128.0,15.4,14,4,1.074,1.127,0,130.0,0,15.4,277.61
SEC-NDLS-KOTA,465.0,130.0,275.0,14.5,124.9,35.0,7,4,1.0,1.17,0,130.0,0,35.0,252.27
SEC-KOTA-SWM,108.0,130.0,58.0,6.2,121.1,25.3,22,0,1.0,1.162,0,130.0,1,25.3,79.48
SEC-SWM-GGC,64.0,120.0,48.0,5.1,95.4,12.3,9,4,1.0,1.282,0,120.0,0,12.3,52.02
SEC-NDLS-KOTA,465.0,130.0,275.0,14.5,30.0,0.9,1,1,1.07,1.191,1,30.0,0,0.9,1142.96
SEC-MTJ-AGC,54.0,120.0,45.0,4.2,104.9,2.0,17,6,1.157,1.064,0,120.0,0,2.0,33.49
SEC-NDLS-KOTA,465.0,130.0,275.0,14.5,103.0,8.9,13,3,1.0,1.037,0,130.0,0,8.9,299.59
SEC-NDLS-KOTA,465.0,130.0,275.0,14.5,124.1,14.4,5,2,1.0,1.101,0,130.0,0,14.4,239.48
SEC-NDLS-KOTA,465.0,130.0,275.0,14.5,118.8,0.9,15,3,1.0,1.074,0,130.0,0,0.9,240.66
SEC-MTJ-AGC,54.0,120.0,45.0,4.2,91.6,14.6,20,3,1.0,1.172,0,120.0,1,14.6,62.09
SEC-KOTA-SWM,108.0,130.0,58.0,6.2,114.7,5.8,16,4,1.0,1.031,0,130.0,0,5.8,69.11
SEC-GGC-BTE,120.0,110.0,98.0,9.4,86.8,4.8,7,0,1.238,1.036,0,110.0,0,4.8,112.04
SEC-SWM-GGC,64.0,120.0,48.0,5.1,113.6,5.0,13,3,1.0,1.027,0,120.0,0,5.0,38.52
SEC-NDLS-KOTA,465.0,130.0,275.0,14.5,120.1,2.4,10,5,1.0,1.226,0,130.0,0,2.4,283.73
SEC-MTJ-AGC,54.0,120.0,45.0,4.2,45.0,1.2,12,4,1.124,1.097,1,45.0,0,1.2,102.96
SEC-MTJ-AGC,54.0,120.0,45.0,4.2,60.0,0.1,10,1,1.068,1.241,1,60.0,0,0.1,63.68
SEC-BTE-MTJ,35.0,100.0,48.0,4.8,96.4,1.5,13,4,1.262,1.143,0,100.0,0,1.5,31.74
SEC-BTE-MTJ,35.0,100.0,48.0,4.8,79.2,11.9,0,0,1.217,1.057,0,100.0,0,11.9,30.55
SEC-GGC-BTE,120.0,110.0,98.0,9.4,100.1,0.9,0,2,1.0,1.247,0,110.0,0,0.9,84.45
SEC-GGC-BTE,120.0,110.0,98.0,9.4,85.5,5.2,8,5,1.0,1.146,0,110.0,0,5.2,83.08
SEC-NDLS-KOTA,465.0,130.0,275.0,14.5,30.0,17.6,6,4,1.0,1.052,1,30.0,1,17.6,1003.43
SEC-GGC-BTE,120.0,110.0,98.0,9.4,30.0,12.5,20,6,1.0,1.218,1,30.0,1,12.5,321.61
SEC-GGC-BTE,120.0,110.0,98.0,9.4,30.0,0.9,16,2,1.0,1.056,1,30.0,0,0.9,266.14
SEC-GGC-BTE,120.0,110.0,98.0,9.4,93.7,5.1,0,5,1.08,1.073,0,110.0,0,5.1,90.82
SEC-NDLS-KOTA,465.0,130.0,275.0,14.5,30.0,1.2,3,1,1.181,1.119,1,30.0,0,1.2,1219.97
SEC-KOTA-SWM,108.0,130.0,58.0,6.2,106.2,2.4,20,2,1.0,1.248,0,130.0,0,2.4,63.6
SEC-KOTA-SWM,108.0,130.0,58.0,6.2,112.5,0.5,17,2,1.276,1.482,0,130.0,0,0.5,100.5
SEC-NDLS-KOTA,465.0,130.0,275.0,14.5,100.0,3.3,4,6,1.0,1.036,0,130.0,0,3.3,298.3
SEC-MTJ-AGC,54.0,120.0,45.0,4.2,93.3,12.4,22,3,1.0,1.256,0,120.0,1,12.4,64.31
SEC-SWM-GGC,64.0,120.0,48.0,5.1,109.5,4.6,18,3,1.0,1.228,0,120.0,1,4.6,54.82
SEC-GGC-BTE,120.0,110.0,98.0,9.4,30.0,7.8,13,2,1.0,1.08,1,30.0,0,7.8,278.42
SEC-MTJ-AGC,54.0,120.0,45.0,4.2,109.1,7.7,17,1,1.0,1.149,0,120.0,0,7.7,33.53
SEC-MTJ-AGC,54.0,120.0,45.0,4.2,92.5,11.8,10,6,1.0,1.442,0,120.0,1,11.8,53.99
SEC-BTE-MTJ,35.0,100.0,48.0,4.8,84.2,22.6,7,1,1.0,1.191,0,100.0,0,22.6,34.02
SEC-KOTA-SWM,108.0,130.0,58.0,6.2,98.4,7.9,23,0,1.0,1.111,0,130.0,0,7.9,80.92
SEC-MTJ-AGC,54.0,120.0,45.0,4.2,95.4,4.9,2,5,1.0,1.036,0,120.0,0,4.9,36.98
SEC-KOTA-SWM,108.0,130.0,58.0,6.2,45.0,7.0,22,5,1.217,1.032,1,45.0,0,7.0,194.87
SEC-BTE-MTJ,35.0,100.0,48.0,4.8,60.0,7.5,7,2,1.0,1.08,1,60.0,1,7.5,52.54
SEC-GGC-BTE,120.0,110.0,98.0,9.4,60.0,1.6,11,0,1.0,1.401,1,60.0,0,1.6,164.38
SEC-KOTA-SWM,108.0,130.0,58.0,6.2,112.3,9.6,13,1,1.0,1.098,0,130.0,0,9.6,56.93
SEC-KOTA-SWM,108.0,130.0,58.0,6.2,125.2,6.6,8,5,1.095,1.191,0,130.0,0,6.6,65.86
SEC-KOTA-SWM,108.0,130.0,58.0,6.2,105.7,5.0,1,5,1.187,1.053,0,130.0,0,5.0,70.92
SEC-GGC-BTE,120.0,110.0,98.0,9.4,30.0,10.7,21,3,1.0,1.122,1,30.0,0,10.7,298.84
SEC-NDLS-KOTA,465.0,130.0,275.0,14.5,98.4,9.9,11,4,1.0,1.287,0,130.0,1,9.9,369.76
SEC-BTE-MTJ,35.0,100.0,48.0,4.8,97.2,18.0,14,0,1.0,1.024,0,100.0,0,18.0,28.49
SEC-NDLS-KOTA,465.0,130.0,275.0,14.5,122.7,2.3,15,3,1.0,1.161,0,130.0,0,2.3,268.56
SEC-MTJ-AGC,54.0,120.0,45.0,4.2,114.0,0.8,0,5,1.288,1.055,0,120.0,0,0.8,38.71
SEC-NDLS-KOTA,465.0,130.0,275.0,14.5,30.0,9.1,2,1,1.0,1.072,1,30.0,1,9.1,1030.59
SEC-SWM-GGC,64.0,120.0,48.0,5.1,114.8,19.6,14,3,1.0,1.089,0,120.0,0,19.6,30.4
SEC-SWM-GGC,64.0,120.0,48.0,5.1,99.2,3.4,18,4,1.093,1.12,0,120.0,0,3.4,43.31
SEC-MTJ-AGC,54.0,120.0,45.0,4.2,113.1,14.7,5,1,1.0,1.167,0,120.0,0,14.7,33.71
SEC-SWM-GGC,64.0,120.0,48.0,5.1,118.4,55.6,8,6,1.0,1.065,0,120.0,1,55.6,41.4
SEC-KOTA-SWM,108.0,130.0,58.0,6.2,111.5,16.9,12,6,1.0,1.143,0,130.0,0,16.9,75.26
SEC-NDLS-KOTA,465.0,130.0,275.0,14.5,102.6,11.7,11,1,1.0,1.235,0,130.0,0,11.7,313.62
SEC-BTE-MTJ,35.0,100.0,48.0,4.8,30.0,0.1,0,2,1.0,1.1,1,30.0,0,0.1,80.95
SEC-SWM-GGC,64.0,120.0,48.0,5.1,108.1,8.4,14,2,1.0,1.054,0,120.0,0,8.4,32.71
SEC-NDLS-KOTA,465.0,130.0,275.0,14.5,60.0,8.2,7,2,1.0,1.055,1,60.0,0,8.2,496.21
SEC-BTE-MTJ,35.0,100.0,48.0,4.8,87.8,1.6,22,0,1.0,1.194,0,100.0,0,1.6,39.37
SEC-GGC-BTE,120.0,110.0,98.0,9.4,30.0,1.8,3,4,1.197,1.039,1,30.0,0,1.8,342.05
SEC-BTE-MTJ,35.0,100.0,48.0,4.8,98.5,10.1,22,3,1.0,1.102,0,100.0,0,10.1,32.37
SEC-GGC-BTE,120.0,110.0,98.0,9.4,103.3,2.1,11,2,1.189,1.1,0,110.0,0,2.1,76.17
SEC-GGC-BTE,120.0,110.0,98.0,9.4,30.0,0.6,2,1,1.0,1.11,1,30.0,1,0.6,309.36
SEC-KOTA-SWM,108.0,130.0,58.0,6.2,99.2,8.3,14,4,1.0,1.093,0,130.0,0,8.3,75.62
SEC-NDLS-KOTA,465.0,130.0,275.0,14.5,45.0,19.3,2,6,1.0,1.049,1,45.0,0,19.3,648.09
SEC-NDLS-KOTA,465.0,130.0,275.0,14.5,121.4,1.3,14,1,1.0,1.176,0,130.0,0,1.3,265.63
SEC-KOTA-SWM,108.0,130.0,58.0,6.2,60.0,0.1,7,5,1.0,1.175,1,60.0,0,0.1,133.05
SEC-SWM-GGC,64.0,120.0,48.0,5.1,105.8,26.9,9,0,1.0,1.175,0,120.0,0,26.9,35.4
SEC-GGC-BTE,120.0,110.0,98.0,9.4,109.4,0.8,0,5,1.0,1.082,0,110.0,0,0.8,73.19
SEC-BTE-MTJ,35.0,100.0,48.0,4.8,86.8,12.9,0,0,1.0,1.11,0,100.0,0,12.9,32.53
SEC-NDLS-KOTA,465.0,130.0,275.0,14.5,111.2,1.0,10,3,1.0,1.273,0,130.0,0,1.0,292.2
SEC-GGC-BTE,120.0,110.0,98.0,9.4,84.8,0.1,22,1,1.276,1.081,0,110.0,0,0.1,110.5
SEC-KOTA-SWM,108.0,130.0,58.0,6.2,115.3,1.4,5,2,1.0,1.024,0,130.0,0,1.4,47.87
SEC-NDLS-KOTA,465.0,130.0,275.0,14.5,100.8,13.5,4,1,1.0,1.101,0,130.0,0,13.5,313.25
SEC-NDLS-KOTA,465.0,130.0,275.0,14.5,101.7,3.9,18,2,1.0,1.257,0,130.0,0,3.9,354.46
SEC-KOTA-SWM,108.0,130.0,58.0,6.2,101.0,2.5,1,2,1.078,1.099,0,130.0,0,2.5,79.27
SEC-MTJ-AGC,54.0,120.0,45.0,4.2,93.8,3.9,18,3,1.0,1.259,0,120.0,1,3.9,59.72
SEC-MTJ-AGC,54.0,120.0,45.0,4.2,60.0,17.5,19,1,1.06,1.147,1,60.0,0,17.5,83.29
SEC-MTJ-AGC,54.0,120.0,45.0,4.2,102.2,1.1,5,5,1.0,1.103,0,120.0,0,1.1,40.27
SEC-KOTA-SWM,108.0,130.0,58.0,6.2,106.4,4.1,16,2,1.124,1.151,0,130.0,0,4.1,76.82
SEC-KOTA-SWM,108.0,130.0,58.0,6.2,109.4,7.2,4,0,1.0,1.109,0,130.0,0,7.2,71.55
SEC-SWM-GGC,64.0,120.0,48.0,5.1,91.2,39.9,11,3,1.0,1.29,0,120.0,0,39.9,60.89
SEC-NDLS-KOTA,465.0,130.0,275.0,14.5,103.0,3.0,14,1,1.127,1.071,0,130.0,0,3.0,329.72
SEC-MTJ-AGC,54.0,120.0,45.0,4.2,101.5,10.7,15,5,1.0,1.025,0,120.0,0,10.7,44.53
SEC-GGC-BTE,120.0,110.0,98.0,9.4,60.0,7.1,7,1,1.0,1.091,1,60.0,0,7.1,148.16
SEC-NDLS-KOTA,465.0,130.0,275.0,14.5,120.3,9.9,11,0,1.146,1.223,0,130.0,1,9.9,333.5
SEC-NDLS-KOTA,465.0,130.0,275.0,14.5,120.6,0.8,23,6,1.0,1.046,0,130.0,0,0.8,253.97
SEC-GGC-BTE,120.0,110.0,98.0,9.4,102.1,14.4,22,4,1.064,1.095,0,110.0,1,14.4,95.57
SEC-MTJ-AGC,54.0,120.0,45.0,4.2,112.7,20.7,4,2,1.285,1.147,0,120.0,0,20.7,42.13
SEC-MTJ-AGC,54.0,120.0,45.0,4.2,91.3,2.0,4,3,1.14,1.102,0,120.0,0,2.0,40.31
SEC-KOTA-SWM,108.0,130.0,58.0,6.2,113.6,50.0,9,2,1.0,1.278,0,130.0,0,50.0,71.51
SEC-KOTA-SWM,108.0,130.0,58.0,6.2,126.4,6.1,2,1,1.0,1.093,0,130.0,0,6.1,55.59
SEC-NDLS-KOTA,465.0,130.0,275.0,14.5,30.0,2.7,9,2,1.0,1.163,1,30.0,1,2.7,1051.23
SEC-SWM-GGC,64.0,120.0,48.0,5.1,115.3,1.6,9,2,1.0,1.391,0,120.0,0,1.6,36.04
SEC-MTJ-AGC,54.0,120.0,45.0,4.2,30.0,5.2,19,6,1.0,1.222,1,30.0,0,5.2,136.02
SEC-KOTA-SWM,108.0,130.0,58.0,6.2,30.0,10.8,6,2,1.0,1.157,1,30.0,0,10.8,254.69
SEC-MTJ-AGC,54.0,120.0,45.0,4.2,102.6,13.7,8,2,1.0,1.234,0,120.0,0,13.7,44.3
SEC-KOTA-SWM,108.0,130.0,58.0,6.2,109.4,26.1,20,4,1.095,1.14,0,130.0,0,26.1,80.14
SEC-SWM-GGC,64.0,120.0,48.0,5.1,104.1,4.7,17,1,1.0,1.385,0,120.0,0,4.7,42.87
SEC-SWM-GGC,64.0,120.0,48.0,5.1,106.6,0.6,19,4,1.0,1.182,0,120.0,0,0.6,49.8
SEC-MTJ-AGC,54.0,120.0,45.0,4.2,91.3,4.9,18,2,1.287,1.21,0,120.0,0,4.9,62.1
SEC-MTJ-AGC,54.0,120.0,45.0,4.2,45.0,1.5,14,0,1.0,1.074,1,45.0,0,1.5,88.32
SEC-GGC-BTE,120.0,110.0,98.0,9.4,96.6,7.4,18,1,1.097,1.388,0,110.0,0,7.4,116.83
SEC-SWM-GGC,64.0,120.0,48.0,5.1,111.4,22.4,12,5,1.0,1.072,0,120.0,0,22.4,47.17
SEC-MTJ-AGC,54.0,120.0,45.0,4.2,60.0,30.2,10,3,1.0,1.275,1,60.0,1,30.2,85.61
SEC-MTJ-AGC,54.0,120.0,45.0,4.2,101.8,2.3,10,0,1.188,1.099,0,120.0,1,2.3,49.18
SEC-KOTA-SWM,108.0,130.0,58.0,6.2,98.6,2.4,14,5,1.0,1.048,0,130.0,0,2.4,73.22
SEC-BTE-MTJ,35.0,100.0,48.0,4.8,78.8,0.2,21,2,1.246,1.336,0,100.0,0,0.2,40.16
SEC-SWM-GGC,64.0,120.0,48.0,5.1,91.8,7.7,5,3,1.0,1.115,0,120.0,0,7.7,45.28
SEC-NDLS-KOTA,465.0,130.0,275.0,14.5,114.7,14.1,11,3,1.14,1.447,0,130.0,0,14.1,391.04
SEC-BTE-MTJ,35.0,100.0,48.0,4.8,60.0,0.9,14,2,1.0,1.155,1,60.0,1,0.9,72.21
SEC-MTJ-AGC,54.0,120.0,45.0,4.2,105.8,1.9,19,2,1.0,1.107,0,120.0,0,1.9,28.32
SEC-BTE-MTJ,35.0,100.0,48.0,4.8,60.0,20.3,14,3,1.0,1.116,1,60.0,0,20.3,39.07
SEC-BTE-MTJ,35.0,100.0,48.0,4.8,60.0,4.7,19,0,1.0,1.225,1,60.0,0,4.7,47.58
SEC-NDLS-KOTA,465.0,130.0,275.0,14.5,108.0,16.6,11,3,1.0,1.024,0,130.0,1,16.6,307.23
SEC-GGC-BTE,120.0,110.0,98.0,9.4,60.0,1.2,18,0,1.0,1.142,1,60.0,0,1.2,152.54
SEC-MTJ-AGC,54.0,120.0,45.0,4.2,113.6,38.9,16,1,1.0,1.106,0,120.0,0,38.9,35.12
SEC-SWM-GGC,64.0,120.0,48.0,5.1,97.7,4.5,4,6,1.123,1.102,0,120.0,0,4.5,44.58
SEC-SWM-GGC,64.0,120.0,48.0,5.1,113.7,7.2,14,2,1.0,1.039,0,120.0,1,7.2,43.41
SEC-SWM-GGC,64.0,120.0,48.0,5.1,113.2,4.4,12,1,1.113,1.042,0,120.0,0,4.4,43.53
SEC-KOTA-SWM,108.0,130.0,58.0,6.2,100.9,12.5,18,4,1.0,1.448,0,130.0,0,12.5,81.68
SEC-MTJ-AGC,54.0,120.0,45.0,4.2,45.0,5.7,4,0,1.0,1.021,1,45.0,1,5.7,98.77
SEC-GGC-BTE,120.0,110.0,98.0,9.4,105.8,8.4,7,5,1.058,1.101,0,110.0,0,8.4,90.49
SEC-GGC-BTE,120.0,110.0,98.0,9.4,108.4,23.3,22,5,1.0,1.087,0,110.0,0,23.3,78.26
SEC-SWM-GGC,64.0,120.0,48.0,5.1,113.5,26.1,16,6,1.257,1.019,0,120.0,0,26.1,46.79
SEC-SWM-GGC,64.0,120.0,48.0,5.1,119.2,5.5,15,2,1.0,1.118,0,120.0,0,5.5,30.4
SEC-MTJ-AGC,54.0,120.0,45.0,4.2,115.0,24.2,19,1,1.128,1.23,0,120.0,1,24.2,57.08
SEC-MTJ-AGC,54.0,120.0,45.0,4.2,45.0,22.4,21,0,1.0,1.375,1,45.0,0,22.4,100.99
SEC-SWM-GGC,64.0,120.0,48.0,5.1,109.0,7.5,5,4,1.161,1.023,0,120.0,0,7.5,33.85
SEC-SWM-GGC,64.0,120.0,48.0,5.1,100.4,4.2,16,0,1.0,1.1,0,120.0,1,4.2,65.3
SEC-BTE-MTJ,35.0,100.0,48.0,4.8,88.2,1.6,4,5,1.088,1.042,0,100.0,0,1.6,33.66
SEC-NDLS-KOTA,465.0,130.0,275.0,14.5,30.0,0.4,4,6,1.0,1.107,1,30.0,1,0.4,1032.98
SEC-BTE-MTJ,35.0,100.0,48.0,4.8,94.4,22.3,9,4,1.0,1.274,0,100.0,0,22.3,32.92
SEC-BTE-MTJ,35.0,100.0,48.0,4.8,30.0,4.2,23,2,1.0,1.047,1,30.0,1,4.2,103.63
SEC-SWM-GGC,64.0,120.0,48.0,5.1,104.2,15.7,4,6,1.0,1.149,0,120.0,0,15.7,53.92
SEC-MTJ-AGC,54.0,120.0,45.0,4.2,115.5,14.6,23,0,1.0,1.047,0,120.0,0,14.6,28.59
SEC-MTJ-AGC,54.0,120.0,45.0,4.2,118.9,25.0,13,1,1.0,1.027,0,120.0,1,25.0,53.43
SEC-NDLS-KOTA,465.0,130.0,275.0,14.5,101.5,8.0,8,0,1.0,1.391,0,130.0,0,8.0,337.18
SEC-GGC-BTE,120.0,110.0,98.0,9.4,98.2,16.3,22,0,1.0,1.116,0,110.0,1,16.3,79.4
SEC-BTE-MTJ,35.0,100.0,48.0,4.8,60.0,17.8,5,5,1.0,1.137,1,60.0,0,17.8,52.53
SEC-GGC-BTE,120.0,110.0,98.0,9.4,30.0,10.6,4,4,1.095,1.181,1,30.0,0,10.6,322.48
SEC-NDLS-KOTA,465.0,130.0,275.0,14.5,101.8,5.3,4,2,1.0,1.049,0,130.0,0,5.3,263.13
SEC-NDLS-KOTA,465.0,130.0,275.0,14.5,60.0,0.4,8,0,1.0,1.493,1,60.0,0,0.4,672.22
SEC-NDLS-KOTA,465.0,130.0,275.0,14.5,101.1,12.6,0,0,1.0,1.074,0,130.0,0,12.6,312.8
SEC-KOTA-SWM,108.0,130.0,58.0,6.2,60.0,5.7,10,2,1.0,1.191,1,60.0,0,5.7,149.61
SEC-NDLS-KOTA,465.0,130.0,275.0,14.5,114.3,11.8,21,5,1.0,1.259,0,130.0,0,11.8,305.06
SEC-MTJ-AGC,54.0,120.0,45.0,4.2,97.1,15.8,10,3,1.0,1.226,0,120.0,0,15.8,26.66
SEC-GGC-BTE,120.0,110.0,98.0,9.4,92.8,21.6,19,1,1.0,1.292,0,110.0,0,21.6,100.91
SEC-MTJ-AGC,54.0,120.0,45.0,4.2,110.8,13.4,22,5,1.0,1.027,0,120.0,0,13.4,34.01
SEC-MTJ-AGC,54.0,120.0,45.0,4.2,98.7,16.0,20,1,1.0,1.299,0,120.0,0,16.0,37.99
SEC-KOTA-SWM,108.0,130.0,58.0,6.2,100.7,5.1,19,3,1.0,1.261,0,130.0,0,5.1,78.07
SEC-MTJ-AGC,54.0,120.0,45.0,4.2,91.9,1.1,4,2,1.0,1.178,0,120.0,0,1.1,35.57
SEC-GGC-BTE,120.0,110.0,98.0,9.4,102.6,0.4,13,1,1.203,1.035,0,110.0,0,0.4,102.31
SEC-SWM-GGC,64.0,120.0,48.0,5.1,116.4,3.7,22,4,1.101,1.019,0,120.0,0,3.7,37.45
SEC-SWM-GGC,64.0,120.0,48.0,5.1,116.9,5.8,3,3,1.234,1.131,0,120.0,0,5.8,33.39
SEC-KOTA-SWM,108.0,130.0,58.0,6.2,107.8,4.7,3,5,1.0,1.025,0,130.0,0,4.7,75.58
SEC-BTE-MTJ,35.0,100.0,48.0,4.8,76.7,28.0,1,6,1.0,1.213,0,100.0,0,28.0,39.45
SEC-KOTA-SWM,108.0,130.0,58.0,6.2,30.0,2.0,15,2,1.231,1.084,1,30.0,0,2.0,294.77
SEC-NDLS-KOTA,465.0,130.0,275.0,14.5,121.0,0.4,23,2,1.0,1.069,0,130.0,1,0.4,263.97
SEC-BTE-MTJ,35.0,100.0,48.0,4.8,60.0,28.5,0,5,1.0,1.046,1,60.0,0,28.5,41.93
SEC-MTJ-AGC,54.0,120.0,45.0,4.2,110.7,1.7,14,3,1.214,1.072,0,120.0,0,1.7,34.98
SEC-BTE-MTJ,35.0,100.0,48.0,4.8,92.5,0.8,10,5,1.223,1.302,0,100.0,0,0.8,33.73
SEC-KOTA-SWM,108.0,130.0,58.0,6.2,30.0,16.1,22,5,1.0,1.114,1,30.0,0,16.1,246.01
SEC-MTJ-AGC,54.0,120.0,45.0,4.2,90.4,7.2,19,3,1.0,1.216,0,120.0,0,7.2,40.69
SEC-MTJ-AGC,54.0,120.0,45.0,4.2,104.5,5.0,5,0,1.0,1.129,0,120.0,0,5.0,34.34
SEC-NDLS-KOTA,465.0,130.0,275.0,14.5,124.3,3.3,0,1,1.0,1.048,0,130.0,0,3.3,240.09
SEC-KOTA-SWM,108.0,130.0,58.0,6.2,45.0,3.6,19,0,1.113,1.228,1,45.0,0,3.6,215.14
SEC-GGC-BTE,120.0,110.0,98.0,9.4,93.5,43.3,21,6,1.0,1.42,0,110.0,0,43.3,106.59
SEC-BTE-MTJ,35.0,100.0,48.0,4.8,78.9,3.3,1,6,1.0,1.065,0,100.0,0,3.3,19.95
SEC-GGC-BTE,120.0,110.0,98.0,9.4,91.3,22.2,14,5,1.0,1.072,0,110.0,0,22.2,76.46
SEC-SWM-GGC,64.0,120.0,48.0,5.1,116.3,5.9,18,1,1.0,1.234,0,120.0,1,5.9,48.51
SEC-KOTA-SWM,108.0,130.0,58.0,6.2,97.9,10.6,16,5,1.0,1.059,0,130.0,0,10.6,69.44
SEC-BTE-MTJ,35.0,100.0,48.0,4.8,75.0,15.5,8,6,1.0,1.261,0,100.0,0,15.5,35.7
SEC-KOTA-SWM,108.0,130.0,58.0,6.2,112.3,6.4,14,2,1.0,1.098,0,130.0,0,6.4,62.94
SEC-GGC-BTE,120.0,110.0,98.0,9.4,96.9,17.4,11,3,1.07,1.134,0,110.0,0,17.4,93.67
SEC-BTE-MTJ,35.0,100.0,48.0,4.8,87.7,6.7,12,5,1.0,1.097,0,100.0,0,6.7,23.81
SEC-BTE-MTJ,35.0,100.0,48.0,4.8,88.4,19.7,21,0,1.0,1.315,0,100.0,1,19.7,41.32
SEC-SWM-GGC,64.0,120.0,48.0,5.1,60.0,0.5,15,3,1.0,1.068,1,60.0,0,0.5,74.36
